Copyright 1986-2021 Xilinx, Inc. All Rights Reserved.
--------------------------------------------------------------------------------------------------------------------------------------------------------------------------------------------------------------
| Tool Version      : Vivado v.2021.2 (lin64) Build 3367213 Tue Oct 19 02:47:39 MDT 2021
| Date              : Mon Aug 17 11:00:36 2026
| Host              : wx-linux running 64-bit Ubuntu 20.04.6 LTS
| Command           : report_timing_summary -delay_type min_max -report_unconstrained -check_timing_verbose -file /home/wx/Documents/PCIe/pcie_phy_0_ex/board_kcu105/build_hardware_golden/timing_summary.rpt
| Design            : kcu105_pcie_phy_bringup_top
| Device            : xcku040-ffva1156
| Speed File        : -2  PRODUCTION 1.25 12-04-2018
| Temperature Grade : E
--------------------------------------------------------------------------------------------------------------------------------------------------------------------------------------------------------------

Timing Summary Report

------------------------------------------------------------------------------------------------
| Timer Settings
| --------------
------------------------------------------------------------------------------------------------

  Enable Multi Corner Analysis               :  Yes
  Enable Pessimism Removal                   :  Yes
  Pessimism Removal Resolution               :  Nearest Common Node
  Enable Input Delay Default Clock           :  No
  Enable Preset / Clear Arcs                 :  No
  Disable Flight Delays                      :  No
  Ignore I/O Paths                           :  No
  Timing Early Launch at Borrowing Latches   :  No
  Borrow Time for Max Delay Exceptions       :  Yes
  Merge Timing Exceptions                    :  Yes

  Corner  Analyze    Analyze    
  Name    Max Paths  Min Paths  
  ------  ---------  ---------  
  Slow    Yes        Yes        
  Fast    Yes        Yes        


------------------------------------------------------------------------------------------------
| Report Methodology
| ------------------
------------------------------------------------------------------------------------------------

No report available as report_methodology has not been run prior. Run report_methodology on the current design for the summary of methodology violations.



check_timing report

Table of Contents
-----------------
1. checking no_clock (0)
2. checking constant_clock (0)
3. checking pulse_width_clock (0)
4. checking unconstrained_internal_endpoints (0)
5. checking no_input_delay (1)
6. checking no_output_delay (8)
7. checking multiple_clock (0)
8. checking generated_clocks (0)
9. checking loops (0)
10. checking partial_input_delay (0)
11. checking partial_output_delay (0)
12. checking latch_loops (0)

1. checking no_clock (0)
------------------------
 There are 0 register/latch pins with no clock.


2. checking constant_clock (0)
------------------------------
 There are 0 register/latch pins with constant_clock.


3. checking pulse_width_clock (0)
---------------------------------
 There are 0 register/latch pins which need pulse_width check


4. checking unconstrained_internal_endpoints (0)
------------------------------------------------
 There are 0 pins that are not constrained for maximum delay.

 There are 0 pins that are not constrained for maximum delay due to constant clock.


5. checking no_input_delay (1)
------------------------------
 There are 0 input ports with no input delay specified.

 There is 1 input port with no input delay but user has a false path constraint. (MEDIUM)

pcie_perst_n


6. checking no_output_delay (8)
-------------------------------
 There are 0 ports with no output delay specified.

 There are 8 ports with no output delay but user has a false path constraint (MEDIUM)

led[0]
led[1]
led[2]
led[3]
led[4]
led[5]
led[6]
led[7]

 There are 0 ports with no output delay but with a timing clock defined on it or propagating through it


7. checking multiple_clock (0)
------------------------------
 There are 0 register/latch pins with multiple clocks.


8. checking generated_clocks (0)
--------------------------------
 There are 0 generated clocks that are not connected to a clock source.


9. checking loops (0)
---------------------
 There are 0 combinational loops in the design.


10. checking partial_input_delay (0)
------------------------------------
 There are 0 input ports with partial input delay specified.


11. checking partial_output_delay (0)
-------------------------------------
 There are 0 ports with partial output delay specified.


12. checking latch_loops (0)
----------------------------
 There are 0 combinational latch loops in the design through latch input



------------------------------------------------------------------------------------------------
| Design Timing Summary
| ---------------------
------------------------------------------------------------------------------------------------

    WNS(ns)      TNS(ns)  TNS Failing Endpoints  TNS Total Endpoints      WHS(ns)      THS(ns)  THS Failing Endpoints  THS Total Endpoints     WPWS(ns)     TPWS(ns)  TPWS Failing Endpoints  TPWS Total Endpoints  
    -------      -------  ---------------------  -------------------      -------      -------  ---------------------  -------------------     --------     --------  ----------------------  --------------------  
      1.092        0.000                      0                 4706        0.004        0.000                      0                 4690        0.486        0.000                       0                  2598  


All user specified timing constraints are met.


------------------------------------------------------------------------------------------------
| Clock Summary
| -------------
------------------------------------------------------------------------------------------------

Clock                                                                                       Waveform(ns)           Period(ns)      Frequency(MHz)
-----                                                                                       ------------           ----------      --------------
dbg_hub/inst/BSCANID.u_xsdbm_id/SWITCH_N_EXT_BSCAN.bscan_inst/SERIES7_BSCAN.bscan_inst/TCK  {0.000 16.500}         33.000          30.303          
pcie_refclk_100                                                                             {0.000 5.000}          10.000          100.000         
  qpll1outclk_out[0]                                                                        {0.000 0.100}          0.200           5000.001        
  qpll1outrefclk_out[0]                                                                     {0.000 5.000}          10.000          100.000         
  txoutclk_out[0]                                                                           {0.000 2.000}          4.000           250.000         


------------------------------------------------------------------------------------------------
| Intra Clock Table
| -----------------
------------------------------------------------------------------------------------------------

Clock                                                                                           WNS(ns)      TNS(ns)  TNS Failing Endpoints  TNS Total Endpoints      WHS(ns)      THS(ns)  THS Failing Endpoints  THS Total Endpoints     WPWS(ns)     TPWS(ns)  TPWS Failing Endpoints  TPWS Total Endpoints  
-----                                                                                           -------      -------  ---------------------  -------------------      -------      -------  ---------------------  -------------------     --------     --------  ----------------------  --------------------  
dbg_hub/inst/BSCANID.u_xsdbm_id/SWITCH_N_EXT_BSCAN.bscan_inst/SERIES7_BSCAN.bscan_inst/TCK       28.964        0.000                      0                  910        0.045        0.000                      0                  910       15.832        0.000                       0                   479  
pcie_refclk_100                                                                                   8.684        0.000                      0                   67        0.045        0.000                      0                   67        3.200        0.000                       0                    79  
  txoutclk_out[0]                                                                                 1.092        0.000                      0                 3479        0.004        0.000                      0                 3479        0.486        0.000                       0                  2040  


------------------------------------------------------------------------------------------------
| Inter Clock Table
| -----------------
------------------------------------------------------------------------------------------------

From Clock                                                                                  To Clock                                                                                        WNS(ns)      TNS(ns)  TNS Failing Endpoints  TNS Total Endpoints      WHS(ns)      THS(ns)  THS Failing Endpoints  THS Total Endpoints  
----------                                                                                  --------                                                                                        -------      -------  ---------------------  -------------------      -------      -------  ---------------------  -------------------  
txoutclk_out[0]                                                                             dbg_hub/inst/BSCANID.u_xsdbm_id/SWITCH_N_EXT_BSCAN.bscan_inst/SERIES7_BSCAN.bscan_inst/TCK        3.213        0.000                      0                    8                                                                        
dbg_hub/inst/BSCANID.u_xsdbm_id/SWITCH_N_EXT_BSCAN.bscan_inst/SERIES7_BSCAN.bscan_inst/TCK  txoutclk_out[0]                                                                                  32.302        0.000                      0                    8                                                                        


------------------------------------------------------------------------------------------------
| Other Path Groups Table
| -----------------------
------------------------------------------------------------------------------------------------

Path Group                                                                                  From Clock                                                                                  To Clock                                                                                        WNS(ns)      TNS(ns)  TNS Failing Endpoints  TNS Total Endpoints      WHS(ns)      THS(ns)  THS Failing Endpoints  THS Total Endpoints  
----------                                                                                  ----------                                                                                  --------                                                                                        -------      -------  ---------------------  -------------------      -------      -------  ---------------------  -------------------  
**async_default**                                                                           dbg_hub/inst/BSCANID.u_xsdbm_id/SWITCH_N_EXT_BSCAN.bscan_inst/SERIES7_BSCAN.bscan_inst/TCK  dbg_hub/inst/BSCANID.u_xsdbm_id/SWITCH_N_EXT_BSCAN.bscan_inst/SERIES7_BSCAN.bscan_inst/TCK       31.162        0.000                      0                  100        0.139        0.000                      0                  100  
**async_default**                                                                           pcie_refclk_100                                                                             pcie_refclk_100                                                                                   9.038        0.000                      0                   25        0.181        0.000                      0                   25  
**async_default**                                                                           txoutclk_out[0]                                                                             txoutclk_out[0]                                                                                   1.987        0.000                      0                  109        0.130        0.000                      0                  109  


------------------------------------------------------------------------------------------------
| User Ignored Path Table
| -----------------------
------------------------------------------------------------------------------------------------

Path Group                                                                                  From Clock                                                                                  To Clock                                                                                  
----------                                                                                  ----------                                                                                  --------                                                                                  
(none)                                                                                      txoutclk_out[0]                                                                                                                                                                         
(none)                                                                                      txoutclk_out[0]                                                                             dbg_hub/inst/BSCANID.u_xsdbm_id/SWITCH_N_EXT_BSCAN.bscan_inst/SERIES7_BSCAN.bscan_inst/TCK  
(none)                                                                                                                                                                                  pcie_refclk_100                                                                             
(none)                                                                                      txoutclk_out[0]                                                                             pcie_refclk_100                                                                             
(none)                                                                                                                                                                                  txoutclk_out[0]                                                                             
(none)                                                                                      dbg_hub/inst/BSCANID.u_xsdbm_id/SWITCH_N_EXT_BSCAN.bscan_inst/SERIES7_BSCAN.bscan_inst/TCK  txoutclk_out[0]                                                                             
(none)                                                                                      pcie_refclk_100                                                                             txoutclk_out[0]                                                                             
(none)                                                                                      txoutclk_out[0]                                                                             txoutclk_out[0]                                                                             


------------------------------------------------------------------------------------------------
| Unconstrained Path Table
| ------------------------
------------------------------------------------------------------------------------------------

Path Group                                                                                  From Clock                                                                                  To Clock                                                                                  
----------                                                                                  ----------                                                                                  --------                                                                                  
(none)                                                                                                                                                                                  dbg_hub/inst/BSCANID.u_xsdbm_id/SWITCH_N_EXT_BSCAN.bscan_inst/SERIES7_BSCAN.bscan_inst/TCK  
(none)                                                                                                                                                                                  txoutclk_out[0]                                                                             


------------------------------------------------------------------------------------------------
| Timing Details
| --------------
------------------------------------------------------------------------------------------------


---------------------------------------------------------------------------------------------------
From Clock:  dbg_hub/inst/BSCANID.u_xsdbm_id/SWITCH_N_EXT_BSCAN.bscan_inst/SERIES7_BSCAN.bscan_inst/TCK
  To Clock:  dbg_hub/inst/BSCANID.u_xsdbm_id/SWITCH_N_EXT_BSCAN.bscan_inst/SERIES7_BSCAN.bscan_inst/TCK

Setup :            0  Failing Endpoints,  Worst Slack       28.964ns,  Total Violation        0.000ns
Hold  :            0  Failing Endpoints,  Worst Slack        0.045ns,  Total Violation        0.000ns
PW    :            0  Failing Endpoints,  Worst Slack       15.832ns,  Total Violation        0.000ns
---------------------------------------------------------------------------------------------------


Max Delay Paths
--------------------------------------------------------------------------------------
Slack (MET) :             28.964ns  (required time - arrival time)
  Source:                 dbg_hub/inst/BSCANID.u_xsdbm_id/SWITCH_N_EXT_BSCAN.bscan_switch/state_reg[2]/C
                            (rising edge-triggered cell FDRE clocked by dbg_hub/inst/BSCANID.u_xsdbm_id/SWITCH_N_EXT_BSCAN.bscan_inst/SERIES7_BSCAN.bscan_inst/TCK  {rise@0.000ns fall@16.500ns period=33.000ns})
  Destination:            dbg_hub/inst/BSCANID.u_xsdbm_id/SWITCH_N_EXT_BSCAN.bscan_switch/portno_temp_reg[0]/D
                            (rising edge-triggered cell FDRE clocked by dbg_hub/inst/BSCANID.u_xsdbm_id/SWITCH_N_EXT_BSCAN.bscan_inst/SERIES7_BSCAN.bscan_inst/TCK  {rise@0.000ns fall@16.500ns period=33.000ns})
  Path Group:             dbg_hub/inst/BSCANID.u_xsdbm_id/SWITCH_N_EXT_BSCAN.bscan_inst/SERIES7_BSCAN.bscan_inst/TCK
  Path Type:              Setup (Max at Slow Process Corner)
  Requirement:            33.000ns  (dbg_hub/inst/BSCANID.u_xsdbm_id/SWITCH_N_EXT_BSCAN.bscan_inst/SERIES7_BSCAN.bscan_inst/TCK rise@33.000ns - dbg_hub/inst/BSCANID.u_xsdbm_id/SWITCH_N_EXT_BSCAN.bscan_inst/SERIES7_BSCAN.bscan_inst/TCK rise@0.000ns)
  Data Path Delay:        3.923ns  (logic 1.150ns (29.314%)  route 2.773ns (70.686%))
  Logic Levels:           5  (CARRY8=1 LUT3=1 LUT4=1 LUT5=1 LUT6=1)
  Clock Path Skew:        -0.140ns (DCD - SCD + CPR)
    Destination Clock Delay (DCD):    6.737ns = ( 39.737 - 33.000 ) 
    Source Clock Delay      (SCD):    8.057ns
    Clock Pessimism Removal (CPR):    1.180ns
  Clock Uncertainty:      0.035ns  ((TSJ^2 + TIJ^2)^1/2 + DJ) / 2 + PE
    Total System Jitter     (TSJ):    0.071ns
    Total Input Jitter      (TIJ):    0.000ns
    Discrete Jitter          (DJ):    0.000ns
    Phase Error              (PE):    0.000ns
  Clock Net Delay (Source):      3.280ns (routing 1.976ns, distribution 1.304ns)
  Clock Net Delay (Destination): 2.939ns (routing 1.818ns, distribution 1.121ns)

    Location             Delay type                Incr(ns)  Path(ns)    Netlist Resource(s)
  -------------------------------------------------------------------    -------------------
                         (clock dbg_hub/inst/BSCANID.u_xsdbm_id/SWITCH_N_EXT_BSCAN.bscan_inst/SERIES7_BSCAN.bscan_inst/TCK rise edge)
                                                      0.000     0.000 r  
    CONFIG_SITE_X0Y0     BSCANE2                      0.000     0.000 r  dbg_hub/inst/BSCANID.u_xsdbm_id/SWITCH_N_EXT_BSCAN.bscan_inst/SERIES7_BSCAN.bscan_inst/TCK
                         net (fo=1, routed)           4.694     4.694    dbg_hub/inst/BSCANID.u_xsdbm_id/tck_bs
    BUFGCE_X0Y119        BUFGCE (Prop_BUFCE_BUFGCE_I_O)
                                                      0.083     4.777 r  dbg_hub/inst/BSCANID.u_xsdbm_id/SWITCH_N_EXT_BSCAN.u_bufg_icon_tck/O
    X3Y2 (CLOCK_ROOT)    net (fo=478, routed)         3.280     8.057    dbg_hub/inst/BSCANID.u_xsdbm_id/SWITCH_N_EXT_BSCAN.bscan_switch/s_bscan_tck
    SLICE_X86Y140        FDRE                                         r  dbg_hub/inst/BSCANID.u_xsdbm_id/SWITCH_N_EXT_BSCAN.bscan_switch/state_reg[2]/C
  -------------------------------------------------------------------    -------------------
    SLICE_X86Y140        FDRE (Prop_EFF2_SLICEL_C_Q)
                                                      0.116     8.173 f  dbg_hub/inst/BSCANID.u_xsdbm_id/SWITCH_N_EXT_BSCAN.bscan_switch/state_reg[2]/Q
                         net (fo=50, routed)          0.945     9.118    dbg_hub/inst/BSCANID.u_xsdbm_id/SWITCH_N_EXT_BSCAN.bscan_switch/state[2]
    SLICE_X86Y142        LUT4 (Prop_B6LUT_SLICEL_I2_O)
                                                      0.187     9.305 r  dbg_hub/inst/BSCANID.u_xsdbm_id/SWITCH_N_EXT_BSCAN.bscan_switch/curid_inferred_i_11/O
                         net (fo=2, routed)           0.846    10.151    dbg_hub/inst/BSCANID.u_xsdbm_id/SWITCH_N_EXT_BSCAN.bscan_switch/curid[21]
    SLICE_X87Y142        LUT6 (Prop_E6LUT_SLICEL_I3_O)
                                                      0.173    10.324 r  dbg_hub/inst/BSCANID.u_xsdbm_id/SWITCH_N_EXT_BSCAN.bscan_switch/state_temp[0]_i_7/O
                         net (fo=1, routed)           0.000    10.324    dbg_hub/inst/BSCANID.u_xsdbm_id/SWITCH_N_EXT_BSCAN.bscan_switch/state_temp[0]_i_7_n_0
    SLICE_X87Y142        CARRY8 (Prop_CARRY8_SLICEL_S[4]_CO[7])
                                                      0.264    10.588 f  dbg_hub/inst/BSCANID.u_xsdbm_id/SWITCH_N_EXT_BSCAN.bscan_switch/state_temp_reg[0]_i_3/CO[7]
                         net (fo=4, routed)           0.276    10.864    dbg_hub/inst/BSCANID.u_xsdbm_id/SWITCH_N_EXT_BSCAN.bscan_switch/state_temp_reg[0]_i_3_n_0
    SLICE_X87Y140        LUT5 (Prop_D5LUT_SLICEL_I1_O)
                                                      0.205    11.069 r  dbg_hub/inst/BSCANID.u_xsdbm_id/SWITCH_N_EXT_BSCAN.bscan_switch/portno_temp[5]_i_2/O
                         net (fo=7, routed)           0.671    11.740    dbg_hub/inst/BSCANID.u_xsdbm_id/SWITCH_N_EXT_BSCAN.bscan_switch/portno_temp[5]_i_2_n_0
    SLICE_X90Y141        LUT3 (Prop_D5LUT_SLICEL_I1_O)
                                                      0.205    11.945 r  dbg_hub/inst/BSCANID.u_xsdbm_id/SWITCH_N_EXT_BSCAN.bscan_switch/portno_temp[0]_i_1/O
                         net (fo=1, routed)           0.035    11.980    dbg_hub/inst/BSCANID.u_xsdbm_id/SWITCH_N_EXT_BSCAN.bscan_switch/portno_temp[0]_i_1_n_0
    SLICE_X90Y141        FDRE                                         r  dbg_hub/inst/BSCANID.u_xsdbm_id/SWITCH_N_EXT_BSCAN.bscan_switch/portno_temp_reg[0]/D
  -------------------------------------------------------------------    -------------------

                         (clock dbg_hub/inst/BSCANID.u_xsdbm_id/SWITCH_N_EXT_BSCAN.bscan_inst/SERIES7_BSCAN.bscan_inst/TCK rise edge)
                                                     33.000    33.000 r  
    CONFIG_SITE_X0Y0     BSCANE2                      0.000    33.000 r  dbg_hub/inst/BSCANID.u_xsdbm_id/SWITCH_N_EXT_BSCAN.bscan_inst/SERIES7_BSCAN.bscan_inst/TCK
                         net (fo=1, routed)           3.723    36.723    dbg_hub/inst/BSCANID.u_xsdbm_id/tck_bs
    BUFGCE_X0Y119        BUFGCE (Prop_BUFCE_BUFGCE_I_O)
                                                      0.075    36.798 r  dbg_hub/inst/BSCANID.u_xsdbm_id/SWITCH_N_EXT_BSCAN.u_bufg_icon_tck/O
    X3Y2 (CLOCK_ROOT)    net (fo=478, routed)         2.939    39.737    dbg_hub/inst/BSCANID.u_xsdbm_id/SWITCH_N_EXT_BSCAN.bscan_switch/s_bscan_tck
    SLICE_X90Y141        FDRE                                         r  dbg_hub/inst/BSCANID.u_xsdbm_id/SWITCH_N_EXT_BSCAN.bscan_switch/portno_temp_reg[0]/C
                         clock pessimism              1.180    40.917    
                         clock uncertainty           -0.035    40.881    
    SLICE_X90Y141        FDRE (Setup_DFF2_SLICEL_C_D)
                                                      0.063    40.944    dbg_hub/inst/BSCANID.u_xsdbm_id/SWITCH_N_EXT_BSCAN.bscan_switch/portno_temp_reg[0]
  -------------------------------------------------------------------
                         required time                         40.944    
                         arrival time                         -11.980    
  -------------------------------------------------------------------
                         slack                                 28.964    





Min Delay Paths
--------------------------------------------------------------------------------------
Slack (MET) :             0.045ns  (arrival time - required time)
  Source:                 dbg_hub/inst/BSCANID.u_xsdbm_id/CORE_XSDB.UUT_MASTER/U_ICON_INTERFACE/U_CMD6_WR/shift_reg_in_reg[14]/C
                            (rising edge-triggered cell FDCE clocked by dbg_hub/inst/BSCANID.u_xsdbm_id/SWITCH_N_EXT_BSCAN.bscan_inst/SERIES7_BSCAN.bscan_inst/TCK  {rise@0.000ns fall@16.500ns period=33.000ns})
  Destination:            dbg_hub/inst/BSCANID.u_xsdbm_id/CORE_XSDB.UUT_MASTER/U_ICON_INTERFACE/U_CMD6_WR/U_WR_FIFO/SUBCORE_FIFO.xsdbm_v3_0_0_wrfifo_inst/inst_fifo_gen/gconvfifo.rf/grf.rf/gntv_or_sync_fifo.mem/gdm.dm_gen.dm/RAM_reg_0_15_0_13/RAMG_D1/I
                            (rising edge-triggered cell RAMD32 clocked by dbg_hub/inst/BSCANID.u_xsdbm_id/SWITCH_N_EXT_BSCAN.bscan_inst/SERIES7_BSCAN.bscan_inst/TCK  {rise@0.000ns fall@16.500ns period=33.000ns})
  Path Group:             dbg_hub/inst/BSCANID.u_xsdbm_id/SWITCH_N_EXT_BSCAN.bscan_inst/SERIES7_BSCAN.bscan_inst/TCK
  Path Type:              Hold (Min at Fast Process Corner)
  Requirement:            0.000ns  (dbg_hub/inst/BSCANID.u_xsdbm_id/SWITCH_N_EXT_BSCAN.bscan_inst/SERIES7_BSCAN.bscan_inst/TCK rise@0.000ns - dbg_hub/inst/BSCANID.u_xsdbm_id/SWITCH_N_EXT_BSCAN.bscan_inst/SERIES7_BSCAN.bscan_inst/TCK rise@0.000ns)
  Data Path Delay:        0.176ns  (logic 0.049ns (27.841%)  route 0.127ns (72.159%))
  Logic Levels:           0  
  Clock Path Skew:        0.069ns (DCD - SCD - CPR)
    Destination Clock Delay (DCD):    5.028ns
    Source Clock Delay      (SCD):    3.934ns
    Clock Pessimism Removal (CPR):    1.025ns
  Clock Net Delay (Source):      1.532ns (routing 1.014ns, distribution 0.518ns)
  Clock Net Delay (Destination): 1.755ns (routing 1.124ns, distribution 0.631ns)

    Location             Delay type                Incr(ns)  Path(ns)    Netlist Resource(s)
  -------------------------------------------------------------------    -------------------
                         (clock dbg_hub/inst/BSCANID.u_xsdbm_id/SWITCH_N_EXT_BSCAN.bscan_inst/SERIES7_BSCAN.bscan_inst/TCK rise edge)
                                                      0.000     0.000 r  
    CONFIG_SITE_X0Y0     BSCANE2                      0.000     0.000 r  dbg_hub/inst/BSCANID.u_xsdbm_id/SWITCH_N_EXT_BSCAN.bscan_inst/SERIES7_BSCAN.bscan_inst/TCK
                         net (fo=1, routed)           2.375     2.375    dbg_hub/inst/BSCANID.u_xsdbm_id/tck_bs
    BUFGCE_X0Y119        BUFGCE (Prop_BUFCE_BUFGCE_I_O)
                                                      0.027     2.402 r  dbg_hub/inst/BSCANID.u_xsdbm_id/SWITCH_N_EXT_BSCAN.u_bufg_icon_tck/O
    X3Y2 (CLOCK_ROOT)    net (fo=478, routed)         1.532     3.934    dbg_hub/inst/BSCANID.u_xsdbm_id/CORE_XSDB.UUT_MASTER/U_ICON_INTERFACE/U_CMD6_WR/m_bscan_tck[0]
    SLICE_X93Y131        FDCE                                         r  dbg_hub/inst/BSCANID.u_xsdbm_id/CORE_XSDB.UUT_MASTER/U_ICON_INTERFACE/U_CMD6_WR/shift_reg_in_reg[14]/C
  -------------------------------------------------------------------    -------------------
    SLICE_X93Y131        FDCE (Prop_BFF_SLICEL_C_Q)
                                                      0.049     3.983 r  dbg_hub/inst/BSCANID.u_xsdbm_id/CORE_XSDB.UUT_MASTER/U_ICON_INTERFACE/U_CMD6_WR/shift_reg_in_reg[14]/Q
                         net (fo=2, routed)           0.127     4.110    dbg_hub/inst/BSCANID.u_xsdbm_id/CORE_XSDB.UUT_MASTER/U_ICON_INTERFACE/U_CMD6_WR/U_WR_FIFO/SUBCORE_FIFO.xsdbm_v3_0_0_wrfifo_inst/inst_fifo_gen/gconvfifo.rf/grf.rf/gntv_or_sync_fifo.mem/gdm.dm_gen.dm/RAM_reg_0_15_0_13/DIG1
    SLICE_X94Y131        RAMD32                                       r  dbg_hub/inst/BSCANID.u_xsdbm_id/CORE_XSDB.UUT_MASTER/U_ICON_INTERFACE/U_CMD6_WR/U_WR_FIFO/SUBCORE_FIFO.xsdbm_v3_0_0_wrfifo_inst/inst_fifo_gen/gconvfifo.rf/grf.rf/gntv_or_sync_fifo.mem/gdm.dm_gen.dm/RAM_reg_0_15_0_13/RAMG_D1/I
  -------------------------------------------------------------------    -------------------

                         (clock dbg_hub/inst/BSCANID.u_xsdbm_id/SWITCH_N_EXT_BSCAN.bscan_inst/SERIES7_BSCAN.bscan_inst/TCK rise edge)
                                                      0.000     0.000 r  
    CONFIG_SITE_X0Y0     BSCANE2                      0.000     0.000 r  dbg_hub/inst/BSCANID.u_xsdbm_id/SWITCH_N_EXT_BSCAN.bscan_inst/SERIES7_BSCAN.bscan_inst/TCK
                         net (fo=1, routed)           3.242     3.242    dbg_hub/inst/BSCANID.u_xsdbm_id/tck_bs
    BUFGCE_X0Y119        BUFGCE (Prop_BUFCE_BUFGCE_I_O)
                                                      0.031     3.273 r  dbg_hub/inst/BSCANID.u_xsdbm_id/SWITCH_N_EXT_BSCAN.u_bufg_icon_tck/O
    X3Y2 (CLOCK_ROOT)    net (fo=478, routed)         1.755     5.028    dbg_hub/inst/BSCANID.u_xsdbm_id/CORE_XSDB.UUT_MASTER/U_ICON_INTERFACE/U_CMD6_WR/U_WR_FIFO/SUBCORE_FIFO.xsdbm_v3_0_0_wrfifo_inst/inst_fifo_gen/gconvfifo.rf/grf.rf/gntv_or_sync_fifo.mem/gdm.dm_gen.dm/RAM_reg_0_15_0_13/WCLK
    SLICE_X94Y131        RAMD32                                       r  dbg_hub/inst/BSCANID.u_xsdbm_id/CORE_XSDB.UUT_MASTER/U_ICON_INTERFACE/U_CMD6_WR/U_WR_FIFO/SUBCORE_FIFO.xsdbm_v3_0_0_wrfifo_inst/inst_fifo_gen/gconvfifo.rf/grf.rf/gntv_or_sync_fifo.mem/gdm.dm_gen.dm/RAM_reg_0_15_0_13/RAMG_D1/CLK
                         clock pessimism             -1.025     4.003    
    SLICE_X94Y131        RAMD32 (Hold_G6LUT_SLICEM_CLK_I)
                                                      0.062     4.065    dbg_hub/inst/BSCANID.u_xsdbm_id/CORE_XSDB.UUT_MASTER/U_ICON_INTERFACE/U_CMD6_WR/U_WR_FIFO/SUBCORE_FIFO.xsdbm_v3_0_0_wrfifo_inst/inst_fifo_gen/gconvfifo.rf/grf.rf/gntv_or_sync_fifo.mem/gdm.dm_gen.dm/RAM_reg_0_15_0_13/RAMG_D1
  -------------------------------------------------------------------
                         required time                         -4.065    
                         arrival time                           4.110    
  -------------------------------------------------------------------
                         slack                                  0.045    





Pulse Width Checks
--------------------------------------------------------------------------------------
Clock Name:         dbg_hub/inst/BSCANID.u_xsdbm_id/SWITCH_N_EXT_BSCAN.bscan_inst/SERIES7_BSCAN.bscan_inst/TCK
Waveform(ns):       { 0.000 16.500 }
Period(ns):         33.000
Sources:            { dbg_hub/inst/BSCANID.u_xsdbm_id/SWITCH_N_EXT_BSCAN.bscan_inst/SERIES7_BSCAN.bscan_inst/TCK }

Check Type        Corner  Lib Pin     Reference Pin  Required(ns)  Actual(ns)  Slack(ns)  Location       Pin
Min Period        n/a     BUFGCE/I    n/a            1.379         33.000      31.621     BUFGCE_X0Y119  dbg_hub/inst/BSCANID.u_xsdbm_id/SWITCH_N_EXT_BSCAN.u_bufg_icon_tck/I
Low Pulse Width   Slow    RAMD32/CLK  n/a            0.668         16.500      15.832     SLICE_X94Y131  dbg_hub/inst/BSCANID.u_xsdbm_id/CORE_XSDB.UUT_MASTER/U_ICON_INTERFACE/U_CMD6_WR/U_WR_FIFO/SUBCORE_FIFO.xsdbm_v3_0_0_wrfifo_inst/inst_fifo_gen/gconvfifo.rf/grf.rf/gntv_or_sync_fifo.mem/gdm.dm_gen.dm/RAM_reg_0_15_0_13/RAMA/CLK
High Pulse Width  Slow    RAMD32/CLK  n/a            0.668         16.500      15.832     SLICE_X94Y131  dbg_hub/inst/BSCANID.u_xsdbm_id/CORE_XSDB.UUT_MASTER/U_ICON_INTERFACE/U_CMD6_WR/U_WR_FIFO/SUBCORE_FIFO.xsdbm_v3_0_0_wrfifo_inst/inst_fifo_gen/gconvfifo.rf/grf.rf/gntv_or_sync_fifo.mem/gdm.dm_gen.dm/RAM_reg_0_15_0_13/RAMA/CLK



---------------------------------------------------------------------------------------------------
From Clock:  pcie_refclk_100
  To Clock:  pcie_refclk_100

Setup :            0  Failing Endpoints,  Worst Slack        8.684ns,  Total Violation        0.000ns
Hold  :            0  Failing Endpoints,  Worst Slack        0.045ns,  Total Violation        0.000ns
PW    :            0  Failing Endpoints,  Worst Slack        3.200ns,  Total Violation        0.000ns
---------------------------------------------------------------------------------------------------


Max Delay Paths
--------------------------------------------------------------------------------------
Slack (MET) :             8.684ns  (required time - arrival time)
  Source:                 u_phy_wrapper/u_pcie_phy/inst/Uscale_gt.us_gt_phy_wrapper/phy_rst_i/cpllreset_cnt_reg[3]/C
                            (rising edge-triggered cell FDCE clocked by pcie_refclk_100  {rise@0.000ns fall@5.000ns period=10.000ns})
  Destination:            u_phy_wrapper/u_pcie_phy/inst/Uscale_gt.us_gt_phy_wrapper/phy_rst_i/cpllreset_cnt_reg[6]/D
                            (rising edge-triggered cell FDCE clocked by pcie_refclk_100  {rise@0.000ns fall@5.000ns period=10.000ns})
  Path Group:             pcie_refclk_100
  Path Type:              Setup (Max at Slow Process Corner)
  Requirement:            10.000ns  (pcie_refclk_100 rise@10.000ns - pcie_refclk_100 rise@0.000ns)
  Data Path Delay:        1.213ns  (logic 0.503ns (41.467%)  route 0.710ns (58.533%))
  Logic Levels:           2  (LUT4=1 LUT5=1)
  Clock Path Skew:        -0.130ns (DCD - SCD + CPR)
    Destination Clock Delay (DCD):    1.345ns = ( 11.345 - 10.000 ) 
    Source Clock Delay      (SCD):    1.723ns
    Clock Pessimism Removal (CPR):    0.248ns
  Clock Uncertainty:      0.035ns  ((TSJ^2 + TIJ^2)^1/2 + DJ) / 2 + PE
    Total System Jitter     (TSJ):    0.071ns
    Total Input Jitter      (TIJ):    0.000ns
    Discrete Jitter          (DJ):    0.000ns
    Phase Error              (PE):    0.000ns
  Clock Net Delay (Source):      0.964ns (routing 0.109ns, distribution 0.855ns)
  Clock Net Delay (Destination): 0.809ns (routing 0.093ns, distribution 0.716ns)

    Location             Delay type                Incr(ns)  Path(ns)    Netlist Resource(s)
  -------------------------------------------------------------------    -------------------
                         (clock pcie_refclk_100 rise edge)
                                                      0.000     0.000 r  
    GTHE3_COMMON_X0Y1                                 0.000     0.000 r  pcie_refclk_p (IN)
                         net (fo=0)                   0.000     0.000    u_phy_wrapper/u_refclk_reset/pcie_refclk_p
    GTHE3_COMMON_X0Y1    IBUFDS_GTE3 (Prop_IBUFDS0_GTE3_GTHE3_COMMON_I_ODIV2)
                                                      0.362     0.362 r  u_phy_wrapper/u_refclk_reset/u_pcie_refclk_ibuf/ODIV2
                         net (fo=2, routed)           0.082     0.444    u_phy_wrapper/u_refclk_reset/phy_refclk_unbuf
    BUFG_GT_X0Y24        BUFG_GT (Prop_BUFG_GT_I_O)
                                                      0.315     0.759 r  u_phy_wrapper/u_refclk_reset/u_phy_refclk_bufg/O
    X3Y1 (CLOCK_ROOT)    net (fo=78, routed)          0.964     1.723    u_phy_wrapper/u_pcie_phy/inst/Uscale_gt.us_gt_phy_wrapper/phy_rst_i/phy_refclk
    SLICE_X98Y111        FDCE                                         r  u_phy_wrapper/u_pcie_phy/inst/Uscale_gt.us_gt_phy_wrapper/phy_rst_i/cpllreset_cnt_reg[3]/C
  -------------------------------------------------------------------    -------------------
    SLICE_X98Y111        FDCE (Prop_EFF_SLICEL_C_Q)
                                                      0.114     1.837 r  u_phy_wrapper/u_pcie_phy/inst/Uscale_gt.us_gt_phy_wrapper/phy_rst_i/cpllreset_cnt_reg[3]/Q
                         net (fo=4, routed)           0.342     2.179    u_phy_wrapper/u_pcie_phy/inst/Uscale_gt.us_gt_phy_wrapper/phy_rst_i/cpllreset_cnt_reg_n_0_[3]
    SLICE_X98Y111        LUT4 (Prop_C6LUT_SLICEL_I3_O)
                                                      0.185     2.364 r  u_phy_wrapper/u_pcie_phy/inst/Uscale_gt.us_gt_phy_wrapper/phy_rst_i/cpllreset_cnt[8]_i_2/O
                         net (fo=4, routed)           0.333     2.697    u_phy_wrapper/u_pcie_phy/inst/Uscale_gt.us_gt_phy_wrapper/phy_rst_i/cpllreset_cnt[8]_i_2_n_0
    SLICE_X97Y111        LUT5 (Prop_C5LUT_SLICEL_I1_O)
                                                      0.204     2.901 r  u_phy_wrapper/u_pcie_phy/inst/Uscale_gt.us_gt_phy_wrapper/phy_rst_i/cpllreset_cnt[6]_i_1/O
                         net (fo=1, routed)           0.035     2.936    u_phy_wrapper/u_pcie_phy/inst/Uscale_gt.us_gt_phy_wrapper/phy_rst_i/cpllreset_cnt[6]
    SLICE_X97Y111        FDCE                                         r  u_phy_wrapper/u_pcie_phy/inst/Uscale_gt.us_gt_phy_wrapper/phy_rst_i/cpllreset_cnt_reg[6]/D
  -------------------------------------------------------------------    -------------------

                         (clock pcie_refclk_100 rise edge)
                                                     10.000    10.000 r  
    GTHE3_COMMON_X0Y1                                 0.000    10.000 r  pcie_refclk_p (IN)
                         net (fo=0)                   0.000    10.000    u_phy_wrapper/u_refclk_reset/pcie_refclk_p
    GTHE3_COMMON_X0Y1    IBUFDS_GTE3 (Prop_IBUFDS0_GTE3_GTHE3_COMMON_I_ODIV2)
                                                      0.207    10.207 r  u_phy_wrapper/u_refclk_reset/u_pcie_refclk_ibuf/ODIV2
                         net (fo=2, routed)           0.046    10.253    u_phy_wrapper/u_refclk_reset/phy_refclk_unbuf
    BUFG_GT_X0Y24        BUFG_GT (Prop_BUFG_GT_I_O)
                                                      0.283    10.536 r  u_phy_wrapper/u_refclk_reset/u_phy_refclk_bufg/O
    X3Y1 (CLOCK_ROOT)    net (fo=78, routed)          0.809    11.345    u_phy_wrapper/u_pcie_phy/inst/Uscale_gt.us_gt_phy_wrapper/phy_rst_i/phy_refclk
    SLICE_X97Y111        FDCE                                         r  u_phy_wrapper/u_pcie_phy/inst/Uscale_gt.us_gt_phy_wrapper/phy_rst_i/cpllreset_cnt_reg[6]/C
                         clock pessimism              0.248    11.593    
                         clock uncertainty           -0.035    11.558    
    SLICE_X97Y111        FDCE (Setup_CFF2_SLICEL_C_D)
                                                      0.062    11.620    u_phy_wrapper/u_pcie_phy/inst/Uscale_gt.us_gt_phy_wrapper/phy_rst_i/cpllreset_cnt_reg[6]
  -------------------------------------------------------------------
                         required time                         11.620    
                         arrival time                          -2.936    
  -------------------------------------------------------------------
                         slack                                  8.684    





Min Delay Paths
--------------------------------------------------------------------------------------
Slack (MET) :             0.045ns  (arrival time - required time)
  Source:                 u_phy_wrapper/u_pcie_phy/inst/Uscale_gt.us_gt_phy_wrapper/phy_rst_i/userrdy_reg/C
                            (rising edge-triggered cell FDCE clocked by pcie_refclk_100  {rise@0.000ns fall@5.000ns period=10.000ns})
  Destination:            u_phy_wrapper/u_pcie_phy/inst/Uscale_gt.us_gt_phy_wrapper/phy_rst_i/userrdy_r_reg[2]_srl3/D
                            (rising edge-triggered cell SRL16E clocked by pcie_refclk_100  {rise@0.000ns fall@5.000ns period=10.000ns})
  Path Group:             pcie_refclk_100
  Path Type:              Hold (Min at Fast Process Corner)
  Requirement:            0.000ns  (pcie_refclk_100 rise@0.000ns - pcie_refclk_100 rise@0.000ns)
  Data Path Delay:        0.205ns  (logic 0.048ns (23.415%)  route 0.157ns (76.585%))
  Logic Levels:           0  
  Clock Path Skew:        0.040ns (DCD - SCD - CPR)
    Destination Clock Delay (DCD):    0.931ns
    Source Clock Delay      (SCD):    0.703ns
    Clock Pessimism Removal (CPR):    0.188ns
  Clock Net Delay (Source):      0.421ns (routing 0.059ns, distribution 0.362ns)
  Clock Net Delay (Destination): 0.514ns (routing 0.075ns, distribution 0.439ns)

    Location             Delay type                Incr(ns)  Path(ns)    Netlist Resource(s)
  -------------------------------------------------------------------    -------------------
                         (clock pcie_refclk_100 rise edge)
                                                      0.000     0.000 r  
    GTHE3_COMMON_X0Y1                                 0.000     0.000 r  pcie_refclk_p (IN)
                         net (fo=0)                   0.000     0.000    u_phy_wrapper/u_refclk_reset/pcie_refclk_p
    GTHE3_COMMON_X0Y1    IBUFDS_GTE3 (Prop_IBUFDS0_GTE3_GTHE3_COMMON_I_ODIV2)
                                                      0.164     0.164 r  u_phy_wrapper/u_refclk_reset/u_pcie_refclk_ibuf/ODIV2
                         net (fo=2, routed)           0.018     0.182    u_phy_wrapper/u_refclk_reset/phy_refclk_unbuf
    BUFG_GT_X0Y24        BUFG_GT (Prop_BUFG_GT_I_O)
                                                      0.100     0.282 r  u_phy_wrapper/u_refclk_reset/u_phy_refclk_bufg/O
    X3Y1 (CLOCK_ROOT)    net (fo=78, routed)          0.421     0.703    u_phy_wrapper/u_pcie_phy/inst/Uscale_gt.us_gt_phy_wrapper/phy_rst_i/phy_refclk
    SLICE_X100Y111       FDCE                                         r  u_phy_wrapper/u_pcie_phy/inst/Uscale_gt.us_gt_phy_wrapper/phy_rst_i/userrdy_reg/C
  -------------------------------------------------------------------    -------------------
    SLICE_X100Y111       FDCE (Prop_GFF2_SLICEM_C_Q)
                                                      0.048     0.751 r  u_phy_wrapper/u_pcie_phy/inst/Uscale_gt.us_gt_phy_wrapper/phy_rst_i/userrdy_reg/Q
                         net (fo=1, routed)           0.157     0.908    u_phy_wrapper/u_pcie_phy/inst/Uscale_gt.us_gt_phy_wrapper/phy_rst_i/userrdy
    SLICE_X100Y111       SRL16E                                       r  u_phy_wrapper/u_pcie_phy/inst/Uscale_gt.us_gt_phy_wrapper/phy_rst_i/userrdy_r_reg[2]_srl3/D
  -------------------------------------------------------------------    -------------------

                         (clock pcie_refclk_100 rise edge)
                                                      0.000     0.000 r  
    GTHE3_COMMON_X0Y1                                 0.000     0.000 r  pcie_refclk_p (IN)
                         net (fo=0)                   0.000     0.000    u_phy_wrapper/u_refclk_reset/pcie_refclk_p
    GTHE3_COMMON_X0Y1    IBUFDS_GTE3 (Prop_IBUFDS0_GTE3_GTHE3_COMMON_I_ODIV2)
                                                      0.252     0.252 r  u_phy_wrapper/u_refclk_reset/u_pcie_refclk_ibuf/ODIV2
                         net (fo=2, routed)           0.035     0.287    u_phy_wrapper/u_refclk_reset/phy_refclk_unbuf
    BUFG_GT_X0Y24        BUFG_GT (Prop_BUFG_GT_I_O)
                                                      0.130     0.417 r  u_phy_wrapper/u_refclk_reset/u_phy_refclk_bufg/O
    X3Y1 (CLOCK_ROOT)    net (fo=78, routed)          0.514     0.931    u_phy_wrapper/u_pcie_phy/inst/Uscale_gt.us_gt_phy_wrapper/phy_rst_i/phy_refclk
    SLICE_X100Y111       SRL16E                                       r  u_phy_wrapper/u_pcie_phy/inst/Uscale_gt.us_gt_phy_wrapper/phy_rst_i/userrdy_r_reg[2]_srl3/CLK
                         clock pessimism             -0.188     0.743    
    SLICE_X100Y111       SRL16E (Hold_D6LUT_SLICEM_CLK_D)
                                                      0.120     0.863    u_phy_wrapper/u_pcie_phy/inst/Uscale_gt.us_gt_phy_wrapper/phy_rst_i/userrdy_r_reg[2]_srl3
  -------------------------------------------------------------------
                         required time                         -0.863    
                         arrival time                           0.908    
  -------------------------------------------------------------------
                         slack                                  0.045    





Pulse Width Checks
--------------------------------------------------------------------------------------
Clock Name:         pcie_refclk_100
Waveform(ns):       { 0.000 5.000 }
Period(ns):         10.000
Sources:            { pcie_refclk_p }

Check Type        Corner  Lib Pin               Reference Pin  Required(ns)  Actual(ns)  Slack(ns)  Location            Pin
Min Period        n/a     GTHE3_CHANNEL/DRPCLK  n/a            4.000         10.000      6.000      GTHE3_CHANNEL_X0Y7  u_phy_wrapper/u_pcie_phy/inst/Uscale_gt.us_gt_phy_wrapper/gt_wizard.gtwizard_top_i/pcie_phy_0_gt_i/inst/gen_gtwizard_gthe3_top.pcie_phy_0_gt_gtwizard_gthe3_inst/gen_gtwizard_gthe3.gen_channel_container[1].gen_enabled_channel.gthe3_channel_wrapper_inst/channel_inst/gthe3_channel_gen.gen_gthe3_channel_inst[0].GTHE3_CHANNEL_PRIM_INST/DRPCLK
Low Pulse Width   Slow    GTHE3_CHANNEL/DRPCLK  n/a            1.800         5.000       3.200      GTHE3_CHANNEL_X0Y7  u_phy_wrapper/u_pcie_phy/inst/Uscale_gt.us_gt_phy_wrapper/gt_wizard.gtwizard_top_i/pcie_phy_0_gt_i/inst/gen_gtwizard_gthe3_top.pcie_phy_0_gt_gtwizard_gthe3_inst/gen_gtwizard_gthe3.gen_channel_container[1].gen_enabled_channel.gthe3_channel_wrapper_inst/channel_inst/gthe3_channel_gen.gen_gthe3_channel_inst[0].GTHE3_CHANNEL_PRIM_INST/DRPCLK
High Pulse Width  Slow    GTHE3_CHANNEL/DRPCLK  n/a            1.800         5.000       3.200      GTHE3_CHANNEL_X0Y7  u_phy_wrapper/u_pcie_phy/inst/Uscale_gt.us_gt_phy_wrapper/gt_wizard.gtwizard_top_i/pcie_phy_0_gt_i/inst/gen_gtwizard_gthe3_top.pcie_phy_0_gt_gtwizard_gthe3_inst/gen_gtwizard_gthe3.gen_channel_container[1].gen_enabled_channel.gthe3_channel_wrapper_inst/channel_inst/gthe3_channel_gen.gen_gthe3_channel_inst[0].GTHE3_CHANNEL_PRIM_INST/DRPCLK



---------------------------------------------------------------------------------------------------
From Clock:  txoutclk_out[0]
  To Clock:  txoutclk_out[0]

Setup :            0  Failing Endpoints,  Worst Slack        1.092ns,  Total Violation        0.000ns
Hold  :            0  Failing Endpoints,  Worst Slack        0.004ns,  Total Violation        0.000ns
PW    :            0  Failing Endpoints,  Worst Slack        0.486ns,  Total Violation        0.000ns
---------------------------------------------------------------------------------------------------


Max Delay Paths
--------------------------------------------------------------------------------------
Slack (MET) :             1.092ns  (required time - arrival time)
  Source:                 u_ila_phy_golden/inst/ila_core_inst/u_ila_regs/U_XSDB_SLAVE/G_1PIPE_IFACE.s_daddr_r_reg[0]/C
                            (rising edge-triggered cell FDRE clocked by txoutclk_out[0]  {rise@0.000ns fall@2.000ns period=4.000ns})
  Destination:            u_ila_phy_golden/inst/ila_core_inst/u_ila_regs/slaveRegDo_mux_2_reg[8]/R
                            (rising edge-triggered cell FDRE clocked by txoutclk_out[0]  {rise@0.000ns fall@2.000ns period=4.000ns})
  Path Group:             txoutclk_out[0]
  Path Type:              Setup (Max at Slow Process Corner)
  Requirement:            4.000ns  (txoutclk_out[0] rise@4.000ns - txoutclk_out[0] rise@0.000ns)
  Data Path Delay:        2.555ns  (logic 0.389ns (15.225%)  route 2.166ns (84.775%))
  Logic Levels:           3  (LUT3=1 LUT6=2)
  Clock Path Skew:        -0.235ns (DCD - SCD + CPR)
    Destination Clock Delay (DCD):    2.179ns = ( 6.179 - 4.000 ) 
    Source Clock Delay      (SCD):    2.538ns
    Clock Pessimism Removal (CPR):    0.124ns
  Clock Uncertainty:      0.035ns  ((TSJ^2 + TIJ^2)^1/2 + DJ) / 2 + PE
    Total System Jitter     (TSJ):    0.071ns
    Total Input Jitter      (TIJ):    0.000ns
    Discrete Jitter          (DJ):    0.000ns
    Phase Error              (PE):    0.000ns
  Clock Net Delay (Source):      2.141ns (routing 0.628ns, distribution 1.513ns)
  Clock Net Delay (Destination): 1.850ns (routing 0.572ns, distribution 1.278ns)

    Location             Delay type                Incr(ns)  Path(ns)    Netlist Resource(s)
  -------------------------------------------------------------------    -------------------
                         (clock txoutclk_out[0] rise edge)
                                                      0.000     0.000 r  
    GTHE3_CHANNEL_X0Y7   GTHE3_CHANNEL                0.000     0.000 r  u_phy_wrapper/u_pcie_phy/inst/Uscale_gt.us_gt_phy_wrapper/gt_wizard.gtwizard_top_i/pcie_phy_0_gt_i/inst/gen_gtwizard_gthe3_top.pcie_phy_0_gt_gtwizard_gthe3_inst/gen_gtwizard_gthe3.gen_channel_container[1].gen_enabled_channel.gthe3_channel_wrapper_inst/channel_inst/gthe3_channel_gen.gen_gthe3_channel_inst[0].GTHE3_CHANNEL_PRIM_INST/TXOUTCLK
                         net (fo=3, routed)           0.082     0.082    u_phy_wrapper/u_pcie_phy/inst/Uscale_gt.us_gt_phy_wrapper/phy_clk_i/CLK_USERCLK_IN
    BUFG_GT_X0Y25        BUFG_GT (Prop_BUFG_GT_I_O)
                                                      0.315     0.397 r  u_phy_wrapper/u_pcie_phy/inst/Uscale_gt.us_gt_phy_wrapper/phy_clk_i/bufg_gt_pclk/O
    X2Y1 (CLOCK_ROOT)    net (fo=2034, routed)        2.141     2.538    u_ila_phy_golden/inst/ila_core_inst/u_ila_regs/U_XSDB_SLAVE/sl_iport_i[1]
    SLICE_X91Y126        FDRE                                         r  u_ila_phy_golden/inst/ila_core_inst/u_ila_regs/U_XSDB_SLAVE/G_1PIPE_IFACE.s_daddr_r_reg[0]/C
  -------------------------------------------------------------------    -------------------
    SLICE_X91Y126        FDRE (Prop_EFF_SLICEL_C_Q)
                                                      0.114     2.652 f  u_ila_phy_golden/inst/ila_core_inst/u_ila_regs/U_XSDB_SLAVE/G_1PIPE_IFACE.s_daddr_r_reg[0]/Q
                         net (fo=159, routed)         0.501     3.153    u_ila_phy_golden/inst/ila_core_inst/u_ila_regs/s_daddr[0]
    SLICE_X90Y121        LUT3 (Prop_D6LUT_SLICEL_I1_O)
                                                      0.132     3.285 f  u_ila_phy_golden/inst/ila_core_inst/u_ila_regs/regDrdy_i_2/O
                         net (fo=8, routed)           0.454     3.739    u_ila_phy_golden/inst/ila_core_inst/u_ila_regs/regDrdy_i_2_n_0
    SLICE_X87Y123        LUT6 (Prop_G6LUT_SLICEL_I4_O)
                                                      0.071     3.810 r  u_ila_phy_golden/inst/ila_core_inst/u_ila_regs/slaveRegDo_mux_2[4]_i_4/O
                         net (fo=6, routed)           0.497     4.307    u_ila_phy_golden/inst/ila_core_inst/u_ila_regs/slaveRegDo_mux_2[4]_i_4_n_0
    SLICE_X88Y121        LUT6 (Prop_F6LUT_SLICEL_I4_O)
                                                      0.072     4.379 r  u_ila_phy_golden/inst/ila_core_inst/u_ila_regs/slaveRegDo_mux_2[15]_i_1/O
                         net (fo=11, routed)          0.714     5.093    u_ila_phy_golden/inst/ila_core_inst/u_ila_regs/slaveRegDo_mux_2[15]_i_1_n_0
    SLICE_X86Y116        FDRE                                         r  u_ila_phy_golden/inst/ila_core_inst/u_ila_regs/slaveRegDo_mux_2_reg[8]/R
  -------------------------------------------------------------------    -------------------

                         (clock txoutclk_out[0] rise edge)
                                                      4.000     4.000 r  
    GTHE3_CHANNEL_X0Y7   GTHE3_CHANNEL                0.000     4.000 r  u_phy_wrapper/u_pcie_phy/inst/Uscale_gt.us_gt_phy_wrapper/gt_wizard.gtwizard_top_i/pcie_phy_0_gt_i/inst/gen_gtwizard_gthe3_top.pcie_phy_0_gt_gtwizard_gthe3_inst/gen_gtwizard_gthe3.gen_channel_container[1].gen_enabled_channel.gthe3_channel_wrapper_inst/channel_inst/gthe3_channel_gen.gen_gthe3_channel_inst[0].GTHE3_CHANNEL_PRIM_INST/TXOUTCLK
                         net (fo=3, routed)           0.046     4.046    u_phy_wrapper/u_pcie_phy/inst/Uscale_gt.us_gt_phy_wrapper/phy_clk_i/CLK_USERCLK_IN
    BUFG_GT_X0Y25        BUFG_GT (Prop_BUFG_GT_I_O)
                                                      0.283     4.329 r  u_phy_wrapper/u_pcie_phy/inst/Uscale_gt.us_gt_phy_wrapper/phy_clk_i/bufg_gt_pclk/O
    X2Y1 (CLOCK_ROOT)    net (fo=2034, routed)        1.850     6.179    u_ila_phy_golden/inst/ila_core_inst/u_ila_regs/s_dclk_o
    SLICE_X86Y116        FDRE                                         r  u_ila_phy_golden/inst/ila_core_inst/u_ila_regs/slaveRegDo_mux_2_reg[8]/C
                         clock pessimism              0.124     6.303    
                         clock uncertainty           -0.035     6.268    
    SLICE_X86Y116        FDRE (Setup_EFF_SLICEL_C_R)
                                                     -0.083     6.185    u_ila_phy_golden/inst/ila_core_inst/u_ila_regs/slaveRegDo_mux_2_reg[8]
  -------------------------------------------------------------------
                         required time                          6.185    
                         arrival time                          -5.093    
  -------------------------------------------------------------------
                         slack                                  1.092    





Min Delay Paths
--------------------------------------------------------------------------------------
Slack (MET) :             0.004ns  (arrival time - required time)
  Source:                 u_ila_phy_golden/inst/ila_core_inst/u_trig/U_TM/N_DDR_MODE.G_NMU[0].U_M/allx_typeA_match_detection.ltlib_v1_0_0_allx_typeA_inst/DUT/I_WHOLE_SLICE.G_SLICE_IDX[2].U_ALL_SRL_SLICE/u_srlA/S1/CLK
                            (rising edge-triggered cell SRLC32E clocked by txoutclk_out[0]  {rise@0.000ns fall@2.000ns period=4.000ns})
  Destination:            u_ila_phy_golden/inst/ila_core_inst/u_trig/U_TM/N_DDR_MODE.G_NMU[0].U_M/allx_typeA_match_detection.ltlib_v1_0_0_allx_typeA_inst/DUT/I_WHOLE_SLICE.G_SLICE_IDX[1].U_ALL_SRL_SLICE/u_srlD/S2/D
                            (rising edge-triggered cell SRL16E clocked by txoutclk_out[0]  {rise@0.000ns fall@2.000ns period=4.000ns})
  Path Group:             txoutclk_out[0]
  Path Type:              Hold (Min at Slow Process Corner)
  Requirement:            0.000ns  (txoutclk_out[0] rise@0.000ns - txoutclk_out[0] rise@0.000ns)
  Data Path Delay:        0.255ns  (logic 0.255ns (100.000%)  route 0.000ns (0.000%))
  Logic Levels:           0  
  Clock Path Skew:        0.007ns (DCD - SCD - CPR)
    Destination Clock Delay (DCD):    2.512ns
    Source Clock Delay      (SCD):    2.196ns
    Clock Pessimism Removal (CPR):    0.309ns
  Clock Net Delay (Source):      1.867ns (routing 0.572ns, distribution 1.295ns)
  Clock Net Delay (Destination): 2.115ns (routing 0.628ns, distribution 1.487ns)

    Location             Delay type                Incr(ns)  Path(ns)    Netlist Resource(s)
  -------------------------------------------------------------------    -------------------
                         (clock txoutclk_out[0] rise edge)
                                                      0.000     0.000 r  
    GTHE3_CHANNEL_X0Y7   GTHE3_CHANNEL                0.000     0.000 r  u_phy_wrapper/u_pcie_phy/inst/Uscale_gt.us_gt_phy_wrapper/gt_wizard.gtwizard_top_i/pcie_phy_0_gt_i/inst/gen_gtwizard_gthe3_top.pcie_phy_0_gt_gtwizard_gthe3_inst/gen_gtwizard_gthe3.gen_channel_container[1].gen_enabled_channel.gthe3_channel_wrapper_inst/channel_inst/gthe3_channel_gen.gen_gthe3_channel_inst[0].GTHE3_CHANNEL_PRIM_INST/TXOUTCLK
                         net (fo=3, routed)           0.046     0.046    u_phy_wrapper/u_pcie_phy/inst/Uscale_gt.us_gt_phy_wrapper/phy_clk_i/CLK_USERCLK_IN
    BUFG_GT_X0Y25        BUFG_GT (Prop_BUFG_GT_I_O)
                                                      0.283     0.329 r  u_phy_wrapper/u_pcie_phy/inst/Uscale_gt.us_gt_phy_wrapper/phy_clk_i/bufg_gt_pclk/O
    X2Y1 (CLOCK_ROOT)    net (fo=2034, routed)        1.867     2.196    u_ila_phy_golden/inst/ila_core_inst/u_trig/U_TM/N_DDR_MODE.G_NMU[0].U_M/allx_typeA_match_detection.ltlib_v1_0_0_allx_typeA_inst/DUT/I_WHOLE_SLICE.G_SLICE_IDX[2].U_ALL_SRL_SLICE/u_srlA/CLK
    SLICE_X94Y110        SRLC32E                                      r  u_ila_phy_golden/inst/ila_core_inst/u_trig/U_TM/N_DDR_MODE.G_NMU[0].U_M/allx_typeA_match_detection.ltlib_v1_0_0_allx_typeA_inst/DUT/I_WHOLE_SLICE.G_SLICE_IDX[2].U_ALL_SRL_SLICE/u_srlA/S1/CLK
  -------------------------------------------------------------------    -------------------
    SLICE_X94Y110        SRLC32E (Prop_E6LUT_SLICEM_CLK_Q31)
                                                      0.255     2.451 r  u_ila_phy_golden/inst/ila_core_inst/u_trig/U_TM/N_DDR_MODE.G_NMU[0].U_M/allx_typeA_match_detection.ltlib_v1_0_0_allx_typeA_inst/DUT/I_WHOLE_SLICE.G_SLICE_IDX[2].U_ALL_SRL_SLICE/u_srlA/S1/Q31
                         net (fo=2, unplaced)         0.000     2.451    u_ila_phy_golden/inst/ila_core_inst/u_trig/U_TM/N_DDR_MODE.G_NMU[0].U_M/allx_typeA_match_detection.ltlib_v1_0_0_allx_typeA_inst/DUT/I_WHOLE_SLICE.G_SLICE_IDX[1].U_ALL_SRL_SLICE/u_srlD/CDI
    SLICE_X94Y110        SRL16E                                       r  u_ila_phy_golden/inst/ila_core_inst/u_trig/U_TM/N_DDR_MODE.G_NMU[0].U_M/allx_typeA_match_detection.ltlib_v1_0_0_allx_typeA_inst/DUT/I_WHOLE_SLICE.G_SLICE_IDX[1].U_ALL_SRL_SLICE/u_srlD/S2/D
  -------------------------------------------------------------------    -------------------

                         (clock txoutclk_out[0] rise edge)
                                                      0.000     0.000 r  
    GTHE3_CHANNEL_X0Y7   GTHE3_CHANNEL                0.000     0.000 r  u_phy_wrapper/u_pcie_phy/inst/Uscale_gt.us_gt_phy_wrapper/gt_wizard.gtwizard_top_i/pcie_phy_0_gt_i/inst/gen_gtwizard_gthe3_top.pcie_phy_0_gt_gtwizard_gthe3_inst/gen_gtwizard_gthe3.gen_channel_container[1].gen_enabled_channel.gthe3_channel_wrapper_inst/channel_inst/gthe3_channel_gen.gen_gthe3_channel_inst[0].GTHE3_CHANNEL_PRIM_INST/TXOUTCLK
                         net (fo=3, routed)           0.082     0.082    u_phy_wrapper/u_pcie_phy/inst/Uscale_gt.us_gt_phy_wrapper/phy_clk_i/CLK_USERCLK_IN
    BUFG_GT_X0Y25        BUFG_GT (Prop_BUFG_GT_I_O)
                                                      0.315     0.397 r  u_phy_wrapper/u_pcie_phy/inst/Uscale_gt.us_gt_phy_wrapper/phy_clk_i/bufg_gt_pclk/O
    X2Y1 (CLOCK_ROOT)    net (fo=2034, routed)        2.115     2.512    u_ila_phy_golden/inst/ila_core_inst/u_trig/U_TM/N_DDR_MODE.G_NMU[0].U_M/allx_typeA_match_detection.ltlib_v1_0_0_allx_typeA_inst/DUT/I_WHOLE_SLICE.G_SLICE_IDX[1].U_ALL_SRL_SLICE/u_srlD/CLK
    SLICE_X94Y110        SRL16E                                       r  u_ila_phy_golden/inst/ila_core_inst/u_trig/U_TM/N_DDR_MODE.G_NMU[0].U_M/allx_typeA_match_detection.ltlib_v1_0_0_allx_typeA_inst/DUT/I_WHOLE_SLICE.G_SLICE_IDX[1].U_ALL_SRL_SLICE/u_srlD/S2/CLK
                         clock pessimism             -0.309     2.203    
    SLICE_X94Y110        SRL16E (Hold_D5LUT_SLICEM_CLK_D)
                                                      0.244     2.447    u_ila_phy_golden/inst/ila_core_inst/u_trig/U_TM/N_DDR_MODE.G_NMU[0].U_M/allx_typeA_match_detection.ltlib_v1_0_0_allx_typeA_inst/DUT/I_WHOLE_SLICE.G_SLICE_IDX[1].U_ALL_SRL_SLICE/u_srlD/S2
  -------------------------------------------------------------------
                         required time                         -2.447    
                         arrival time                           2.451    
  -------------------------------------------------------------------
                         slack                                  0.004    





Pulse Width Checks
--------------------------------------------------------------------------------------
Clock Name:         txoutclk_out[0]
Waveform(ns):       { 0.000 2.000 }
Period(ns):         4.000
Sources:            { u_phy_wrapper/u_pcie_phy/inst/Uscale_gt.us_gt_phy_wrapper/gt_wizard.gtwizard_top_i/pcie_phy_0_gt_i/inst/gen_gtwizard_gthe3_top.pcie_phy_0_gt_gtwizard_gthe3_inst/gen_gtwizard_gthe3.gen_channel_container[1].gen_enabled_channel.gthe3_channel_wrapper_inst/channel_inst/gthe3_channel_gen.gen_gthe3_channel_inst[0].GTHE3_CHANNEL_PRIM_INST/TXOUTCLK }

Check Type        Corner  Lib Pin                 Reference Pin            Required(ns)  Actual(ns)  Slack(ns)  Location            Pin
Min Period        n/a     GTHE3_CHANNEL/RXUSRCLK  n/a                      2.443         4.000       1.557      GTHE3_CHANNEL_X0Y7  u_phy_wrapper/u_pcie_phy/inst/Uscale_gt.us_gt_phy_wrapper/gt_wizard.gtwizard_top_i/pcie_phy_0_gt_i/inst/gen_gtwizard_gthe3_top.pcie_phy_0_gt_gtwizard_gthe3_inst/gen_gtwizard_gthe3.gen_channel_container[1].gen_enabled_channel.gthe3_channel_wrapper_inst/channel_inst/gthe3_channel_gen.gen_gthe3_channel_inst[0].GTHE3_CHANNEL_PRIM_INST/RXUSRCLK
Low Pulse Width   Slow    GTHE3_CHANNEL/RXUSRCLK  n/a                      1.100         2.000       0.900      GTHE3_CHANNEL_X0Y7  u_phy_wrapper/u_pcie_phy/inst/Uscale_gt.us_gt_phy_wrapper/gt_wizard.gtwizard_top_i/pcie_phy_0_gt_i/inst/gen_gtwizard_gthe3_top.pcie_phy_0_gt_gtwizard_gthe3_inst/gen_gtwizard_gthe3.gen_channel_container[1].gen_enabled_channel.gthe3_channel_wrapper_inst/channel_inst/gthe3_channel_gen.gen_gthe3_channel_inst[0].GTHE3_CHANNEL_PRIM_INST/RXUSRCLK
High Pulse Width  Slow    GTHE3_CHANNEL/RXUSRCLK  n/a                      1.100         2.000       0.900      GTHE3_CHANNEL_X0Y7  u_phy_wrapper/u_pcie_phy/inst/Uscale_gt.us_gt_phy_wrapper/gt_wizard.gtwizard_top_i/pcie_phy_0_gt_i/inst/gen_gtwizard_gthe3_top.pcie_phy_0_gt_gtwizard_gthe3_inst/gen_gtwizard_gthe3.gen_channel_container[1].gen_enabled_channel.gthe3_channel_wrapper_inst/channel_inst/gthe3_channel_gen.gen_gthe3_channel_inst[0].GTHE3_CHANNEL_PRIM_INST/RXUSRCLK
Max Skew          Slow    GTHE3_CHANNEL/RXUSRCLK  GTHE3_CHANNEL/RXUSRCLK2  0.516         0.030       0.486      GTHE3_CHANNEL_X0Y7  u_phy_wrapper/u_pcie_phy/inst/Uscale_gt.us_gt_phy_wrapper/gt_wizard.gtwizard_top_i/pcie_phy_0_gt_i/inst/gen_gtwizard_gthe3_top.pcie_phy_0_gt_gtwizard_gthe3_inst/gen_gtwizard_gthe3.gen_channel_container[1].gen_enabled_channel.gthe3_channel_wrapper_inst/channel_inst/gthe3_channel_gen.gen_gthe3_channel_inst[0].GTHE3_CHANNEL_PRIM_INST/RXUSRCLK



---------------------------------------------------------------------------------------------------
From Clock:  txoutclk_out[0]
  To Clock:  dbg_hub/inst/BSCANID.u_xsdbm_id/SWITCH_N_EXT_BSCAN.bscan_inst/SERIES7_BSCAN.bscan_inst/TCK

Setup :            0  Failing Endpoints,  Worst Slack        3.213ns,  Total Violation        0.000ns
Hold  :           NA  Failing Endpoints,  Worst Slack           NA  ,  Total Violation           NA
---------------------------------------------------------------------------------------------------


Max Delay Paths
--------------------------------------------------------------------------------------
Slack (MET) :             3.213ns  (required time - arrival time)
  Source:                 dbg_hub/inst/BSCANID.u_xsdbm_id/CORE_XSDB.UUT_MASTER/U_ICON_INTERFACE/U_CMD6_RD/U_RD_FIFO/SUBCORE_FIFO.xsdbm_v3_0_0_rdfifo_inst/inst_fifo_gen/gconvfifo.rf/grf.rf/gntv_or_sync_fifo.gcx.clkx/gnxpm_cdc.wr_pntr_gc_reg[0]/C
                            (rising edge-triggered cell FDCE clocked by txoutclk_out[0]  {rise@0.000ns fall@2.000ns period=4.000ns})
  Destination:            dbg_hub/inst/BSCANID.u_xsdbm_id/CORE_XSDB.UUT_MASTER/U_ICON_INTERFACE/U_CMD6_RD/U_RD_FIFO/SUBCORE_FIFO.xsdbm_v3_0_0_rdfifo_inst/inst_fifo_gen/gconvfifo.rf/grf.rf/gntv_or_sync_fifo.gcx.clkx/gnxpm_cdc.gsync_stage[1].rd_stg_inst/Q_reg_reg[0]/D
                            (rising edge-triggered cell FDCE clocked by dbg_hub/inst/BSCANID.u_xsdbm_id/SWITCH_N_EXT_BSCAN.bscan_inst/SERIES7_BSCAN.bscan_inst/TCK  {rise@0.000ns fall@16.500ns period=33.000ns})
  Path Group:             dbg_hub/inst/BSCANID.u_xsdbm_id/SWITCH_N_EXT_BSCAN.bscan_inst/SERIES7_BSCAN.bscan_inst/TCK
  Path Type:              Setup (Max at Slow Process Corner)
  Requirement:            4.000ns  (MaxDelay Path 4.000ns)
  Data Path Delay:        0.847ns  (logic 0.114ns (13.459%)  route 0.733ns (86.541%))
  Logic Levels:           0  
  Timing Exception:       MaxDelay Path 4.000ns -datapath_only

    Location             Delay type                Incr(ns)  Path(ns)    Netlist Resource(s)
  -------------------------------------------------------------------    -------------------
    SLICE_X82Y132                                     0.000     0.000 r  dbg_hub/inst/BSCANID.u_xsdbm_id/CORE_XSDB.UUT_MASTER/U_ICON_INTERFACE/U_CMD6_RD/U_RD_FIFO/SUBCORE_FIFO.xsdbm_v3_0_0_rdfifo_inst/inst_fifo_gen/gconvfifo.rf/grf.rf/gntv_or_sync_fifo.gcx.clkx/gnxpm_cdc.wr_pntr_gc_reg[0]/C
    SLICE_X82Y132        FDCE (Prop_DFF_SLICEM_C_Q)
                                                      0.114     0.114 r  dbg_hub/inst/BSCANID.u_xsdbm_id/CORE_XSDB.UUT_MASTER/U_ICON_INTERFACE/U_CMD6_RD/U_RD_FIFO/SUBCORE_FIFO.xsdbm_v3_0_0_rdfifo_inst/inst_fifo_gen/gconvfifo.rf/grf.rf/gntv_or_sync_fifo.gcx.clkx/gnxpm_cdc.wr_pntr_gc_reg[0]/Q
                         net (fo=1, routed)           0.733     0.847    dbg_hub/inst/BSCANID.u_xsdbm_id/CORE_XSDB.UUT_MASTER/U_ICON_INTERFACE/U_CMD6_RD/U_RD_FIFO/SUBCORE_FIFO.xsdbm_v3_0_0_rdfifo_inst/inst_fifo_gen/gconvfifo.rf/grf.rf/gntv_or_sync_fifo.gcx.clkx/gnxpm_cdc.gsync_stage[1].rd_stg_inst/Q[0]
    SLICE_X82Y131        FDCE                                         r  dbg_hub/inst/BSCANID.u_xsdbm_id/CORE_XSDB.UUT_MASTER/U_ICON_INTERFACE/U_CMD6_RD/U_RD_FIFO/SUBCORE_FIFO.xsdbm_v3_0_0_rdfifo_inst/inst_fifo_gen/gconvfifo.rf/grf.rf/gntv_or_sync_fifo.gcx.clkx/gnxpm_cdc.gsync_stage[1].rd_stg_inst/Q_reg_reg[0]/D
  -------------------------------------------------------------------    -------------------

                         max delay                    4.000     4.000    
    SLICE_X82Y131        FDCE (Setup_HFF2_SLICEM_C_D)
                                                      0.060     4.060    dbg_hub/inst/BSCANID.u_xsdbm_id/CORE_XSDB.UUT_MASTER/U_ICON_INTERFACE/U_CMD6_RD/U_RD_FIFO/SUBCORE_FIFO.xsdbm_v3_0_0_rdfifo_inst/inst_fifo_gen/gconvfifo.rf/grf.rf/gntv_or_sync_fifo.gcx.clkx/gnxpm_cdc.gsync_stage[1].rd_stg_inst/Q_reg_reg[0]
  -------------------------------------------------------------------
                         required time                          4.060    
                         arrival time                          -0.847    
  -------------------------------------------------------------------
                         slack                                  3.213    





---------------------------------------------------------------------------------------------------
From Clock:  dbg_hub/inst/BSCANID.u_xsdbm_id/SWITCH_N_EXT_BSCAN.bscan_inst/SERIES7_BSCAN.bscan_inst/TCK
  To Clock:  txoutclk_out[0]

Setup :            0  Failing Endpoints,  Worst Slack       32.302ns,  Total Violation        0.000ns
Hold  :           NA  Failing Endpoints,  Worst Slack           NA  ,  Total Violation           NA
---------------------------------------------------------------------------------------------------


Max Delay Paths
--------------------------------------------------------------------------------------
Slack (MET) :             32.302ns  (required time - arrival time)
  Source:                 dbg_hub/inst/BSCANID.u_xsdbm_id/CORE_XSDB.UUT_MASTER/U_ICON_INTERFACE/U_CMD6_RD/U_RD_FIFO/SUBCORE_FIFO.xsdbm_v3_0_0_rdfifo_inst/inst_fifo_gen/gconvfifo.rf/grf.rf/gntv_or_sync_fifo.gcx.clkx/gnxpm_cdc.rd_pntr_gc_reg[2]/C
                            (rising edge-triggered cell FDCE clocked by dbg_hub/inst/BSCANID.u_xsdbm_id/SWITCH_N_EXT_BSCAN.bscan_inst/SERIES7_BSCAN.bscan_inst/TCK  {rise@0.000ns fall@16.500ns period=33.000ns})
  Destination:            dbg_hub/inst/BSCANID.u_xsdbm_id/CORE_XSDB.UUT_MASTER/U_ICON_INTERFACE/U_CMD6_RD/U_RD_FIFO/SUBCORE_FIFO.xsdbm_v3_0_0_rdfifo_inst/inst_fifo_gen/gconvfifo.rf/grf.rf/gntv_or_sync_fifo.gcx.clkx/gnxpm_cdc.gsync_stage[1].wr_stg_inst/Q_reg_reg[2]/D
                            (rising edge-triggered cell FDCE clocked by txoutclk_out[0]  {rise@0.000ns fall@2.000ns period=4.000ns})
  Path Group:             txoutclk_out[0]
  Path Type:              Setup (Max at Slow Process Corner)
  Requirement:            33.000ns  (MaxDelay Path 33.000ns)
  Data Path Delay:        0.760ns  (logic 0.114ns (15.000%)  route 0.646ns (85.000%))
  Logic Levels:           0  
  Timing Exception:       MaxDelay Path 33.000ns -datapath_only

    Location             Delay type                Incr(ns)  Path(ns)    Netlist Resource(s)
  -------------------------------------------------------------------    -------------------
    SLICE_X82Y132                                     0.000     0.000 r  dbg_hub/inst/BSCANID.u_xsdbm_id/CORE_XSDB.UUT_MASTER/U_ICON_INTERFACE/U_CMD6_RD/U_RD_FIFO/SUBCORE_FIFO.xsdbm_v3_0_0_rdfifo_inst/inst_fifo_gen/gconvfifo.rf/grf.rf/gntv_or_sync_fifo.gcx.clkx/gnxpm_cdc.rd_pntr_gc_reg[2]/C
    SLICE_X82Y132        FDCE (Prop_EFF_SLICEM_C_Q)
                                                      0.114     0.114 r  dbg_hub/inst/BSCANID.u_xsdbm_id/CORE_XSDB.UUT_MASTER/U_ICON_INTERFACE/U_CMD6_RD/U_RD_FIFO/SUBCORE_FIFO.xsdbm_v3_0_0_rdfifo_inst/inst_fifo_gen/gconvfifo.rf/grf.rf/gntv_or_sync_fifo.gcx.clkx/gnxpm_cdc.rd_pntr_gc_reg[2]/Q
                         net (fo=1, routed)           0.646     0.760    dbg_hub/inst/BSCANID.u_xsdbm_id/CORE_XSDB.UUT_MASTER/U_ICON_INTERFACE/U_CMD6_RD/U_RD_FIFO/SUBCORE_FIFO.xsdbm_v3_0_0_rdfifo_inst/inst_fifo_gen/gconvfifo.rf/grf.rf/gntv_or_sync_fifo.gcx.clkx/gnxpm_cdc.gsync_stage[1].wr_stg_inst/Q[2]
    SLICE_X82Y132        FDCE                                         r  dbg_hub/inst/BSCANID.u_xsdbm_id/CORE_XSDB.UUT_MASTER/U_ICON_INTERFACE/U_CMD6_RD/U_RD_FIFO/SUBCORE_FIFO.xsdbm_v3_0_0_rdfifo_inst/inst_fifo_gen/gconvfifo.rf/grf.rf/gntv_or_sync_fifo.gcx.clkx/gnxpm_cdc.gsync_stage[1].wr_stg_inst/Q_reg_reg[2]/D
  -------------------------------------------------------------------    -------------------

                         max delay                   33.000    33.000    
    SLICE_X82Y132        FDCE (Setup_CFF2_SLICEM_C_D)
                                                      0.062    33.062    dbg_hub/inst/BSCANID.u_xsdbm_id/CORE_XSDB.UUT_MASTER/U_ICON_INTERFACE/U_CMD6_RD/U_RD_FIFO/SUBCORE_FIFO.xsdbm_v3_0_0_rdfifo_inst/inst_fifo_gen/gconvfifo.rf/grf.rf/gntv_or_sync_fifo.gcx.clkx/gnxpm_cdc.gsync_stage[1].wr_stg_inst/Q_reg_reg[2]
  -------------------------------------------------------------------
                         required time                         33.062    
                         arrival time                          -0.760    
  -------------------------------------------------------------------
                         slack                                 32.302    





---------------------------------------------------------------------------------------------------
Path Group:  **async_default**
From Clock:  dbg_hub/inst/BSCANID.u_xsdbm_id/SWITCH_N_EXT_BSCAN.bscan_inst/SERIES7_BSCAN.bscan_inst/TCK
  To Clock:  dbg_hub/inst/BSCANID.u_xsdbm_id/SWITCH_N_EXT_BSCAN.bscan_inst/SERIES7_BSCAN.bscan_inst/TCK

Setup :            0  Failing Endpoints,  Worst Slack       31.162ns,  Total Violation        0.000ns
Hold  :            0  Failing Endpoints,  Worst Slack        0.139ns,  Total Violation        0.000ns
---------------------------------------------------------------------------------------------------


Max Delay Paths
--------------------------------------------------------------------------------------
Slack (MET) :             31.162ns  (required time - arrival time)
  Source:                 dbg_hub/inst/BSCANID.u_xsdbm_id/SWITCH_N_EXT_BSCAN.bscan_switch/state_reg[0]/C
                            (rising edge-triggered cell FDRE clocked by dbg_hub/inst/BSCANID.u_xsdbm_id/SWITCH_N_EXT_BSCAN.bscan_inst/SERIES7_BSCAN.bscan_inst/TCK  {rise@0.000ns fall@16.500ns period=33.000ns})
  Destination:            dbg_hub/inst/BSCANID.u_xsdbm_id/CORE_XSDB.U_ICON/U_CMD/iTARGET_reg[14]/CLR
                            (recovery check against rising-edge clock dbg_hub/inst/BSCANID.u_xsdbm_id/SWITCH_N_EXT_BSCAN.bscan_inst/SERIES7_BSCAN.bscan_inst/TCK  {rise@0.000ns fall@16.500ns period=33.000ns})
  Path Group:             **async_default**
  Path Type:              Recovery (Max at Slow Process Corner)
  Requirement:            33.000ns  (dbg_hub/inst/BSCANID.u_xsdbm_id/SWITCH_N_EXT_BSCAN.bscan_inst/SERIES7_BSCAN.bscan_inst/TCK rise@33.000ns - dbg_hub/inst/BSCANID.u_xsdbm_id/SWITCH_N_EXT_BSCAN.bscan_inst/SERIES7_BSCAN.bscan_inst/TCK rise@0.000ns)
  Data Path Delay:        1.571ns  (logic 0.318ns (20.242%)  route 1.253ns (79.758%))
  Logic Levels:           1  (LUT4=1)
  Clock Path Skew:        -0.149ns (DCD - SCD + CPR)
    Destination Clock Delay (DCD):    6.728ns = ( 39.728 - 33.000 ) 
    Source Clock Delay      (SCD):    8.057ns
    Clock Pessimism Removal (CPR):    1.180ns
  Clock Uncertainty:      0.035ns  ((TSJ^2 + TIJ^2)^1/2 + DJ) / 2 + PE
    Total System Jitter     (TSJ):    0.071ns
    Total Input Jitter      (TIJ):    0.000ns
    Discrete Jitter          (DJ):    0.000ns
    Phase Error              (PE):    0.000ns
  Clock Net Delay (Source):      3.280ns (routing 1.976ns, distribution 1.304ns)
  Clock Net Delay (Destination): 2.930ns (routing 1.818ns, distribution 1.112ns)

    Location             Delay type                Incr(ns)  Path(ns)    Netlist Resource(s)
  -------------------------------------------------------------------    -------------------
                         (clock dbg_hub/inst/BSCANID.u_xsdbm_id/SWITCH_N_EXT_BSCAN.bscan_inst/SERIES7_BSCAN.bscan_inst/TCK rise edge)
                                                      0.000     0.000 r  
    CONFIG_SITE_X0Y0     BSCANE2                      0.000     0.000 r  dbg_hub/inst/BSCANID.u_xsdbm_id/SWITCH_N_EXT_BSCAN.bscan_inst/SERIES7_BSCAN.bscan_inst/TCK
                         net (fo=1, routed)           4.694     4.694    dbg_hub/inst/BSCANID.u_xsdbm_id/tck_bs
    BUFGCE_X0Y119        BUFGCE (Prop_BUFCE_BUFGCE_I_O)
                                                      0.083     4.777 r  dbg_hub/inst/BSCANID.u_xsdbm_id/SWITCH_N_EXT_BSCAN.u_bufg_icon_tck/O
    X3Y2 (CLOCK_ROOT)    net (fo=478, routed)         3.280     8.057    dbg_hub/inst/BSCANID.u_xsdbm_id/SWITCH_N_EXT_BSCAN.bscan_switch/s_bscan_tck
    SLICE_X86Y140        FDRE                                         r  dbg_hub/inst/BSCANID.u_xsdbm_id/SWITCH_N_EXT_BSCAN.bscan_switch/state_reg[0]/C
  -------------------------------------------------------------------    -------------------
    SLICE_X86Y140        FDRE (Prop_EFF_SLICEL_C_Q)
                                                      0.114     8.171 f  dbg_hub/inst/BSCANID.u_xsdbm_id/SWITCH_N_EXT_BSCAN.bscan_switch/state_reg[0]/Q
                         net (fo=50, routed)          0.853     9.024    dbg_hub/inst/BSCANID.u_xsdbm_id/SWITCH_N_EXT_BSCAN.bscan_switch/state[0]
    SLICE_X89Y140        LUT4 (Prop_C5LUT_SLICEL_I1_O)
                                                      0.204     9.228 r  dbg_hub/inst/BSCANID.u_xsdbm_id/SWITCH_N_EXT_BSCAN.bscan_switch/m_bscan_sel[0]_INST_0/O
                         net (fo=11, routed)          0.400     9.628    dbg_hub/inst/BSCANID.u_xsdbm_id/CORE_XSDB.U_ICON/U_CMD/iTARGET_reg[6]_0
    SLICE_X89Y138        FDCE                                         f  dbg_hub/inst/BSCANID.u_xsdbm_id/CORE_XSDB.U_ICON/U_CMD/iTARGET_reg[14]/CLR  (IS_INVERTED)
  -------------------------------------------------------------------    -------------------

                         (clock dbg_hub/inst/BSCANID.u_xsdbm_id/SWITCH_N_EXT_BSCAN.bscan_inst/SERIES7_BSCAN.bscan_inst/TCK rise edge)
                                                     33.000    33.000 r  
    CONFIG_SITE_X0Y0     BSCANE2                      0.000    33.000 r  dbg_hub/inst/BSCANID.u_xsdbm_id/SWITCH_N_EXT_BSCAN.bscan_inst/SERIES7_BSCAN.bscan_inst/TCK
                         net (fo=1, routed)           3.723    36.723    dbg_hub/inst/BSCANID.u_xsdbm_id/tck_bs
    BUFGCE_X0Y119        BUFGCE (Prop_BUFCE_BUFGCE_I_O)
                                                      0.075    36.798 r  dbg_hub/inst/BSCANID.u_xsdbm_id/SWITCH_N_EXT_BSCAN.u_bufg_icon_tck/O
    X3Y2 (CLOCK_ROOT)    net (fo=478, routed)         2.930    39.728    dbg_hub/inst/BSCANID.u_xsdbm_id/CORE_XSDB.U_ICON/U_CMD/m_bscan_tck[0]
    SLICE_X89Y138        FDCE                                         r  dbg_hub/inst/BSCANID.u_xsdbm_id/CORE_XSDB.U_ICON/U_CMD/iTARGET_reg[14]/C
                         clock pessimism              1.180    40.908    
                         clock uncertainty           -0.035    40.872    
    SLICE_X89Y138        FDCE (Recov_EFF_SLICEL_C_CLR)
                                                     -0.082    40.790    dbg_hub/inst/BSCANID.u_xsdbm_id/CORE_XSDB.U_ICON/U_CMD/iTARGET_reg[14]
  -------------------------------------------------------------------
                         required time                         40.790    
                         arrival time                          -9.628    
  -------------------------------------------------------------------
                         slack                                 31.162    





Min Delay Paths
--------------------------------------------------------------------------------------
Slack (MET) :             0.139ns  (arrival time - required time)
  Source:                 dbg_hub/inst/BSCANID.u_xsdbm_id/CORE_XSDB.UUT_MASTER/U_ICON_INTERFACE/U_CMD6_WR/U_WR_FIFO/SUBCORE_FIFO.xsdbm_v3_0_0_wrfifo_inst/inst_fifo_gen/gconvfifo.rf/grf.rf/rstblk/ngwrdrst.grst.g7serrst.wr_rst_reg_reg[0]/C
                            (rising edge-triggered cell FDPE clocked by dbg_hub/inst/BSCANID.u_xsdbm_id/SWITCH_N_EXT_BSCAN.bscan_inst/SERIES7_BSCAN.bscan_inst/TCK  {rise@0.000ns fall@16.500ns period=33.000ns})
  Destination:            dbg_hub/inst/BSCANID.u_xsdbm_id/CORE_XSDB.UUT_MASTER/U_ICON_INTERFACE/U_CMD6_WR/U_WR_FIFO/SUBCORE_FIFO.xsdbm_v3_0_0_wrfifo_inst/inst_fifo_gen/gconvfifo.rf/grf.rf/gntv_or_sync_fifo.gcx.clkx/gnxpm_cdc.gsync_stage[1].wr_stg_inst/Q_reg_reg[2]/CLR
                            (removal check against rising-edge clock dbg_hub/inst/BSCANID.u_xsdbm_id/SWITCH_N_EXT_BSCAN.bscan_inst/SERIES7_BSCAN.bscan_inst/TCK  {rise@0.000ns fall@16.500ns period=33.000ns})
  Path Group:             **async_default**
  Path Type:              Removal (Min at Fast Process Corner)
  Requirement:            0.000ns  (dbg_hub/inst/BSCANID.u_xsdbm_id/SWITCH_N_EXT_BSCAN.bscan_inst/SERIES7_BSCAN.bscan_inst/TCK rise@0.000ns - dbg_hub/inst/BSCANID.u_xsdbm_id/SWITCH_N_EXT_BSCAN.bscan_inst/SERIES7_BSCAN.bscan_inst/TCK rise@0.000ns)
  Data Path Delay:        0.183ns  (logic 0.049ns (26.776%)  route 0.134ns (73.224%))
  Logic Levels:           0  
  Clock Path Skew:        0.039ns (DCD - SCD - CPR)
    Destination Clock Delay (DCD):    5.045ns
    Source Clock Delay      (SCD):    3.939ns
    Clock Pessimism Removal (CPR):    1.067ns
  Clock Net Delay (Source):      1.537ns (routing 1.014ns, distribution 0.523ns)
  Clock Net Delay (Destination): 1.772ns (routing 1.124ns, distribution 0.648ns)

    Location             Delay type                Incr(ns)  Path(ns)    Netlist Resource(s)
  -------------------------------------------------------------------    -------------------
                         (clock dbg_hub/inst/BSCANID.u_xsdbm_id/SWITCH_N_EXT_BSCAN.bscan_inst/SERIES7_BSCAN.bscan_inst/TCK rise edge)
                                                      0.000     0.000 r  
    CONFIG_SITE_X0Y0     BSCANE2                      0.000     0.000 r  dbg_hub/inst/BSCANID.u_xsdbm_id/SWITCH_N_EXT_BSCAN.bscan_inst/SERIES7_BSCAN.bscan_inst/TCK
                         net (fo=1, routed)           2.375     2.375    dbg_hub/inst/BSCANID.u_xsdbm_id/tck_bs
    BUFGCE_X0Y119        BUFGCE (Prop_BUFCE_BUFGCE_I_O)
                                                      0.027     2.402 r  dbg_hub/inst/BSCANID.u_xsdbm_id/SWITCH_N_EXT_BSCAN.u_bufg_icon_tck/O
    X3Y2 (CLOCK_ROOT)    net (fo=478, routed)         1.537     3.939    dbg_hub/inst/BSCANID.u_xsdbm_id/CORE_XSDB.UUT_MASTER/U_ICON_INTERFACE/U_CMD6_WR/U_WR_FIFO/SUBCORE_FIFO.xsdbm_v3_0_0_wrfifo_inst/inst_fifo_gen/gconvfifo.rf/grf.rf/rstblk/wr_clk
    SLICE_X93Y133        FDPE                                         r  dbg_hub/inst/BSCANID.u_xsdbm_id/CORE_XSDB.UUT_MASTER/U_ICON_INTERFACE/U_CMD6_WR/U_WR_FIFO/SUBCORE_FIFO.xsdbm_v3_0_0_wrfifo_inst/inst_fifo_gen/gconvfifo.rf/grf.rf/rstblk/ngwrdrst.grst.g7serrst.wr_rst_reg_reg[0]/C
  -------------------------------------------------------------------    -------------------
    SLICE_X93Y133        FDPE (Prop_EFF_SLICEL_C_Q)
                                                      0.049     3.988 f  dbg_hub/inst/BSCANID.u_xsdbm_id/CORE_XSDB.UUT_MASTER/U_ICON_INTERFACE/U_CMD6_WR/U_WR_FIFO/SUBCORE_FIFO.xsdbm_v3_0_0_wrfifo_inst/inst_fifo_gen/gconvfifo.rf/grf.rf/rstblk/ngwrdrst.grst.g7serrst.wr_rst_reg_reg[0]/Q
                         net (fo=18, routed)          0.134     4.122    dbg_hub/inst/BSCANID.u_xsdbm_id/CORE_XSDB.UUT_MASTER/U_ICON_INTERFACE/U_CMD6_WR/U_WR_FIFO/SUBCORE_FIFO.xsdbm_v3_0_0_wrfifo_inst/inst_fifo_gen/gconvfifo.rf/grf.rf/gntv_or_sync_fifo.gcx.clkx/gnxpm_cdc.gsync_stage[1].wr_stg_inst/AR[0]
    SLICE_X92Y133        FDCE                                         f  dbg_hub/inst/BSCANID.u_xsdbm_id/CORE_XSDB.UUT_MASTER/U_ICON_INTERFACE/U_CMD6_WR/U_WR_FIFO/SUBCORE_FIFO.xsdbm_v3_0_0_wrfifo_inst/inst_fifo_gen/gconvfifo.rf/grf.rf/gntv_or_sync_fifo.gcx.clkx/gnxpm_cdc.gsync_stage[1].wr_stg_inst/Q_reg_reg[2]/CLR
  -------------------------------------------------------------------    -------------------

                         (clock dbg_hub/inst/BSCANID.u_xsdbm_id/SWITCH_N_EXT_BSCAN.bscan_inst/SERIES7_BSCAN.bscan_inst/TCK rise edge)
                                                      0.000     0.000 r  
    CONFIG_SITE_X0Y0     BSCANE2                      0.000     0.000 r  dbg_hub/inst/BSCANID.u_xsdbm_id/SWITCH_N_EXT_BSCAN.bscan_inst/SERIES7_BSCAN.bscan_inst/TCK
                         net (fo=1, routed)           3.242     3.242    dbg_hub/inst/BSCANID.u_xsdbm_id/tck_bs
    BUFGCE_X0Y119        BUFGCE (Prop_BUFCE_BUFGCE_I_O)
                                                      0.031     3.273 r  dbg_hub/inst/BSCANID.u_xsdbm_id/SWITCH_N_EXT_BSCAN.u_bufg_icon_tck/O
    X3Y2 (CLOCK_ROOT)    net (fo=478, routed)         1.772     5.045    dbg_hub/inst/BSCANID.u_xsdbm_id/CORE_XSDB.UUT_MASTER/U_ICON_INTERFACE/U_CMD6_WR/U_WR_FIFO/SUBCORE_FIFO.xsdbm_v3_0_0_wrfifo_inst/inst_fifo_gen/gconvfifo.rf/grf.rf/gntv_or_sync_fifo.gcx.clkx/gnxpm_cdc.gsync_stage[1].wr_stg_inst/wr_clk
    SLICE_X92Y133        FDCE                                         r  dbg_hub/inst/BSCANID.u_xsdbm_id/CORE_XSDB.UUT_MASTER/U_ICON_INTERFACE/U_CMD6_WR/U_WR_FIFO/SUBCORE_FIFO.xsdbm_v3_0_0_wrfifo_inst/inst_fifo_gen/gconvfifo.rf/grf.rf/gntv_or_sync_fifo.gcx.clkx/gnxpm_cdc.gsync_stage[1].wr_stg_inst/Q_reg_reg[2]/C
                         clock pessimism             -1.067     3.978    
    SLICE_X92Y133        FDCE (Remov_CFF2_SLICEL_C_CLR)
                                                      0.005     3.983    dbg_hub/inst/BSCANID.u_xsdbm_id/CORE_XSDB.UUT_MASTER/U_ICON_INTERFACE/U_CMD6_WR/U_WR_FIFO/SUBCORE_FIFO.xsdbm_v3_0_0_wrfifo_inst/inst_fifo_gen/gconvfifo.rf/grf.rf/gntv_or_sync_fifo.gcx.clkx/gnxpm_cdc.gsync_stage[1].wr_stg_inst/Q_reg_reg[2]
  -------------------------------------------------------------------
                         required time                         -3.983    
                         arrival time                           4.122    
  -------------------------------------------------------------------
                         slack                                  0.139    





---------------------------------------------------------------------------------------------------
Path Group:  **async_default**
From Clock:  pcie_refclk_100
  To Clock:  pcie_refclk_100

Setup :            0  Failing Endpoints,  Worst Slack        9.038ns,  Total Violation        0.000ns
Hold  :            0  Failing Endpoints,  Worst Slack        0.181ns,  Total Violation        0.000ns
---------------------------------------------------------------------------------------------------


Max Delay Paths
--------------------------------------------------------------------------------------
Slack (MET) :             9.038ns  (required time - arrival time)
  Source:                 u_phy_wrapper/u_pcie_phy/inst/Uscale_gt.us_gt_phy_wrapper/phy_rst_i/rrst_n_r_reg[7]/C
                            (rising edge-triggered cell FDCE clocked by pcie_refclk_100  {rise@0.000ns fall@5.000ns period=10.000ns})
  Destination:            u_phy_wrapper/u_pcie_phy/inst/Uscale_gt.us_gt_phy_wrapper/phy_rst_i/FSM_onehot_fsm_reg[4]/CLR
                            (recovery check against rising-edge clock pcie_refclk_100  {rise@0.000ns fall@5.000ns period=10.000ns})
  Path Group:             **async_default**
  Path Type:              Recovery (Max at Slow Process Corner)
  Requirement:            10.000ns  (pcie_refclk_100 rise@10.000ns - pcie_refclk_100 rise@0.000ns)
  Data Path Delay:        0.804ns  (logic 0.118ns (14.677%)  route 0.686ns (85.323%))
  Logic Levels:           0  
  Clock Path Skew:        -0.040ns (DCD - SCD + CPR)
    Destination Clock Delay (DCD):    1.364ns = ( 11.364 - 10.000 ) 
    Source Clock Delay      (SCD):    1.697ns
    Clock Pessimism Removal (CPR):    0.292ns
  Clock Uncertainty:      0.035ns  ((TSJ^2 + TIJ^2)^1/2 + DJ) / 2 + PE
    Total System Jitter     (TSJ):    0.071ns
    Total Input Jitter      (TIJ):    0.000ns
    Discrete Jitter          (DJ):    0.000ns
    Phase Error              (PE):    0.000ns
  Clock Net Delay (Source):      0.938ns (routing 0.109ns, distribution 0.829ns)
  Clock Net Delay (Destination): 0.828ns (routing 0.093ns, distribution 0.735ns)

    Location             Delay type                Incr(ns)  Path(ns)    Netlist Resource(s)
  -------------------------------------------------------------------    -------------------
                         (clock pcie_refclk_100 rise edge)
                                                      0.000     0.000 r  
    GTHE3_COMMON_X0Y1                                 0.000     0.000 r  pcie_refclk_p (IN)
                         net (fo=0)                   0.000     0.000    u_phy_wrapper/u_refclk_reset/pcie_refclk_p
    GTHE3_COMMON_X0Y1    IBUFDS_GTE3 (Prop_IBUFDS0_GTE3_GTHE3_COMMON_I_ODIV2)
                                                      0.362     0.362 r  u_phy_wrapper/u_refclk_reset/u_pcie_refclk_ibuf/ODIV2
                         net (fo=2, routed)           0.082     0.444    u_phy_wrapper/u_refclk_reset/phy_refclk_unbuf
    BUFG_GT_X0Y24        BUFG_GT (Prop_BUFG_GT_I_O)
                                                      0.315     0.759 r  u_phy_wrapper/u_refclk_reset/u_phy_refclk_bufg/O
    X3Y1 (CLOCK_ROOT)    net (fo=78, routed)          0.938     1.697    u_phy_wrapper/u_pcie_phy/inst/Uscale_gt.us_gt_phy_wrapper/phy_rst_i/phy_refclk
    SLICE_X98Y112        FDCE                                         r  u_phy_wrapper/u_pcie_phy/inst/Uscale_gt.us_gt_phy_wrapper/phy_rst_i/rrst_n_r_reg[7]/C
  -------------------------------------------------------------------    -------------------
    SLICE_X98Y112        FDCE (Prop_GFF2_SLICEL_C_Q)
                                                      0.118     1.815 r  u_phy_wrapper/u_pcie_phy/inst/Uscale_gt.us_gt_phy_wrapper/phy_rst_i/rrst_n_r_reg[7]/Q
                         net (fo=26, routed)          0.686     2.501    u_phy_wrapper/u_pcie_phy/inst/Uscale_gt.us_gt_phy_wrapper/phy_rst_i/rrst_n_r[7]
    SLICE_X99Y114        FDCE                                         f  u_phy_wrapper/u_pcie_phy/inst/Uscale_gt.us_gt_phy_wrapper/phy_rst_i/FSM_onehot_fsm_reg[4]/CLR  (IS_INVERTED)
  -------------------------------------------------------------------    -------------------

                         (clock pcie_refclk_100 rise edge)
                                                     10.000    10.000 r  
    GTHE3_COMMON_X0Y1                                 0.000    10.000 r  pcie_refclk_p (IN)
                         net (fo=0)                   0.000    10.000    u_phy_wrapper/u_refclk_reset/pcie_refclk_p
    GTHE3_COMMON_X0Y1    IBUFDS_GTE3 (Prop_IBUFDS0_GTE3_GTHE3_COMMON_I_ODIV2)
                                                      0.207    10.207 r  u_phy_wrapper/u_refclk_reset/u_pcie_refclk_ibuf/ODIV2
                         net (fo=2, routed)           0.046    10.253    u_phy_wrapper/u_refclk_reset/phy_refclk_unbuf
    BUFG_GT_X0Y24        BUFG_GT (Prop_BUFG_GT_I_O)
                                                      0.283    10.536 r  u_phy_wrapper/u_refclk_reset/u_phy_refclk_bufg/O
    X3Y1 (CLOCK_ROOT)    net (fo=78, routed)          0.828    11.364    u_phy_wrapper/u_pcie_phy/inst/Uscale_gt.us_gt_phy_wrapper/phy_rst_i/phy_refclk
    SLICE_X99Y114        FDCE                                         r  u_phy_wrapper/u_pcie_phy/inst/Uscale_gt.us_gt_phy_wrapper/phy_rst_i/FSM_onehot_fsm_reg[4]/C
                         clock pessimism              0.292    11.657    
                         clock uncertainty           -0.035    11.621    
    SLICE_X99Y114        FDCE (Recov_DFF_SLICEL_C_CLR)
                                                     -0.082    11.539    u_phy_wrapper/u_pcie_phy/inst/Uscale_gt.us_gt_phy_wrapper/phy_rst_i/FSM_onehot_fsm_reg[4]
  -------------------------------------------------------------------
                         required time                         11.539    
                         arrival time                          -2.501    
  -------------------------------------------------------------------
                         slack                                  9.038    





Min Delay Paths
--------------------------------------------------------------------------------------
Slack (MET) :             0.181ns  (arrival time - required time)
  Source:                 u_phy_wrapper/u_pcie_phy/inst/Uscale_gt.us_gt_phy_wrapper/phy_rst_i/rrst_n_r_reg[7]/C
                            (rising edge-triggered cell FDCE clocked by pcie_refclk_100  {rise@0.000ns fall@5.000ns period=10.000ns})
  Destination:            u_phy_wrapper/u_pcie_phy/inst/Uscale_gt.us_gt_phy_wrapper/phy_rst_i/cpllreset_reg/PRE
                            (removal check against rising-edge clock pcie_refclk_100  {rise@0.000ns fall@5.000ns period=10.000ns})
  Path Group:             **async_default**
  Path Type:              Removal (Min at Fast Process Corner)
  Requirement:            0.000ns  (pcie_refclk_100 rise@0.000ns - pcie_refclk_100 rise@0.000ns)
  Data Path Delay:        0.257ns  (logic 0.048ns (18.677%)  route 0.209ns (81.323%))
  Logic Levels:           0  
  Clock Path Skew:        0.071ns (DCD - SCD - CPR)
    Destination Clock Delay (DCD):    0.925ns
    Source Clock Delay      (SCD):    0.697ns
    Clock Pessimism Removal (CPR):    0.157ns
  Clock Net Delay (Source):      0.415ns (routing 0.059ns, distribution 0.356ns)
  Clock Net Delay (Destination): 0.508ns (routing 0.075ns, distribution 0.433ns)

    Location             Delay type                Incr(ns)  Path(ns)    Netlist Resource(s)
  -------------------------------------------------------------------    -------------------
                         (clock pcie_refclk_100 rise edge)
                                                      0.000     0.000 r  
    GTHE3_COMMON_X0Y1                                 0.000     0.000 r  pcie_refclk_p (IN)
                         net (fo=0)                   0.000     0.000    u_phy_wrapper/u_refclk_reset/pcie_refclk_p
    GTHE3_COMMON_X0Y1    IBUFDS_GTE3 (Prop_IBUFDS0_GTE3_GTHE3_COMMON_I_ODIV2)
                                                      0.164     0.164 r  u_phy_wrapper/u_refclk_reset/u_pcie_refclk_ibuf/ODIV2
                         net (fo=2, routed)           0.018     0.182    u_phy_wrapper/u_refclk_reset/phy_refclk_unbuf
    BUFG_GT_X0Y24        BUFG_GT (Prop_BUFG_GT_I_O)
                                                      0.100     0.282 r  u_phy_wrapper/u_refclk_reset/u_phy_refclk_bufg/O
    X3Y1 (CLOCK_ROOT)    net (fo=78, routed)          0.415     0.697    u_phy_wrapper/u_pcie_phy/inst/Uscale_gt.us_gt_phy_wrapper/phy_rst_i/phy_refclk
    SLICE_X98Y112        FDCE                                         r  u_phy_wrapper/u_pcie_phy/inst/Uscale_gt.us_gt_phy_wrapper/phy_rst_i/rrst_n_r_reg[7]/C
  -------------------------------------------------------------------    -------------------
    SLICE_X98Y112        FDCE (Prop_GFF2_SLICEL_C_Q)
                                                      0.048     0.745 r  u_phy_wrapper/u_pcie_phy/inst/Uscale_gt.us_gt_phy_wrapper/phy_rst_i/rrst_n_r_reg[7]/Q
                         net (fo=26, routed)          0.209     0.954    u_phy_wrapper/u_pcie_phy/inst/Uscale_gt.us_gt_phy_wrapper/phy_rst_i/rrst_n_r[7]
    SLICE_X100Y111       FDPE                                         f  u_phy_wrapper/u_pcie_phy/inst/Uscale_gt.us_gt_phy_wrapper/phy_rst_i/cpllreset_reg/PRE  (IS_INVERTED)
  -------------------------------------------------------------------    -------------------

                         (clock pcie_refclk_100 rise edge)
                                                      0.000     0.000 r  
    GTHE3_COMMON_X0Y1                                 0.000     0.000 r  pcie_refclk_p (IN)
                         net (fo=0)                   0.000     0.000    u_phy_wrapper/u_refclk_reset/pcie_refclk_p
    GTHE3_COMMON_X0Y1    IBUFDS_GTE3 (Prop_IBUFDS0_GTE3_GTHE3_COMMON_I_ODIV2)
                                                      0.252     0.252 r  u_phy_wrapper/u_refclk_reset/u_pcie_refclk_ibuf/ODIV2
                         net (fo=2, routed)           0.035     0.287    u_phy_wrapper/u_refclk_reset/phy_refclk_unbuf
    BUFG_GT_X0Y24        BUFG_GT (Prop_BUFG_GT_I_O)
                                                      0.130     0.417 r  u_phy_wrapper/u_refclk_reset/u_phy_refclk_bufg/O
    X3Y1 (CLOCK_ROOT)    net (fo=78, routed)          0.508     0.925    u_phy_wrapper/u_pcie_phy/inst/Uscale_gt.us_gt_phy_wrapper/phy_rst_i/phy_refclk
    SLICE_X100Y111       FDPE                                         r  u_phy_wrapper/u_pcie_phy/inst/Uscale_gt.us_gt_phy_wrapper/phy_rst_i/cpllreset_reg/C
                         clock pessimism             -0.157     0.768    
    SLICE_X100Y111       FDPE (Remov_HFF_SLICEM_C_PRE)
                                                      0.005     0.773    u_phy_wrapper/u_pcie_phy/inst/Uscale_gt.us_gt_phy_wrapper/phy_rst_i/cpllreset_reg
  -------------------------------------------------------------------
                         required time                         -0.773    
                         arrival time                           0.954    
  -------------------------------------------------------------------
                         slack                                  0.181    





---------------------------------------------------------------------------------------------------
Path Group:  **async_default**
From Clock:  txoutclk_out[0]
  To Clock:  txoutclk_out[0]

Setup :            0  Failing Endpoints,  Worst Slack        1.987ns,  Total Violation        0.000ns
Hold  :            0  Failing Endpoints,  Worst Slack        0.130ns,  Total Violation        0.000ns
---------------------------------------------------------------------------------------------------


Max Delay Paths
--------------------------------------------------------------------------------------
Slack (MET) :             1.987ns  (required time - arrival time)
  Source:                 u_phy_wrapper/u_pcie_phy/inst/Uscale_gt.us_gt_phy_wrapper/rst_psrst_n_r_reg[3]/C
                            (rising edge-triggered cell FDCE clocked by txoutclk_out[0]  {rise@0.000ns fall@2.000ns period=4.000ns})
  Destination:            u_phy_wrapper/u_refclk_reset/u_reset_ctrl/u_pipe_reset_sync/sync_reg_reg[0]/CLR
                            (recovery check against rising-edge clock txoutclk_out[0]  {rise@0.000ns fall@2.000ns period=4.000ns})
  Path Group:             **async_default**
  Path Type:              Recovery (Max at Slow Process Corner)
  Requirement:            4.000ns  (txoutclk_out[0] rise@4.000ns - txoutclk_out[0] rise@0.000ns)
  Data Path Delay:        1.747ns  (logic 0.157ns (8.987%)  route 1.590ns (91.013%))
  Logic Levels:           1  (LUT2=1)
  Clock Path Skew:        -0.149ns (DCD - SCD + CPR)
    Destination Clock Delay (DCD):    2.179ns = ( 6.179 - 4.000 ) 
    Source Clock Delay      (SCD):    2.507ns
    Clock Pessimism Removal (CPR):    0.179ns
  Clock Uncertainty:      0.035ns  ((TSJ^2 + TIJ^2)^1/2 + DJ) / 2 + PE
    Total System Jitter     (TSJ):    0.071ns
    Total Input Jitter      (TIJ):    0.000ns
    Discrete Jitter          (DJ):    0.000ns
    Phase Error              (PE):    0.000ns
  Clock Net Delay (Source):      2.110ns (routing 0.628ns, distribution 1.482ns)
  Clock Net Delay (Destination): 1.850ns (routing 0.572ns, distribution 1.278ns)

    Location             Delay type                Incr(ns)  Path(ns)    Netlist Resource(s)
  -------------------------------------------------------------------    -------------------
                         (clock txoutclk_out[0] rise edge)
                                                      0.000     0.000 r  
    GTHE3_CHANNEL_X0Y7   GTHE3_CHANNEL                0.000     0.000 r  u_phy_wrapper/u_pcie_phy/inst/Uscale_gt.us_gt_phy_wrapper/gt_wizard.gtwizard_top_i/pcie_phy_0_gt_i/inst/gen_gtwizard_gthe3_top.pcie_phy_0_gt_gtwizard_gthe3_inst/gen_gtwizard_gthe3.gen_channel_container[1].gen_enabled_channel.gthe3_channel_wrapper_inst/channel_inst/gthe3_channel_gen.gen_gthe3_channel_inst[0].GTHE3_CHANNEL_PRIM_INST/TXOUTCLK
                         net (fo=3, routed)           0.082     0.082    u_phy_wrapper/u_pcie_phy/inst/Uscale_gt.us_gt_phy_wrapper/phy_clk_i/CLK_USERCLK_IN
    BUFG_GT_X0Y25        BUFG_GT (Prop_BUFG_GT_I_O)
                                                      0.315     0.397 r  u_phy_wrapper/u_pcie_phy/inst/Uscale_gt.us_gt_phy_wrapper/phy_clk_i/bufg_gt_pclk/O
    X2Y1 (CLOCK_ROOT)    net (fo=2034, routed)        2.110     2.507    u_phy_wrapper/u_pcie_phy/inst/Uscale_gt.us_gt_phy_wrapper/CLK_PCLK
    SLICE_X98Y117        FDCE                                         r  u_phy_wrapper/u_pcie_phy/inst/Uscale_gt.us_gt_phy_wrapper/rst_psrst_n_r_reg[3]/C
  -------------------------------------------------------------------    -------------------
    SLICE_X98Y117        FDCE (Prop_CFF2_SLICEL_C_Q)
                                                      0.117     2.624 r  u_phy_wrapper/u_pcie_phy/inst/Uscale_gt.us_gt_phy_wrapper/rst_psrst_n_r_reg[3]/Q
                         net (fo=112, routed)         1.248     3.872    u_phy_wrapper/u_refclk_reset/u_reset_ctrl/u_pipe_reset_sync/lopt
    SLICE_X90Y103        LUT2 (Prop_H6LUT_SLICEL_I0_O)
                                                      0.040     3.912 f  u_phy_wrapper/u_refclk_reset/u_reset_ctrl/u_pipe_reset_sync/sync_reg[3]_i_1/O
                         net (fo=4, routed)           0.342     4.254    u_phy_wrapper/u_refclk_reset/u_reset_ctrl/u_pipe_reset_sync/sync_reg[3]_i_1_n_0
    SLICE_X90Y103        FDCE                                         f  u_phy_wrapper/u_refclk_reset/u_reset_ctrl/u_pipe_reset_sync/sync_reg_reg[0]/CLR
  -------------------------------------------------------------------    -------------------

                         (clock txoutclk_out[0] rise edge)
                                                      4.000     4.000 r  
    GTHE3_CHANNEL_X0Y7   GTHE3_CHANNEL                0.000     4.000 r  u_phy_wrapper/u_pcie_phy/inst/Uscale_gt.us_gt_phy_wrapper/gt_wizard.gtwizard_top_i/pcie_phy_0_gt_i/inst/gen_gtwizard_gthe3_top.pcie_phy_0_gt_gtwizard_gthe3_inst/gen_gtwizard_gthe3.gen_channel_container[1].gen_enabled_channel.gthe3_channel_wrapper_inst/channel_inst/gthe3_channel_gen.gen_gthe3_channel_inst[0].GTHE3_CHANNEL_PRIM_INST/TXOUTCLK
                         net (fo=3, routed)           0.046     4.046    u_phy_wrapper/u_pcie_phy/inst/Uscale_gt.us_gt_phy_wrapper/phy_clk_i/CLK_USERCLK_IN
    BUFG_GT_X0Y25        BUFG_GT (Prop_BUFG_GT_I_O)
                                                      0.283     4.329 r  u_phy_wrapper/u_pcie_phy/inst/Uscale_gt.us_gt_phy_wrapper/phy_clk_i/bufg_gt_pclk/O
    X2Y1 (CLOCK_ROOT)    net (fo=2034, routed)        1.850     6.179    u_phy_wrapper/u_refclk_reset/u_reset_ctrl/u_pipe_reset_sync/phy_pclk
    SLICE_X90Y103        FDCE                                         r  u_phy_wrapper/u_refclk_reset/u_reset_ctrl/u_pipe_reset_sync/sync_reg_reg[0]/C
                         clock pessimism              0.179     6.358    
                         clock uncertainty           -0.035     6.323    
    SLICE_X90Y103        FDCE (Recov_DFF2_SLICEL_C_CLR)
                                                     -0.082     6.241    u_phy_wrapper/u_refclk_reset/u_reset_ctrl/u_pipe_reset_sync/sync_reg_reg[0]
  -------------------------------------------------------------------
                         required time                          6.241    
                         arrival time                          -4.254    
  -------------------------------------------------------------------
                         slack                                  1.987    





Min Delay Paths
--------------------------------------------------------------------------------------
Slack (MET) :             0.130ns  (arrival time - required time)
  Source:                 dbg_hub/inst/BSCANID.u_xsdbm_id/CORE_XSDB.UUT_MASTER/U_ICON_INTERFACE/U_CMD6_WR/U_WR_FIFO/SUBCORE_FIFO.xsdbm_v3_0_0_wrfifo_inst/inst_fifo_gen/gconvfifo.rf/grf.rf/rstblk/ngwrdrst.grst.g7serrst.rst_rd_reg2_reg/C
                            (rising edge-triggered cell FDPE clocked by txoutclk_out[0]  {rise@0.000ns fall@2.000ns period=4.000ns})
  Destination:            dbg_hub/inst/BSCANID.u_xsdbm_id/CORE_XSDB.UUT_MASTER/U_ICON_INTERFACE/U_CMD6_WR/U_WR_FIFO/SUBCORE_FIFO.xsdbm_v3_0_0_wrfifo_inst/inst_fifo_gen/gconvfifo.rf/grf.rf/rstblk/ngwrdrst.grst.g7serrst.rd_rst_asreg_reg/PRE
                            (removal check against rising-edge clock txoutclk_out[0]  {rise@0.000ns fall@2.000ns period=4.000ns})
  Path Group:             **async_default**
  Path Type:              Removal (Min at Fast Process Corner)
  Requirement:            0.000ns  (txoutclk_out[0] rise@0.000ns - txoutclk_out[0] rise@0.000ns)
  Data Path Delay:        0.174ns  (logic 0.048ns (27.586%)  route 0.126ns (72.414%))
  Logic Levels:           0  
  Clock Path Skew:        0.039ns (DCD - SCD - CPR)
    Destination Clock Delay (DCD):    1.377ns
    Source Clock Delay      (SCD):    1.143ns
    Clock Pessimism Removal (CPR):    0.195ns
  Clock Net Delay (Source):      1.025ns (routing 0.341ns, distribution 0.684ns)
  Clock Net Delay (Destination): 1.212ns (routing 0.387ns, distribution 0.825ns)

    Location             Delay type                Incr(ns)  Path(ns)    Netlist Resource(s)
  -------------------------------------------------------------------    -------------------
                         (clock txoutclk_out[0] rise edge)
                                                      0.000     0.000 r  
    GTHE3_CHANNEL_X0Y7   GTHE3_CHANNEL                0.000     0.000 r  u_phy_wrapper/u_pcie_phy/inst/Uscale_gt.us_gt_phy_wrapper/gt_wizard.gtwizard_top_i/pcie_phy_0_gt_i/inst/gen_gtwizard_gthe3_top.pcie_phy_0_gt_gtwizard_gthe3_inst/gen_gtwizard_gthe3.gen_channel_container[1].gen_enabled_channel.gthe3_channel_wrapper_inst/channel_inst/gthe3_channel_gen.gen_gthe3_channel_inst[0].GTHE3_CHANNEL_PRIM_INST/TXOUTCLK
                         net (fo=3, routed)           0.018     0.018    u_phy_wrapper/u_pcie_phy/inst/Uscale_gt.us_gt_phy_wrapper/phy_clk_i/CLK_USERCLK_IN
    BUFG_GT_X0Y25        BUFG_GT (Prop_BUFG_GT_I_O)
                                                      0.100     0.118 r  u_phy_wrapper/u_pcie_phy/inst/Uscale_gt.us_gt_phy_wrapper/phy_clk_i/bufg_gt_pclk/O
    X2Y1 (CLOCK_ROOT)    net (fo=2034, routed)        1.025     1.143    dbg_hub/inst/BSCANID.u_xsdbm_id/CORE_XSDB.UUT_MASTER/U_ICON_INTERFACE/U_CMD6_WR/U_WR_FIFO/SUBCORE_FIFO.xsdbm_v3_0_0_wrfifo_inst/inst_fifo_gen/gconvfifo.rf/grf.rf/rstblk/rd_clk
    SLICE_X92Y135        FDPE                                         r  dbg_hub/inst/BSCANID.u_xsdbm_id/CORE_XSDB.UUT_MASTER/U_ICON_INTERFACE/U_CMD6_WR/U_WR_FIFO/SUBCORE_FIFO.xsdbm_v3_0_0_wrfifo_inst/inst_fifo_gen/gconvfifo.rf/grf.rf/rstblk/ngwrdrst.grst.g7serrst.rst_rd_reg2_reg/C
  -------------------------------------------------------------------    -------------------
    SLICE_X92Y135        FDPE (Prop_EFF2_SLICEL_C_Q)
                                                      0.048     1.191 f  dbg_hub/inst/BSCANID.u_xsdbm_id/CORE_XSDB.UUT_MASTER/U_ICON_INTERFACE/U_CMD6_WR/U_WR_FIFO/SUBCORE_FIFO.xsdbm_v3_0_0_wrfifo_inst/inst_fifo_gen/gconvfifo.rf/grf.rf/rstblk/ngwrdrst.grst.g7serrst.rst_rd_reg2_reg/Q
                         net (fo=1, routed)           0.126     1.317    dbg_hub/inst/BSCANID.u_xsdbm_id/CORE_XSDB.UUT_MASTER/U_ICON_INTERFACE/U_CMD6_WR/U_WR_FIFO/SUBCORE_FIFO.xsdbm_v3_0_0_wrfifo_inst/inst_fifo_gen/gconvfifo.rf/grf.rf/rstblk/rst_rd_reg2
    SLICE_X93Y135        FDPE                                         f  dbg_hub/inst/BSCANID.u_xsdbm_id/CORE_XSDB.UUT_MASTER/U_ICON_INTERFACE/U_CMD6_WR/U_WR_FIFO/SUBCORE_FIFO.xsdbm_v3_0_0_wrfifo_inst/inst_fifo_gen/gconvfifo.rf/grf.rf/rstblk/ngwrdrst.grst.g7serrst.rd_rst_asreg_reg/PRE
  -------------------------------------------------------------------    -------------------

                         (clock txoutclk_out[0] rise edge)
                                                      0.000     0.000 r  
    GTHE3_CHANNEL_X0Y7   GTHE3_CHANNEL                0.000     0.000 r  u_phy_wrapper/u_pcie_phy/inst/Uscale_gt.us_gt_phy_wrapper/gt_wizard.gtwizard_top_i/pcie_phy_0_gt_i/inst/gen_gtwizard_gthe3_top.pcie_phy_0_gt_gtwizard_gthe3_inst/gen_gtwizard_gthe3.gen_channel_container[1].gen_enabled_channel.gthe3_channel_wrapper_inst/channel_inst/gthe3_channel_gen.gen_gthe3_channel_inst[0].GTHE3_CHANNEL_PRIM_INST/TXOUTCLK
                         net (fo=3, routed)           0.035     0.035    u_phy_wrapper/u_pcie_phy/inst/Uscale_gt.us_gt_phy_wrapper/phy_clk_i/CLK_USERCLK_IN
    BUFG_GT_X0Y25        BUFG_GT (Prop_BUFG_GT_I_O)
                                                      0.130     0.165 r  u_phy_wrapper/u_pcie_phy/inst/Uscale_gt.us_gt_phy_wrapper/phy_clk_i/bufg_gt_pclk/O
    X2Y1 (CLOCK_ROOT)    net (fo=2034, routed)        1.212     1.377    dbg_hub/inst/BSCANID.u_xsdbm_id/CORE_XSDB.UUT_MASTER/U_ICON_INTERFACE/U_CMD6_WR/U_WR_FIFO/SUBCORE_FIFO.xsdbm_v3_0_0_wrfifo_inst/inst_fifo_gen/gconvfifo.rf/grf.rf/rstblk/rd_clk
    SLICE_X93Y135        FDPE                                         r  dbg_hub/inst/BSCANID.u_xsdbm_id/CORE_XSDB.UUT_MASTER/U_ICON_INTERFACE/U_CMD6_WR/U_WR_FIFO/SUBCORE_FIFO.xsdbm_v3_0_0_wrfifo_inst/inst_fifo_gen/gconvfifo.rf/grf.rf/rstblk/ngwrdrst.grst.g7serrst.rd_rst_asreg_reg/C
                         clock pessimism             -0.195     1.182    
    SLICE_X93Y135        FDPE (Remov_HFF2_SLICEL_C_PRE)
                                                      0.005     1.187    dbg_hub/inst/BSCANID.u_xsdbm_id/CORE_XSDB.UUT_MASTER/U_ICON_INTERFACE/U_CMD6_WR/U_WR_FIFO/SUBCORE_FIFO.xsdbm_v3_0_0_wrfifo_inst/inst_fifo_gen/gconvfifo.rf/grf.rf/rstblk/ngwrdrst.grst.g7serrst.rd_rst_asreg_reg
  -------------------------------------------------------------------
                         required time                         -1.187    
                         arrival time                           1.317    
  -------------------------------------------------------------------
                         slack                                  0.130    





--------------------------------------------------------------------------------------
Path Group:  (none)
From Clock:  txoutclk_out[0]
  To Clock:  

Max Delay             8 Endpoints
Min Delay             8 Endpoints
--------------------------------------------------------------------------------------


Max Delay Paths
--------------------------------------------------------------------------------------
Slack:                    inf
  Source:                 u_phy_wrapper/u_pcie_phy/inst/Uscale_gt.us_gt_phy_wrapper/rst_psrst_n_r_reg[3]/C
                            (rising edge-triggered cell FDCE clocked by txoutclk_out[0]  {rise@0.000ns fall@2.000ns period=4.000ns})
  Destination:            led[1]
                            (output port)
  Path Group:             (none)
  Path Type:              Max at Slow Process Corner
  Data Path Delay:        5.560ns  (logic 1.715ns (30.850%)  route 3.845ns (69.150%))
  Logic Levels:           3  (LUT1=2 OBUF=1)
  Clock Uncertainty:      0.025ns  ((TSJ^2 + TIJ^2)^1/2 + DJ) / 2 + PE
    Total System Jitter     (TSJ):    0.050ns
    Total Input Jitter      (TIJ):    0.000ns
    Discrete Jitter          (DJ):    0.000ns
    Phase Error              (PE):    0.000ns
  Clock Net Delay (Source):      2.110ns (routing 0.628ns, distribution 1.482ns)
  Timing Exception:       False Path

    Location             Delay type                Incr(ns)  Path(ns)    Netlist Resource(s)
  -------------------------------------------------------------------    -------------------
                         (clock txoutclk_out[0] rise edge)
                                                      0.000     0.000 r  
    GTHE3_CHANNEL_X0Y7   GTHE3_CHANNEL                0.000     0.000 r  u_phy_wrapper/u_pcie_phy/inst/Uscale_gt.us_gt_phy_wrapper/gt_wizard.gtwizard_top_i/pcie_phy_0_gt_i/inst/gen_gtwizard_gthe3_top.pcie_phy_0_gt_gtwizard_gthe3_inst/gen_gtwizard_gthe3.gen_channel_container[1].gen_enabled_channel.gthe3_channel_wrapper_inst/channel_inst/gthe3_channel_gen.gen_gthe3_channel_inst[0].GTHE3_CHANNEL_PRIM_INST/TXOUTCLK
                         net (fo=3, routed)           0.082     0.082    u_phy_wrapper/u_pcie_phy/inst/Uscale_gt.us_gt_phy_wrapper/phy_clk_i/CLK_USERCLK_IN
    BUFG_GT_X0Y25        BUFG_GT (Prop_BUFG_GT_I_O)
                                                      0.315     0.397 r  u_phy_wrapper/u_pcie_phy/inst/Uscale_gt.us_gt_phy_wrapper/phy_clk_i/bufg_gt_pclk/O
    X2Y1 (CLOCK_ROOT)    net (fo=2034, routed)        2.110     2.507    u_phy_wrapper/u_pcie_phy/inst/Uscale_gt.us_gt_phy_wrapper/CLK_PCLK
    SLICE_X98Y117        FDCE                                         r  u_phy_wrapper/u_pcie_phy/inst/Uscale_gt.us_gt_phy_wrapper/rst_psrst_n_r_reg[3]/C
  -------------------------------------------------------------------    -------------------
    SLICE_X98Y117        FDCE (Prop_CFF2_SLICEL_C_Q)
                                                      0.117     2.624 r  u_phy_wrapper/u_pcie_phy/inst/Uscale_gt.us_gt_phy_wrapper/rst_psrst_n_r_reg[3]/Q
                         net (fo=112, routed)         0.518     3.142    u_phy_wrapper/u_pcie_phy/inst/Uscale_gt.us_gt_phy_wrapper/rst_psrst_n_r[3]
    SLICE_X91Y111        LUT1 (Prop_G6LUT_SLICEL_I0_O)
                                                      0.132     3.274 f  u_phy_wrapper/u_pcie_phy/inst/Uscale_gt.us_gt_phy_wrapper/phy_phystatus_rst_INST_0/O
                         net (fo=2, routed)           0.213     3.487    phy_phystatus_rst_debug
    SLICE_X91Y111        LUT1 (Prop_H6LUT_SLICEL_I0_O)
                                                      0.172     3.659 r  led_OBUF[1]_inst_i_1/O
                         net (fo=2, routed)           3.114     6.773    led_OBUF[1]
    H23                  OBUF (Prop_OUTBUF_HRIO_I_O)
                                                      1.294     8.067 r  led_OBUF[1]_inst/O
                         net (fo=0)                   0.000     8.067    led[1]
    H23                                                               r  led[1] (OUT)
  -------------------------------------------------------------------    -------------------





Min Delay Paths
--------------------------------------------------------------------------------------
Slack:                    inf
  Source:                 u_phy_wrapper/u_refclk_reset/u_reset_ctrl/u_core_reset_sync/sync_reg_reg[3]/C
                            (rising edge-triggered cell FDCE clocked by txoutclk_out[0]  {rise@0.000ns fall@2.000ns period=4.000ns})
  Destination:            led[7]
                            (output port)
  Path Group:             (none)
  Path Type:              Min at Fast Process Corner
  Data Path Delay:        1.087ns  (logic 0.570ns (52.445%)  route 0.517ns (47.555%))
  Logic Levels:           1  (OBUF=1)
  Clock Uncertainty:      0.025ns  ((TSJ^2 + TIJ^2)^1/2 + DJ) / 2 + PE
    Total System Jitter     (TSJ):    0.050ns
    Total Input Jitter      (TIJ):    0.000ns
    Discrete Jitter          (DJ):    0.000ns
    Phase Error              (PE):    0.000ns
  Clock Net Delay (Source):      0.851ns (routing 0.338ns, distribution 0.513ns)
  Timing Exception:       False Path

    Location             Delay type                Incr(ns)  Path(ns)    Netlist Resource(s)
  -------------------------------------------------------------------    -------------------
                         (clock txoutclk_out[0] rise edge)
                                                      0.000     0.000 r  
    GTHE3_CHANNEL_X0Y7   GTHE3_CHANNEL                0.000     0.000 r  u_phy_wrapper/u_pcie_phy/inst/Uscale_gt.us_gt_phy_wrapper/gt_wizard.gtwizard_top_i/pcie_phy_0_gt_i/inst/gen_gtwizard_gthe3_top.pcie_phy_0_gt_gtwizard_gthe3_inst/gen_gtwizard_gthe3.gen_channel_container[1].gen_enabled_channel.gthe3_channel_wrapper_inst/channel_inst/gthe3_channel_gen.gen_gthe3_channel_inst[0].GTHE3_CHANNEL_PRIM_INST/TXOUTCLK
                         net (fo=3, routed)           0.018     0.018    u_phy_wrapper/u_pcie_phy/inst/Uscale_gt.us_gt_phy_wrapper/phy_clk_i/CLK_USERCLK_IN
    BUFG_GT_X0Y26        BUFG_GT (Prop_BUFG_GT_I_O)
                                                      0.100     0.118 r  u_phy_wrapper/u_pcie_phy/inst/Uscale_gt.us_gt_phy_wrapper/phy_clk_i/bufg_gt_coreclk/O
    X2Y1 (CLOCK_ROOT)    net (fo=4, routed)           0.851     0.969    u_phy_wrapper/u_refclk_reset/u_reset_ctrl/u_core_reset_sync/phy_coreclk
    SLICE_X49Y103        FDCE                                         r  u_phy_wrapper/u_refclk_reset/u_reset_ctrl/u_core_reset_sync/sync_reg_reg[3]/C
  -------------------------------------------------------------------    -------------------
    SLICE_X49Y103        FDCE (Prop_CFF2_SLICEL_C_Q)
                                                      0.048     1.017 r  u_phy_wrapper/u_refclk_reset/u_reset_ctrl/u_core_reset_sync/sync_reg_reg[3]/Q
                         net (fo=1, routed)           0.517     1.534    led_OBUF[7]
    P23                  OBUF (Prop_OUTBUF_HRIO_I_O)
                                                      0.522     2.056 r  led_OBUF[7]_inst/O
                         net (fo=0)                   0.000     2.056    led[7]
    P23                                                               r  led[7] (OUT)
  -------------------------------------------------------------------    -------------------





--------------------------------------------------------------------------------------
Path Group:  (none)
From Clock:  txoutclk_out[0]
  To Clock:  dbg_hub/inst/BSCANID.u_xsdbm_id/SWITCH_N_EXT_BSCAN.bscan_inst/SERIES7_BSCAN.bscan_inst/TCK

Max Delay            94 Endpoints
Min Delay           102 Endpoints
--------------------------------------------------------------------------------------


Max Delay Paths
--------------------------------------------------------------------------------------
Slack:                    inf
  Source:                 dbg_hub/inst/BSCANID.u_xsdbm_id/CORE_XSDB.UUT_MASTER/U_ICON_INTERFACE/U_CMD1/ctl_reg_reg[0]/C
                            (rising edge-triggered cell FDRE clocked by txoutclk_out[0]  {rise@0.000ns fall@2.000ns period=4.000ns})
  Destination:            dbg_hub/inst/BSCANID.u_xsdbm_id/CORE_XSDB.UUT_MASTER/U_ICON_INTERFACE/U_CMD7_CTL/shift_reg_in_reg[0]/R
                            (rising edge-triggered cell FDRE clocked by dbg_hub/inst/BSCANID.u_xsdbm_id/SWITCH_N_EXT_BSCAN.bscan_inst/SERIES7_BSCAN.bscan_inst/TCK  {rise@0.000ns fall@16.500ns period=33.000ns})
  Path Group:             (none)
  Path Type:              Setup (Max at Slow Process Corner)
  Data Path Delay:        1.442ns  (logic 0.114ns (7.906%)  route 1.328ns (92.094%))
  Logic Levels:           0  
  Clock Path Skew:        4.180ns (DCD - SCD + CPR)
    Destination Clock Delay (DCD):    6.708ns
    Source Clock Delay      (SCD):    2.528ns
    Clock Pessimism Removal (CPR):    0.000ns
  Clock Uncertainty:      0.035ns  ((TSJ^2 + TIJ^2)^1/2 + DJ) / 2 + PE
    Total System Jitter     (TSJ):    0.071ns
    Total Input Jitter      (TIJ):    0.000ns
    Discrete Jitter          (DJ):    0.000ns
    Phase Error              (PE):    0.000ns
  Clock Net Delay (Source):      2.131ns (routing 0.628ns, distribution 1.503ns)
  Clock Net Delay (Destination): 2.910ns (routing 1.818ns, distribution 1.092ns)
  Timing Exception:       False Path

    Location             Delay type                Incr(ns)  Path(ns)    Netlist Resource(s)
  -------------------------------------------------------------------    -------------------
                         (clock txoutclk_out[0] rise edge)
                                                      0.000     0.000 r  
    GTHE3_CHANNEL_X0Y7   GTHE3_CHANNEL                0.000     0.000 r  u_phy_wrapper/u_pcie_phy/inst/Uscale_gt.us_gt_phy_wrapper/gt_wizard.gtwizard_top_i/pcie_phy_0_gt_i/inst/gen_gtwizard_gthe3_top.pcie_phy_0_gt_gtwizard_gthe3_inst/gen_gtwizard_gthe3.gen_channel_container[1].gen_enabled_channel.gthe3_channel_wrapper_inst/channel_inst/gthe3_channel_gen.gen_gthe3_channel_inst[0].GTHE3_CHANNEL_PRIM_INST/TXOUTCLK
                         net (fo=3, routed)           0.082     0.082    u_phy_wrapper/u_pcie_phy/inst/Uscale_gt.us_gt_phy_wrapper/phy_clk_i/CLK_USERCLK_IN
    BUFG_GT_X0Y25        BUFG_GT (Prop_BUFG_GT_I_O)
                                                      0.315     0.397 r  u_phy_wrapper/u_pcie_phy/inst/Uscale_gt.us_gt_phy_wrapper/phy_clk_i/bufg_gt_pclk/O
    X2Y1 (CLOCK_ROOT)    net (fo=2034, routed)        2.131     2.528    dbg_hub/inst/BSCANID.u_xsdbm_id/CORE_XSDB.UUT_MASTER/U_ICON_INTERFACE/U_CMD1/clk
    SLICE_X88Y133        FDRE                                         r  dbg_hub/inst/BSCANID.u_xsdbm_id/CORE_XSDB.UUT_MASTER/U_ICON_INTERFACE/U_CMD1/ctl_reg_reg[0]/C
  -------------------------------------------------------------------    -------------------
    SLICE_X88Y133        FDRE (Prop_EFF_SLICEL_C_Q)
                                                      0.114     2.642 r  dbg_hub/inst/BSCANID.u_xsdbm_id/CORE_XSDB.UUT_MASTER/U_ICON_INTERFACE/U_CMD1/ctl_reg_reg[0]/Q
                         net (fo=176, routed)         1.328     3.970    dbg_hub/inst/BSCANID.u_xsdbm_id/CORE_XSDB.UUT_MASTER/U_ICON_INTERFACE/U_CMD7_CTL/out
    SLICE_X94Y137        FDRE                                         r  dbg_hub/inst/BSCANID.u_xsdbm_id/CORE_XSDB.UUT_MASTER/U_ICON_INTERFACE/U_CMD7_CTL/shift_reg_in_reg[0]/R
  -------------------------------------------------------------------    -------------------

                         (clock dbg_hub/inst/BSCANID.u_xsdbm_id/SWITCH_N_EXT_BSCAN.bscan_inst/SERIES7_BSCAN.bscan_inst/TCK rise edge)
                                                      0.000     0.000 r  
    CONFIG_SITE_X0Y0     BSCANE2                      0.000     0.000 r  dbg_hub/inst/BSCANID.u_xsdbm_id/SWITCH_N_EXT_BSCAN.bscan_inst/SERIES7_BSCAN.bscan_inst/TCK
                         net (fo=1, routed)           3.723     3.723    dbg_hub/inst/BSCANID.u_xsdbm_id/tck_bs
    BUFGCE_X0Y119        BUFGCE (Prop_BUFCE_BUFGCE_I_O)
                                                      0.075     3.798 r  dbg_hub/inst/BSCANID.u_xsdbm_id/SWITCH_N_EXT_BSCAN.u_bufg_icon_tck/O
    X3Y2 (CLOCK_ROOT)    net (fo=478, routed)         2.910     6.708    dbg_hub/inst/BSCANID.u_xsdbm_id/CORE_XSDB.UUT_MASTER/U_ICON_INTERFACE/U_CMD7_CTL/m_bscan_tck[0]
    SLICE_X94Y137        FDRE                                         r  dbg_hub/inst/BSCANID.u_xsdbm_id/CORE_XSDB.UUT_MASTER/U_ICON_INTERFACE/U_CMD7_CTL/shift_reg_in_reg[0]/C





Min Delay Paths
--------------------------------------------------------------------------------------
Slack:                    inf
  Source:                 dbg_hub/inst/BSCANID.u_xsdbm_id/CORE_XSDB.UUT_MASTER/U_ICON_INTERFACE/U_CMD2/stat_reg_reg[0]/C
                            (rising edge-triggered cell FDRE clocked by txoutclk_out[0]  {rise@0.000ns fall@2.000ns period=4.000ns})
  Destination:            dbg_hub/inst/BSCANID.u_xsdbm_id/CORE_XSDB.UUT_MASTER/U_ICON_INTERFACE/U_CMD2/stat_reg_1_reg[0]/D
                            (rising edge-triggered cell FDRE clocked by dbg_hub/inst/BSCANID.u_xsdbm_id/SWITCH_N_EXT_BSCAN.bscan_inst/SERIES7_BSCAN.bscan_inst/TCK  {rise@0.000ns fall@16.500ns period=33.000ns})
  Path Group:             (none)
  Path Type:              Hold (Min at Fast Process Corner)
  Data Path Delay:        0.185ns  (logic 0.049ns (26.486%)  route 0.136ns (73.514%))
  Logic Levels:           0  
  Clock Path Skew:        3.914ns (DCD - SCD - CPR)
    Destination Clock Delay (DCD):    5.042ns
    Source Clock Delay      (SCD):    1.128ns
    Clock Pessimism Removal (CPR):    -0.000ns
  Clock Uncertainty:      0.035ns  ((TSJ^2 + TIJ^2)^1/2 + DJ) / 2 + PE
    Total System Jitter     (TSJ):    0.071ns
    Total Input Jitter      (TIJ):    0.000ns
    Discrete Jitter          (DJ):    0.000ns
    Phase Error              (PE):    0.000ns
  Clock Net Delay (Source):      1.010ns (routing 0.341ns, distribution 0.669ns)
  Clock Net Delay (Destination): 1.769ns (routing 1.124ns, distribution 0.645ns)
  Timing Exception:       False Path

    Location             Delay type                Incr(ns)  Path(ns)    Netlist Resource(s)
  -------------------------------------------------------------------    -------------------
                         (clock txoutclk_out[0] rise edge)
                                                      0.000     0.000 r  
    GTHE3_CHANNEL_X0Y7   GTHE3_CHANNEL                0.000     0.000 r  u_phy_wrapper/u_pcie_phy/inst/Uscale_gt.us_gt_phy_wrapper/gt_wizard.gtwizard_top_i/pcie_phy_0_gt_i/inst/gen_gtwizard_gthe3_top.pcie_phy_0_gt_gtwizard_gthe3_inst/gen_gtwizard_gthe3.gen_channel_container[1].gen_enabled_channel.gthe3_channel_wrapper_inst/channel_inst/gthe3_channel_gen.gen_gthe3_channel_inst[0].GTHE3_CHANNEL_PRIM_INST/TXOUTCLK
                         net (fo=3, routed)           0.018     0.018    u_phy_wrapper/u_pcie_phy/inst/Uscale_gt.us_gt_phy_wrapper/phy_clk_i/CLK_USERCLK_IN
    BUFG_GT_X0Y25        BUFG_GT (Prop_BUFG_GT_I_O)
                                                      0.100     0.118 r  u_phy_wrapper/u_pcie_phy/inst/Uscale_gt.us_gt_phy_wrapper/phy_clk_i/bufg_gt_pclk/O
    X2Y1 (CLOCK_ROOT)    net (fo=2034, routed)        1.010     1.128    dbg_hub/inst/BSCANID.u_xsdbm_id/CORE_XSDB.UUT_MASTER/U_ICON_INTERFACE/U_CMD2/clk
    SLICE_X90Y136        FDRE                                         r  dbg_hub/inst/BSCANID.u_xsdbm_id/CORE_XSDB.UUT_MASTER/U_ICON_INTERFACE/U_CMD2/stat_reg_reg[0]/C
  -------------------------------------------------------------------    -------------------
    SLICE_X90Y136        FDRE (Prop_AFF2_SLICEL_C_Q)
                                                      0.049     1.177 r  dbg_hub/inst/BSCANID.u_xsdbm_id/CORE_XSDB.UUT_MASTER/U_ICON_INTERFACE/U_CMD2/stat_reg_reg[0]/Q
                         net (fo=1, routed)           0.136     1.313    dbg_hub/inst/BSCANID.u_xsdbm_id/CORE_XSDB.UUT_MASTER/U_ICON_INTERFACE/U_CMD2/stat_reg[0]
    SLICE_X90Y137        FDRE                                         r  dbg_hub/inst/BSCANID.u_xsdbm_id/CORE_XSDB.UUT_MASTER/U_ICON_INTERFACE/U_CMD2/stat_reg_1_reg[0]/D
  -------------------------------------------------------------------    -------------------

                         (clock dbg_hub/inst/BSCANID.u_xsdbm_id/SWITCH_N_EXT_BSCAN.bscan_inst/SERIES7_BSCAN.bscan_inst/TCK rise edge)
                                                      0.000     0.000 r  
    CONFIG_SITE_X0Y0     BSCANE2                      0.000     0.000 r  dbg_hub/inst/BSCANID.u_xsdbm_id/SWITCH_N_EXT_BSCAN.bscan_inst/SERIES7_BSCAN.bscan_inst/TCK
                         net (fo=1, routed)           3.242     3.242    dbg_hub/inst/BSCANID.u_xsdbm_id/tck_bs
    BUFGCE_X0Y119        BUFGCE (Prop_BUFCE_BUFGCE_I_O)
                                                      0.031     3.273 r  dbg_hub/inst/BSCANID.u_xsdbm_id/SWITCH_N_EXT_BSCAN.u_bufg_icon_tck/O
    X3Y2 (CLOCK_ROOT)    net (fo=478, routed)         1.769     5.042    dbg_hub/inst/BSCANID.u_xsdbm_id/CORE_XSDB.UUT_MASTER/U_ICON_INTERFACE/U_CMD2/m_bscan_tck[0]
    SLICE_X90Y137        FDRE                                         r  dbg_hub/inst/BSCANID.u_xsdbm_id/CORE_XSDB.UUT_MASTER/U_ICON_INTERFACE/U_CMD2/stat_reg_1_reg[0]/C





--------------------------------------------------------------------------------------
Path Group:  (none)
From Clock:  
  To Clock:  pcie_refclk_100

Max Delay            13 Endpoints
Min Delay            13 Endpoints
--------------------------------------------------------------------------------------


Max Delay Paths
--------------------------------------------------------------------------------------
Slack:                    inf
  Source:                 pcie_perst_n
                            (input port)
  Destination:            u_phy_wrapper/u_pcie_phy/inst/Uscale_gt.us_gt_phy_wrapper/phy_rst_i/rrst_n_r_reg[1]/CLR
                            (recovery check against rising-edge clock pcie_refclk_100  {rise@0.000ns fall@5.000ns period=10.000ns})
  Path Group:             (none)
  Path Type:              Recovery (Max at Slow Process Corner)
  Data Path Delay:        4.633ns  (logic 0.820ns (17.700%)  route 3.813ns (82.300%))
  Logic Levels:           2  (IBUFCTRL=1 INBUF=1)
  Clock Path Skew:        1.347ns (DCD - SCD + CPR)
    Destination Clock Delay (DCD):    1.347ns
    Source Clock Delay      (SCD):    0.000ns
    Clock Pessimism Removal (CPR):    0.000ns
  Clock Net Delay (Destination): 0.811ns (routing 0.093ns, distribution 0.718ns)
  Timing Exception:       False Path

    Location             Delay type                Incr(ns)  Path(ns)    Netlist Resource(s)
  -------------------------------------------------------------------    -------------------
    K22                                               0.000     0.000 r  pcie_perst_n (IN)
                         net (fo=0)                   0.000     0.000    pcie_perst_n_IBUF_inst/I
    K22                  INBUF (Prop_INBUF_HRIO_PAD_O)
                                                      0.777     0.777 r  pcie_perst_n_IBUF_inst/INBUF_INST/O
                         net (fo=1, routed)           0.092     0.869    pcie_perst_n_IBUF_inst/OUT
    K22                  IBUFCTRL (Prop_IBUFCTRL_HRIO_I_O)
                                                      0.043     0.912 r  pcie_perst_n_IBUF_inst/IBUFCTRL_INST/O
                         net (fo=57, routed)          3.721     4.633    u_phy_wrapper/u_pcie_phy/inst/Uscale_gt.us_gt_phy_wrapper/phy_rst_i/phy_rst_n
    SLICE_X98Y112        FDCE                                         f  u_phy_wrapper/u_pcie_phy/inst/Uscale_gt.us_gt_phy_wrapper/phy_rst_i/rrst_n_r_reg[1]/CLR  (IS_INVERTED)
  -------------------------------------------------------------------    -------------------

                         (clock pcie_refclk_100 rise edge)
                                                      0.000     0.000 r  
    GTHE3_COMMON_X0Y1                                 0.000     0.000 r  pcie_refclk_p (IN)
                         net (fo=0)                   0.000     0.000    u_phy_wrapper/u_refclk_reset/pcie_refclk_p
    GTHE3_COMMON_X0Y1    IBUFDS_GTE3 (Prop_IBUFDS0_GTE3_GTHE3_COMMON_I_ODIV2)
                                                      0.207     0.207 r  u_phy_wrapper/u_refclk_reset/u_pcie_refclk_ibuf/ODIV2
                         net (fo=2, routed)           0.046     0.253    u_phy_wrapper/u_refclk_reset/phy_refclk_unbuf
    BUFG_GT_X0Y24        BUFG_GT (Prop_BUFG_GT_I_O)
                                                      0.283     0.536 r  u_phy_wrapper/u_refclk_reset/u_phy_refclk_bufg/O
    X3Y1 (CLOCK_ROOT)    net (fo=78, routed)          0.811     1.347    u_phy_wrapper/u_pcie_phy/inst/Uscale_gt.us_gt_phy_wrapper/phy_rst_i/phy_refclk
    SLICE_X98Y112        FDCE                                         r  u_phy_wrapper/u_pcie_phy/inst/Uscale_gt.us_gt_phy_wrapper/phy_rst_i/rrst_n_r_reg[1]/C





Min Delay Paths
--------------------------------------------------------------------------------------
Slack:                    inf
  Source:                 u_phy_wrapper/u_pcie_phy/inst/Uscale_gt.us_gt_phy_wrapper/gt_wizard.gtwizard_top_i/pcie_phy_0_gt_i/inst/gen_gtwizard_gthe3_top.pcie_phy_0_gt_gtwizard_gthe3_inst/gen_gtwizard_gthe3.gen_channel_container[1].gen_enabled_channel.gthe3_channel_wrapper_inst/channel_inst/gthe3_channel_gen.gen_gthe3_channel_inst[0].GTHE3_CHANNEL_PRIM_INST/CPLLLOCK
                            (internal pin)
  Destination:            u_phy_wrapper/u_pcie_phy/inst/Uscale_gt.us_gt_phy_wrapper/phy_rst_i/sync_cplllock/sync_vec[0].sync_cell_i/sync_reg[0]/D
                            (rising edge-triggered cell FDRE clocked by pcie_refclk_100  {rise@0.000ns fall@5.000ns period=10.000ns})
  Path Group:             (none)
  Path Type:              Hold (Min at Fast Process Corner)
  Data Path Delay:        0.165ns  (logic 0.000ns (0.000%)  route 0.165ns (100.000%))
  Logic Levels:           0  
  Clock Uncertainty:      0.025ns  ((TSJ^2 + TIJ^2)^1/2 + DJ) / 2 + PE
    Total System Jitter     (TSJ):    0.050ns
    Total Input Jitter      (TIJ):    0.000ns
    Discrete Jitter          (DJ):    0.000ns
    Phase Error              (PE):    0.000ns
  Clock Net Delay (Destination): 0.514ns (routing 0.075ns, distribution 0.439ns)
  Timing Exception:       False Path

    Location             Delay type                Incr(ns)  Path(ns)    Netlist Resource(s)
  -------------------------------------------------------------------    -------------------
    GTHE3_CHANNEL_X0Y7   GTHE3_CHANNEL                0.000     0.000 r  u_phy_wrapper/u_pcie_phy/inst/Uscale_gt.us_gt_phy_wrapper/gt_wizard.gtwizard_top_i/pcie_phy_0_gt_i/inst/gen_gtwizard_gthe3_top.pcie_phy_0_gt_gtwizard_gthe3_inst/gen_gtwizard_gthe3.gen_channel_container[1].gen_enabled_channel.gthe3_channel_wrapper_inst/channel_inst/gthe3_channel_gen.gen_gthe3_channel_inst[0].GTHE3_CHANNEL_PRIM_INST/CPLLLOCK
                         net (fo=2, routed)           0.165     0.165    u_phy_wrapper/u_pcie_phy/inst/Uscale_gt.us_gt_phy_wrapper/phy_rst_i/sync_cplllock/sync_vec[0].sync_cell_i/sync_reg[0]_0[0]
    SLICE_X99Y111        FDRE                                         r  u_phy_wrapper/u_pcie_phy/inst/Uscale_gt.us_gt_phy_wrapper/phy_rst_i/sync_cplllock/sync_vec[0].sync_cell_i/sync_reg[0]/D
  -------------------------------------------------------------------    -------------------

                         (clock pcie_refclk_100 rise edge)
                                                      0.000     0.000 r  
    GTHE3_COMMON_X0Y1                                 0.000     0.000 r  pcie_refclk_p (IN)
                         net (fo=0)                   0.000     0.000    u_phy_wrapper/u_refclk_reset/pcie_refclk_p
    GTHE3_COMMON_X0Y1    IBUFDS_GTE3 (Prop_IBUFDS0_GTE3_GTHE3_COMMON_I_ODIV2)
                                                      0.252     0.252 r  u_phy_wrapper/u_refclk_reset/u_pcie_refclk_ibuf/ODIV2
                         net (fo=2, routed)           0.035     0.287    u_phy_wrapper/u_refclk_reset/phy_refclk_unbuf
    BUFG_GT_X0Y24        BUFG_GT (Prop_BUFG_GT_I_O)
                                                      0.130     0.417 r  u_phy_wrapper/u_refclk_reset/u_phy_refclk_bufg/O
    X3Y1 (CLOCK_ROOT)    net (fo=78, routed)          0.514     0.931    u_phy_wrapper/u_pcie_phy/inst/Uscale_gt.us_gt_phy_wrapper/phy_rst_i/sync_cplllock/sync_vec[0].sync_cell_i/phy_refclk
    SLICE_X99Y111        FDRE                                         r  u_phy_wrapper/u_pcie_phy/inst/Uscale_gt.us_gt_phy_wrapper/phy_rst_i/sync_cplllock/sync_vec[0].sync_cell_i/sync_reg[0]/C





--------------------------------------------------------------------------------------
Path Group:  (none)
From Clock:  txoutclk_out[0]
  To Clock:  pcie_refclk_100

Max Delay             4 Endpoints
Min Delay             4 Endpoints
--------------------------------------------------------------------------------------


Max Delay Paths
--------------------------------------------------------------------------------------
Slack:                    inf
  Source:                 u_phy_wrapper/u_pcie_phy/inst/Uscale_gt.us_gt_phy_wrapper/gt_wizard.gtwizard_top_i/pcie_phy_0_gt_i/inst/gen_gtwizard_gthe3_top.pcie_phy_0_gt_gtwizard_gthe3_inst/gen_gtwizard_gthe3.gen_channel_container[1].gen_enabled_channel.gthe3_channel_wrapper_inst/channel_inst/gthe3_channel_gen.gen_gthe3_channel_inst[0].GTHE3_CHANNEL_PRIM_INST/TXUSRCLK2
                            (rising edge-triggered cell GTHE3_CHANNEL clocked by txoutclk_out[0]  {rise@0.000ns fall@2.000ns period=4.000ns})
  Destination:            u_phy_wrapper/u_pcie_phy/inst/Uscale_gt.us_gt_phy_wrapper/phy_rst_i/sync_txresetdone/sync_vec[0].sync_cell_i/sync_reg[0]/D
                            (rising edge-triggered cell FDRE clocked by pcie_refclk_100  {rise@0.000ns fall@5.000ns period=10.000ns})
  Path Group:             (none)
  Path Type:              Setup (Max at Slow Process Corner)
  Data Path Delay:        1.732ns  (logic 1.234ns (71.247%)  route 0.498ns (28.753%))
  Logic Levels:           0  
  Clock Path Skew:        -1.051ns (DCD - SCD + CPR)
    Destination Clock Delay (DCD):    1.349ns
    Source Clock Delay      (SCD):    2.400ns
    Clock Pessimism Removal (CPR):    0.000ns
  Clock Uncertainty:      0.035ns  ((TSJ^2 + TIJ^2)^1/2 + DJ) / 2 + PE
    Total System Jitter     (TSJ):    0.071ns
    Total Input Jitter      (TIJ):    0.000ns
    Discrete Jitter          (DJ):    0.000ns
    Phase Error              (PE):    0.000ns
  Clock Net Delay (Source):      2.003ns (routing 0.628ns, distribution 1.375ns)
  Clock Net Delay (Destination): 0.813ns (routing 0.093ns, distribution 0.720ns)
  Timing Exception:       Asynchronous Clock Groups

    Location             Delay type                Incr(ns)  Path(ns)    Netlist Resource(s)
  -------------------------------------------------------------------    -------------------
                         (clock txoutclk_out[0] rise edge)
                                                      0.000     0.000 r  
    GTHE3_CHANNEL_X0Y7   GTHE3_CHANNEL                0.000     0.000 r  u_phy_wrapper/u_pcie_phy/inst/Uscale_gt.us_gt_phy_wrapper/gt_wizard.gtwizard_top_i/pcie_phy_0_gt_i/inst/gen_gtwizard_gthe3_top.pcie_phy_0_gt_gtwizard_gthe3_inst/gen_gtwizard_gthe3.gen_channel_container[1].gen_enabled_channel.gthe3_channel_wrapper_inst/channel_inst/gthe3_channel_gen.gen_gthe3_channel_inst[0].GTHE3_CHANNEL_PRIM_INST/TXOUTCLK
                         net (fo=3, routed)           0.082     0.082    u_phy_wrapper/u_pcie_phy/inst/Uscale_gt.us_gt_phy_wrapper/phy_clk_i/CLK_USERCLK_IN
    BUFG_GT_X0Y25        BUFG_GT (Prop_BUFG_GT_I_O)
                                                      0.315     0.397 r  u_phy_wrapper/u_pcie_phy/inst/Uscale_gt.us_gt_phy_wrapper/phy_clk_i/bufg_gt_pclk/O
    X2Y1 (CLOCK_ROOT)    net (fo=2034, routed)        2.003     2.400    u_phy_wrapper/u_pcie_phy/inst/Uscale_gt.us_gt_phy_wrapper/gt_wizard.gtwizard_top_i/pcie_phy_0_gt_i/inst/gen_gtwizard_gthe3_top.pcie_phy_0_gt_gtwizard_gthe3_inst/gen_gtwizard_gthe3.gen_channel_container[1].gen_enabled_channel.gthe3_channel_wrapper_inst/channel_inst/rxusrclk_in[0]
    GTHE3_CHANNEL_X0Y7   GTHE3_CHANNEL                                r  u_phy_wrapper/u_pcie_phy/inst/Uscale_gt.us_gt_phy_wrapper/gt_wizard.gtwizard_top_i/pcie_phy_0_gt_i/inst/gen_gtwizard_gthe3_top.pcie_phy_0_gt_gtwizard_gthe3_inst/gen_gtwizard_gthe3.gen_channel_container[1].gen_enabled_channel.gthe3_channel_wrapper_inst/channel_inst/gthe3_channel_gen.gen_gthe3_channel_inst[0].GTHE3_CHANNEL_PRIM_INST/TXUSRCLK2
  -------------------------------------------------------------------    -------------------
    GTHE3_CHANNEL_X0Y7   GTHE3_CHANNEL (Prop_GTHE3_CHANNEL_TXUSRCLK2_TXRESETDONE)
                                                      1.234     3.634 r  u_phy_wrapper/u_pcie_phy/inst/Uscale_gt.us_gt_phy_wrapper/gt_wizard.gtwizard_top_i/pcie_phy_0_gt_i/inst/gen_gtwizard_gthe3_top.pcie_phy_0_gt_gtwizard_gthe3_inst/gen_gtwizard_gthe3.gen_channel_container[1].gen_enabled_channel.gthe3_channel_wrapper_inst/channel_inst/gthe3_channel_gen.gen_gthe3_channel_inst[0].GTHE3_CHANNEL_PRIM_INST/TXRESETDONE
                         net (fo=1, routed)           0.498     4.132    u_phy_wrapper/u_pcie_phy/inst/Uscale_gt.us_gt_phy_wrapper/phy_rst_i/sync_txresetdone/sync_vec[0].sync_cell_i/sync_reg[0]_0[0]
    SLICE_X100Y112       FDRE                                         r  u_phy_wrapper/u_pcie_phy/inst/Uscale_gt.us_gt_phy_wrapper/phy_rst_i/sync_txresetdone/sync_vec[0].sync_cell_i/sync_reg[0]/D
  -------------------------------------------------------------------    -------------------

                         (clock pcie_refclk_100 rise edge)
                                                      0.000     0.000 r  
    GTHE3_COMMON_X0Y1                                 0.000     0.000 r  pcie_refclk_p (IN)
                         net (fo=0)                   0.000     0.000    u_phy_wrapper/u_refclk_reset/pcie_refclk_p
    GTHE3_COMMON_X0Y1    IBUFDS_GTE3 (Prop_IBUFDS0_GTE3_GTHE3_COMMON_I_ODIV2)
                                                      0.207     0.207 r  u_phy_wrapper/u_refclk_reset/u_pcie_refclk_ibuf/ODIV2
                         net (fo=2, routed)           0.046     0.253    u_phy_wrapper/u_refclk_reset/phy_refclk_unbuf
    BUFG_GT_X0Y24        BUFG_GT (Prop_BUFG_GT_I_O)
                                                      0.283     0.536 r  u_phy_wrapper/u_refclk_reset/u_phy_refclk_bufg/O
    X3Y1 (CLOCK_ROOT)    net (fo=78, routed)          0.813     1.349    u_phy_wrapper/u_pcie_phy/inst/Uscale_gt.us_gt_phy_wrapper/phy_rst_i/sync_txresetdone/sync_vec[0].sync_cell_i/phy_refclk
    SLICE_X100Y112       FDRE                                         r  u_phy_wrapper/u_pcie_phy/inst/Uscale_gt.us_gt_phy_wrapper/phy_rst_i/sync_txresetdone/sync_vec[0].sync_cell_i/sync_reg[0]/C





Min Delay Paths
--------------------------------------------------------------------------------------
Slack:                    inf
  Source:                 u_phy_wrapper/u_pcie_phy/inst/Uscale_gt.us_gt_phy_wrapper/phy_rst_i/prst_n_r_reg[7]/C
                            (rising edge-triggered cell FDCE clocked by txoutclk_out[0]  {rise@0.000ns fall@2.000ns period=4.000ns})
  Destination:            u_phy_wrapper/u_pcie_phy/inst/Uscale_gt.us_gt_phy_wrapper/phy_rst_i/sync_prst_n/sync_vec[0].sync_cell_i/sync_reg[0]/D
                            (rising edge-triggered cell FDRE clocked by pcie_refclk_100  {rise@0.000ns fall@5.000ns period=10.000ns})
  Path Group:             (none)
  Path Type:              Hold (Min at Fast Process Corner)
  Data Path Delay:        0.207ns  (logic 0.048ns (23.188%)  route 0.159ns (76.812%))
  Logic Levels:           0  
  Clock Path Skew:        -0.208ns (DCD - SCD - CPR)
    Destination Clock Delay (DCD):    0.911ns
    Source Clock Delay      (SCD):    1.119ns
    Clock Pessimism Removal (CPR):    -0.000ns
  Clock Uncertainty:      0.035ns  ((TSJ^2 + TIJ^2)^1/2 + DJ) / 2 + PE
    Total System Jitter     (TSJ):    0.071ns
    Total Input Jitter      (TIJ):    0.000ns
    Discrete Jitter          (DJ):    0.000ns
    Phase Error              (PE):    0.000ns
  Clock Net Delay (Source):      1.001ns (routing 0.341ns, distribution 0.660ns)
  Clock Net Delay (Destination): 0.494ns (routing 0.075ns, distribution 0.419ns)
  Timing Exception:       Asynchronous Clock Groups

    Location             Delay type                Incr(ns)  Path(ns)    Netlist Resource(s)
  -------------------------------------------------------------------    -------------------
                         (clock txoutclk_out[0] rise edge)
                                                      0.000     0.000 r  
    GTHE3_CHANNEL_X0Y7   GTHE3_CHANNEL                0.000     0.000 r  u_phy_wrapper/u_pcie_phy/inst/Uscale_gt.us_gt_phy_wrapper/gt_wizard.gtwizard_top_i/pcie_phy_0_gt_i/inst/gen_gtwizard_gthe3_top.pcie_phy_0_gt_gtwizard_gthe3_inst/gen_gtwizard_gthe3.gen_channel_container[1].gen_enabled_channel.gthe3_channel_wrapper_inst/channel_inst/gthe3_channel_gen.gen_gthe3_channel_inst[0].GTHE3_CHANNEL_PRIM_INST/TXOUTCLK
                         net (fo=3, routed)           0.018     0.018    u_phy_wrapper/u_pcie_phy/inst/Uscale_gt.us_gt_phy_wrapper/phy_clk_i/CLK_USERCLK_IN
    BUFG_GT_X0Y25        BUFG_GT (Prop_BUFG_GT_I_O)
                                                      0.100     0.118 r  u_phy_wrapper/u_pcie_phy/inst/Uscale_gt.us_gt_phy_wrapper/phy_clk_i/bufg_gt_pclk/O
    X2Y1 (CLOCK_ROOT)    net (fo=2034, routed)        1.001     1.119    u_phy_wrapper/u_pcie_phy/inst/Uscale_gt.us_gt_phy_wrapper/phy_rst_i/CLK_PCLK
    SLICE_X97Y112        FDCE                                         r  u_phy_wrapper/u_pcie_phy/inst/Uscale_gt.us_gt_phy_wrapper/phy_rst_i/prst_n_r_reg[7]/C
  -------------------------------------------------------------------    -------------------
    SLICE_X97Y112        FDCE (Prop_HFF2_SLICEL_C_Q)
                                                      0.048     1.167 r  u_phy_wrapper/u_pcie_phy/inst/Uscale_gt.us_gt_phy_wrapper/phy_rst_i/prst_n_r_reg[7]/Q
                         net (fo=38, routed)          0.159     1.326    u_phy_wrapper/u_pcie_phy/inst/Uscale_gt.us_gt_phy_wrapper/phy_rst_i/sync_prst_n/sync_vec[0].sync_cell_i/D[0]
    SLICE_X97Y113        FDRE                                         r  u_phy_wrapper/u_pcie_phy/inst/Uscale_gt.us_gt_phy_wrapper/phy_rst_i/sync_prst_n/sync_vec[0].sync_cell_i/sync_reg[0]/D
  -------------------------------------------------------------------    -------------------

                         (clock pcie_refclk_100 rise edge)
                                                      0.000     0.000 r  
    GTHE3_COMMON_X0Y1                                 0.000     0.000 r  pcie_refclk_p (IN)
                         net (fo=0)                   0.000     0.000    u_phy_wrapper/u_refclk_reset/pcie_refclk_p
    GTHE3_COMMON_X0Y1    IBUFDS_GTE3 (Prop_IBUFDS0_GTE3_GTHE3_COMMON_I_ODIV2)
                                                      0.252     0.252 r  u_phy_wrapper/u_refclk_reset/u_pcie_refclk_ibuf/ODIV2
                         net (fo=2, routed)           0.035     0.287    u_phy_wrapper/u_refclk_reset/phy_refclk_unbuf
    BUFG_GT_X0Y24        BUFG_GT (Prop_BUFG_GT_I_O)
                                                      0.130     0.417 r  u_phy_wrapper/u_refclk_reset/u_phy_refclk_bufg/O
    X3Y1 (CLOCK_ROOT)    net (fo=78, routed)          0.494     0.911    u_phy_wrapper/u_pcie_phy/inst/Uscale_gt.us_gt_phy_wrapper/phy_rst_i/sync_prst_n/sync_vec[0].sync_cell_i/phy_refclk
    SLICE_X97Y113        FDRE                                         r  u_phy_wrapper/u_pcie_phy/inst/Uscale_gt.us_gt_phy_wrapper/phy_rst_i/sync_prst_n/sync_vec[0].sync_cell_i/sync_reg[0]/C





--------------------------------------------------------------------------------------
Path Group:  (none)
From Clock:  
  To Clock:  txoutclk_out[0]

Max Delay           107 Endpoints
Min Delay           107 Endpoints
--------------------------------------------------------------------------------------


Max Delay Paths
--------------------------------------------------------------------------------------
Slack:                    inf
  Source:                 pcie_perst_n
                            (input port)
  Destination:            u_phy_bringup_seq/delay_count_reg[11]/R
                            (rising edge-triggered cell FDRE clocked by txoutclk_out[0]  {rise@0.000ns fall@2.000ns period=4.000ns})
  Path Group:             (none)
  Path Type:              Setup (Max at Slow Process Corner)
  Data Path Delay:        4.775ns  (logic 0.820ns (17.173%)  route 3.955ns (82.827%))
  Logic Levels:           2  (IBUFCTRL=1 INBUF=1)
  Clock Path Skew:        2.199ns (DCD - SCD + CPR)
    Destination Clock Delay (DCD):    2.199ns
    Source Clock Delay      (SCD):    0.000ns
    Clock Pessimism Removal (CPR):    0.000ns
  Clock Net Delay (Destination): 1.870ns (routing 0.572ns, distribution 1.298ns)
  Timing Exception:       False Path

    Location             Delay type                Incr(ns)  Path(ns)    Netlist Resource(s)
  -------------------------------------------------------------------    -------------------
    K22                                               0.000     0.000 f  pcie_perst_n (IN)
                         net (fo=0)                   0.000     0.000    pcie_perst_n_IBUF_inst/I
    K22                  INBUF (Prop_INBUF_HRIO_PAD_O)
                                                      0.777     0.777 f  pcie_perst_n_IBUF_inst/INBUF_INST/O
                         net (fo=1, routed)           0.092     0.869    pcie_perst_n_IBUF_inst/OUT
    K22                  IBUFCTRL (Prop_IBUFCTRL_HRIO_I_O)
                                                      0.043     0.912 f  pcie_perst_n_IBUF_inst/IBUFCTRL_INST/O
                         net (fo=57, routed)          3.863     4.775    u_phy_bringup_seq/rst
    SLICE_X96Y111        FDRE                                         r  u_phy_bringup_seq/delay_count_reg[11]/R  (IS_INVERTED)
  -------------------------------------------------------------------    -------------------

                         (clock txoutclk_out[0] rise edge)
                                                      0.000     0.000 r  
    GTHE3_CHANNEL_X0Y7   GTHE3_CHANNEL                0.000     0.000 r  u_phy_wrapper/u_pcie_phy/inst/Uscale_gt.us_gt_phy_wrapper/gt_wizard.gtwizard_top_i/pcie_phy_0_gt_i/inst/gen_gtwizard_gthe3_top.pcie_phy_0_gt_gtwizard_gthe3_inst/gen_gtwizard_gthe3.gen_channel_container[1].gen_enabled_channel.gthe3_channel_wrapper_inst/channel_inst/gthe3_channel_gen.gen_gthe3_channel_inst[0].GTHE3_CHANNEL_PRIM_INST/TXOUTCLK
                         net (fo=3, routed)           0.046     0.046    u_phy_wrapper/u_pcie_phy/inst/Uscale_gt.us_gt_phy_wrapper/phy_clk_i/CLK_USERCLK_IN
    BUFG_GT_X0Y25        BUFG_GT (Prop_BUFG_GT_I_O)
                                                      0.283     0.329 r  u_phy_wrapper/u_pcie_phy/inst/Uscale_gt.us_gt_phy_wrapper/phy_clk_i/bufg_gt_pclk/O
    X2Y1 (CLOCK_ROOT)    net (fo=2034, routed)        1.870     2.199    u_phy_bringup_seq/clk
    SLICE_X96Y111        FDRE                                         r  u_phy_bringup_seq/delay_count_reg[11]/C





Min Delay Paths
--------------------------------------------------------------------------------------
Slack:                    inf
  Source:                 u_phy_wrapper/u_pcie_phy/inst/Uscale_gt.us_gt_phy_wrapper/gt_wizard.gtwizard_top_i/pcie_phy_0_gt_i/inst/gen_gtwizard_gthe3_top.pcie_phy_0_gt_gtwizard_gthe3_inst/gen_gtwizard_gthe3.gen_channel_container[1].gen_enabled_channel.gthe3_channel_wrapper_inst/channel_inst/gthe3_channel_gen.gen_gthe3_channel_inst[0].GTHE3_CHANNEL_PRIM_INST/RXELECIDLE
                            (internal pin)
  Destination:            u_phy_wrapper/u_pcie_phy/inst/phy_rxelecidle_ff_reg/D
                            (rising edge-triggered cell FDSE clocked by txoutclk_out[0]  {rise@0.000ns fall@2.000ns period=4.000ns})
  Path Group:             (none)
  Path Type:              Hold (Min at Fast Process Corner)
  Data Path Delay:        0.235ns  (logic 0.000ns (0.000%)  route 0.235ns (100.000%))
  Logic Levels:           0  
  Clock Uncertainty:      0.025ns  ((TSJ^2 + TIJ^2)^1/2 + DJ) / 2 + PE
    Total System Jitter     (TSJ):    0.050ns
    Total Input Jitter      (TIJ):    0.000ns
    Discrete Jitter          (DJ):    0.000ns
    Phase Error              (PE):    0.000ns
  Clock Net Delay (Destination): 1.177ns (routing 0.387ns, distribution 0.790ns)
  Timing Exception:       False Path

    Location             Delay type                Incr(ns)  Path(ns)    Netlist Resource(s)
  -------------------------------------------------------------------    -------------------
    GTHE3_CHANNEL_X0Y7   GTHE3_CHANNEL                0.000     0.000 r  u_phy_wrapper/u_pcie_phy/inst/Uscale_gt.us_gt_phy_wrapper/gt_wizard.gtwizard_top_i/pcie_phy_0_gt_i/inst/gen_gtwizard_gthe3_top.pcie_phy_0_gt_gtwizard_gthe3_inst/gen_gtwizard_gthe3.gen_channel_container[1].gen_enabled_channel.gthe3_channel_wrapper_inst/channel_inst/gthe3_channel_gen.gen_gthe3_channel_inst[0].GTHE3_CHANNEL_PRIM_INST/RXELECIDLE
                         net (fo=6, routed)           0.235     0.235    u_phy_wrapper/u_pcie_phy/inst/phy_rxelecidle[0]
    SLICE_X99Y117        FDSE                                         r  u_phy_wrapper/u_pcie_phy/inst/phy_rxelecidle_ff_reg/D
  -------------------------------------------------------------------    -------------------

                         (clock txoutclk_out[0] rise edge)
                                                      0.000     0.000 r  
    GTHE3_CHANNEL_X0Y7   GTHE3_CHANNEL                0.000     0.000 r  u_phy_wrapper/u_pcie_phy/inst/Uscale_gt.us_gt_phy_wrapper/gt_wizard.gtwizard_top_i/pcie_phy_0_gt_i/inst/gen_gtwizard_gthe3_top.pcie_phy_0_gt_gtwizard_gthe3_inst/gen_gtwizard_gthe3.gen_channel_container[1].gen_enabled_channel.gthe3_channel_wrapper_inst/channel_inst/gthe3_channel_gen.gen_gthe3_channel_inst[0].GTHE3_CHANNEL_PRIM_INST/TXOUTCLK
                         net (fo=3, routed)           0.035     0.035    u_phy_wrapper/u_pcie_phy/inst/Uscale_gt.us_gt_phy_wrapper/phy_clk_i/CLK_USERCLK_IN
    BUFG_GT_X0Y25        BUFG_GT (Prop_BUFG_GT_I_O)
                                                      0.130     0.165 r  u_phy_wrapper/u_pcie_phy/inst/Uscale_gt.us_gt_phy_wrapper/phy_clk_i/bufg_gt_pclk/O
    X2Y1 (CLOCK_ROOT)    net (fo=2034, routed)        1.177     1.342    u_phy_wrapper/u_pcie_phy/inst/phy_pclk
    SLICE_X99Y117        FDSE                                         r  u_phy_wrapper/u_pcie_phy/inst/phy_rxelecidle_ff_reg/C





--------------------------------------------------------------------------------------
Path Group:  (none)
From Clock:  dbg_hub/inst/BSCANID.u_xsdbm_id/SWITCH_N_EXT_BSCAN.bscan_inst/SERIES7_BSCAN.bscan_inst/TCK
  To Clock:  txoutclk_out[0]

Max Delay            78 Endpoints
Min Delay            86 Endpoints
--------------------------------------------------------------------------------------


Max Delay Paths
--------------------------------------------------------------------------------------
Slack:                    inf
  Source:                 dbg_hub/inst/BSCANID.u_xsdbm_id/CORE_XSDB.UUT_MASTER/U_ICON_INTERFACE/U_CMD4/shift_reg_in_reg[27]/C
                            (rising edge-triggered cell FDRE clocked by dbg_hub/inst/BSCANID.u_xsdbm_id/SWITCH_N_EXT_BSCAN.bscan_inst/SERIES7_BSCAN.bscan_inst/TCK  {rise@0.000ns fall@16.500ns period=33.000ns})
  Destination:            dbg_hub/inst/BSCANID.u_xsdbm_id/CORE_XSDB.UUT_MASTER/U_ICON_INTERFACE/U_CMD4/ctl_reg_reg[27]/D
                            (rising edge-triggered cell FDRE clocked by txoutclk_out[0]  {rise@0.000ns fall@2.000ns period=4.000ns})
  Path Group:             (none)
  Path Type:              Setup (Max at Slow Process Corner)
  Data Path Delay:        1.101ns  (logic 0.114ns (10.354%)  route 0.987ns (89.646%))
  Logic Levels:           0  
  Clock Path Skew:        -5.862ns (DCD - SCD + CPR)
    Destination Clock Delay (DCD):    2.193ns
    Source Clock Delay      (SCD):    8.055ns
    Clock Pessimism Removal (CPR):    0.000ns
  Clock Uncertainty:      0.035ns  ((TSJ^2 + TIJ^2)^1/2 + DJ) / 2 + PE
    Total System Jitter     (TSJ):    0.071ns
    Total Input Jitter      (TIJ):    0.000ns
    Discrete Jitter          (DJ):    0.000ns
    Phase Error              (PE):    0.000ns
  Clock Net Delay (Source):      3.278ns (routing 1.976ns, distribution 1.302ns)
  Clock Net Delay (Destination): 1.864ns (routing 0.572ns, distribution 1.292ns)
  Timing Exception:       False Path

    Location             Delay type                Incr(ns)  Path(ns)    Netlist Resource(s)
  -------------------------------------------------------------------    -------------------
                         (clock dbg_hub/inst/BSCANID.u_xsdbm_id/SWITCH_N_EXT_BSCAN.bscan_inst/SERIES7_BSCAN.bscan_inst/TCK rise edge)
                                                      0.000     0.000 r  
    CONFIG_SITE_X0Y0     BSCANE2                      0.000     0.000 r  dbg_hub/inst/BSCANID.u_xsdbm_id/SWITCH_N_EXT_BSCAN.bscan_inst/SERIES7_BSCAN.bscan_inst/TCK
                         net (fo=1, routed)           4.694     4.694    dbg_hub/inst/BSCANID.u_xsdbm_id/tck_bs
    BUFGCE_X0Y119        BUFGCE (Prop_BUFCE_BUFGCE_I_O)
                                                      0.083     4.777 r  dbg_hub/inst/BSCANID.u_xsdbm_id/SWITCH_N_EXT_BSCAN.u_bufg_icon_tck/O
    X3Y2 (CLOCK_ROOT)    net (fo=478, routed)         3.278     8.055    dbg_hub/inst/BSCANID.u_xsdbm_id/CORE_XSDB.UUT_MASTER/U_ICON_INTERFACE/U_CMD4/m_bscan_tck[0]
    SLICE_X87Y138        FDRE                                         r  dbg_hub/inst/BSCANID.u_xsdbm_id/CORE_XSDB.UUT_MASTER/U_ICON_INTERFACE/U_CMD4/shift_reg_in_reg[27]/C
  -------------------------------------------------------------------    -------------------
    SLICE_X87Y138        FDRE (Prop_HFF_SLICEL_C_Q)
                                                      0.114     8.169 r  dbg_hub/inst/BSCANID.u_xsdbm_id/CORE_XSDB.UUT_MASTER/U_ICON_INTERFACE/U_CMD4/shift_reg_in_reg[27]/Q
                         net (fo=2, routed)           0.987     9.156    dbg_hub/inst/BSCANID.u_xsdbm_id/CORE_XSDB.UUT_MASTER/U_ICON_INTERFACE/U_CMD4/shift_reg_in[27]
    SLICE_X87Y136        FDRE                                         r  dbg_hub/inst/BSCANID.u_xsdbm_id/CORE_XSDB.UUT_MASTER/U_ICON_INTERFACE/U_CMD4/ctl_reg_reg[27]/D
  -------------------------------------------------------------------    -------------------

                         (clock txoutclk_out[0] rise edge)
                                                      0.000     0.000 r  
    GTHE3_CHANNEL_X0Y7   GTHE3_CHANNEL                0.000     0.000 r  u_phy_wrapper/u_pcie_phy/inst/Uscale_gt.us_gt_phy_wrapper/gt_wizard.gtwizard_top_i/pcie_phy_0_gt_i/inst/gen_gtwizard_gthe3_top.pcie_phy_0_gt_gtwizard_gthe3_inst/gen_gtwizard_gthe3.gen_channel_container[1].gen_enabled_channel.gthe3_channel_wrapper_inst/channel_inst/gthe3_channel_gen.gen_gthe3_channel_inst[0].GTHE3_CHANNEL_PRIM_INST/TXOUTCLK
                         net (fo=3, routed)           0.046     0.046    u_phy_wrapper/u_pcie_phy/inst/Uscale_gt.us_gt_phy_wrapper/phy_clk_i/CLK_USERCLK_IN
    BUFG_GT_X0Y25        BUFG_GT (Prop_BUFG_GT_I_O)
                                                      0.283     0.329 r  u_phy_wrapper/u_pcie_phy/inst/Uscale_gt.us_gt_phy_wrapper/phy_clk_i/bufg_gt_pclk/O
    X2Y1 (CLOCK_ROOT)    net (fo=2034, routed)        1.864     2.193    dbg_hub/inst/BSCANID.u_xsdbm_id/CORE_XSDB.UUT_MASTER/U_ICON_INTERFACE/U_CMD4/clk
    SLICE_X87Y136        FDRE                                         r  dbg_hub/inst/BSCANID.u_xsdbm_id/CORE_XSDB.UUT_MASTER/U_ICON_INTERFACE/U_CMD4/ctl_reg_reg[27]/C





Min Delay Paths
--------------------------------------------------------------------------------------
Slack:                    inf
  Source:                 dbg_hub/inst/BSCANID.u_xsdbm_id/CORE_XSDB.UUT_MASTER/U_ICON_INTERFACE/U_CMD5/shift_reg_in_reg[1]/C
                            (rising edge-triggered cell FDRE clocked by dbg_hub/inst/BSCANID.u_xsdbm_id/SWITCH_N_EXT_BSCAN.bscan_inst/SERIES7_BSCAN.bscan_inst/TCK  {rise@0.000ns fall@16.500ns period=33.000ns})
  Destination:            dbg_hub/inst/BSCANID.u_xsdbm_id/CORE_XSDB.UUT_MASTER/U_ICON_INTERFACE/U_CMD5/ctl_reg_reg[1]/D
                            (rising edge-triggered cell FDRE clocked by txoutclk_out[0]  {rise@0.000ns fall@2.000ns period=4.000ns})
  Path Group:             (none)
  Path Type:              Hold (Min at Fast Process Corner)
  Data Path Delay:        0.146ns  (logic 0.048ns (32.877%)  route 0.098ns (67.123%))
  Logic Levels:           0  
  Clock Path Skew:        -2.595ns (DCD - SCD - CPR)
    Destination Clock Delay (DCD):    1.348ns
    Source Clock Delay      (SCD):    3.943ns
    Clock Pessimism Removal (CPR):    -0.000ns
  Clock Uncertainty:      0.035ns  ((TSJ^2 + TIJ^2)^1/2 + DJ) / 2 + PE
    Total System Jitter     (TSJ):    0.071ns
    Total Input Jitter      (TIJ):    0.000ns
    Discrete Jitter          (DJ):    0.000ns
    Phase Error              (PE):    0.000ns
  Clock Net Delay (Source):      1.541ns (routing 1.014ns, distribution 0.527ns)
  Clock Net Delay (Destination): 1.183ns (routing 0.387ns, distribution 0.796ns)
  Timing Exception:       False Path

    Location             Delay type                Incr(ns)  Path(ns)    Netlist Resource(s)
  -------------------------------------------------------------------    -------------------
                         (clock dbg_hub/inst/BSCANID.u_xsdbm_id/SWITCH_N_EXT_BSCAN.bscan_inst/SERIES7_BSCAN.bscan_inst/TCK rise edge)
                                                      0.000     0.000 r  
    CONFIG_SITE_X0Y0     BSCANE2                      0.000     0.000 r  dbg_hub/inst/BSCANID.u_xsdbm_id/SWITCH_N_EXT_BSCAN.bscan_inst/SERIES7_BSCAN.bscan_inst/TCK
                         net (fo=1, routed)           2.375     2.375    dbg_hub/inst/BSCANID.u_xsdbm_id/tck_bs
    BUFGCE_X0Y119        BUFGCE (Prop_BUFCE_BUFGCE_I_O)
                                                      0.027     2.402 r  dbg_hub/inst/BSCANID.u_xsdbm_id/SWITCH_N_EXT_BSCAN.u_bufg_icon_tck/O
    X3Y2 (CLOCK_ROOT)    net (fo=478, routed)         1.541     3.943    dbg_hub/inst/BSCANID.u_xsdbm_id/CORE_XSDB.UUT_MASTER/U_ICON_INTERFACE/U_CMD5/m_bscan_tck[0]
    SLICE_X88Y132        FDRE                                         r  dbg_hub/inst/BSCANID.u_xsdbm_id/CORE_XSDB.UUT_MASTER/U_ICON_INTERFACE/U_CMD5/shift_reg_in_reg[1]/C
  -------------------------------------------------------------------    -------------------
    SLICE_X88Y132        FDRE (Prop_BFF2_SLICEL_C_Q)
                                                      0.048     3.991 r  dbg_hub/inst/BSCANID.u_xsdbm_id/CORE_XSDB.UUT_MASTER/U_ICON_INTERFACE/U_CMD5/shift_reg_in_reg[1]/Q
                         net (fo=2, routed)           0.098     4.089    dbg_hub/inst/BSCANID.u_xsdbm_id/CORE_XSDB.UUT_MASTER/U_ICON_INTERFACE/U_CMD5/shift_reg_in[1]
    SLICE_X88Y130        FDRE                                         r  dbg_hub/inst/BSCANID.u_xsdbm_id/CORE_XSDB.UUT_MASTER/U_ICON_INTERFACE/U_CMD5/ctl_reg_reg[1]/D
  -------------------------------------------------------------------    -------------------

                         (clock txoutclk_out[0] rise edge)
                                                      0.000     0.000 r  
    GTHE3_CHANNEL_X0Y7   GTHE3_CHANNEL                0.000     0.000 r  u_phy_wrapper/u_pcie_phy/inst/Uscale_gt.us_gt_phy_wrapper/gt_wizard.gtwizard_top_i/pcie_phy_0_gt_i/inst/gen_gtwizard_gthe3_top.pcie_phy_0_gt_gtwizard_gthe3_inst/gen_gtwizard_gthe3.gen_channel_container[1].gen_enabled_channel.gthe3_channel_wrapper_inst/channel_inst/gthe3_channel_gen.gen_gthe3_channel_inst[0].GTHE3_CHANNEL_PRIM_INST/TXOUTCLK
                         net (fo=3, routed)           0.035     0.035    u_phy_wrapper/u_pcie_phy/inst/Uscale_gt.us_gt_phy_wrapper/phy_clk_i/CLK_USERCLK_IN
    BUFG_GT_X0Y25        BUFG_GT (Prop_BUFG_GT_I_O)
                                                      0.130     0.165 r  u_phy_wrapper/u_pcie_phy/inst/Uscale_gt.us_gt_phy_wrapper/phy_clk_i/bufg_gt_pclk/O
    X2Y1 (CLOCK_ROOT)    net (fo=2034, routed)        1.183     1.348    dbg_hub/inst/BSCANID.u_xsdbm_id/CORE_XSDB.UUT_MASTER/U_ICON_INTERFACE/U_CMD5/clk
    SLICE_X88Y130        FDRE                                         r  dbg_hub/inst/BSCANID.u_xsdbm_id/CORE_XSDB.UUT_MASTER/U_ICON_INTERFACE/U_CMD5/ctl_reg_reg[1]/C





--------------------------------------------------------------------------------------
Path Group:  (none)
From Clock:  pcie_refclk_100
  To Clock:  txoutclk_out[0]

Max Delay             4 Endpoints
Min Delay             4 Endpoints
--------------------------------------------------------------------------------------


Max Delay Paths
--------------------------------------------------------------------------------------
Slack:                    inf
  Source:                 u_phy_wrapper/u_pcie_phy/inst/Uscale_gt.us_gt_phy_wrapper/phy_rst_i/idle_reg/C
                            (rising edge-triggered cell FDCE clocked by pcie_refclk_100  {rise@0.000ns fall@5.000ns period=10.000ns})
  Destination:            u_phy_wrapper/u_pcie_phy/inst/Uscale_gt.us_gt_phy_wrapper/rst_psrst_n_r_reg[0]/CLR
                            (recovery check against rising-edge clock txoutclk_out[0]  {rise@0.000ns fall@2.000ns period=4.000ns})
  Path Group:             (none)
  Path Type:              Recovery (Max at Slow Process Corner)
  Data Path Delay:        0.550ns  (logic 0.114ns (20.727%)  route 0.436ns (79.273%))
  Logic Levels:           0  
  Clock Path Skew:        0.471ns (DCD - SCD + CPR)
    Destination Clock Delay (DCD):    2.195ns
    Source Clock Delay      (SCD):    1.724ns
    Clock Pessimism Removal (CPR):    0.000ns
  Clock Uncertainty:      0.035ns  ((TSJ^2 + TIJ^2)^1/2 + DJ) / 2 + PE
    Total System Jitter     (TSJ):    0.071ns
    Total Input Jitter      (TIJ):    0.000ns
    Discrete Jitter          (DJ):    0.000ns
    Phase Error              (PE):    0.000ns
  Clock Net Delay (Source):      0.965ns (routing 0.109ns, distribution 0.856ns)
  Clock Net Delay (Destination): 1.866ns (routing 0.572ns, distribution 1.294ns)
  Timing Exception:       Asynchronous Clock Groups

    Location             Delay type                Incr(ns)  Path(ns)    Netlist Resource(s)
  -------------------------------------------------------------------    -------------------
                         (clock pcie_refclk_100 rise edge)
                                                      0.000     0.000 r  
    GTHE3_COMMON_X0Y1                                 0.000     0.000 r  pcie_refclk_p (IN)
                         net (fo=0)                   0.000     0.000    u_phy_wrapper/u_refclk_reset/pcie_refclk_p
    GTHE3_COMMON_X0Y1    IBUFDS_GTE3 (Prop_IBUFDS0_GTE3_GTHE3_COMMON_I_ODIV2)
                                                      0.362     0.362 r  u_phy_wrapper/u_refclk_reset/u_pcie_refclk_ibuf/ODIV2
                         net (fo=2, routed)           0.082     0.444    u_phy_wrapper/u_refclk_reset/phy_refclk_unbuf
    BUFG_GT_X0Y24        BUFG_GT (Prop_BUFG_GT_I_O)
                                                      0.315     0.759 r  u_phy_wrapper/u_refclk_reset/u_phy_refclk_bufg/O
    X3Y1 (CLOCK_ROOT)    net (fo=78, routed)          0.965     1.724    u_phy_wrapper/u_pcie_phy/inst/Uscale_gt.us_gt_phy_wrapper/phy_rst_i/phy_refclk
    SLICE_X98Y114        FDCE                                         r  u_phy_wrapper/u_pcie_phy/inst/Uscale_gt.us_gt_phy_wrapper/phy_rst_i/idle_reg/C
  -------------------------------------------------------------------    -------------------
    SLICE_X98Y114        FDCE (Prop_GFF_SLICEL_C_Q)
                                                      0.114     1.838 r  u_phy_wrapper/u_pcie_phy/inst/Uscale_gt.us_gt_phy_wrapper/phy_rst_i/idle_reg/Q
                         net (fo=8, routed)           0.436     2.274    u_phy_wrapper/u_pcie_phy/inst/Uscale_gt.us_gt_phy_wrapper/phy_rst_i_n_12
    SLICE_X98Y117        FDCE                                         f  u_phy_wrapper/u_pcie_phy/inst/Uscale_gt.us_gt_phy_wrapper/rst_psrst_n_r_reg[0]/CLR  (IS_INVERTED)
  -------------------------------------------------------------------    -------------------

                         (clock txoutclk_out[0] rise edge)
                                                      0.000     0.000 r  
    GTHE3_CHANNEL_X0Y7   GTHE3_CHANNEL                0.000     0.000 r  u_phy_wrapper/u_pcie_phy/inst/Uscale_gt.us_gt_phy_wrapper/gt_wizard.gtwizard_top_i/pcie_phy_0_gt_i/inst/gen_gtwizard_gthe3_top.pcie_phy_0_gt_gtwizard_gthe3_inst/gen_gtwizard_gthe3.gen_channel_container[1].gen_enabled_channel.gthe3_channel_wrapper_inst/channel_inst/gthe3_channel_gen.gen_gthe3_channel_inst[0].GTHE3_CHANNEL_PRIM_INST/TXOUTCLK
                         net (fo=3, routed)           0.046     0.046    u_phy_wrapper/u_pcie_phy/inst/Uscale_gt.us_gt_phy_wrapper/phy_clk_i/CLK_USERCLK_IN
    BUFG_GT_X0Y25        BUFG_GT (Prop_BUFG_GT_I_O)
                                                      0.283     0.329 r  u_phy_wrapper/u_pcie_phy/inst/Uscale_gt.us_gt_phy_wrapper/phy_clk_i/bufg_gt_pclk/O
    X2Y1 (CLOCK_ROOT)    net (fo=2034, routed)        1.866     2.195    u_phy_wrapper/u_pcie_phy/inst/Uscale_gt.us_gt_phy_wrapper/CLK_PCLK
    SLICE_X98Y117        FDCE                                         r  u_phy_wrapper/u_pcie_phy/inst/Uscale_gt.us_gt_phy_wrapper/rst_psrst_n_r_reg[0]/C





Min Delay Paths
--------------------------------------------------------------------------------------
Slack:                    inf
  Source:                 u_phy_wrapper/u_pcie_phy/inst/Uscale_gt.us_gt_phy_wrapper/phy_rst_i/idle_reg/C
                            (rising edge-triggered cell FDCE clocked by pcie_refclk_100  {rise@0.000ns fall@5.000ns period=10.000ns})
  Destination:            u_phy_wrapper/u_pcie_phy/inst/Uscale_gt.us_gt_phy_wrapper/rst_psrst_n_r_reg[0]/CLR
                            (removal check against rising-edge clock txoutclk_out[0]  {rise@0.000ns fall@2.000ns period=4.000ns})
  Path Group:             (none)
  Path Type:              Removal (Min at Fast Process Corner)
  Data Path Delay:        0.254ns  (logic 0.048ns (18.898%)  route 0.206ns (81.102%))
  Logic Levels:           0  
  Clock Path Skew:        0.633ns (DCD - SCD - CPR)
    Destination Clock Delay (DCD):    1.339ns
    Source Clock Delay      (SCD):    0.706ns
    Clock Pessimism Removal (CPR):    -0.000ns
  Clock Uncertainty:      0.035ns  ((TSJ^2 + TIJ^2)^1/2 + DJ) / 2 + PE
    Total System Jitter     (TSJ):    0.071ns
    Total Input Jitter      (TIJ):    0.000ns
    Discrete Jitter          (DJ):    0.000ns
    Phase Error              (PE):    0.000ns
  Clock Net Delay (Source):      0.424ns (routing 0.059ns, distribution 0.365ns)
  Clock Net Delay (Destination): 1.174ns (routing 0.387ns, distribution 0.787ns)
  Timing Exception:       Asynchronous Clock Groups

    Location             Delay type                Incr(ns)  Path(ns)    Netlist Resource(s)
  -------------------------------------------------------------------    -------------------
                         (clock pcie_refclk_100 rise edge)
                                                      0.000     0.000 r  
    GTHE3_COMMON_X0Y1                                 0.000     0.000 r  pcie_refclk_p (IN)
                         net (fo=0)                   0.000     0.000    u_phy_wrapper/u_refclk_reset/pcie_refclk_p
    GTHE3_COMMON_X0Y1    IBUFDS_GTE3 (Prop_IBUFDS0_GTE3_GTHE3_COMMON_I_ODIV2)
                                                      0.164     0.164 r  u_phy_wrapper/u_refclk_reset/u_pcie_refclk_ibuf/ODIV2
                         net (fo=2, routed)           0.018     0.182    u_phy_wrapper/u_refclk_reset/phy_refclk_unbuf
    BUFG_GT_X0Y24        BUFG_GT (Prop_BUFG_GT_I_O)
                                                      0.100     0.282 r  u_phy_wrapper/u_refclk_reset/u_phy_refclk_bufg/O
    X3Y1 (CLOCK_ROOT)    net (fo=78, routed)          0.424     0.706    u_phy_wrapper/u_pcie_phy/inst/Uscale_gt.us_gt_phy_wrapper/phy_rst_i/phy_refclk
    SLICE_X98Y114        FDCE                                         r  u_phy_wrapper/u_pcie_phy/inst/Uscale_gt.us_gt_phy_wrapper/phy_rst_i/idle_reg/C
  -------------------------------------------------------------------    -------------------
    SLICE_X98Y114        FDCE (Prop_GFF_SLICEL_C_Q)
                                                      0.048     0.754 r  u_phy_wrapper/u_pcie_phy/inst/Uscale_gt.us_gt_phy_wrapper/phy_rst_i/idle_reg/Q
                         net (fo=8, routed)           0.206     0.960    u_phy_wrapper/u_pcie_phy/inst/Uscale_gt.us_gt_phy_wrapper/phy_rst_i_n_12
    SLICE_X98Y117        FDCE                                         f  u_phy_wrapper/u_pcie_phy/inst/Uscale_gt.us_gt_phy_wrapper/rst_psrst_n_r_reg[0]/CLR  (IS_INVERTED)
  -------------------------------------------------------------------    -------------------

                         (clock txoutclk_out[0] rise edge)
                                                      0.000     0.000 r  
    GTHE3_CHANNEL_X0Y7   GTHE3_CHANNEL                0.000     0.000 r  u_phy_wrapper/u_pcie_phy/inst/Uscale_gt.us_gt_phy_wrapper/gt_wizard.gtwizard_top_i/pcie_phy_0_gt_i/inst/gen_gtwizard_gthe3_top.pcie_phy_0_gt_gtwizard_gthe3_inst/gen_gtwizard_gthe3.gen_channel_container[1].gen_enabled_channel.gthe3_channel_wrapper_inst/channel_inst/gthe3_channel_gen.gen_gthe3_channel_inst[0].GTHE3_CHANNEL_PRIM_INST/TXOUTCLK
                         net (fo=3, routed)           0.035     0.035    u_phy_wrapper/u_pcie_phy/inst/Uscale_gt.us_gt_phy_wrapper/phy_clk_i/CLK_USERCLK_IN
    BUFG_GT_X0Y25        BUFG_GT (Prop_BUFG_GT_I_O)
                                                      0.130     0.165 r  u_phy_wrapper/u_pcie_phy/inst/Uscale_gt.us_gt_phy_wrapper/phy_clk_i/bufg_gt_pclk/O
    X2Y1 (CLOCK_ROOT)    net (fo=2034, routed)        1.174     1.339    u_phy_wrapper/u_pcie_phy/inst/Uscale_gt.us_gt_phy_wrapper/CLK_PCLK
    SLICE_X98Y117        FDCE                                         r  u_phy_wrapper/u_pcie_phy/inst/Uscale_gt.us_gt_phy_wrapper/rst_psrst_n_r_reg[0]/C





--------------------------------------------------------------------------------------
Path Group:  (none)
From Clock:  txoutclk_out[0]
  To Clock:  txoutclk_out[0]

Max Delay           115 Endpoints
Min Delay           115 Endpoints
--------------------------------------------------------------------------------------


Max Delay Paths
--------------------------------------------------------------------------------------
Slack:                    inf
  Source:                 u_ila_phy_golden/inst/ila_core_inst/u_ila_cap_ctrl/u_cap_addrgen/u_cap_window_counter/u_wcnt_lcmp/allx_typeA_match_detection.ltlib_v1_0_0_allx_typeA_inst/DUT/I_WHOLE_SLICE.G_SLICE_IDX[0].U_ALL_SRL_SLICE/u_srlA/S1/CLK
                            (rising edge-triggered cell SRLC32E clocked by txoutclk_out[0]  {rise@0.000ns fall@2.000ns period=4.000ns})
  Destination:            u_ila_phy_golden/inst/ila_core_inst/u_ila_cap_ctrl/u_cap_addrgen/u_cap_window_counter/u_wcnt_lcmp_q/D
                            (rising edge-triggered cell FDRE clocked by txoutclk_out[0]  {rise@0.000ns fall@2.000ns period=4.000ns})
  Path Group:             (none)
  Path Type:              Setup (Max at Slow Process Corner)
  Data Path Delay:        2.115ns  (logic 1.086ns (51.348%)  route 1.029ns (48.652%))
  Logic Levels:           3  (CARRY8=2 LUT2=1)
  Clock Path Skew:        -0.330ns (DCD - SCD + CPR)
    Destination Clock Delay (DCD):    2.249ns
    Source Clock Delay      (SCD):    2.579ns
    Clock Pessimism Removal (CPR):    0.000ns
  Clock Uncertainty:      0.035ns  ((TSJ^2 + TIJ^2)^1/2 + DJ) / 2 + PE
    Total System Jitter     (TSJ):    0.071ns
    Total Input Jitter      (TIJ):    0.000ns
    Discrete Jitter          (DJ):    0.000ns
    Phase Error              (PE):    0.000ns
  Clock Net Delay (Source):      2.182ns (routing 0.628ns, distribution 1.554ns)
  Clock Net Delay (Destination): 1.920ns (routing 0.572ns, distribution 1.348ns)
  Timing Exception:       False Path

    Location             Delay type                Incr(ns)  Path(ns)    Netlist Resource(s)
  -------------------------------------------------------------------    -------------------
                         (clock txoutclk_out[0] rise edge)
                                                      0.000     0.000 r  
    GTHE3_CHANNEL_X0Y7   GTHE3_CHANNEL                0.000     0.000 r  u_phy_wrapper/u_pcie_phy/inst/Uscale_gt.us_gt_phy_wrapper/gt_wizard.gtwizard_top_i/pcie_phy_0_gt_i/inst/gen_gtwizard_gthe3_top.pcie_phy_0_gt_gtwizard_gthe3_inst/gen_gtwizard_gthe3.gen_channel_container[1].gen_enabled_channel.gthe3_channel_wrapper_inst/channel_inst/gthe3_channel_gen.gen_gthe3_channel_inst[0].GTHE3_CHANNEL_PRIM_INST/TXOUTCLK
                         net (fo=3, routed)           0.082     0.082    u_phy_wrapper/u_pcie_phy/inst/Uscale_gt.us_gt_phy_wrapper/phy_clk_i/CLK_USERCLK_IN
    BUFG_GT_X0Y25        BUFG_GT (Prop_BUFG_GT_I_O)
                                                      0.315     0.397 r  u_phy_wrapper/u_pcie_phy/inst/Uscale_gt.us_gt_phy_wrapper/phy_clk_i/bufg_gt_pclk/O
    X2Y1 (CLOCK_ROOT)    net (fo=2034, routed)        2.182     2.579    u_ila_phy_golden/inst/ila_core_inst/u_ila_cap_ctrl/u_cap_addrgen/u_cap_window_counter/u_wcnt_lcmp/allx_typeA_match_detection.ltlib_v1_0_0_allx_typeA_inst/DUT/I_WHOLE_SLICE.G_SLICE_IDX[0].U_ALL_SRL_SLICE/u_srlA/CLK
    SLICE_X94Y120        SRLC32E                                      r  u_ila_phy_golden/inst/ila_core_inst/u_ila_cap_ctrl/u_cap_addrgen/u_cap_window_counter/u_wcnt_lcmp/allx_typeA_match_detection.ltlib_v1_0_0_allx_typeA_inst/DUT/I_WHOLE_SLICE.G_SLICE_IDX[0].U_ALL_SRL_SLICE/u_srlA/S1/CLK
  -------------------------------------------------------------------    -------------------
    SLICE_X94Y120        SRLC32E (Prop_A6LUT_SLICEM_CLK_Q)
                                                      0.548     3.127 r  u_ila_phy_golden/inst/ila_core_inst/u_ila_cap_ctrl/u_cap_addrgen/u_cap_window_counter/u_wcnt_lcmp/allx_typeA_match_detection.ltlib_v1_0_0_allx_typeA_inst/DUT/I_WHOLE_SLICE.G_SLICE_IDX[0].U_ALL_SRL_SLICE/u_srlA/S1/Q
                         net (fo=1, routed)           0.436     3.563    u_ila_phy_golden/inst/ila_core_inst/u_ila_cap_ctrl/u_cap_addrgen/u_cap_window_counter/u_wcnt_lcmp/allx_typeA_match_detection.ltlib_v1_0_0_allx_typeA_inst/DUT/lopt_8
    SLICE_X100Y120       CARRY8 (Prop_CARRY8_SLICEM_S[4]_CO[7])
                                                      0.255     3.818 r  u_ila_phy_golden/inst/ila_core_inst/u_ila_cap_ctrl/u_cap_addrgen/u_cap_window_counter/u_wcnt_lcmp/allx_typeA_match_detection.ltlib_v1_0_0_allx_typeA_inst/DUT/u_carry4_inst_CARRY8/CO[7]
                         net (fo=1, routed)           0.094     3.912    u_ila_phy_golden/inst/ila_core_inst/u_ila_cap_ctrl/u_cap_addrgen/u_cap_window_counter/u_wcnt_lcmp/allx_typeA_match_detection.ltlib_v1_0_0_allx_typeA_inst/DUT/I_WHOLE_SLICE.G_SLICE_IDX[1].U_ALL_SRL_SLICE/CI_I
    SLICE_X100Y121       CARRY8 (Prop_CARRY8_SLICEM_CI_CO[3])
                                                      0.073     3.985 r  u_ila_phy_golden/inst/ila_core_inst/u_ila_cap_ctrl/u_cap_addrgen/u_cap_window_counter/u_wcnt_lcmp/allx_typeA_match_detection.ltlib_v1_0_0_allx_typeA_inst/DUT/I_WHOLE_SLICE.G_SLICE_IDX[1].U_ALL_SRL_SLICE/u_carry4_inst_CARRY8/CO[3]
                         net (fo=1, routed)           0.464     4.449    u_ila_phy_golden/inst/ila_core_inst/u_ila_regs/reg_7/I_EN_CTL_EQ1.U_CTL/DOUT_O
    SLICE_X94Y122        LUT2 (Prop_H5LUT_SLICEM_I1_O)
                                                      0.210     4.659 r  u_ila_phy_golden/inst/ila_core_inst/u_ila_regs/reg_7/I_EN_CTL_EQ1.U_CTL/u_wcnt_lcmp_q_i_1/O
                         net (fo=1, routed)           0.035     4.694    u_ila_phy_golden/inst/ila_core_inst/u_ila_cap_ctrl/u_cap_addrgen/u_cap_window_counter/wcnt_lcmp_temp
    SLICE_X94Y122        FDRE                                         r  u_ila_phy_golden/inst/ila_core_inst/u_ila_cap_ctrl/u_cap_addrgen/u_cap_window_counter/u_wcnt_lcmp_q/D
  -------------------------------------------------------------------    -------------------

                         (clock txoutclk_out[0] rise edge)
                                                      0.000     0.000 r  
    GTHE3_CHANNEL_X0Y7   GTHE3_CHANNEL                0.000     0.000 r  u_phy_wrapper/u_pcie_phy/inst/Uscale_gt.us_gt_phy_wrapper/gt_wizard.gtwizard_top_i/pcie_phy_0_gt_i/inst/gen_gtwizard_gthe3_top.pcie_phy_0_gt_gtwizard_gthe3_inst/gen_gtwizard_gthe3.gen_channel_container[1].gen_enabled_channel.gthe3_channel_wrapper_inst/channel_inst/gthe3_channel_gen.gen_gthe3_channel_inst[0].GTHE3_CHANNEL_PRIM_INST/TXOUTCLK
                         net (fo=3, routed)           0.046     0.046    u_phy_wrapper/u_pcie_phy/inst/Uscale_gt.us_gt_phy_wrapper/phy_clk_i/CLK_USERCLK_IN
    BUFG_GT_X0Y25        BUFG_GT (Prop_BUFG_GT_I_O)
                                                      0.283     0.329 r  u_phy_wrapper/u_pcie_phy/inst/Uscale_gt.us_gt_phy_wrapper/phy_clk_i/bufg_gt_pclk/O
    X2Y1 (CLOCK_ROOT)    net (fo=2034, routed)        1.920     2.249    u_ila_phy_golden/inst/ila_core_inst/u_ila_cap_ctrl/u_cap_addrgen/u_cap_window_counter/DESIGN_CLK_I
    SLICE_X94Y122        FDRE                                         r  u_ila_phy_golden/inst/ila_core_inst/u_ila_cap_ctrl/u_cap_addrgen/u_cap_window_counter/u_wcnt_lcmp_q/C





Min Delay Paths
--------------------------------------------------------------------------------------
Slack:                    inf
  Source:                 u_ila_phy_golden/inst/ila_core_inst/u_ila_cap_ctrl/u_cap_addrgen/i_o_to_64k.cfg_data_vec_reg[9]/C
                            (rising edge-triggered cell FDRE clocked by txoutclk_out[0]  {rise@0.000ns fall@2.000ns period=4.000ns})
  Destination:            u_ila_phy_golden/inst/ila_core_inst/u_ila_cap_ctrl/u_cap_addrgen/cfg_data_vec_sync1_reg[9]/D
                            (rising edge-triggered cell FDRE clocked by txoutclk_out[0]  {rise@0.000ns fall@2.000ns period=4.000ns})
  Path Group:             (none)
  Path Type:              Hold (Min at Fast Process Corner)
  Data Path Delay:        0.156ns  (logic 0.048ns (30.769%)  route 0.108ns (69.231%))
  Logic Levels:           0  
  Clock Path Skew:        0.233ns (DCD - SCD - CPR)
    Destination Clock Delay (DCD):    1.355ns
    Source Clock Delay      (SCD):    1.122ns
    Clock Pessimism Removal (CPR):    -0.000ns
  Clock Uncertainty:      0.035ns  ((TSJ^2 + TIJ^2)^1/2 + DJ) / 2 + PE
    Total System Jitter     (TSJ):    0.071ns
    Total Input Jitter      (TIJ):    0.000ns
    Discrete Jitter          (DJ):    0.000ns
    Phase Error              (PE):    0.000ns
  Clock Net Delay (Source):      1.004ns (routing 0.341ns, distribution 0.663ns)
  Clock Net Delay (Destination): 1.190ns (routing 0.387ns, distribution 0.803ns)
  Timing Exception:       False Path

    Location             Delay type                Incr(ns)  Path(ns)    Netlist Resource(s)
  -------------------------------------------------------------------    -------------------
                         (clock txoutclk_out[0] rise edge)
                                                      0.000     0.000 r  
    GTHE3_CHANNEL_X0Y7   GTHE3_CHANNEL                0.000     0.000 r  u_phy_wrapper/u_pcie_phy/inst/Uscale_gt.us_gt_phy_wrapper/gt_wizard.gtwizard_top_i/pcie_phy_0_gt_i/inst/gen_gtwizard_gthe3_top.pcie_phy_0_gt_gtwizard_gthe3_inst/gen_gtwizard_gthe3.gen_channel_container[1].gen_enabled_channel.gthe3_channel_wrapper_inst/channel_inst/gthe3_channel_gen.gen_gthe3_channel_inst[0].GTHE3_CHANNEL_PRIM_INST/TXOUTCLK
                         net (fo=3, routed)           0.018     0.018    u_phy_wrapper/u_pcie_phy/inst/Uscale_gt.us_gt_phy_wrapper/phy_clk_i/CLK_USERCLK_IN
    BUFG_GT_X0Y25        BUFG_GT (Prop_BUFG_GT_I_O)
                                                      0.100     0.118 r  u_phy_wrapper/u_pcie_phy/inst/Uscale_gt.us_gt_phy_wrapper/phy_clk_i/bufg_gt_pclk/O
    X2Y1 (CLOCK_ROOT)    net (fo=2034, routed)        1.004     1.122    u_ila_phy_golden/inst/ila_core_inst/u_ila_cap_ctrl/u_cap_addrgen/s_dclk_o
    SLICE_X95Y118        FDRE                                         r  u_ila_phy_golden/inst/ila_core_inst/u_ila_cap_ctrl/u_cap_addrgen/i_o_to_64k.cfg_data_vec_reg[9]/C
  -------------------------------------------------------------------    -------------------
    SLICE_X95Y118        FDRE (Prop_CFF_SLICEL_C_Q)
                                                      0.048     1.170 r  u_ila_phy_golden/inst/ila_core_inst/u_ila_cap_ctrl/u_cap_addrgen/i_o_to_64k.cfg_data_vec_reg[9]/Q
                         net (fo=2, routed)           0.108     1.278    u_ila_phy_golden/inst/ila_core_inst/u_ila_cap_ctrl/u_cap_addrgen/cfg_data_vec[9]
    SLICE_X94Y118        FDRE                                         r  u_ila_phy_golden/inst/ila_core_inst/u_ila_cap_ctrl/u_cap_addrgen/cfg_data_vec_sync1_reg[9]/D
  -------------------------------------------------------------------    -------------------

                         (clock txoutclk_out[0] rise edge)
                                                      0.000     0.000 r  
    GTHE3_CHANNEL_X0Y7   GTHE3_CHANNEL                0.000     0.000 r  u_phy_wrapper/u_pcie_phy/inst/Uscale_gt.us_gt_phy_wrapper/gt_wizard.gtwizard_top_i/pcie_phy_0_gt_i/inst/gen_gtwizard_gthe3_top.pcie_phy_0_gt_gtwizard_gthe3_inst/gen_gtwizard_gthe3.gen_channel_container[1].gen_enabled_channel.gthe3_channel_wrapper_inst/channel_inst/gthe3_channel_gen.gen_gthe3_channel_inst[0].GTHE3_CHANNEL_PRIM_INST/TXOUTCLK
                         net (fo=3, routed)           0.035     0.035    u_phy_wrapper/u_pcie_phy/inst/Uscale_gt.us_gt_phy_wrapper/phy_clk_i/CLK_USERCLK_IN
    BUFG_GT_X0Y25        BUFG_GT (Prop_BUFG_GT_I_O)
                                                      0.130     0.165 r  u_phy_wrapper/u_pcie_phy/inst/Uscale_gt.us_gt_phy_wrapper/phy_clk_i/bufg_gt_pclk/O
    X2Y1 (CLOCK_ROOT)    net (fo=2034, routed)        1.190     1.355    u_ila_phy_golden/inst/ila_core_inst/u_ila_cap_ctrl/u_cap_addrgen/DESIGN_CLK_I
    SLICE_X94Y118        FDRE                                         r  u_ila_phy_golden/inst/ila_core_inst/u_ila_cap_ctrl/u_cap_addrgen/cfg_data_vec_sync1_reg[9]/C





--------------------------------------------------------------------------------------
Path Group:  (none)
From Clock:  
  To Clock:  dbg_hub/inst/BSCANID.u_xsdbm_id/SWITCH_N_EXT_BSCAN.bscan_inst/SERIES7_BSCAN.bscan_inst/TCK

Max Delay           257 Endpoints
Min Delay           257 Endpoints
--------------------------------------------------------------------------------------


Max Delay Paths
--------------------------------------------------------------------------------------
Slack:                    inf
  Source:                 dbg_hub/inst/BSCANID.u_xsdbm_id/SWITCH_N_EXT_BSCAN.bscan_inst/SERIES7_BSCAN.bscan_inst/SHIFT
                            (internal pin)
  Destination:            dbg_hub/inst/BSCANID.u_xsdbm_id/CORE_XSDB.U_ICON/U_STAT/iSTAT_CNT_reg[0]/R
                            (rising edge-triggered cell FDRE clocked by dbg_hub/inst/BSCANID.u_xsdbm_id/SWITCH_N_EXT_BSCAN.bscan_inst/SERIES7_BSCAN.bscan_inst/TCK  {rise@0.000ns fall@16.500ns period=33.000ns})
  Path Group:             (none)
  Path Type:              Setup (Max at Slow Process Corner)
  Data Path Delay:        2.615ns  (logic 0.375ns (14.340%)  route 2.240ns (85.660%))
  Logic Levels:           3  (LUT4=1 LUT5=2)
  Clock Uncertainty:      0.025ns  ((TSJ^2 + TIJ^2)^1/2 + DJ) / 2 + PE
    Total System Jitter     (TSJ):    0.050ns
    Total Input Jitter      (TIJ):    0.000ns
    Discrete Jitter          (DJ):    0.000ns
    Phase Error              (PE):    0.000ns
  Clock Net Delay (Destination): 2.933ns (routing 1.818ns, distribution 1.115ns)

    Location             Delay type                Incr(ns)  Path(ns)    Netlist Resource(s)
  -------------------------------------------------------------------    -------------------
    CONFIG_SITE_X0Y0     BSCANE2                      0.000     0.000 f  dbg_hub/inst/BSCANID.u_xsdbm_id/SWITCH_N_EXT_BSCAN.bscan_inst/SERIES7_BSCAN.bscan_inst/SHIFT
                         net (fo=37, routed)          1.385     1.385    dbg_hub/inst/BSCANID.u_xsdbm_id/SWITCH_N_EXT_BSCAN.bscan_switch/s_bscan_shift
    SLICE_X89Y139        LUT5 (Prop_F6LUT_SLICEL_I4_O)
                                                      0.072     1.457 f  dbg_hub/inst/BSCANID.u_xsdbm_id/SWITCH_N_EXT_BSCAN.bscan_switch/m_bscan_shift[0]_INST_0/O
                         net (fo=4, routed)           0.072     1.529    dbg_hub/inst/BSCANID.u_xsdbm_id/CORE_XSDB.U_ICON/U_CMD/icn_cmd_en_reg[7]
    SLICE_X89Y139        LUT4 (Prop_D6LUT_SLICEL_I1_O)
                                                      0.115     1.644 f  dbg_hub/inst/BSCANID.u_xsdbm_id/CORE_XSDB.U_ICON/U_CMD/iSTAT_CNT[5]_i_4/O
                         net (fo=1, routed)           0.358     2.002    dbg_hub/inst/BSCANID.u_xsdbm_id/CORE_XSDB.U_ICON/U_CMD/iSTAT_CNT[5]_i_4_n_0
    SLICE_X89Y138        LUT5 (Prop_D6LUT_SLICEL_I4_O)
                                                      0.188     2.190 r  dbg_hub/inst/BSCANID.u_xsdbm_id/CORE_XSDB.U_ICON/U_CMD/iSTAT_CNT[5]_i_1/O
                         net (fo=6, routed)           0.425     2.615    dbg_hub/inst/BSCANID.u_xsdbm_id/CORE_XSDB.U_ICON/U_STAT/SR[0]
    SLICE_X88Y136        FDRE                                         r  dbg_hub/inst/BSCANID.u_xsdbm_id/CORE_XSDB.U_ICON/U_STAT/iSTAT_CNT_reg[0]/R
  -------------------------------------------------------------------    -------------------

                         (clock dbg_hub/inst/BSCANID.u_xsdbm_id/SWITCH_N_EXT_BSCAN.bscan_inst/SERIES7_BSCAN.bscan_inst/TCK rise edge)
                                                      0.000     0.000 r  
    CONFIG_SITE_X0Y0     BSCANE2                      0.000     0.000 r  dbg_hub/inst/BSCANID.u_xsdbm_id/SWITCH_N_EXT_BSCAN.bscan_inst/SERIES7_BSCAN.bscan_inst/TCK
                         net (fo=1, routed)           3.723     3.723    dbg_hub/inst/BSCANID.u_xsdbm_id/tck_bs
    BUFGCE_X0Y119        BUFGCE (Prop_BUFCE_BUFGCE_I_O)
                                                      0.075     3.798 r  dbg_hub/inst/BSCANID.u_xsdbm_id/SWITCH_N_EXT_BSCAN.u_bufg_icon_tck/O
    X3Y2 (CLOCK_ROOT)    net (fo=478, routed)         2.933     6.731    dbg_hub/inst/BSCANID.u_xsdbm_id/CORE_XSDB.U_ICON/U_STAT/m_bscan_tck[0]
    SLICE_X88Y136        FDRE                                         r  dbg_hub/inst/BSCANID.u_xsdbm_id/CORE_XSDB.U_ICON/U_STAT/iSTAT_CNT_reg[0]/C





Min Delay Paths
--------------------------------------------------------------------------------------
Slack:                    inf
  Source:                 dbg_hub/inst/BSCANID.u_xsdbm_id/SWITCH_N_EXT_BSCAN.bscan_inst/SERIES7_BSCAN.bscan_inst/SEL
                            (internal pin)
  Destination:            dbg_hub/inst/BSCANID.u_xsdbm_id/SWITCH_N_EXT_BSCAN.bscan_switch/state_temp_reg[1]/D
                            (rising edge-triggered cell FDRE clocked by dbg_hub/inst/BSCANID.u_xsdbm_id/SWITCH_N_EXT_BSCAN.bscan_inst/SERIES7_BSCAN.bscan_inst/TCK  {rise@0.000ns fall@16.500ns period=33.000ns})
  Path Group:             (none)
  Path Type:              Hold (Min at Fast Process Corner)
  Data Path Delay:        0.426ns  (logic 0.045ns (10.563%)  route 0.381ns (89.437%))
  Logic Levels:           1  (LUT6=1)
  Clock Uncertainty:      0.025ns  ((TSJ^2 + TIJ^2)^1/2 + DJ) / 2 + PE
    Total System Jitter     (TSJ):    0.050ns
    Total Input Jitter      (TIJ):    0.000ns
    Discrete Jitter          (DJ):    0.000ns
    Phase Error              (PE):    0.000ns
  Clock Net Delay (Destination): 1.782ns (routing 1.124ns, distribution 0.658ns)

    Location             Delay type                Incr(ns)  Path(ns)    Netlist Resource(s)
  -------------------------------------------------------------------    -------------------
    CONFIG_SITE_X0Y0     BSCANE2                      0.000     0.000 r  dbg_hub/inst/BSCANID.u_xsdbm_id/SWITCH_N_EXT_BSCAN.bscan_inst/SERIES7_BSCAN.bscan_inst/SEL
                         net (fo=8, routed)           0.365     0.365    dbg_hub/inst/BSCANID.u_xsdbm_id/SWITCH_N_EXT_BSCAN.bscan_switch/s_bscan_sel
    SLICE_X86Y138        LUT6 (Prop_H6LUT_SLICEL_I1_O)
                                                      0.045     0.410 r  dbg_hub/inst/BSCANID.u_xsdbm_id/SWITCH_N_EXT_BSCAN.bscan_switch/state_temp[1]_i_1/O
                         net (fo=1, routed)           0.016     0.426    dbg_hub/inst/BSCANID.u_xsdbm_id/SWITCH_N_EXT_BSCAN.bscan_switch/state_temp[1]_i_1_n_0
    SLICE_X86Y138        FDRE                                         r  dbg_hub/inst/BSCANID.u_xsdbm_id/SWITCH_N_EXT_BSCAN.bscan_switch/state_temp_reg[1]/D
  -------------------------------------------------------------------    -------------------

                         (clock dbg_hub/inst/BSCANID.u_xsdbm_id/SWITCH_N_EXT_BSCAN.bscan_inst/SERIES7_BSCAN.bscan_inst/TCK rise edge)
                                                      0.000     0.000 r  
    CONFIG_SITE_X0Y0     BSCANE2                      0.000     0.000 r  dbg_hub/inst/BSCANID.u_xsdbm_id/SWITCH_N_EXT_BSCAN.bscan_inst/SERIES7_BSCAN.bscan_inst/TCK
                         net (fo=1, routed)           3.242     3.242    dbg_hub/inst/BSCANID.u_xsdbm_id/tck_bs
    BUFGCE_X0Y119        BUFGCE (Prop_BUFCE_BUFGCE_I_O)
                                                      0.031     3.273 r  dbg_hub/inst/BSCANID.u_xsdbm_id/SWITCH_N_EXT_BSCAN.u_bufg_icon_tck/O
    X3Y2 (CLOCK_ROOT)    net (fo=478, routed)         1.782     5.055    dbg_hub/inst/BSCANID.u_xsdbm_id/SWITCH_N_EXT_BSCAN.bscan_switch/s_bscan_tck
    SLICE_X86Y138        FDRE                                         r  dbg_hub/inst/BSCANID.u_xsdbm_id/SWITCH_N_EXT_BSCAN.bscan_switch/state_temp_reg[1]/C





--------------------------------------------------------------------------------------
Path Group:  (none)
From Clock:  
  To Clock:  txoutclk_out[0]

Max Delay            11 Endpoints
Min Delay            11 Endpoints
--------------------------------------------------------------------------------------


Max Delay Paths
--------------------------------------------------------------------------------------
Slack:                    inf
  Source:                 u_phy_wrapper/u_pcie_phy/inst/Uscale_gt.us_gt_phy_wrapper/gt_wizard.gtwizard_top_i/pcie_phy_0_gt_i/inst/gen_gtwizard_gthe3_top.pcie_phy_0_gt_gtwizard_gthe3_inst/gen_gtwizard_gthe3.gen_channel_container[1].gen_enabled_channel.gthe3_channel_wrapper_inst/channel_inst/gthe3_channel_gen.gen_gthe3_channel_inst[0].GTHE3_CHANNEL_PRIM_INST/PCIERATEGEN3
                            (internal pin)
  Destination:            u_phy_wrapper/u_pcie_phy/inst/Uscale_gt.us_gt_phy_wrapper/gt_wizard.gtwizard_top_i/pcie_phy_0_gt_i/inst/gen_gtwizard_gthe3_top.pcie_phy_0_gt_gtwizard_gthe3_inst/gen_gtwizard_gthe3.gen_channel_container[1].gen_enabled_channel.gthe3_channel_wrapper_inst/channel_inst/gthe3_channel_gen.gen_gthe3_channel_inst[0].GTHE3_CHANNEL_PRIM_INST/RX8B10BEN
                            (rising edge-triggered cell GTHE3_CHANNEL clocked by txoutclk_out[0]  {rise@0.000ns fall@2.000ns period=4.000ns})
  Path Group:             (none)
  Path Type:              Setup (Max at Slow Process Corner)
  Data Path Delay:        1.088ns  (logic 0.043ns (3.952%)  route 1.045ns (96.048%))
  Logic Levels:           1  (LUT1=1)
  Clock Uncertainty:      0.025ns  ((TSJ^2 + TIJ^2)^1/2 + DJ) / 2 + PE
    Total System Jitter     (TSJ):    0.050ns
    Total Input Jitter      (TIJ):    0.000ns
    Discrete Jitter          (DJ):    0.000ns
    Phase Error              (PE):    0.000ns
  Clock Net Delay (Destination): 1.775ns (routing 0.572ns, distribution 1.203ns)

    Location             Delay type                Incr(ns)  Path(ns)    Netlist Resource(s)
  -------------------------------------------------------------------    -------------------
    GTHE3_CHANNEL_X0Y7   GTHE3_CHANNEL                0.000     0.000 f  u_phy_wrapper/u_pcie_phy/inst/Uscale_gt.us_gt_phy_wrapper/gt_wizard.gtwizard_top_i/pcie_phy_0_gt_i/inst/gen_gtwizard_gthe3_top.pcie_phy_0_gt_gtwizard_gthe3_inst/gen_gtwizard_gthe3.gen_channel_container[1].gen_enabled_channel.gthe3_channel_wrapper_inst/channel_inst/gthe3_channel_gen.gen_gthe3_channel_inst[0].GTHE3_CHANNEL_PRIM_INST/PCIERATEGEN3
                         net (fo=2, routed)           0.443     0.443    u_phy_wrapper/u_pcie_phy/inst/Uscale_gt.us_gt_phy_wrapper/gt_wizard.gtwizard_top_i/pcie_phy_0_gt_i_n_46
    SLICE_X100Y111       LUT1 (Prop_F6LUT_SLICEM_I0_O)
                                                      0.043     0.486 r  u_phy_wrapper/u_pcie_phy/inst/Uscale_gt.us_gt_phy_wrapper/gt_wizard.gtwizard_top_i/pcie_phy_0_gt_i_i_3/O
                         net (fo=5, routed)           0.602     1.088    u_phy_wrapper/u_pcie_phy/inst/Uscale_gt.us_gt_phy_wrapper/gt_wizard.gtwizard_top_i/pcie_phy_0_gt_i/inst/gen_gtwizard_gthe3_top.pcie_phy_0_gt_gtwizard_gthe3_inst/gen_gtwizard_gthe3.gen_channel_container[1].gen_enabled_channel.gthe3_channel_wrapper_inst/channel_inst/rx8b10ben_in[0]
    GTHE3_CHANNEL_X0Y7   GTHE3_CHANNEL                                r  u_phy_wrapper/u_pcie_phy/inst/Uscale_gt.us_gt_phy_wrapper/gt_wizard.gtwizard_top_i/pcie_phy_0_gt_i/inst/gen_gtwizard_gthe3_top.pcie_phy_0_gt_gtwizard_gthe3_inst/gen_gtwizard_gthe3.gen_channel_container[1].gen_enabled_channel.gthe3_channel_wrapper_inst/channel_inst/gthe3_channel_gen.gen_gthe3_channel_inst[0].GTHE3_CHANNEL_PRIM_INST/RX8B10BEN
  -------------------------------------------------------------------    -------------------

                         (clock txoutclk_out[0] rise edge)
                                                      0.000     0.000 r  
    GTHE3_CHANNEL_X0Y7   GTHE3_CHANNEL                0.000     0.000 r  u_phy_wrapper/u_pcie_phy/inst/Uscale_gt.us_gt_phy_wrapper/gt_wizard.gtwizard_top_i/pcie_phy_0_gt_i/inst/gen_gtwizard_gthe3_top.pcie_phy_0_gt_gtwizard_gthe3_inst/gen_gtwizard_gthe3.gen_channel_container[1].gen_enabled_channel.gthe3_channel_wrapper_inst/channel_inst/gthe3_channel_gen.gen_gthe3_channel_inst[0].GTHE3_CHANNEL_PRIM_INST/TXOUTCLK
                         net (fo=3, routed)           0.046     0.046    u_phy_wrapper/u_pcie_phy/inst/Uscale_gt.us_gt_phy_wrapper/phy_clk_i/CLK_USERCLK_IN
    BUFG_GT_X0Y25        BUFG_GT (Prop_BUFG_GT_I_O)
                                                      0.283     0.329 r  u_phy_wrapper/u_pcie_phy/inst/Uscale_gt.us_gt_phy_wrapper/phy_clk_i/bufg_gt_pclk/O
    X2Y1 (CLOCK_ROOT)    net (fo=2034, routed)        1.775     2.104    u_phy_wrapper/u_pcie_phy/inst/Uscale_gt.us_gt_phy_wrapper/gt_wizard.gtwizard_top_i/pcie_phy_0_gt_i/inst/gen_gtwizard_gthe3_top.pcie_phy_0_gt_gtwizard_gthe3_inst/gen_gtwizard_gthe3.gen_channel_container[1].gen_enabled_channel.gthe3_channel_wrapper_inst/channel_inst/rxusrclk_in[0]
    GTHE3_CHANNEL_X0Y7   GTHE3_CHANNEL                                r  u_phy_wrapper/u_pcie_phy/inst/Uscale_gt.us_gt_phy_wrapper/gt_wizard.gtwizard_top_i/pcie_phy_0_gt_i/inst/gen_gtwizard_gthe3_top.pcie_phy_0_gt_gtwizard_gthe3_inst/gen_gtwizard_gthe3.gen_channel_container[1].gen_enabled_channel.gthe3_channel_wrapper_inst/channel_inst/gthe3_channel_gen.gen_gthe3_channel_inst[0].GTHE3_CHANNEL_PRIM_INST/RXUSRCLK2





Min Delay Paths
--------------------------------------------------------------------------------------
Slack:                    inf
  Source:                 u_phy_wrapper/u_pcie_phy/inst/Uscale_gt.us_gt_phy_wrapper/gt_wizard.gtwizard_top_i/pcie_phy_0_gt_i/inst/gen_gtwizard_gthe3_top.pcie_phy_0_gt_gtwizard_gthe3_inst/gen_gtwizard_gthe3.gen_common.gen_common_container[1].gen_enabled_common.gthe3_common_wrapper_inst/common_inst/gthe3_common_gen.GTHE3_COMMON_PRIM_INST/QPLL1FBCLKLOST
                            (internal pin)
  Destination:            u_ila_phy_golden/inst/PROBE_PIPE.shift_probes_reg[0][21]/D
                            (rising edge-triggered cell FDRE clocked by txoutclk_out[0]  {rise@0.000ns fall@2.000ns period=4.000ns})
  Path Group:             (none)
  Path Type:              Hold (Min at Fast Process Corner)
  Data Path Delay:        0.201ns  (logic 0.000ns (0.000%)  route 0.201ns (100.000%))
  Logic Levels:           0  
  Clock Uncertainty:      0.025ns  ((TSJ^2 + TIJ^2)^1/2 + DJ) / 2 + PE
    Total System Jitter     (TSJ):    0.050ns
    Total Input Jitter      (TIJ):    0.000ns
    Discrete Jitter          (DJ):    0.000ns
    Phase Error              (PE):    0.000ns
  Clock Net Delay (Destination): 1.170ns (routing 0.387ns, distribution 0.783ns)

    Location             Delay type                Incr(ns)  Path(ns)    Netlist Resource(s)
  -------------------------------------------------------------------    -------------------
    GTHE3_COMMON_X0Y1    GTHE3_COMMON                 0.000     0.000 r  u_phy_wrapper/u_pcie_phy/inst/Uscale_gt.us_gt_phy_wrapper/gt_wizard.gtwizard_top_i/pcie_phy_0_gt_i/inst/gen_gtwizard_gthe3_top.pcie_phy_0_gt_gtwizard_gthe3_inst/gen_gtwizard_gthe3.gen_common.gen_common_container[1].gen_enabled_common.gthe3_common_wrapper_inst/common_inst/gthe3_common_gen.GTHE3_COMMON_PRIM_INST/QPLL1FBCLKLOST
                         net (fo=1, routed)           0.201     0.201    u_ila_phy_golden/inst/probe0[21]
    SLICE_X94Y106        FDRE                                         r  u_ila_phy_golden/inst/PROBE_PIPE.shift_probes_reg[0][21]/D
  -------------------------------------------------------------------    -------------------

                         (clock txoutclk_out[0] rise edge)
                                                      0.000     0.000 r  
    GTHE3_CHANNEL_X0Y7   GTHE3_CHANNEL                0.000     0.000 r  u_phy_wrapper/u_pcie_phy/inst/Uscale_gt.us_gt_phy_wrapper/gt_wizard.gtwizard_top_i/pcie_phy_0_gt_i/inst/gen_gtwizard_gthe3_top.pcie_phy_0_gt_gtwizard_gthe3_inst/gen_gtwizard_gthe3.gen_channel_container[1].gen_enabled_channel.gthe3_channel_wrapper_inst/channel_inst/gthe3_channel_gen.gen_gthe3_channel_inst[0].GTHE3_CHANNEL_PRIM_INST/TXOUTCLK
                         net (fo=3, routed)           0.035     0.035    u_phy_wrapper/u_pcie_phy/inst/Uscale_gt.us_gt_phy_wrapper/phy_clk_i/CLK_USERCLK_IN
    BUFG_GT_X0Y25        BUFG_GT (Prop_BUFG_GT_I_O)
                                                      0.130     0.165 r  u_phy_wrapper/u_pcie_phy/inst/Uscale_gt.us_gt_phy_wrapper/phy_clk_i/bufg_gt_pclk/O
    X2Y1 (CLOCK_ROOT)    net (fo=2034, routed)        1.170     1.335    u_ila_phy_golden/inst/clk1x
    SLICE_X94Y106        FDRE                                         r  u_ila_phy_golden/inst/PROBE_PIPE.shift_probes_reg[0][21]/C





