Sample in Buffer,Sample in Window,TRIGGER,phy_rate[2:0],phy_phystatus_debug,debug_state[7:0],as_mac_in_detect,as_cdr_hold_req,u_phy_wrapper/u_pcie_phy/inst/Uscale_gt.us_gt_phy_wrapper/gt_wizard.gtwizard_top_i/pcie_phy_0_gt_i/inst/gen_gtwizard_gthe3_top.pcie_phy_0_gt_gtwizard_gthe3_inst/gen_gtwizard_gthe3.gen_common.gen_common_container[1].gen_enabled_common.gthe3_common_wrapper_inst/common_inst/qpll1reset_in[0:0],u_phy_wrapper/u_pcie_phy/inst/Uscale_gt.us_gt_phy_wrapper/gt_wizard.gtwizard_top_i/pcie_phy_0_gt_i/inst/gen_gtwizard_gthe3_top.pcie_phy_0_gt_gtwizard_gthe3_inst/gen_gtwizard_gthe3.gen_common.gen_common_container[1].gen_enabled_common.gthe3_common_wrapper_inst/common_inst/pcsrsvdin_in[0:0],u_phy_wrapper/u_pcie_phy/inst/Uscale_gt.us_gt_phy_wrapper/gt_wizard.gtwizard_top_i/pcie_phy_0_gt_i/inst/gen_gtwizard_gthe3_top.pcie_phy_0_gt_gtwizard_gthe3_inst/gen_gtwizard_gthe3.gen_channel_container[1].gen_enabled_channel.gthe3_channel_wrapper_inst/channel_inst/pcierateqpllreset_out[0:0],u_phy_wrapper/u_pcie_phy/inst/Uscale_gt.us_gt_phy_wrapper/gt_wizard.gtwizard_top_i/pcie_phy_0_gt_i/inst/gen_gtwizard_gthe3_top.pcie_phy_0_gt_gtwizard_gthe3_inst/gen_gtwizard_gthe3.gen_channel_container[1].gen_enabled_channel.gthe3_channel_wrapper_inst/channel_inst/gthe3_channel_gen.gen_gthe3_channel_inst[0].GTHE3_CHANNEL_PRIM_INST_n_277,u_phy_wrapper/u_pcie_phy/inst/Uscale_gt.us_gt_phy_wrapper/gt_wizard.gtwizard_top_i/pcie_phy_0_gt_i/inst/gen_gtwizard_gthe3_top.pcie_phy_0_gt_gtwizard_gthe3_inst/gen_gtwizard_gthe3.gen_channel_container[1].gen_enabled_channel.gthe3_channel_wrapper_inst/channel_inst/pcierategen3_out[0:0],u_phy_wrapper/u_pcie_phy/inst/Uscale_gt.us_gt_phy_wrapper/gt_wizard.gtwizard_top_i/pcie_phy_0_gt_i/inst/gen_gtwizard_gthe3_top.pcie_phy_0_gt_gtwizard_gthe3_inst/gen_gtwizard_gthe3.gen_channel_container[1].gen_enabled_channel.gthe3_channel_wrapper_inst/channel_inst/gthe3_channel_gen.gen_gthe3_channel_inst[0].GTHE3_CHANNEL_PRIM_INST_n_12,u_phy_wrapper/u_pcie_phy/inst/Uscale_gt.us_gt_phy_wrapper/gt_wizard.gtwizard_top_i/pcie_phy_0_gt_i/inst/gen_gtwizard_gthe3_top.pcie_phy_0_gt_gtwizard_gthe3_inst/gen_gtwizard_gthe3.gen_common.gen_common_container[1].gen_enabled_common.gthe3_common_wrapper_inst/common_inst/gthe3_common_gen.GTHE3_COMMON_PRIM_INST_n_10,u_phy_wrapper/u_pcie_phy/inst/Uscale_gt.us_gt_phy_wrapper/gt_wizard.gtwizard_top_i/pcie_phy_0_gt_i/inst/gen_gtwizard_gthe3_top.pcie_phy_0_gt_gtwizard_gthe3_inst/gen_gtwizard_gthe3.gen_common.gen_common_container[1].gen_enabled_common.gthe3_common_wrapper_inst/common_inst/gthe3_common_gen.GTHE3_COMMON_PRIM_INST_n_6,seq_state[3:0],gen3_request,tx_elec_idle,phy_ready_en,gen1_en,gen2_en,gen3_en,gen4_en,phy_phystatus_rst_debug
Radix - UNSIGNED,UNSIGNED,UNSIGNED,HEX,HEX,HEX,HEX,HEX,HEX,HEX,HEX,HEX,HEX,HEX,HEX,HEX,HEX,HEX,HEX,HEX,HEX,HEX,HEX,HEX,HEX
0,0,0,0,1,00,1,0,1,0,0,0,0,0,1,1,"S_RESET",0,1,0,0,0,0,0,1
1,1,0,0,1,00,1,0,1,0,0,0,0,0,1,1,"S_RESET",0,1,0,0,0,0,0,1
2,2,0,0,1,00,1,0,1,0,0,0,0,0,1,1,"S_RESET",0,1,0,0,0,0,0,1
3,3,0,0,1,00,1,0,1,0,0,0,0,0,1,1,"S_RESET",0,1,0,0,0,0,0,1
4,4,0,0,1,00,1,0,1,0,0,0,0,0,1,1,"S_RESET",0,1,0,0,0,0,0,1
5,5,0,0,1,00,1,0,1,0,0,0,0,0,1,1,"S_RESET",0,1,0,0,0,0,0,1
6,6,0,0,1,00,1,0,1,0,0,0,0,0,1,1,"S_RESET",0,1,0,0,0,0,0,1
7,7,0,0,1,00,1,0,1,0,0,0,0,0,1,1,"S_RESET",0,1,0,0,0,0,0,1
8,8,0,0,1,00,1,0,1,0,0,0,0,0,1,1,"S_RESET",0,1,0,0,0,0,0,1
9,9,0,0,1,00,1,0,1,0,0,0,0,0,1,1,"S_RESET",0,1,0,0,0,0,0,1
10,10,0,0,1,00,1,0,1,0,0,0,0,0,1,1,"S_RESET",0,1,0,0,0,0,0,1
11,11,0,0,1,00,1,0,1,0,0,0,0,0,1,1,"S_RESET",0,1,0,0,0,0,0,1
12,12,0,0,1,00,1,0,1,0,0,0,0,0,1,1,"S_RESET",0,1,0,0,0,0,0,1
13,13,0,0,1,00,1,0,1,0,0,0,0,0,1,1,"S_RESET",0,1,0,0,0,0,0,1
14,14,0,0,1,00,1,0,1,0,0,0,0,0,1,1,"S_RESET",0,1,0,0,0,0,0,1
15,15,0,0,1,00,1,0,1,0,0,0,0,0,1,1,"S_RESET",0,1,0,0,0,0,0,1
16,16,0,0,1,00,1,0,1,0,0,0,0,0,1,1,"S_RESET",0,1,0,0,0,0,0,1
17,17,0,0,1,00,1,0,1,0,0,0,0,0,1,1,"S_RESET",0,1,0,0,0,0,0,1
18,18,0,0,1,00,1,0,1,0,0,0,0,0,1,1,"S_RESET",0,1,0,0,0,0,0,1
19,19,0,0,1,00,1,0,1,0,0,0,0,0,1,1,"S_RESET",0,1,0,0,0,0,0,1
20,20,0,0,1,00,1,0,1,0,0,0,0,0,1,1,"S_RESET",0,1,0,0,0,0,0,1
21,21,0,0,1,00,1,0,1,0,0,0,0,0,1,1,"S_RESET",0,1,0,0,0,0,0,1
22,22,0,0,1,00,1,0,1,0,0,0,0,0,1,1,"S_RESET",0,1,0,0,0,0,0,1
23,23,0,0,1,00,1,0,1,0,0,0,0,0,1,1,"S_RESET",0,1,0,0,0,0,0,1
24,24,0,0,1,00,1,0,1,0,0,0,0,0,1,1,"S_RESET",0,1,0,0,0,0,0,1
25,25,0,0,1,00,1,0,1,0,0,0,0,0,1,1,"S_RESET",0,1,0,0,0,0,0,1
26,26,0,0,1,00,1,0,1,0,0,0,0,0,1,1,"S_RESET",0,1,0,0,0,0,0,1
27,27,0,0,1,00,1,0,1,0,0,0,0,0,1,1,"S_RESET",0,1,0,0,0,0,0,1
28,28,0,0,1,00,1,0,1,0,0,0,0,0,1,1,"S_RESET",0,1,0,0,0,0,0,1
29,29,0,0,1,00,1,0,1,0,0,0,0,0,1,1,"S_RESET",0,1,0,0,0,0,0,1
30,30,0,0,1,00,1,0,1,0,0,0,0,0,1,1,"S_RESET",0,1,0,0,0,0,0,1
31,31,0,0,1,00,1,0,1,0,0,0,0,0,1,1,"S_RESET",0,1,0,0,0,0,0,1
32,32,0,0,1,00,1,0,1,0,0,0,0,0,1,1,"S_RESET",0,1,0,0,0,0,0,1
33,33,0,0,1,00,1,0,1,0,0,0,0,0,1,1,"S_RESET",0,1,0,0,0,0,0,1
34,34,0,0,1,00,1,0,1,0,0,0,0,0,1,1,"S_RESET",0,1,0,0,0,0,0,1
35,35,0,0,1,00,1,0,1,0,0,0,0,0,1,1,"S_RESET",0,1,0,0,0,0,0,1
36,36,0,0,1,00,1,0,1,0,0,0,0,0,1,1,"S_RESET",0,1,0,0,0,0,0,1
37,37,0,0,1,00,1,0,1,0,0,0,0,0,1,1,"S_RESET",0,1,0,0,0,0,0,1
38,38,0,0,1,00,1,0,1,0,0,0,0,0,1,1,"S_RESET",0,1,0,0,0,0,0,1
39,39,0,0,1,00,1,0,1,0,0,0,0,0,1,1,"S_RESET",0,1,0,0,0,0,0,1
40,40,0,0,1,00,1,0,1,0,0,0,0,0,1,1,"S_RESET",0,1,0,0,0,0,0,1
41,41,0,0,1,00,1,0,1,0,0,0,0,0,1,1,"S_RESET",0,1,0,0,0,0,0,1
42,42,0,0,1,00,1,0,1,0,0,0,0,0,1,1,"S_RESET",0,1,0,0,0,0,0,1
43,43,0,0,1,00,1,0,1,0,0,0,0,0,1,1,"S_RESET",0,1,0,0,0,0,0,1
44,44,0,0,1,00,1,0,1,0,0,0,0,0,1,1,"S_RESET",0,1,0,0,0,0,0,1
45,45,0,0,1,00,1,0,1,0,0,0,0,0,1,1,"S_RESET",0,1,0,0,0,0,0,1
46,46,0,0,1,00,1,0,1,0,0,0,0,0,1,1,"S_RESET",0,1,0,0,0,0,0,1
47,47,0,0,1,00,1,0,1,0,0,0,0,0,1,1,"S_RESET",0,1,0,0,0,0,0,1
48,48,0,0,1,00,1,0,1,0,0,0,0,0,1,1,"S_RESET",0,1,0,0,0,0,0,1
49,49,0,0,1,00,1,0,1,0,0,0,0,0,1,1,"S_RESET",0,1,0,0,0,0,0,1
50,50,0,0,1,00,1,0,1,0,0,0,0,0,1,1,"S_RESET",0,1,0,0,0,0,0,1
51,51,0,0,1,00,1,0,1,0,0,0,0,0,1,1,"S_RESET",0,1,0,0,0,0,0,1
52,52,0,0,1,00,1,0,1,0,0,0,0,0,1,1,"S_RESET",0,1,0,0,0,0,0,1
53,53,0,0,1,00,1,0,1,0,0,0,0,0,1,1,"S_RESET",0,1,0,0,0,0,0,1
54,54,0,0,1,00,1,0,1,0,0,0,0,0,1,1,"S_RESET",0,1,0,0,0,0,0,1
55,55,0,0,1,00,1,0,1,0,0,0,0,0,1,1,"S_RESET",0,1,0,0,0,0,0,1
56,56,0,0,1,00,1,0,1,0,0,0,0,0,1,1,"S_RESET",0,1,0,0,0,0,0,1
57,57,0,0,1,00,1,0,1,0,0,0,0,0,1,1,"S_RESET",0,1,0,0,0,0,0,1
58,58,0,0,1,00,1,0,1,0,0,0,0,0,1,1,"S_RESET",0,1,0,0,0,0,0,1
59,59,0,0,1,00,1,0,1,0,0,0,0,0,1,1,"S_RESET",0,1,0,0,0,0,0,1
60,60,0,0,1,00,1,0,1,0,0,0,0,0,1,1,"S_RESET",0,1,0,0,0,0,0,1
61,61,0,0,1,00,1,0,1,0,0,0,0,0,1,1,"S_RESET",0,1,0,0,0,0,0,1
62,62,0,0,1,00,1,0,1,0,0,0,0,0,1,1,"S_RESET",0,1,0,0,0,0,0,1
63,63,0,0,1,00,1,0,1,0,0,0,0,0,1,1,"S_RESET",0,1,0,0,0,0,0,1
64,64,0,0,1,00,1,0,1,0,0,0,0,0,1,1,"S_RESET",0,1,0,0,0,0,0,1
65,65,0,0,1,00,1,0,1,0,0,0,0,0,1,1,"S_RESET",0,1,0,0,0,0,0,1
66,66,0,0,1,00,1,0,1,0,0,0,0,0,1,1,"S_RESET",0,1,0,0,0,0,0,1
67,67,0,0,1,00,1,0,1,0,0,0,0,0,1,1,"S_RESET",0,1,0,0,0,0,0,1
68,68,0,0,1,00,1,0,1,0,0,0,0,0,1,1,"S_RESET",0,1,0,0,0,0,0,1
69,69,0,0,1,00,1,0,1,0,0,0,0,0,1,1,"S_RESET",0,1,0,0,0,0,0,1
70,70,0,0,1,00,1,0,1,0,0,0,0,0,1,1,"S_RESET",0,1,0,0,0,0,0,1
71,71,0,0,1,00,1,0,1,0,0,0,0,0,1,1,"S_RESET",0,1,0,0,0,0,0,1
72,72,0,0,1,00,1,0,1,0,0,0,0,0,1,1,"S_RESET",0,1,0,0,0,0,0,1
73,73,0,0,1,00,1,0,1,0,0,0,0,0,1,1,"S_RESET",0,1,0,0,0,0,0,1
74,74,0,0,1,00,1,0,1,0,0,0,0,0,1,1,"S_RESET",0,1,0,0,0,0,0,1
75,75,0,0,1,00,1,0,1,0,0,0,0,0,1,1,"S_RESET",0,1,0,0,0,0,0,1
76,76,0,0,1,00,1,0,1,0,0,0,0,0,1,1,"S_RESET",0,1,0,0,0,0,0,1
77,77,0,0,1,00,1,0,1,0,0,0,0,0,1,1,"S_RESET",0,1,0,0,0,0,0,1
78,78,0,0,1,00,1,0,1,0,0,0,0,0,1,1,"S_RESET",0,1,0,0,0,0,0,1
79,79,0,0,1,00,1,0,1,0,0,0,0,0,1,1,"S_RESET",0,1,0,0,0,0,0,1
80,80,0,0,1,00,1,0,1,0,0,0,0,0,1,1,"S_RESET",0,1,0,0,0,0,0,1
81,81,0,0,1,00,1,0,1,0,0,0,0,0,1,1,"S_RESET",0,1,0,0,0,0,0,1
82,82,0,0,1,00,1,0,1,0,0,0,0,0,1,1,"S_RESET",0,1,0,0,0,0,0,1
83,83,0,0,1,00,1,0,1,0,0,0,0,0,1,1,"S_RESET",0,1,0,0,0,0,0,1
84,84,0,0,1,00,1,0,1,0,0,0,0,0,1,1,"S_RESET",0,1,0,0,0,0,0,1
85,85,0,0,1,00,1,0,1,0,0,0,0,0,1,1,"S_RESET",0,1,0,0,0,0,0,1
86,86,0,0,1,00,1,0,1,0,0,0,0,0,1,1,"S_RESET",0,1,0,0,0,0,0,1
87,87,0,0,1,00,1,0,1,0,0,0,0,0,1,1,"S_RESET",0,1,0,0,0,0,0,1
88,88,0,0,1,00,1,0,1,0,0,0,0,0,1,1,"S_RESET",0,1,0,0,0,0,0,1
89,89,0,0,1,00,1,0,1,0,0,0,0,0,1,1,"S_RESET",0,1,0,0,0,0,0,1
90,90,0,0,1,00,1,0,1,0,0,0,0,0,1,1,"S_RESET",0,1,0,0,0,0,0,1
91,91,0,0,1,00,1,0,1,0,0,0,0,0,1,1,"S_RESET",0,1,0,0,0,0,0,1
92,92,0,0,1,00,1,0,1,0,0,0,0,0,1,1,"S_RESET",0,1,0,0,0,0,0,1
93,93,0,0,1,00,1,0,1,0,0,0,0,0,1,1,"S_RESET",0,1,0,0,0,0,0,1
94,94,0,0,1,00,1,0,1,0,0,0,0,0,1,1,"S_RESET",0,1,0,0,0,0,0,1
95,95,0,0,1,00,1,0,1,0,0,0,0,0,1,1,"S_RESET",0,1,0,0,0,0,0,1
96,96,0,0,1,00,1,0,1,0,0,0,0,0,1,1,"S_RESET",0,1,0,0,0,0,0,1
97,97,0,0,1,00,1,0,1,0,0,0,0,0,1,1,"S_RESET",0,1,0,0,0,0,0,1
98,98,0,0,1,00,1,0,1,0,0,0,0,0,1,1,"S_RESET",0,1,0,0,0,0,0,1
99,99,0,0,1,00,1,0,1,0,0,0,0,0,1,1,"S_RESET",0,1,0,0,0,0,0,1
100,100,0,0,1,00,1,0,1,0,0,0,0,0,1,1,"S_RESET",0,1,0,0,0,0,0,1
101,101,0,0,1,00,1,0,1,0,0,0,0,0,1,1,"S_RESET",0,1,0,0,0,0,0,1
102,102,0,0,1,00,1,0,1,0,0,0,0,0,1,1,"S_RESET",0,1,0,0,0,0,0,1
103,103,0,0,1,00,1,0,1,0,0,0,0,0,1,1,"S_RESET",0,1,0,0,0,0,0,1
104,104,0,0,1,00,1,0,1,0,0,0,0,0,1,1,"S_RESET",0,1,0,0,0,0,0,1
105,105,0,0,1,00,1,0,1,0,0,0,0,0,1,1,"S_RESET",0,1,0,0,0,0,0,1
106,106,0,0,1,00,1,0,1,0,0,0,0,0,1,1,"S_RESET",0,1,0,0,0,0,0,1
107,107,0,0,1,00,1,0,1,0,0,0,0,0,1,1,"S_RESET",0,1,0,0,0,0,0,1
108,108,0,0,1,00,1,0,1,0,0,0,0,0,1,1,"S_RESET",0,1,0,0,0,0,0,1
109,109,0,0,1,00,1,0,1,0,0,0,0,0,1,1,"S_RESET",0,1,0,0,0,0,0,1
110,110,0,0,1,00,1,0,1,0,0,0,0,0,1,1,"S_RESET",0,1,0,0,0,0,0,1
111,111,0,0,1,00,1,0,1,0,0,0,0,0,1,1,"S_RESET",0,1,0,0,0,0,0,1
112,112,0,0,1,00,1,0,1,0,0,0,0,0,1,1,"S_RESET",0,1,0,0,0,0,0,1
113,113,0,0,1,00,1,0,1,0,0,0,0,0,1,1,"S_RESET",0,1,0,0,0,0,0,1
114,114,0,0,1,00,1,0,1,0,0,0,0,0,1,1,"S_RESET",0,1,0,0,0,0,0,1
115,115,0,0,1,00,1,0,1,0,0,0,0,0,1,1,"S_RESET",0,1,0,0,0,0,0,1
116,116,0,0,1,00,1,0,1,0,0,0,0,0,1,1,"S_RESET",0,1,0,0,0,0,0,1
117,117,0,0,1,00,1,0,1,0,0,0,0,0,1,1,"S_RESET",0,1,0,0,0,0,0,1
118,118,0,0,1,00,1,0,1,0,0,0,0,0,1,1,"S_RESET",0,1,0,0,0,0,0,1
119,119,0,0,1,00,1,0,1,0,0,0,0,0,1,1,"S_RESET",0,1,0,0,0,0,0,1
120,120,0,0,1,00,1,0,1,0,0,0,0,0,1,1,"S_RESET",0,1,0,0,0,0,0,1
121,121,0,0,1,00,1,0,1,0,0,0,0,0,1,1,"S_RESET",0,1,0,0,0,0,0,1
122,122,0,0,1,00,1,0,1,0,0,0,0,0,1,1,"S_RESET",0,1,0,0,0,0,0,1
123,123,0,0,1,00,1,0,1,0,0,0,0,0,1,1,"S_RESET",0,1,0,0,0,0,0,1
124,124,0,0,1,00,1,0,1,0,0,0,0,0,1,1,"S_RESET",0,1,0,0,0,0,0,1
125,125,0,0,1,00,1,0,1,0,0,0,0,0,1,1,"S_RESET",0,1,0,0,0,0,0,1
126,126,0,0,1,00,1,0,1,0,0,0,0,0,1,1,"S_RESET",0,1,0,0,0,0,0,1
127,127,0,0,1,00,1,0,1,0,0,0,0,0,1,1,"S_RESET",0,1,0,0,0,0,0,1
128,128,0,0,1,00,1,0,1,0,0,0,0,0,1,1,"S_RESET",0,1,0,0,0,0,0,1
129,129,0,0,1,00,1,0,1,0,0,0,0,0,1,1,"S_RESET",0,1,0,0,0,0,0,1
130,130,0,0,1,00,1,0,1,0,0,0,0,0,1,1,"S_RESET",0,1,0,0,0,0,0,1
131,131,0,0,1,00,1,0,1,0,0,0,0,0,1,1,"S_RESET",0,1,0,0,0,0,0,1
132,132,0,0,1,00,1,0,1,0,0,0,0,0,1,1,"S_RESET",0,1,0,0,0,0,0,1
133,133,0,0,1,00,1,0,1,0,0,0,0,0,1,1,"S_RESET",0,1,0,0,0,0,0,1
134,134,0,0,1,00,1,0,1,0,0,0,0,0,1,1,"S_RESET",0,1,0,0,0,0,0,1
135,135,0,0,1,00,1,0,1,0,0,0,0,0,1,1,"S_RESET",0,1,0,0,0,0,0,1
136,136,0,0,1,00,1,0,1,0,0,0,0,0,1,1,"S_RESET",0,1,0,0,0,0,0,1
137,137,0,0,1,00,1,0,1,0,0,0,0,0,1,1,"S_RESET",0,1,0,0,0,0,0,1
138,138,0,0,1,00,1,0,1,0,0,0,0,0,1,1,"S_RESET",0,1,0,0,0,0,0,1
139,139,0,0,1,00,1,0,1,0,0,0,0,0,1,1,"S_RESET",0,1,0,0,0,0,0,1
140,140,0,0,1,00,1,0,1,0,0,0,0,0,1,1,"S_RESET",0,1,0,0,0,0,0,1
141,141,0,0,1,00,1,0,1,0,0,0,0,0,1,1,"S_RESET",0,1,0,0,0,0,0,1
142,142,0,0,1,00,1,0,1,0,0,0,0,0,1,1,"S_RESET",0,1,0,0,0,0,0,1
143,143,0,0,1,00,1,0,1,0,0,0,0,0,1,1,"S_RESET",0,1,0,0,0,0,0,1
144,144,0,0,1,00,1,0,1,0,0,0,0,0,1,1,"S_RESET",0,1,0,0,0,0,0,1
145,145,0,0,1,00,1,0,1,0,0,0,0,0,1,1,"S_RESET",0,1,0,0,0,0,0,1
146,146,0,0,1,00,1,0,1,0,0,0,0,0,1,1,"S_RESET",0,1,0,0,0,0,0,1
147,147,0,0,1,00,1,0,1,0,0,0,0,0,1,1,"S_RESET",0,1,0,0,0,0,0,1
148,148,0,0,1,00,1,0,1,0,0,0,0,0,1,1,"S_RESET",0,1,0,0,0,0,0,1
149,149,0,0,1,00,1,0,1,0,0,0,0,0,1,1,"S_RESET",0,1,0,0,0,0,0,1
150,150,0,0,1,00,1,0,1,0,0,0,0,0,1,1,"S_RESET",0,1,0,0,0,0,0,1
151,151,0,0,1,00,1,0,1,0,0,0,0,0,1,1,"S_RESET",0,1,0,0,0,0,0,1
152,152,0,0,1,00,1,0,1,0,0,0,0,0,1,1,"S_RESET",0,1,0,0,0,0,0,1
153,153,0,0,1,00,1,0,1,0,0,0,0,0,1,1,"S_RESET",0,1,0,0,0,0,0,1
154,154,0,0,1,00,1,0,1,0,0,0,0,0,1,1,"S_RESET",0,1,0,0,0,0,0,1
155,155,0,0,1,00,1,0,1,0,0,0,0,0,1,1,"S_RESET",0,1,0,0,0,0,0,1
156,156,0,0,1,00,1,0,1,0,0,0,0,0,1,1,"S_RESET",0,1,0,0,0,0,0,1
157,157,0,0,1,00,1,0,1,0,0,0,0,0,1,1,"S_RESET",0,1,0,0,0,0,0,1
158,158,0,0,1,00,1,0,1,0,0,0,0,0,1,1,"S_RESET",0,1,0,0,0,0,0,1
159,159,0,0,1,00,1,0,1,0,0,0,0,0,1,1,"S_RESET",0,1,0,0,0,0,0,1
160,160,0,0,1,00,1,0,1,0,0,0,0,0,1,1,"S_RESET",0,1,0,0,0,0,0,1
161,161,0,0,1,00,1,0,1,0,0,0,0,0,1,1,"S_RESET",0,1,0,0,0,0,0,1
162,162,0,0,1,00,1,0,1,0,0,0,0,0,1,1,"S_RESET",0,1,0,0,0,0,0,1
163,163,0,0,1,00,1,0,1,0,0,0,0,0,1,1,"S_RESET",0,1,0,0,0,0,0,1
164,164,0,0,1,00,1,0,1,0,0,0,0,0,1,1,"S_RESET",0,1,0,0,0,0,0,1
165,165,0,0,1,00,1,0,1,0,0,0,0,0,1,1,"S_RESET",0,1,0,0,0,0,0,1
166,166,0,0,1,00,1,0,1,0,0,0,0,0,1,1,"S_RESET",0,1,0,0,0,0,0,1
167,167,0,0,1,00,1,0,1,0,0,0,0,0,1,1,"S_RESET",0,1,0,0,0,0,0,1
168,168,0,0,1,00,1,0,1,0,0,0,0,0,1,1,"S_RESET",0,1,0,0,0,0,0,1
169,169,0,0,1,00,1,0,1,0,0,0,0,0,1,1,"S_RESET",0,1,0,0,0,0,0,1
170,170,0,0,1,00,1,0,1,0,0,0,0,0,1,1,"S_RESET",0,1,0,0,0,0,0,1
171,171,0,0,1,00,1,0,1,0,0,0,0,0,1,1,"S_RESET",0,1,0,0,0,0,0,1
172,172,0,0,1,00,1,0,1,0,0,0,0,0,1,1,"S_RESET",0,1,0,0,0,0,0,1
173,173,0,0,1,00,1,0,1,0,0,0,0,0,1,1,"S_RESET",0,1,0,0,0,0,0,1
174,174,0,0,1,00,1,0,1,0,0,0,0,0,1,1,"S_RESET",0,1,0,0,0,0,0,1
175,175,0,0,1,00,1,0,1,0,0,0,0,0,1,1,"S_RESET",0,1,0,0,0,0,0,1
176,176,0,0,1,00,1,0,1,0,0,0,0,0,1,1,"S_RESET",0,1,0,0,0,0,0,1
177,177,0,0,1,00,1,0,1,0,0,0,0,0,1,1,"S_RESET",0,1,0,0,0,0,0,1
178,178,0,0,1,00,1,0,1,0,0,0,0,0,1,1,"S_RESET",0,1,0,0,0,0,0,1
179,179,0,0,1,00,1,0,1,0,0,0,0,0,1,1,"S_RESET",0,1,0,0,0,0,0,1
180,180,0,0,1,00,1,0,1,0,0,0,0,0,1,1,"S_RESET",0,1,0,0,0,0,0,1
181,181,0,0,1,00,1,0,1,0,0,0,0,0,1,1,"S_RESET",0,1,0,0,0,0,0,1
182,182,0,0,1,00,1,0,1,0,0,0,0,0,1,1,"S_RESET",0,1,0,0,0,0,0,1
183,183,0,0,1,00,1,0,1,0,0,0,0,0,1,1,"S_RESET",0,1,0,0,0,0,0,1
184,184,0,0,1,00,1,0,1,0,0,0,0,0,1,1,"S_RESET",0,1,0,0,0,0,0,1
185,185,0,0,1,00,1,0,1,0,0,0,0,0,1,1,"S_RESET",0,1,0,0,0,0,0,1
186,186,0,0,1,00,1,0,1,0,0,0,0,0,1,1,"S_RESET",0,1,0,0,0,0,0,1
187,187,0,0,1,00,1,0,1,0,0,0,0,0,1,1,"S_RESET",0,1,0,0,0,0,0,1
188,188,0,0,1,00,1,0,1,0,0,0,0,0,1,1,"S_RESET",0,1,0,0,0,0,0,1
189,189,0,0,1,00,1,0,1,0,0,0,0,0,1,1,"S_RESET",0,1,0,0,0,0,0,1
190,190,0,0,1,00,1,0,1,0,0,0,0,0,1,1,"S_RESET",0,1,0,0,0,0,0,1
191,191,0,0,1,00,1,0,1,0,0,0,0,0,1,1,"S_RESET",0,1,0,0,0,0,0,1
192,192,0,0,1,00,1,0,1,0,0,0,0,0,1,1,"S_RESET",0,1,0,0,0,0,0,1
193,193,0,0,1,00,1,0,1,0,0,0,0,0,1,1,"S_RESET",0,1,0,0,0,0,0,1
194,194,0,0,1,00,1,0,1,0,0,0,0,0,1,1,"S_RESET",0,1,0,0,0,0,0,1
195,195,0,0,1,00,1,0,1,0,0,0,0,0,1,1,"S_RESET",0,1,0,0,0,0,0,1
196,196,0,0,1,00,1,0,1,0,0,0,0,0,1,1,"S_RESET",0,1,0,0,0,0,0,1
197,197,0,0,1,00,1,0,1,0,0,0,0,0,1,1,"S_RESET",0,1,0,0,0,0,0,1
198,198,0,0,1,00,1,0,1,0,0,0,0,0,1,1,"S_RESET",0,1,0,0,0,0,0,1
199,199,0,0,1,00,1,0,1,0,0,0,0,0,1,1,"S_RESET",0,1,0,0,0,0,0,1
200,200,0,0,1,00,1,0,1,0,0,0,0,0,1,1,"S_RESET",0,1,0,0,0,0,0,1
201,201,0,0,1,00,1,0,1,0,0,0,0,0,1,1,"S_RESET",0,1,0,0,0,0,0,1
202,202,0,0,1,00,1,0,1,0,0,0,0,0,1,1,"S_RESET",0,1,0,0,0,0,0,1
203,203,0,0,1,00,1,0,1,0,0,0,0,0,1,1,"S_RESET",0,1,0,0,0,0,0,1
204,204,0,0,1,00,1,0,1,0,0,0,0,0,1,1,"S_RESET",0,1,0,0,0,0,0,1
205,205,0,0,1,00,1,0,1,0,0,0,0,0,1,1,"S_RESET",0,1,0,0,0,0,0,1
206,206,0,0,1,00,1,0,1,0,0,0,0,0,1,1,"S_RESET",0,1,0,0,0,0,0,1
207,207,0,0,1,00,1,0,1,0,0,0,0,0,1,1,"S_RESET",0,1,0,0,0,0,0,1
208,208,0,0,1,00,1,0,1,0,0,0,0,0,1,1,"S_RESET",0,1,0,0,0,0,0,1
209,209,0,0,1,00,1,0,1,0,0,0,0,0,1,1,"S_RESET",0,1,0,0,0,0,0,1
210,210,0,0,1,00,1,0,1,0,0,0,0,0,1,1,"S_RESET",0,1,0,0,0,0,0,1
211,211,0,0,1,00,1,0,1,0,0,0,0,0,1,1,"S_RESET",0,1,0,0,0,0,0,1
212,212,0,0,1,00,1,0,1,0,0,0,0,0,1,1,"S_RESET",0,1,0,0,0,0,0,1
213,213,0,0,1,00,1,0,1,0,0,0,0,0,1,1,"S_RESET",0,1,0,0,0,0,0,1
214,214,0,0,1,00,1,0,1,0,0,0,0,0,1,1,"S_RESET",0,1,0,0,0,0,0,1
215,215,0,0,1,00,1,0,1,0,0,0,0,0,1,1,"S_RESET",0,1,0,0,0,0,0,1
216,216,0,0,1,00,1,0,1,0,0,0,0,0,1,1,"S_RESET",0,1,0,0,0,0,0,1
217,217,0,0,1,00,1,0,1,0,0,0,0,0,1,1,"S_RESET",0,1,0,0,0,0,0,1
218,218,0,0,1,00,1,0,1,0,0,0,0,0,1,1,"S_RESET",0,1,0,0,0,0,0,1
219,219,0,0,1,00,1,0,1,0,0,0,0,0,1,1,"S_RESET",0,1,0,0,0,0,0,1
220,220,0,0,1,00,1,0,1,0,0,0,0,0,1,1,"S_RESET",0,1,0,0,0,0,0,1
221,221,0,0,1,00,1,0,1,0,0,0,0,0,1,1,"S_RESET",0,1,0,0,0,0,0,1
222,222,0,0,1,00,1,0,1,0,0,0,0,0,1,1,"S_RESET",0,1,0,0,0,0,0,1
223,223,0,0,1,00,1,0,1,0,0,0,0,0,1,1,"S_RESET",0,1,0,0,0,0,0,1
224,224,0,0,1,00,1,0,1,0,0,0,0,0,1,1,"S_RESET",0,1,0,0,0,0,0,1
225,225,0,0,1,00,1,0,1,0,0,0,0,0,1,1,"S_RESET",0,1,0,0,0,0,0,1
226,226,0,0,1,00,1,0,1,0,0,0,0,0,1,1,"S_RESET",0,1,0,0,0,0,0,1
227,227,0,0,1,00,1,0,1,0,0,0,0,0,1,1,"S_RESET",0,1,0,0,0,0,0,1
228,228,0,0,1,00,1,0,1,0,0,0,0,0,1,1,"S_RESET",0,1,0,0,0,0,0,1
229,229,0,0,1,00,1,0,1,0,0,0,0,0,1,1,"S_RESET",0,1,0,0,0,0,0,1
230,230,0,0,1,00,1,0,1,0,0,0,0,0,1,1,"S_RESET",0,1,0,0,0,0,0,1
231,231,0,0,1,00,1,0,1,0,0,0,0,0,1,1,"S_RESET",0,1,0,0,0,0,0,1
232,232,0,0,1,00,1,0,1,0,0,0,0,0,1,1,"S_RESET",0,1,0,0,0,0,0,1
233,233,0,0,1,00,1,0,1,0,0,0,0,0,1,1,"S_RESET",0,1,0,0,0,0,0,1
234,234,0,0,1,00,1,0,1,0,0,0,0,0,1,1,"S_RESET",0,1,0,0,0,0,0,1
235,235,0,0,1,00,1,0,1,0,0,0,0,0,1,1,"S_RESET",0,1,0,0,0,0,0,1
236,236,0,0,1,00,1,0,1,0,0,0,0,0,1,1,"S_RESET",0,1,0,0,0,0,0,1
237,237,0,0,1,00,1,0,1,0,0,0,0,0,1,1,"S_RESET",0,1,0,0,0,0,0,1
238,238,0,0,1,00,1,0,1,0,0,0,0,0,1,1,"S_RESET",0,1,0,0,0,0,0,1
239,239,0,0,1,00,1,0,1,0,0,0,0,0,1,1,"S_RESET",0,1,0,0,0,0,0,1
240,240,0,0,1,00,1,0,1,0,0,0,0,0,1,1,"S_RESET",0,1,0,0,0,0,0,1
241,241,0,0,1,00,1,0,1,0,0,0,0,0,1,1,"S_RESET",0,1,0,0,0,0,0,1
242,242,0,0,1,00,1,0,1,0,0,0,0,0,1,1,"S_RESET",0,1,0,0,0,0,0,1
243,243,0,0,1,00,1,0,1,0,0,0,0,0,1,1,"S_RESET",0,1,0,0,0,0,0,1
244,244,0,0,1,00,1,0,1,0,0,0,0,0,1,1,"S_RESET",0,1,0,0,0,0,0,1
245,245,0,0,1,00,1,0,1,0,0,0,0,0,1,1,"S_RESET",0,1,0,0,0,0,0,1
246,246,0,0,1,00,1,0,1,0,0,0,0,0,1,1,"S_RESET",0,1,0,0,0,0,0,1
247,247,0,0,1,00,1,0,1,0,0,0,0,0,1,1,"S_RESET",0,1,0,0,0,0,0,1
248,248,0,0,1,00,1,0,1,0,0,0,0,0,1,1,"S_RESET",0,1,0,0,0,0,0,1
249,249,0,0,1,00,1,0,1,0,0,0,0,0,1,1,"S_RESET",0,1,0,0,0,0,0,1
250,250,0,0,1,00,1,0,1,0,0,0,0,0,1,1,"S_RESET",0,1,0,0,0,0,0,1
251,251,0,0,1,00,1,0,1,0,0,0,0,0,1,1,"S_RESET",0,1,0,0,0,0,0,1
252,252,0,0,1,00,1,0,1,0,0,0,0,0,1,1,"S_RESET",0,1,0,0,0,0,0,1
253,253,0,0,1,00,1,0,1,0,0,0,0,0,1,1,"S_RESET",0,1,0,0,0,0,0,1
254,254,0,0,1,00,1,0,1,0,0,0,0,0,1,1,"S_RESET",0,1,0,0,0,0,0,1
255,255,0,0,1,00,1,0,1,0,0,0,0,0,1,1,"S_RESET",0,1,0,0,0,0,0,1
256,256,0,0,1,00,1,0,1,0,0,0,0,0,1,1,"S_RESET",0,1,0,0,0,0,0,1
257,257,0,0,1,00,1,0,1,0,0,0,0,0,1,1,"S_RESET",0,1,0,0,0,0,0,1
258,258,0,0,1,00,1,0,1,0,0,0,0,0,1,1,"S_RESET",0,1,0,0,0,0,0,1
259,259,0,0,1,00,1,0,1,0,0,0,0,0,1,1,"S_RESET",0,1,0,0,0,0,0,1
260,260,0,0,1,00,1,0,1,0,0,0,0,0,1,1,"S_RESET",0,1,0,0,0,0,0,1
261,261,0,0,1,00,1,0,1,0,0,0,0,0,1,1,"S_RESET",0,1,0,0,0,0,0,1
262,262,0,0,1,00,1,0,1,0,0,0,0,0,1,1,"S_RESET",0,1,0,0,0,0,0,1
263,263,0,0,1,00,1,0,1,0,0,0,0,0,1,1,"S_RESET",0,1,0,0,0,0,0,1
264,264,0,0,1,00,1,0,1,0,0,0,0,0,1,1,"S_RESET",0,1,0,0,0,0,0,1
265,265,0,0,1,00,1,0,1,0,0,0,0,0,1,1,"S_RESET",0,1,0,0,0,0,0,1
266,266,0,0,1,00,1,0,1,0,0,0,0,0,1,1,"S_RESET",0,1,0,0,0,0,0,1
267,267,0,0,1,00,1,0,1,0,0,0,0,0,1,1,"S_RESET",0,1,0,0,0,0,0,1
268,268,0,0,1,00,1,0,1,0,0,0,0,0,1,1,"S_RESET",0,1,0,0,0,0,0,1
269,269,0,0,1,00,1,0,1,0,0,0,0,0,1,1,"S_RESET",0,1,0,0,0,0,0,1
270,270,0,0,1,00,1,0,1,0,0,0,0,0,1,1,"S_RESET",0,1,0,0,0,0,0,1
271,271,0,0,1,00,1,0,1,0,0,0,0,0,1,1,"S_RESET",0,1,0,0,0,0,0,1
272,272,0,0,1,00,1,0,1,0,0,0,0,0,1,1,"S_RESET",0,1,0,0,0,0,0,1
273,273,0,0,1,00,1,0,1,0,0,0,0,0,1,1,"S_RESET",0,1,0,0,0,0,0,1
274,274,0,0,1,00,1,0,1,0,0,0,0,0,1,1,"S_RESET",0,1,0,0,0,0,0,1
275,275,0,0,1,00,1,0,1,0,0,0,0,0,1,1,"S_RESET",0,1,0,0,0,0,0,1
276,276,0,0,1,00,1,0,1,0,0,0,0,0,1,1,"S_RESET",0,1,0,0,0,0,0,1
277,277,0,0,1,00,1,0,1,0,0,0,0,0,1,1,"S_RESET",0,1,0,0,0,0,0,1
278,278,0,0,1,00,1,0,1,0,0,0,0,0,1,1,"S_RESET",0,1,0,0,0,0,0,1
279,279,0,0,1,00,1,0,1,0,0,0,0,0,1,1,"S_RESET",0,1,0,0,0,0,0,1
280,280,0,0,1,00,1,0,1,0,0,0,0,0,1,1,"S_RESET",0,1,0,0,0,0,0,1
281,281,0,0,1,00,1,0,1,0,0,0,0,0,1,1,"S_RESET",0,1,0,0,0,0,0,1
282,282,0,0,1,00,1,0,1,0,0,0,0,0,1,1,"S_RESET",0,1,0,0,0,0,0,1
283,283,0,0,1,00,1,0,1,0,0,0,0,0,1,1,"S_RESET",0,1,0,0,0,0,0,1
284,284,0,0,1,00,1,0,1,0,0,0,0,0,1,1,"S_RESET",0,1,0,0,0,0,0,1
285,285,0,0,1,00,1,0,1,0,0,0,0,0,1,1,"S_RESET",0,1,0,0,0,0,0,1
286,286,0,0,1,00,1,0,1,0,0,0,0,0,1,1,"S_RESET",0,1,0,0,0,0,0,1
287,287,0,0,1,00,1,0,1,0,0,0,0,0,1,1,"S_RESET",0,1,0,0,0,0,0,1
288,288,0,0,1,00,1,0,1,0,0,0,0,0,1,1,"S_RESET",0,1,0,0,0,0,0,1
289,289,0,0,1,00,1,0,1,0,0,0,0,0,1,1,"S_RESET",0,1,0,0,0,0,0,1
290,290,0,0,1,00,1,0,1,0,0,0,0,0,1,1,"S_RESET",0,1,0,0,0,0,0,1
291,291,0,0,1,00,1,0,1,0,0,0,0,0,1,1,"S_RESET",0,1,0,0,0,0,0,1
292,292,0,0,1,00,1,0,1,0,0,0,0,0,1,1,"S_RESET",0,1,0,0,0,0,0,1
293,293,0,0,1,00,1,0,1,0,0,0,0,0,1,1,"S_RESET",0,1,0,0,0,0,0,1
294,294,0,0,1,00,1,0,1,0,0,0,0,0,1,1,"S_RESET",0,1,0,0,0,0,0,1
295,295,0,0,1,00,1,0,1,0,0,0,0,0,1,1,"S_RESET",0,1,0,0,0,0,0,1
296,296,0,0,1,00,1,0,1,0,0,0,0,0,1,1,"S_RESET",0,1,0,0,0,0,0,1
297,297,0,0,1,00,1,0,1,0,0,0,0,0,1,1,"S_RESET",0,1,0,0,0,0,0,1
298,298,0,0,1,00,1,0,1,0,0,0,0,0,1,1,"S_RESET",0,1,0,0,0,0,0,1
299,299,0,0,1,00,1,0,1,0,0,0,0,0,1,1,"S_RESET",0,1,0,0,0,0,0,1
300,300,0,0,1,00,1,0,1,0,0,0,0,0,1,1,"S_RESET",0,1,0,0,0,0,0,1
301,301,0,0,1,00,1,0,1,0,0,0,0,0,1,1,"S_RESET",0,1,0,0,0,0,0,1
302,302,0,0,1,00,1,0,1,0,0,0,0,0,1,1,"S_RESET",0,1,0,0,0,0,0,1
303,303,0,0,1,00,1,0,1,0,0,0,0,0,1,1,"S_RESET",0,1,0,0,0,0,0,1
304,304,0,0,1,00,1,0,1,0,0,0,0,0,1,1,"S_RESET",0,1,0,0,0,0,0,1
305,305,0,0,1,00,1,0,1,0,0,0,0,0,1,1,"S_RESET",0,1,0,0,0,0,0,1
306,306,0,0,1,00,1,0,1,0,0,0,0,0,1,1,"S_RESET",0,1,0,0,0,0,0,1
307,307,0,0,1,00,1,0,1,0,0,0,0,0,1,1,"S_RESET",0,1,0,0,0,0,0,1
308,308,0,0,1,00,1,0,1,0,0,0,0,0,1,1,"S_RESET",0,1,0,0,0,0,0,1
309,309,0,0,1,00,1,0,1,0,0,0,0,0,1,1,"S_RESET",0,1,0,0,0,0,0,1
310,310,0,0,1,00,1,0,1,0,0,0,0,0,1,1,"S_RESET",0,1,0,0,0,0,0,1
311,311,0,0,1,00,1,0,1,0,0,0,0,0,1,1,"S_RESET",0,1,0,0,0,0,0,1
312,312,0,0,1,00,1,0,1,0,0,0,0,0,1,1,"S_RESET",0,1,0,0,0,0,0,1
313,313,0,0,1,00,1,0,1,0,0,0,0,0,1,1,"S_RESET",0,1,0,0,0,0,0,1
314,314,0,0,1,00,1,0,1,0,0,0,0,0,1,1,"S_RESET",0,1,0,0,0,0,0,1
315,315,0,0,1,00,1,0,1,0,0,0,0,0,1,1,"S_RESET",0,1,0,0,0,0,0,1
316,316,0,0,1,00,1,0,1,0,0,0,0,0,1,1,"S_RESET",0,1,0,0,0,0,0,1
317,317,0,0,1,00,1,0,1,0,0,0,0,0,1,1,"S_RESET",0,1,0,0,0,0,0,1
318,318,0,0,1,00,1,0,1,0,0,0,0,0,1,1,"S_RESET",0,1,0,0,0,0,0,1
319,319,0,0,1,00,1,0,1,0,0,0,0,0,1,1,"S_RESET",0,1,0,0,0,0,0,1
320,320,0,0,1,00,1,0,1,0,0,0,0,0,1,1,"S_RESET",0,1,0,0,0,0,0,1
321,321,0,0,1,00,1,0,1,0,0,0,0,0,1,1,"S_RESET",0,1,0,0,0,0,0,1
322,322,0,0,1,00,1,0,1,0,0,0,0,0,1,1,"S_RESET",0,1,0,0,0,0,0,1
323,323,0,0,1,00,1,0,1,0,0,0,0,0,1,1,"S_RESET",0,1,0,0,0,0,0,1
324,324,0,0,1,00,1,0,1,0,0,0,0,0,1,1,"S_RESET",0,1,0,0,0,0,0,1
325,325,0,0,1,00,1,0,1,0,0,0,0,0,1,1,"S_RESET",0,1,0,0,0,0,0,1
326,326,0,0,1,00,1,0,1,0,0,0,0,0,1,1,"S_RESET",0,1,0,0,0,0,0,1
327,327,0,0,1,00,1,0,1,0,0,0,0,0,1,1,"S_RESET",0,1,0,0,0,0,0,1
328,328,0,0,1,00,1,0,1,0,0,0,0,0,1,1,"S_RESET",0,1,0,0,0,0,0,1
329,329,0,0,1,00,1,0,1,0,0,0,0,0,1,1,"S_RESET",0,1,0,0,0,0,0,1
330,330,0,0,1,00,1,0,1,0,0,0,0,0,1,1,"S_RESET",0,1,0,0,0,0,0,1
331,331,0,0,1,00,1,0,1,0,0,0,0,0,1,1,"S_RESET",0,1,0,0,0,0,0,1
332,332,0,0,1,00,1,0,1,0,0,0,0,0,1,1,"S_RESET",0,1,0,0,0,0,0,1
333,333,0,0,1,00,1,0,1,0,0,0,0,0,1,1,"S_RESET",0,1,0,0,0,0,0,1
334,334,0,0,1,00,1,0,1,0,0,0,0,0,1,1,"S_RESET",0,1,0,0,0,0,0,1
335,335,0,0,1,00,1,0,1,0,0,0,0,0,1,1,"S_RESET",0,1,0,0,0,0,0,1
336,336,0,0,1,00,1,0,1,0,0,0,0,0,1,1,"S_RESET",0,1,0,0,0,0,0,1
337,337,0,0,1,00,1,0,1,0,0,0,0,0,1,1,"S_RESET",0,1,0,0,0,0,0,1
338,338,0,0,1,00,1,0,1,0,0,0,0,0,1,1,"S_RESET",0,1,0,0,0,0,0,1
339,339,0,0,1,00,1,0,1,0,0,0,0,0,1,1,"S_RESET",0,1,0,0,0,0,0,1
340,340,0,0,1,00,1,0,1,0,0,0,0,0,1,1,"S_RESET",0,1,0,0,0,0,0,1
341,341,0,0,1,00,1,0,1,0,0,0,0,0,1,1,"S_RESET",0,1,0,0,0,0,0,1
342,342,0,0,1,00,1,0,1,0,0,0,0,0,1,1,"S_RESET",0,1,0,0,0,0,0,1
343,343,0,0,1,00,1,0,1,0,0,0,0,0,1,1,"S_RESET",0,1,0,0,0,0,0,1
344,344,0,0,1,00,1,0,1,0,0,0,0,0,1,1,"S_RESET",0,1,0,0,0,0,0,1
345,345,0,0,1,00,1,0,1,0,0,0,0,0,1,1,"S_RESET",0,1,0,0,0,0,0,1
346,346,0,0,1,00,1,0,1,0,0,0,0,0,1,1,"S_RESET",0,1,0,0,0,0,0,1
347,347,0,0,1,00,1,0,1,0,0,0,0,0,1,1,"S_RESET",0,1,0,0,0,0,0,1
348,348,0,0,1,00,1,0,1,0,0,0,0,0,1,1,"S_RESET",0,1,0,0,0,0,0,1
349,349,0,0,1,00,1,0,1,0,0,0,0,0,1,1,"S_RESET",0,1,0,0,0,0,0,1
350,350,0,0,1,00,1,0,1,0,0,0,0,0,1,1,"S_RESET",0,1,0,0,0,0,0,1
351,351,0,0,1,00,1,0,1,0,0,0,0,0,1,1,"S_RESET",0,1,0,0,0,0,0,1
352,352,0,0,1,00,1,0,1,0,0,0,0,0,1,1,"S_RESET",0,1,0,0,0,0,0,1
353,353,0,0,1,00,1,0,1,0,0,0,0,0,1,1,"S_RESET",0,1,0,0,0,0,0,1
354,354,0,0,1,00,1,0,1,0,0,0,0,0,1,1,"S_RESET",0,1,0,0,0,0,0,1
355,355,0,0,1,00,1,0,1,0,0,0,0,0,1,1,"S_RESET",0,1,0,0,0,0,0,1
356,356,0,0,1,00,1,0,1,0,0,0,0,0,1,1,"S_RESET",0,1,0,0,0,0,0,1
357,357,0,0,1,00,1,0,1,0,0,0,0,0,1,1,"S_RESET",0,1,0,0,0,0,0,1
358,358,0,0,1,00,1,0,1,0,0,0,0,0,1,1,"S_RESET",0,1,0,0,0,0,0,1
359,359,0,0,1,00,1,0,1,0,0,0,0,0,1,1,"S_RESET",0,1,0,0,0,0,0,1
360,360,0,0,1,00,1,0,1,0,0,0,0,0,1,1,"S_RESET",0,1,0,0,0,0,0,1
361,361,0,0,1,00,1,0,1,0,0,0,0,0,1,1,"S_RESET",0,1,0,0,0,0,0,1
362,362,0,0,1,00,1,0,1,0,0,0,0,0,1,1,"S_RESET",0,1,0,0,0,0,0,1
363,363,0,0,1,00,1,0,1,0,0,0,0,0,1,1,"S_RESET",0,1,0,0,0,0,0,1
364,364,0,0,1,00,1,0,1,0,0,0,0,0,1,1,"S_RESET",0,1,0,0,0,0,0,1
365,365,0,0,1,00,1,0,1,0,0,0,0,0,1,1,"S_RESET",0,1,0,0,0,0,0,1
366,366,0,0,1,00,1,0,1,0,0,0,0,0,1,1,"S_RESET",0,1,0,0,0,0,0,1
367,367,0,0,1,00,1,0,1,0,0,0,0,0,1,1,"S_RESET",0,1,0,0,0,0,0,1
368,368,0,0,1,00,1,0,1,0,0,0,0,0,1,1,"S_RESET",0,1,0,0,0,0,0,1
369,369,0,0,1,00,1,0,1,0,0,0,0,0,1,1,"S_RESET",0,1,0,0,0,0,0,1
370,370,0,0,1,00,1,0,1,0,0,0,0,0,1,1,"S_RESET",0,1,0,0,0,0,0,1
371,371,0,0,1,00,1,0,1,0,0,0,0,0,1,1,"S_RESET",0,1,0,0,0,0,0,1
372,372,0,0,1,00,1,0,1,0,0,0,0,0,1,1,"S_RESET",0,1,0,0,0,0,0,1
373,373,0,0,1,00,1,0,1,0,0,0,0,0,1,1,"S_RESET",0,1,0,0,0,0,0,1
374,374,0,0,1,00,1,0,1,0,0,0,0,0,1,1,"S_RESET",0,1,0,0,0,0,0,1
375,375,0,0,1,00,1,0,1,0,0,0,0,0,1,1,"S_RESET",0,1,0,0,0,0,0,1
376,376,0,0,1,00,1,0,1,0,0,0,0,0,1,1,"S_RESET",0,1,0,0,0,0,0,1
377,377,0,0,1,00,1,0,1,0,0,0,0,0,1,1,"S_RESET",0,1,0,0,0,0,0,1
378,378,0,0,1,00,1,0,1,0,0,0,0,0,1,1,"S_RESET",0,1,0,0,0,0,0,1
379,379,0,0,1,00,1,0,1,0,0,0,0,0,1,1,"S_RESET",0,1,0,0,0,0,0,1
380,380,0,0,1,00,1,0,1,0,0,0,0,0,1,1,"S_RESET",0,1,0,0,0,0,0,1
381,381,0,0,1,00,1,0,1,0,0,0,0,0,1,1,"S_RESET",0,1,0,0,0,0,0,1
382,382,0,0,1,00,1,0,1,0,0,0,0,0,1,1,"S_RESET",0,1,0,0,0,0,0,1
383,383,0,0,1,00,1,0,1,0,0,0,0,0,1,1,"S_RESET",0,1,0,0,0,0,0,1
384,384,0,0,1,00,1,0,1,0,0,0,0,0,1,1,"S_RESET",0,1,0,0,0,0,0,1
385,385,0,0,1,00,1,0,1,0,0,0,0,0,1,1,"S_RESET",0,1,0,0,0,0,0,1
386,386,0,0,1,00,1,0,1,0,0,0,0,0,1,1,"S_RESET",0,1,0,0,0,0,0,1
387,387,0,0,1,00,1,0,1,0,0,0,0,0,1,1,"S_RESET",0,1,0,0,0,0,0,1
388,388,0,0,1,00,1,0,1,0,0,0,0,0,1,1,"S_RESET",0,1,0,0,0,0,0,1
389,389,0,0,1,00,1,0,1,0,0,0,0,0,1,1,"S_RESET",0,1,0,0,0,0,0,1
390,390,0,0,1,00,1,0,1,0,0,0,0,0,1,1,"S_RESET",0,1,0,0,0,0,0,1
391,391,0,0,1,00,1,0,1,0,0,0,0,0,1,1,"S_RESET",0,1,0,0,0,0,0,1
392,392,0,0,1,00,1,0,1,0,0,0,0,0,1,1,"S_RESET",0,1,0,0,0,0,0,1
393,393,0,0,1,00,1,0,1,0,0,0,0,0,1,1,"S_RESET",0,1,0,0,0,0,0,1
394,394,0,0,1,00,1,0,1,0,0,0,0,0,1,1,"S_RESET",0,1,0,0,0,0,0,1
395,395,0,0,1,00,1,0,1,0,0,0,0,0,1,1,"S_RESET",0,1,0,0,0,0,0,1
396,396,0,0,1,00,1,0,1,0,0,0,0,0,1,1,"S_RESET",0,1,0,0,0,0,0,1
397,397,0,0,1,00,1,0,1,0,0,0,0,0,1,1,"S_RESET",0,1,0,0,0,0,0,1
398,398,0,0,1,00,1,0,1,0,0,0,0,0,1,1,"S_RESET",0,1,0,0,0,0,0,1
399,399,0,0,1,00,1,0,1,0,0,0,0,0,1,1,"S_RESET",0,1,0,0,0,0,0,1
400,400,0,0,1,00,1,0,1,0,0,0,0,0,1,1,"S_RESET",0,1,0,0,0,0,0,1
401,401,0,0,1,00,1,0,1,0,0,0,0,0,1,1,"S_RESET",0,1,0,0,0,0,0,1
402,402,0,0,1,00,1,0,1,0,0,0,0,0,1,1,"S_RESET",0,1,0,0,0,0,0,1
403,403,0,0,1,00,1,0,1,0,0,0,0,0,1,1,"S_RESET",0,1,0,0,0,0,0,1
404,404,0,0,1,00,1,0,1,0,0,0,0,0,1,1,"S_RESET",0,1,0,0,0,0,0,1
405,405,0,0,1,00,1,0,1,0,0,0,0,0,1,1,"S_RESET",0,1,0,0,0,0,0,1
406,406,0,0,1,00,1,0,1,0,0,0,0,0,1,1,"S_RESET",0,1,0,0,0,0,0,1
407,407,0,0,1,00,1,0,1,0,0,0,0,0,1,1,"S_RESET",0,1,0,0,0,0,0,1
408,408,0,0,1,00,1,0,1,0,0,0,0,0,1,1,"S_RESET",0,1,0,0,0,0,0,1
409,409,0,0,1,00,1,0,1,0,0,0,0,0,1,1,"S_RESET",0,1,0,0,0,0,0,1
410,410,0,0,1,00,1,0,1,0,0,0,0,0,1,1,"S_RESET",0,1,0,0,0,0,0,1
411,411,0,0,1,00,1,0,1,0,0,0,0,0,1,1,"S_RESET",0,1,0,0,0,0,0,1
412,412,0,0,1,00,1,0,1,0,0,0,0,0,1,1,"S_RESET",0,1,0,0,0,0,0,1
413,413,0,0,1,00,1,0,1,0,0,0,0,0,1,1,"S_RESET",0,1,0,0,0,0,0,1
414,414,0,0,1,00,1,0,1,0,0,0,0,0,1,1,"S_RESET",0,1,0,0,0,0,0,1
415,415,0,0,1,00,1,0,1,0,0,0,0,0,1,1,"S_RESET",0,1,0,0,0,0,0,1
416,416,0,0,1,00,1,0,1,0,0,0,0,0,1,1,"S_RESET",0,1,0,0,0,0,0,1
417,417,0,0,1,00,1,0,1,0,0,0,0,0,1,1,"S_RESET",0,1,0,0,0,0,0,1
418,418,0,0,1,00,1,0,1,0,0,0,0,0,1,1,"S_RESET",0,1,0,0,0,0,0,1
419,419,0,0,1,00,1,0,1,0,0,0,0,0,1,1,"S_RESET",0,1,0,0,0,0,0,1
420,420,0,0,1,00,1,0,1,0,0,0,0,0,1,1,"S_RESET",0,1,0,0,0,0,0,1
421,421,0,0,1,00,1,0,1,0,0,0,0,0,1,1,"S_RESET",0,1,0,0,0,0,0,1
422,422,0,0,1,00,1,0,1,0,0,0,0,0,1,1,"S_RESET",0,1,0,0,0,0,0,1
423,423,0,0,1,00,1,0,1,0,0,0,0,0,1,1,"S_RESET",0,1,0,0,0,0,0,1
424,424,0,0,1,00,1,0,1,0,0,0,0,0,1,1,"S_RESET",0,1,0,0,0,0,0,1
425,425,0,0,1,00,1,0,1,0,0,0,0,0,1,1,"S_RESET",0,1,0,0,0,0,0,1
426,426,0,0,1,00,1,0,1,0,0,0,0,0,1,1,"S_RESET",0,1,0,0,0,0,0,1
427,427,0,0,1,00,1,0,1,0,0,0,0,0,1,1,"S_RESET",0,1,0,0,0,0,0,1
428,428,0,0,1,00,1,0,1,0,0,0,0,0,1,1,"S_RESET",0,1,0,0,0,0,0,1
429,429,0,0,1,00,1,0,1,0,0,0,0,0,1,1,"S_RESET",0,1,0,0,0,0,0,1
430,430,0,0,1,00,1,0,1,0,0,0,0,0,1,1,"S_RESET",0,1,0,0,0,0,0,1
431,431,0,0,1,00,1,0,1,0,0,0,0,0,1,1,"S_RESET",0,1,0,0,0,0,0,1
432,432,0,0,1,00,1,0,1,0,0,0,0,0,1,1,"S_RESET",0,1,0,0,0,0,0,1
433,433,0,0,1,00,1,0,1,0,0,0,0,0,1,1,"S_RESET",0,1,0,0,0,0,0,1
434,434,0,0,1,00,1,0,1,0,0,0,0,0,1,1,"S_RESET",0,1,0,0,0,0,0,1
435,435,0,0,1,00,1,0,1,0,0,0,0,0,1,1,"S_RESET",0,1,0,0,0,0,0,1
436,436,0,0,1,00,1,0,1,0,0,0,0,0,1,1,"S_RESET",0,1,0,0,0,0,0,1
437,437,0,0,1,00,1,0,1,0,0,0,0,0,1,1,"S_RESET",0,1,0,0,0,0,0,1
438,438,0,0,1,00,1,0,1,0,0,0,0,0,1,1,"S_RESET",0,1,0,0,0,0,0,1
439,439,0,0,1,00,1,0,1,0,0,0,0,0,1,1,"S_RESET",0,1,0,0,0,0,0,1
440,440,0,0,1,00,1,0,1,0,0,0,0,0,1,1,"S_RESET",0,1,0,0,0,0,0,1
441,441,0,0,1,00,1,0,1,0,0,0,0,0,1,1,"S_RESET",0,1,0,0,0,0,0,1
442,442,0,0,1,00,1,0,1,0,0,0,0,0,1,1,"S_RESET",0,1,0,0,0,0,0,1
443,443,0,0,1,00,1,0,1,0,0,0,0,0,1,1,"S_RESET",0,1,0,0,0,0,0,1
444,444,0,0,1,00,1,0,1,0,0,0,0,0,1,1,"S_RESET",0,1,0,0,0,0,0,1
445,445,0,0,1,00,1,0,1,0,0,0,0,0,1,1,"S_RESET",0,1,0,0,0,0,0,1
446,446,0,0,1,00,1,0,1,0,0,0,0,0,1,1,"S_RESET",0,1,0,0,0,0,0,1
447,447,0,0,1,00,1,0,1,0,0,0,0,0,1,1,"S_RESET",0,1,0,0,0,0,0,1
448,448,0,0,1,00,1,0,1,0,0,0,0,0,1,1,"S_RESET",0,1,0,0,0,0,0,1
449,449,0,0,1,00,1,0,1,0,0,0,0,0,1,1,"S_RESET",0,1,0,0,0,0,0,1
450,450,0,0,1,00,1,0,1,0,0,0,0,0,1,1,"S_RESET",0,1,0,0,0,0,0,1
451,451,0,0,1,00,1,0,1,0,0,0,0,0,1,1,"S_RESET",0,1,0,0,0,0,0,1
452,452,0,0,1,00,1,0,1,0,0,0,0,0,1,1,"S_RESET",0,1,0,0,0,0,0,1
453,453,0,0,1,00,1,0,1,0,0,0,0,0,1,1,"S_RESET",0,1,0,0,0,0,0,1
454,454,0,0,1,00,1,0,1,0,0,0,0,0,1,1,"S_RESET",0,1,0,0,0,0,0,1
455,455,0,0,1,00,1,0,1,0,0,0,0,0,1,1,"S_RESET",0,1,0,0,0,0,0,1
456,456,0,0,1,00,1,0,1,0,0,0,0,0,1,1,"S_RESET",0,1,0,0,0,0,0,1
457,457,0,0,1,00,1,0,1,0,0,0,0,0,1,1,"S_RESET",0,1,0,0,0,0,0,1
458,458,0,0,1,00,1,0,1,0,0,0,0,0,1,1,"S_RESET",0,1,0,0,0,0,0,1
459,459,0,0,1,00,1,0,1,0,0,0,0,0,1,1,"S_RESET",0,1,0,0,0,0,0,1
460,460,0,0,1,00,1,0,1,0,0,0,0,0,1,1,"S_RESET",0,1,0,0,0,0,0,1
461,461,0,0,1,00,1,0,1,0,0,0,0,0,1,1,"S_RESET",0,1,0,0,0,0,0,1
462,462,0,0,1,00,1,0,1,0,0,0,0,0,1,1,"S_RESET",0,1,0,0,0,0,0,1
463,463,0,0,1,00,1,0,1,0,0,0,0,0,1,1,"S_RESET",0,1,0,0,0,0,0,1
464,464,0,0,1,00,1,0,1,0,0,0,0,0,1,1,"S_RESET",0,1,0,0,0,0,0,1
465,465,0,0,1,00,1,0,1,0,0,0,0,0,1,1,"S_RESET",0,1,0,0,0,0,0,1
466,466,0,0,1,00,1,0,1,0,0,0,0,0,1,1,"S_RESET",0,1,0,0,0,0,0,1
467,467,0,0,1,00,1,0,1,0,0,0,0,0,1,1,"S_RESET",0,1,0,0,0,0,0,1
468,468,0,0,1,00,1,0,1,0,0,0,0,0,1,1,"S_RESET",0,1,0,0,0,0,0,1
469,469,0,0,1,00,1,0,1,0,0,0,0,0,1,1,"S_RESET",0,1,0,0,0,0,0,1
470,470,0,0,1,00,1,0,1,0,0,0,0,0,1,1,"S_RESET",0,1,0,0,0,0,0,1
471,471,0,0,1,00,1,0,1,0,0,0,0,0,1,1,"S_RESET",0,1,0,0,0,0,0,1
472,472,0,0,1,00,1,0,1,0,0,0,0,0,1,1,"S_RESET",0,1,0,0,0,0,0,1
473,473,0,0,1,00,1,0,1,0,0,0,0,0,1,1,"S_RESET",0,1,0,0,0,0,0,1
474,474,0,0,1,00,1,0,1,0,0,0,0,0,1,1,"S_RESET",0,1,0,0,0,0,0,1
475,475,0,0,1,00,1,0,1,0,0,0,0,0,1,1,"S_RESET",0,1,0,0,0,0,0,1
476,476,0,0,1,00,1,0,1,0,0,0,0,0,1,1,"S_RESET",0,1,0,0,0,0,0,1
477,477,0,0,1,00,1,0,1,0,0,0,0,0,1,1,"S_RESET",0,1,0,0,0,0,0,1
478,478,0,0,1,00,1,0,1,0,0,0,0,0,1,1,"S_RESET",0,1,0,0,0,0,0,1
479,479,0,0,1,00,1,0,1,0,0,0,0,0,1,1,"S_RESET",0,1,0,0,0,0,0,1
480,480,0,0,1,00,1,0,1,0,0,0,0,0,1,1,"S_RESET",0,1,0,0,0,0,0,1
481,481,0,0,1,00,1,0,1,0,0,0,0,0,1,1,"S_RESET",0,1,0,0,0,0,0,1
482,482,0,0,1,00,1,0,1,0,0,0,0,0,1,1,"S_RESET",0,1,0,0,0,0,0,1
483,483,0,0,1,00,1,0,1,0,0,0,0,0,1,1,"S_RESET",0,1,0,0,0,0,0,1
484,484,0,0,1,00,1,0,1,0,0,0,0,0,1,1,"S_RESET",0,1,0,0,0,0,0,1
485,485,0,0,1,00,1,0,1,0,0,0,0,0,1,1,"S_RESET",0,1,0,0,0,0,0,1
486,486,0,0,1,00,1,0,1,0,0,0,0,0,1,1,"S_RESET",0,1,0,0,0,0,0,1
487,487,0,0,1,00,1,0,1,0,0,0,0,0,1,1,"S_RESET",0,1,0,0,0,0,0,1
488,488,0,0,1,00,1,0,1,0,0,0,0,0,1,1,"S_RESET",0,1,0,0,0,0,0,1
489,489,0,0,1,00,1,0,1,0,0,0,0,0,1,1,"S_RESET",0,1,0,0,0,0,0,1
490,490,0,0,1,00,1,0,1,0,0,0,0,0,1,1,"S_RESET",0,1,0,0,0,0,0,1
491,491,0,0,1,00,1,0,1,0,0,0,0,0,1,1,"S_RESET",0,1,0,0,0,0,0,1
492,492,0,0,1,00,1,0,1,0,0,0,0,0,1,1,"S_RESET",0,1,0,0,0,0,0,1
493,493,0,0,1,00,1,0,1,0,0,0,0,0,1,1,"S_RESET",0,1,0,0,0,0,0,1
494,494,0,0,1,00,1,0,1,0,0,0,0,0,1,1,"S_RESET",0,1,0,0,0,0,0,1
495,495,0,0,1,00,1,0,1,0,0,0,0,0,1,1,"S_RESET",0,1,0,0,0,0,0,1
496,496,0,0,1,00,1,0,1,0,0,0,0,0,1,1,"S_RESET",0,1,0,0,0,0,0,1
497,497,0,0,1,00,1,0,1,0,0,0,0,0,1,1,"S_RESET",0,1,0,0,0,0,0,1
498,498,0,0,1,00,1,0,1,0,0,0,0,0,1,1,"S_RESET",0,1,0,0,0,0,0,1
499,499,0,0,1,00,1,0,1,0,0,0,0,0,1,1,"S_RESET",0,1,0,0,0,0,0,1
500,500,0,0,1,00,1,0,1,0,0,0,0,0,1,1,"S_RESET",0,1,0,0,0,0,0,1
501,501,0,0,1,00,1,0,1,0,0,0,0,0,1,1,"S_RESET",0,1,0,0,0,0,0,1
502,502,0,0,1,00,1,0,1,0,0,0,0,0,1,1,"S_RESET",0,1,0,0,0,0,0,1
503,503,0,0,1,00,1,0,1,0,0,0,0,0,1,1,"S_RESET",0,1,0,0,0,0,0,1
504,504,0,0,1,00,1,0,1,0,0,0,0,0,1,1,"S_RESET",0,1,0,0,0,0,0,1
505,505,0,0,1,00,1,0,1,0,0,0,0,0,1,1,"S_RESET",0,1,0,0,0,0,0,1
506,506,0,0,1,00,1,0,1,0,0,0,0,0,1,1,"S_RESET",0,1,0,0,0,0,0,1
507,507,0,0,1,00,1,0,1,0,0,0,0,0,1,1,"S_RESET",0,1,0,0,0,0,0,1
508,508,0,0,1,00,1,0,1,0,0,0,0,0,1,1,"S_RESET",0,1,0,0,0,0,0,1
509,509,0,0,1,00,1,0,1,0,0,0,0,0,1,1,"S_RESET",0,1,0,0,0,0,0,1
510,510,0,0,1,00,1,0,1,0,0,0,0,0,1,1,"S_RESET",0,1,0,0,0,0,0,1
511,511,0,0,1,00,1,0,1,0,0,0,0,0,1,1,"S_RESET",0,1,0,0,0,0,0,1
512,512,0,0,1,00,1,0,1,0,0,0,0,0,1,1,"S_RESET",0,1,0,0,0,0,0,1
513,513,0,0,1,00,1,0,1,0,0,0,0,0,1,1,"S_RESET",0,1,0,0,0,0,0,1
514,514,0,0,1,00,1,0,1,0,0,0,0,0,1,1,"S_RESET",0,1,0,0,0,0,0,1
515,515,0,0,1,00,1,0,1,0,0,0,0,0,1,1,"S_RESET",0,1,0,0,0,0,0,1
516,516,0,0,1,00,1,0,1,0,0,0,0,0,1,1,"S_RESET",0,1,0,0,0,0,0,1
517,517,0,0,1,00,1,0,1,0,0,0,0,0,1,1,"S_RESET",0,1,0,0,0,0,0,1
518,518,0,0,1,00,1,0,1,0,0,0,0,0,1,1,"S_RESET",0,1,0,0,0,0,0,1
519,519,0,0,1,00,1,0,1,0,0,0,0,0,1,1,"S_RESET",0,1,0,0,0,0,0,1
520,520,0,0,1,00,1,0,1,0,0,0,0,0,1,1,"S_RESET",0,1,0,0,0,0,0,1
521,521,0,0,1,00,1,0,1,0,0,0,0,0,1,1,"S_RESET",0,1,0,0,0,0,0,1
522,522,0,0,1,00,1,0,1,0,0,0,0,0,1,1,"S_RESET",0,1,0,0,0,0,0,1
523,523,0,0,1,00,1,0,1,0,0,0,0,0,1,1,"S_RESET",0,1,0,0,0,0,0,1
524,524,0,0,1,00,1,0,1,0,0,0,0,0,1,1,"S_RESET",0,1,0,0,0,0,0,1
525,525,0,0,1,00,1,0,1,0,0,0,0,0,1,1,"S_RESET",0,1,0,0,0,0,0,1
526,526,0,0,1,00,1,0,1,0,0,0,0,0,1,1,"S_RESET",0,1,0,0,0,0,0,1
527,527,0,0,1,00,1,0,1,0,0,0,0,0,1,1,"S_RESET",0,1,0,0,0,0,0,1
528,528,0,0,1,00,1,0,1,0,0,0,0,0,1,1,"S_RESET",0,1,0,0,0,0,0,1
529,529,0,0,1,00,1,0,1,0,0,0,0,0,1,1,"S_RESET",0,1,0,0,0,0,0,1
530,530,0,0,1,00,1,0,1,0,0,0,0,0,1,1,"S_RESET",0,1,0,0,0,0,0,1
531,531,0,0,1,00,1,0,1,0,0,0,0,0,1,1,"S_RESET",0,1,0,0,0,0,0,1
532,532,0,0,1,00,1,0,1,0,0,0,0,0,1,1,"S_RESET",0,1,0,0,0,0,0,1
533,533,0,0,1,00,1,0,1,0,0,0,0,0,1,1,"S_RESET",0,1,0,0,0,0,0,1
534,534,0,0,1,00,1,0,1,0,0,0,0,0,1,1,"S_RESET",0,1,0,0,0,0,0,1
535,535,0,0,1,00,1,0,1,0,0,0,0,0,1,1,"S_RESET",0,1,0,0,0,0,0,1
536,536,0,0,1,00,1,0,1,0,0,0,0,0,1,1,"S_RESET",0,1,0,0,0,0,0,1
537,537,0,0,1,00,1,0,1,0,0,0,0,0,1,1,"S_RESET",0,1,0,0,0,0,0,1
538,538,0,0,1,00,1,0,1,0,0,0,0,0,1,1,"S_RESET",0,1,0,0,0,0,0,1
539,539,0,0,1,00,1,0,1,0,0,0,0,0,1,1,"S_RESET",0,1,0,0,0,0,0,1
540,540,0,0,1,00,1,0,1,0,0,0,0,0,1,1,"S_RESET",0,1,0,0,0,0,0,1
541,541,0,0,1,00,1,0,1,0,0,0,0,0,1,1,"S_RESET",0,1,0,0,0,0,0,1
542,542,0,0,1,00,1,0,1,0,0,0,0,0,1,1,"S_RESET",0,1,0,0,0,0,0,1
543,543,0,0,1,00,1,0,1,0,0,0,0,0,1,1,"S_RESET",0,1,0,0,0,0,0,1
544,544,0,0,1,00,1,0,1,0,0,0,0,0,1,1,"S_RESET",0,1,0,0,0,0,0,1
545,545,0,0,1,00,1,0,1,0,0,0,0,0,1,1,"S_RESET",0,1,0,0,0,0,0,1
546,546,0,0,1,00,1,0,1,0,0,0,0,0,1,1,"S_RESET",0,1,0,0,0,0,0,1
547,547,0,0,1,00,1,0,1,0,0,0,0,0,1,1,"S_RESET",0,1,0,0,0,0,0,1
548,548,0,0,1,00,1,0,1,0,0,0,0,0,1,1,"S_RESET",0,1,0,0,0,0,0,1
549,549,0,0,1,00,1,0,1,0,0,0,0,0,1,1,"S_RESET",0,1,0,0,0,0,0,1
550,550,0,0,1,00,1,0,1,0,0,0,0,0,1,1,"S_RESET",0,1,0,0,0,0,0,1
551,551,0,0,1,00,1,0,1,0,0,0,0,0,1,1,"S_RESET",0,1,0,0,0,0,0,1
552,552,0,0,1,00,1,0,1,0,0,0,0,0,1,1,"S_RESET",0,1,0,0,0,0,0,1
553,553,0,0,1,00,1,0,1,0,0,0,0,0,1,1,"S_RESET",0,1,0,0,0,0,0,1
554,554,0,0,1,00,1,0,1,0,0,0,0,0,1,1,"S_RESET",0,1,0,0,0,0,0,1
555,555,0,0,1,00,1,0,1,0,0,0,0,0,1,1,"S_RESET",0,1,0,0,0,0,0,1
556,556,0,0,1,00,1,0,1,0,0,0,0,0,1,1,"S_RESET",0,1,0,0,0,0,0,1
557,557,0,0,1,00,1,0,1,0,0,0,0,0,1,1,"S_RESET",0,1,0,0,0,0,0,1
558,558,0,0,1,00,1,0,1,0,0,0,0,0,1,1,"S_RESET",0,1,0,0,0,0,0,1
559,559,0,0,1,00,1,0,1,0,0,0,0,0,1,1,"S_RESET",0,1,0,0,0,0,0,1
560,560,0,0,1,00,1,0,1,0,0,0,0,0,1,1,"S_RESET",0,1,0,0,0,0,0,1
561,561,0,0,1,00,1,0,1,0,0,0,0,0,1,1,"S_RESET",0,1,0,0,0,0,0,1
562,562,0,0,1,00,1,0,1,0,0,0,0,0,1,1,"S_RESET",0,1,0,0,0,0,0,1
563,563,0,0,1,00,1,0,1,0,0,0,0,0,1,1,"S_RESET",0,1,0,0,0,0,0,1
564,564,0,0,1,00,1,0,1,0,0,0,0,0,1,1,"S_RESET",0,1,0,0,0,0,0,1
565,565,0,0,1,00,1,0,1,0,0,0,0,0,1,1,"S_RESET",0,1,0,0,0,0,0,1
566,566,0,0,1,00,1,0,1,0,0,0,0,0,1,1,"S_RESET",0,1,0,0,0,0,0,1
567,567,0,0,1,00,1,0,1,0,0,0,0,0,1,1,"S_RESET",0,1,0,0,0,0,0,1
568,568,0,0,1,00,1,0,1,0,0,0,0,0,1,1,"S_RESET",0,1,0,0,0,0,0,1
569,569,0,0,1,00,1,0,1,0,0,0,0,0,1,1,"S_RESET",0,1,0,0,0,0,0,1
570,570,0,0,1,00,1,0,1,0,0,0,0,0,1,1,"S_RESET",0,1,0,0,0,0,0,1
571,571,0,0,1,00,1,0,1,0,0,0,0,0,1,1,"S_RESET",0,1,0,0,0,0,0,1
572,572,0,0,1,00,1,0,1,0,0,0,0,0,1,1,"S_RESET",0,1,0,0,0,0,0,1
573,573,0,0,1,00,1,0,1,0,0,0,0,0,1,1,"S_RESET",0,1,0,0,0,0,0,1
574,574,0,0,1,00,1,0,1,0,0,0,0,0,1,1,"S_RESET",0,1,0,0,0,0,0,1
575,575,0,0,1,00,1,0,1,0,0,0,0,0,1,1,"S_RESET",0,1,0,0,0,0,0,1
576,576,0,0,1,00,1,0,1,0,0,0,0,0,1,1,"S_RESET",0,1,0,0,0,0,0,1
577,577,0,0,1,00,1,0,1,0,0,0,0,0,1,1,"S_RESET",0,1,0,0,0,0,0,1
578,578,0,0,1,00,1,0,1,0,0,0,0,0,1,1,"S_RESET",0,1,0,0,0,0,0,1
579,579,0,0,1,00,1,0,1,0,0,0,0,0,1,1,"S_RESET",0,1,0,0,0,0,0,1
580,580,0,0,1,00,1,0,1,0,0,0,0,0,1,1,"S_RESET",0,1,0,0,0,0,0,1
581,581,0,0,1,00,1,0,1,0,0,0,0,0,1,1,"S_RESET",0,1,0,0,0,0,0,1
582,582,0,0,1,00,1,0,1,0,0,0,0,0,1,1,"S_RESET",0,1,0,0,0,0,0,1
583,583,0,0,1,00,1,0,1,0,0,0,0,0,1,1,"S_RESET",0,1,0,0,0,0,0,1
584,584,0,0,1,00,1,0,1,0,0,0,0,0,1,1,"S_RESET",0,1,0,0,0,0,0,1
585,585,0,0,1,00,1,0,1,0,0,0,0,0,1,1,"S_RESET",0,1,0,0,0,0,0,1
586,586,0,0,1,00,1,0,1,0,0,0,0,0,1,1,"S_RESET",0,1,0,0,0,0,0,1
587,587,0,0,1,00,1,0,1,0,0,0,0,0,1,1,"S_RESET",0,1,0,0,0,0,0,1
588,588,0,0,1,00,1,0,1,0,0,0,0,0,1,1,"S_RESET",0,1,0,0,0,0,0,1
589,589,0,0,1,00,1,0,1,0,0,0,0,0,1,1,"S_RESET",0,1,0,0,0,0,0,1
590,590,0,0,1,00,1,0,1,0,0,0,0,0,1,1,"S_RESET",0,1,0,0,0,0,0,1
591,591,0,0,1,00,1,0,1,0,0,0,0,0,1,1,"S_RESET",0,1,0,0,0,0,0,1
592,592,0,0,1,00,1,0,1,0,0,0,0,0,1,1,"S_RESET",0,1,0,0,0,0,0,1
593,593,0,0,1,00,1,0,1,0,0,0,0,0,1,1,"S_RESET",0,1,0,0,0,0,0,1
594,594,0,0,1,00,1,0,1,0,0,0,0,0,1,1,"S_RESET",0,1,0,0,0,0,0,1
595,595,0,0,1,00,1,0,1,0,0,0,0,0,1,1,"S_RESET",0,1,0,0,0,0,0,1
596,596,0,0,1,00,1,0,1,0,0,0,0,0,1,1,"S_RESET",0,1,0,0,0,0,0,1
597,597,0,0,1,00,1,0,1,0,0,0,0,0,1,1,"S_RESET",0,1,0,0,0,0,0,1
598,598,0,0,1,00,1,0,1,0,0,0,0,0,1,1,"S_RESET",0,1,0,0,0,0,0,1
599,599,0,0,1,00,1,0,1,0,0,0,0,0,1,1,"S_RESET",0,1,0,0,0,0,0,1
600,600,0,0,1,00,1,0,1,0,0,0,0,0,1,1,"S_RESET",0,1,0,0,0,0,0,1
601,601,0,0,1,00,1,0,1,0,0,0,0,0,1,1,"S_RESET",0,1,0,0,0,0,0,1
602,602,0,0,1,00,1,0,1,0,0,0,0,0,1,1,"S_RESET",0,1,0,0,0,0,0,1
603,603,0,0,1,00,1,0,1,0,0,0,0,0,1,1,"S_RESET",0,1,0,0,0,0,0,1
604,604,0,0,1,00,1,0,1,0,0,0,0,0,1,1,"S_RESET",0,1,0,0,0,0,0,1
605,605,0,0,1,00,1,0,1,0,0,0,0,0,1,1,"S_RESET",0,1,0,0,0,0,0,1
606,606,0,0,1,00,1,0,1,0,0,0,0,0,1,1,"S_RESET",0,1,0,0,0,0,0,1
607,607,0,0,1,00,1,0,1,0,0,0,0,0,1,1,"S_RESET",0,1,0,0,0,0,0,1
608,608,0,0,1,00,1,0,1,0,0,0,0,0,1,1,"S_RESET",0,1,0,0,0,0,0,1
609,609,0,0,1,00,1,0,1,0,0,0,0,0,1,1,"S_RESET",0,1,0,0,0,0,0,1
610,610,0,0,1,00,1,0,1,0,0,0,0,0,1,1,"S_RESET",0,1,0,0,0,0,0,1
611,611,0,0,1,00,1,0,1,0,0,0,0,0,1,1,"S_RESET",0,1,0,0,0,0,0,1
612,612,0,0,1,00,1,0,1,0,0,0,0,0,1,1,"S_RESET",0,1,0,0,0,0,0,1
613,613,0,0,1,00,1,0,1,0,0,0,0,0,1,1,"S_RESET",0,1,0,0,0,0,0,1
614,614,0,0,1,00,1,0,1,0,0,0,0,0,1,1,"S_RESET",0,1,0,0,0,0,0,1
615,615,0,0,1,00,1,0,1,0,0,0,0,0,1,1,"S_RESET",0,1,0,0,0,0,0,1
616,616,0,0,1,00,1,0,1,0,0,0,0,0,1,1,"S_RESET",0,1,0,0,0,0,0,1
617,617,0,0,1,00,1,0,1,0,0,0,0,0,1,1,"S_RESET",0,1,0,0,0,0,0,1
618,618,0,0,1,00,1,0,1,0,0,0,0,0,1,1,"S_RESET",0,1,0,0,0,0,0,1
619,619,0,0,1,00,1,0,1,0,0,0,0,0,1,1,"S_RESET",0,1,0,0,0,0,0,1
620,620,0,0,1,00,1,0,1,0,0,0,0,0,1,1,"S_RESET",0,1,0,0,0,0,0,1
621,621,0,0,1,00,1,0,1,0,0,0,0,0,1,1,"S_RESET",0,1,0,0,0,0,0,1
622,622,0,0,1,00,1,0,1,0,0,0,0,0,1,1,"S_RESET",0,1,0,0,0,0,0,1
623,623,0,0,1,00,1,0,1,0,0,0,0,0,1,1,"S_RESET",0,1,0,0,0,0,0,1
624,624,0,0,1,00,1,0,1,0,0,0,0,0,1,1,"S_RESET",0,1,0,0,0,0,0,1
625,625,0,0,1,00,1,0,1,0,0,0,0,0,1,1,"S_RESET",0,1,0,0,0,0,0,1
626,626,0,0,1,00,1,0,1,0,0,0,0,0,1,1,"S_RESET",0,1,0,0,0,0,0,1
627,627,0,0,1,00,1,0,1,0,0,0,0,0,1,1,"S_RESET",0,1,0,0,0,0,0,1
628,628,0,0,1,00,1,0,1,0,0,0,0,0,1,1,"S_RESET",0,1,0,0,0,0,0,1
629,629,0,0,1,00,1,0,1,0,0,0,0,0,1,1,"S_RESET",0,1,0,0,0,0,0,1
630,630,0,0,1,00,1,0,1,0,0,0,0,0,1,1,"S_RESET",0,1,0,0,0,0,0,1
631,631,0,0,1,00,1,0,1,0,0,0,0,0,1,1,"S_RESET",0,1,0,0,0,0,0,1
632,632,0,0,1,00,1,0,1,0,0,0,0,0,1,1,"S_RESET",0,1,0,0,0,0,0,1
633,633,0,0,1,00,1,0,1,0,0,0,0,0,1,1,"S_RESET",0,1,0,0,0,0,0,1
634,634,0,0,1,00,1,0,1,0,0,0,0,0,1,1,"S_RESET",0,1,0,0,0,0,0,1
635,635,0,0,1,00,1,0,1,0,0,0,0,0,1,1,"S_RESET",0,1,0,0,0,0,0,1
636,636,0,0,1,00,1,0,1,0,0,0,0,0,1,1,"S_RESET",0,1,0,0,0,0,0,1
637,637,0,0,1,00,1,0,1,0,0,0,0,0,1,1,"S_RESET",0,1,0,0,0,0,0,1
638,638,0,0,1,00,1,0,1,0,0,0,0,0,1,1,"S_RESET",0,1,0,0,0,0,0,1
639,639,0,0,1,00,1,0,1,0,0,0,0,0,1,1,"S_RESET",0,1,0,0,0,0,0,1
640,640,0,0,1,00,1,0,1,0,0,0,0,0,1,1,"S_RESET",0,1,0,0,0,0,0,1
641,641,0,0,1,00,1,0,1,0,0,0,0,0,1,1,"S_RESET",0,1,0,0,0,0,0,1
642,642,0,0,1,00,1,0,1,0,0,0,0,0,1,1,"S_RESET",0,1,0,0,0,0,0,1
643,643,0,0,1,00,1,0,1,0,0,0,0,0,1,1,"S_RESET",0,1,0,0,0,0,0,1
644,644,0,0,1,00,1,0,1,0,0,0,0,0,1,1,"S_RESET",0,1,0,0,0,0,0,1
645,645,0,0,1,00,1,0,1,0,0,0,0,0,1,1,"S_RESET",0,1,0,0,0,0,0,1
646,646,0,0,1,00,1,0,1,0,0,0,0,0,1,1,"S_RESET",0,1,0,0,0,0,0,1
647,647,0,0,1,00,1,0,1,0,0,0,0,0,1,1,"S_RESET",0,1,0,0,0,0,0,1
648,648,0,0,1,00,1,0,1,0,0,0,0,0,1,1,"S_RESET",0,1,0,0,0,0,0,1
649,649,0,0,1,00,1,0,1,0,0,0,0,0,1,1,"S_RESET",0,1,0,0,0,0,0,1
650,650,0,0,1,00,1,0,1,0,0,0,0,0,1,1,"S_RESET",0,1,0,0,0,0,0,1
651,651,0,0,1,00,1,0,1,0,0,0,0,0,1,1,"S_RESET",0,1,0,0,0,0,0,1
652,652,0,0,1,00,1,0,1,0,0,0,0,0,1,1,"S_RESET",0,1,0,0,0,0,0,1
653,653,0,0,1,00,1,0,1,0,0,0,0,0,1,1,"S_RESET",0,1,0,0,0,0,0,1
654,654,0,0,1,00,1,0,1,0,0,0,0,0,1,1,"S_RESET",0,1,0,0,0,0,0,1
655,655,0,0,1,00,1,0,1,0,0,0,0,0,1,1,"S_RESET",0,1,0,0,0,0,0,1
656,656,0,0,1,00,1,0,1,0,0,0,0,0,1,1,"S_RESET",0,1,0,0,0,0,0,1
657,657,0,0,1,00,1,0,1,0,0,0,0,0,1,1,"S_RESET",0,1,0,0,0,0,0,1
658,658,0,0,1,00,1,0,1,0,0,0,0,0,1,1,"S_RESET",0,1,0,0,0,0,0,1
659,659,0,0,1,00,1,0,1,0,0,0,0,0,1,1,"S_RESET",0,1,0,0,0,0,0,1
660,660,0,0,1,00,1,0,1,0,0,0,0,0,1,1,"S_RESET",0,1,0,0,0,0,0,1
661,661,0,0,1,00,1,0,1,0,0,0,0,0,1,1,"S_RESET",0,1,0,0,0,0,0,1
662,662,0,0,1,00,1,0,1,0,0,0,0,0,1,1,"S_RESET",0,1,0,0,0,0,0,1
663,663,0,0,1,00,1,0,1,0,0,0,0,0,1,1,"S_RESET",0,1,0,0,0,0,0,1
664,664,0,0,1,00,1,0,1,0,0,0,0,0,1,1,"S_RESET",0,1,0,0,0,0,0,1
665,665,0,0,1,00,1,0,1,0,0,0,0,0,1,1,"S_RESET",0,1,0,0,0,0,0,1
666,666,0,0,1,00,1,0,1,0,0,0,0,0,1,1,"S_RESET",0,1,0,0,0,0,0,1
667,667,0,0,1,00,1,0,1,0,0,0,0,0,1,1,"S_RESET",0,1,0,0,0,0,0,1
668,668,0,0,1,00,1,0,1,0,0,0,0,0,1,1,"S_RESET",0,1,0,0,0,0,0,1
669,669,0,0,1,00,1,0,1,0,0,0,0,0,1,1,"S_RESET",0,1,0,0,0,0,0,1
670,670,0,0,1,00,1,0,1,0,0,0,0,0,1,1,"S_RESET",0,1,0,0,0,0,0,1
671,671,0,0,1,00,1,0,1,0,0,0,0,0,1,1,"S_RESET",0,1,0,0,0,0,0,1
672,672,0,0,1,00,1,0,1,0,0,0,0,0,1,1,"S_RESET",0,1,0,0,0,0,0,1
673,673,0,0,1,00,1,0,1,0,0,0,0,0,1,1,"S_RESET",0,1,0,0,0,0,0,1
674,674,0,0,1,00,1,0,1,0,0,0,0,0,1,1,"S_RESET",0,1,0,0,0,0,0,1
675,675,0,0,1,00,1,0,1,0,0,0,0,0,1,1,"S_RESET",0,1,0,0,0,0,0,1
676,676,0,0,1,00,1,0,1,0,0,0,0,0,1,1,"S_RESET",0,1,0,0,0,0,0,1
677,677,0,0,1,00,1,0,1,0,0,0,0,0,1,1,"S_RESET",0,1,0,0,0,0,0,1
678,678,0,0,1,00,1,0,1,0,0,0,0,0,1,1,"S_RESET",0,1,0,0,0,0,0,1
679,679,0,0,1,00,1,0,1,0,0,0,0,0,1,1,"S_RESET",0,1,0,0,0,0,0,1
680,680,0,0,1,00,1,0,1,0,0,0,0,0,1,1,"S_RESET",0,1,0,0,0,0,0,1
681,681,0,0,1,00,1,0,1,0,0,0,0,0,1,1,"S_RESET",0,1,0,0,0,0,0,1
682,682,0,0,1,00,1,0,1,0,0,0,0,0,1,1,"S_RESET",0,1,0,0,0,0,0,1
683,683,0,0,1,00,1,0,1,0,0,0,0,0,1,1,"S_RESET",0,1,0,0,0,0,0,1
684,684,0,0,1,00,1,0,1,0,0,0,0,0,1,1,"S_RESET",0,1,0,0,0,0,0,1
685,685,0,0,1,00,1,0,1,0,0,0,0,0,1,1,"S_RESET",0,1,0,0,0,0,0,1
686,686,0,0,1,00,1,0,1,0,0,0,0,0,1,1,"S_RESET",0,1,0,0,0,0,0,1
687,687,0,0,1,00,1,0,1,0,0,0,0,0,1,1,"S_RESET",0,1,0,0,0,0,0,1
688,688,0,0,1,00,1,0,1,0,0,0,0,0,1,1,"S_RESET",0,1,0,0,0,0,0,1
689,689,0,0,1,00,1,0,1,0,0,0,0,0,1,1,"S_RESET",0,1,0,0,0,0,0,1
690,690,0,0,1,00,1,0,1,0,0,0,0,0,1,1,"S_RESET",0,1,0,0,0,0,0,1
691,691,0,0,1,00,1,0,1,0,0,0,0,0,1,1,"S_RESET",0,1,0,0,0,0,0,1
692,692,0,0,1,00,1,0,1,0,0,0,0,0,1,1,"S_RESET",0,1,0,0,0,0,0,1
693,693,0,0,1,00,1,0,1,0,0,0,0,0,1,1,"S_RESET",0,1,0,0,0,0,0,1
694,694,0,0,1,00,1,0,1,0,0,0,0,0,1,1,"S_RESET",0,1,0,0,0,0,0,1
695,695,0,0,1,00,1,0,1,0,0,0,0,0,1,1,"S_RESET",0,1,0,0,0,0,0,1
696,696,0,0,1,00,1,0,1,0,0,0,0,0,1,1,"S_RESET",0,1,0,0,0,0,0,1
697,697,0,0,1,00,1,0,1,0,0,0,0,0,1,1,"S_RESET",0,1,0,0,0,0,0,1
698,698,0,0,1,00,1,0,1,0,0,0,0,0,1,1,"S_RESET",0,1,0,0,0,0,0,1
699,699,0,0,1,00,1,0,1,0,0,0,0,0,1,1,"S_RESET",0,1,0,0,0,0,0,1
700,700,0,0,1,00,1,0,1,0,0,0,0,0,1,1,"S_RESET",0,1,0,0,0,0,0,1
701,701,0,0,1,00,1,0,1,0,0,0,0,0,1,1,"S_RESET",0,1,0,0,0,0,0,1
702,702,0,0,1,00,1,0,1,0,0,0,0,0,1,1,"S_RESET",0,1,0,0,0,0,0,1
703,703,0,0,1,00,1,0,1,0,0,0,0,0,1,1,"S_RESET",0,1,0,0,0,0,0,1
704,704,0,0,1,00,1,0,1,0,0,0,0,0,1,1,"S_RESET",0,1,0,0,0,0,0,1
705,705,0,0,1,00,1,0,1,0,0,0,0,0,1,1,"S_RESET",0,1,0,0,0,0,0,1
706,706,0,0,1,00,1,0,1,0,0,0,0,0,1,1,"S_RESET",0,1,0,0,0,0,0,1
707,707,0,0,1,00,1,0,1,0,0,0,0,0,1,1,"S_RESET",0,1,0,0,0,0,0,1
708,708,0,0,1,00,1,0,1,0,0,0,0,0,1,1,"S_RESET",0,1,0,0,0,0,0,1
709,709,0,0,1,00,1,0,1,0,0,0,0,0,1,1,"S_RESET",0,1,0,0,0,0,0,1
710,710,0,0,1,00,1,0,1,0,0,0,0,0,1,1,"S_RESET",0,1,0,0,0,0,0,1
711,711,0,0,1,00,1,0,1,0,0,0,0,0,1,1,"S_RESET",0,1,0,0,0,0,0,1
712,712,0,0,1,00,1,0,1,0,0,0,0,0,1,1,"S_RESET",0,1,0,0,0,0,0,1
713,713,0,0,1,00,1,0,1,0,0,0,0,0,1,1,"S_RESET",0,1,0,0,0,0,0,1
714,714,0,0,1,00,1,0,1,0,0,0,0,0,1,1,"S_RESET",0,1,0,0,0,0,0,1
715,715,0,0,1,00,1,0,1,0,0,0,0,0,1,1,"S_RESET",0,1,0,0,0,0,0,1
716,716,0,0,1,00,1,0,1,0,0,0,0,0,1,1,"S_RESET",0,1,0,0,0,0,0,1
717,717,0,0,1,00,1,0,1,0,0,0,0,0,1,1,"S_RESET",0,1,0,0,0,0,0,1
718,718,0,0,1,00,1,0,1,0,0,0,0,0,1,1,"S_RESET",0,1,0,0,0,0,0,1
719,719,0,0,1,00,1,0,1,0,0,0,0,0,1,1,"S_RESET",0,1,0,0,0,0,0,1
720,720,0,0,1,00,1,0,1,0,0,0,0,0,1,1,"S_RESET",0,1,0,0,0,0,0,1
721,721,0,0,1,00,1,0,1,0,0,0,0,0,1,1,"S_RESET",0,1,0,0,0,0,0,1
722,722,0,0,1,00,1,0,1,0,0,0,0,0,1,1,"S_RESET",0,1,0,0,0,0,0,1
723,723,0,0,1,00,1,0,1,0,0,0,0,0,1,1,"S_RESET",0,1,0,0,0,0,0,1
724,724,0,0,1,00,1,0,1,0,0,0,0,0,1,1,"S_RESET",0,1,0,0,0,0,0,1
725,725,0,0,1,00,1,0,1,0,0,0,0,0,1,1,"S_RESET",0,1,0,0,0,0,0,1
726,726,0,0,1,00,1,0,1,0,0,0,0,0,1,1,"S_RESET",0,1,0,0,0,0,0,1
727,727,0,0,1,00,1,0,1,0,0,0,0,0,1,1,"S_RESET",0,1,0,0,0,0,0,1
728,728,0,0,1,00,1,0,1,0,0,0,0,0,1,1,"S_RESET",0,1,0,0,0,0,0,1
729,729,0,0,1,00,1,0,1,0,0,0,0,0,1,1,"S_RESET",0,1,0,0,0,0,0,1
730,730,0,0,1,00,1,0,1,0,0,0,0,0,1,1,"S_RESET",0,1,0,0,0,0,0,1
731,731,0,0,1,00,1,0,1,0,0,0,0,0,1,1,"S_RESET",0,1,0,0,0,0,0,1
732,732,0,0,1,00,1,0,1,0,0,0,0,0,1,1,"S_RESET",0,1,0,0,0,0,0,1
733,733,0,0,1,00,1,0,1,0,0,0,0,0,1,1,"S_RESET",0,1,0,0,0,0,0,1
734,734,0,0,1,00,1,0,1,0,0,0,0,0,1,1,"S_RESET",0,1,0,0,0,0,0,1
735,735,0,0,1,00,1,0,1,0,0,0,0,0,1,1,"S_RESET",0,1,0,0,0,0,0,1
736,736,0,0,1,00,1,0,1,0,0,0,0,0,1,1,"S_RESET",0,1,0,0,0,0,0,1
737,737,0,0,1,00,1,0,1,0,0,0,0,0,1,1,"S_RESET",0,1,0,0,0,0,0,1
738,738,0,0,1,00,1,0,1,0,0,0,0,0,1,1,"S_RESET",0,1,0,0,0,0,0,1
739,739,0,0,1,00,1,0,1,0,0,0,0,0,1,1,"S_RESET",0,1,0,0,0,0,0,1
740,740,0,0,1,00,1,0,1,0,0,0,0,0,1,1,"S_RESET",0,1,0,0,0,0,0,1
741,741,0,0,1,00,1,0,1,0,0,0,0,0,1,1,"S_RESET",0,1,0,0,0,0,0,1
742,742,0,0,1,00,1,0,1,0,0,0,0,0,1,1,"S_RESET",0,1,0,0,0,0,0,1
743,743,0,0,1,00,1,0,1,0,0,0,0,0,1,1,"S_RESET",0,1,0,0,0,0,0,1
744,744,0,0,1,00,1,0,1,0,0,0,0,0,1,1,"S_RESET",0,1,0,0,0,0,0,1
745,745,0,0,1,00,1,0,1,0,0,0,0,0,1,1,"S_RESET",0,1,0,0,0,0,0,1
746,746,0,0,1,00,1,0,1,0,0,0,0,0,1,1,"S_RESET",0,1,0,0,0,0,0,1
747,747,0,0,1,00,1,0,1,0,0,0,0,0,1,1,"S_RESET",0,1,0,0,0,0,0,1
748,748,0,0,1,00,1,0,1,0,0,0,0,0,1,1,"S_RESET",0,1,0,0,0,0,0,1
749,749,0,0,1,00,1,0,1,0,0,0,0,0,1,1,"S_RESET",0,1,0,0,0,0,0,1
750,750,0,0,1,00,1,0,1,0,0,0,0,0,1,1,"S_RESET",0,1,0,0,0,0,0,1
751,751,0,0,1,00,1,0,1,0,0,0,0,0,1,1,"S_RESET",0,1,0,0,0,0,0,1
752,752,0,0,1,00,1,0,1,0,0,0,0,0,1,1,"S_RESET",0,1,0,0,0,0,0,1
753,753,0,0,1,00,1,0,1,0,0,0,0,0,1,1,"S_RESET",0,1,0,0,0,0,0,1
754,754,0,0,1,00,1,0,1,0,0,0,0,0,1,1,"S_RESET",0,1,0,0,0,0,0,1
755,755,0,0,1,00,1,0,1,0,0,0,0,0,1,1,"S_RESET",0,1,0,0,0,0,0,1
756,756,0,0,1,00,1,0,1,0,0,0,0,0,1,1,"S_RESET",0,1,0,0,0,0,0,1
757,757,0,0,1,00,1,0,1,0,0,0,0,0,1,1,"S_RESET",0,1,0,0,0,0,0,1
758,758,0,0,1,00,1,0,1,0,0,0,0,0,1,1,"S_RESET",0,1,0,0,0,0,0,1
759,759,0,0,1,00,1,0,1,0,0,0,0,0,1,1,"S_RESET",0,1,0,0,0,0,0,1
760,760,0,0,1,00,1,0,1,0,0,0,0,0,1,1,"S_RESET",0,1,0,0,0,0,0,1
761,761,0,0,1,00,1,0,1,0,0,0,0,0,1,1,"S_RESET",0,1,0,0,0,0,0,1
762,762,0,0,1,00,1,0,1,0,0,0,0,0,1,1,"S_RESET",0,1,0,0,0,0,0,1
763,763,0,0,1,00,1,0,1,0,0,0,0,0,1,1,"S_RESET",0,1,0,0,0,0,0,1
764,764,0,0,1,00,1,0,1,0,0,0,0,0,1,1,"S_RESET",0,1,0,0,0,0,0,1
765,765,0,0,1,00,1,0,1,0,0,0,0,0,1,1,"S_RESET",0,1,0,0,0,0,0,1
766,766,0,0,1,00,1,0,1,0,0,0,0,0,1,1,"S_RESET",0,1,0,0,0,0,0,1
767,767,0,0,1,00,1,0,1,0,0,0,0,0,1,1,"S_RESET",0,1,0,0,0,0,0,1
768,768,0,0,1,00,1,0,1,0,0,0,0,0,1,1,"S_RESET",0,1,0,0,0,0,0,1
769,769,0,0,1,00,1,0,1,0,0,0,0,0,1,1,"S_RESET",0,1,0,0,0,0,0,1
770,770,0,0,1,00,1,0,1,0,0,0,0,0,1,1,"S_RESET",0,1,0,0,0,0,0,1
771,771,0,0,1,00,1,0,1,0,0,0,0,0,1,1,"S_RESET",0,1,0,0,0,0,0,1
772,772,0,0,1,00,1,0,1,0,0,0,0,0,1,1,"S_RESET",0,1,0,0,0,0,0,1
773,773,0,0,1,00,1,0,1,0,0,0,0,0,1,1,"S_RESET",0,1,0,0,0,0,0,1
774,774,0,0,1,00,1,0,1,0,0,0,0,0,1,1,"S_RESET",0,1,0,0,0,0,0,1
775,775,0,0,1,00,1,0,1,0,0,0,0,0,1,1,"S_RESET",0,1,0,0,0,0,0,1
776,776,0,0,1,00,1,0,1,0,0,0,0,0,1,1,"S_RESET",0,1,0,0,0,0,0,1
777,777,0,0,1,00,1,0,1,0,0,0,0,0,1,1,"S_RESET",0,1,0,0,0,0,0,1
778,778,0,0,1,00,1,0,1,0,0,0,0,0,1,1,"S_RESET",0,1,0,0,0,0,0,1
779,779,0,0,1,00,1,0,1,0,0,0,0,0,1,1,"S_RESET",0,1,0,0,0,0,0,1
780,780,0,0,1,00,1,0,1,0,0,0,0,0,1,1,"S_RESET",0,1,0,0,0,0,0,1
781,781,0,0,1,00,1,0,1,0,0,0,0,0,1,1,"S_RESET",0,1,0,0,0,0,0,1
782,782,0,0,1,00,1,0,1,0,0,0,0,0,1,1,"S_RESET",0,1,0,0,0,0,0,1
783,783,0,0,1,00,1,0,1,0,0,0,0,0,1,1,"S_RESET",0,1,0,0,0,0,0,1
784,784,0,0,1,00,1,0,1,0,0,0,0,0,1,1,"S_RESET",0,1,0,0,0,0,0,1
785,785,0,0,1,00,1,0,1,0,0,0,0,0,1,1,"S_RESET",0,1,0,0,0,0,0,1
786,786,0,0,1,00,1,0,1,0,0,0,0,0,1,1,"S_RESET",0,1,0,0,0,0,0,1
787,787,0,0,1,00,1,0,1,0,0,0,0,0,1,1,"S_RESET",0,1,0,0,0,0,0,1
788,788,0,0,1,00,1,0,1,0,0,0,0,0,1,1,"S_RESET",0,1,0,0,0,0,0,1
789,789,0,0,1,00,1,0,1,0,0,0,0,0,1,1,"S_RESET",0,1,0,0,0,0,0,1
790,790,0,0,1,00,1,0,1,0,0,0,0,0,1,1,"S_RESET",0,1,0,0,0,0,0,1
791,791,0,0,1,00,1,0,1,0,0,0,0,0,1,1,"S_RESET",0,1,0,0,0,0,0,1
792,792,0,0,1,00,1,0,1,0,0,0,0,0,1,1,"S_RESET",0,1,0,0,0,0,0,1
793,793,0,0,1,00,1,0,1,0,0,0,0,0,1,1,"S_RESET",0,1,0,0,0,0,0,1
794,794,0,0,1,00,1,0,1,0,0,0,0,0,1,1,"S_RESET",0,1,0,0,0,0,0,1
795,795,0,0,1,00,1,0,1,0,0,0,0,0,1,1,"S_RESET",0,1,0,0,0,0,0,1
796,796,0,0,1,00,1,0,1,0,0,0,0,0,1,1,"S_RESET",0,1,0,0,0,0,0,1
797,797,0,0,1,00,1,0,1,0,0,0,0,0,1,1,"S_RESET",0,1,0,0,0,0,0,1
798,798,0,0,1,00,1,0,1,0,0,0,0,0,1,1,"S_RESET",0,1,0,0,0,0,0,1
799,799,0,0,1,00,1,0,1,0,0,0,0,0,1,1,"S_RESET",0,1,0,0,0,0,0,1
800,800,0,0,1,00,1,0,1,0,0,0,0,0,1,1,"S_RESET",0,1,0,0,0,0,0,1
801,801,0,0,1,00,1,0,1,0,0,0,0,0,1,1,"S_RESET",0,1,0,0,0,0,0,1
802,802,0,0,1,00,1,0,1,0,0,0,0,0,1,1,"S_RESET",0,1,0,0,0,0,0,1
803,803,0,0,1,00,1,0,1,0,0,0,0,0,1,1,"S_RESET",0,1,0,0,0,0,0,1
804,804,0,0,1,00,1,0,1,0,0,0,0,0,1,1,"S_RESET",0,1,0,0,0,0,0,1
805,805,0,0,1,00,1,0,1,0,0,0,0,0,1,1,"S_RESET",0,1,0,0,0,0,0,1
806,806,0,0,1,00,1,0,1,0,0,0,0,0,1,1,"S_RESET",0,1,0,0,0,0,0,1
807,807,0,0,1,00,1,0,1,0,0,0,0,0,1,1,"S_RESET",0,1,0,0,0,0,0,1
808,808,0,0,1,00,1,0,1,0,0,0,0,0,1,1,"S_RESET",0,1,0,0,0,0,0,1
809,809,0,0,1,00,1,0,1,0,0,0,0,0,1,1,"S_RESET",0,1,0,0,0,0,0,1
810,810,0,0,1,00,1,0,1,0,0,0,0,0,1,1,"S_RESET",0,1,0,0,0,0,0,1
811,811,0,0,1,00,1,0,1,0,0,0,0,0,1,1,"S_RESET",0,1,0,0,0,0,0,1
812,812,0,0,1,00,1,0,1,0,0,0,0,0,1,1,"S_RESET",0,1,0,0,0,0,0,1
813,813,0,0,1,00,1,0,1,0,0,0,0,0,1,1,"S_RESET",0,1,0,0,0,0,0,1
814,814,0,0,1,00,1,0,1,0,0,0,0,0,1,1,"S_RESET",0,1,0,0,0,0,0,1
815,815,0,0,1,00,1,0,1,0,0,0,0,0,1,1,"S_RESET",0,1,0,0,0,0,0,1
816,816,0,0,1,00,1,0,1,0,0,0,0,0,1,1,"S_RESET",0,1,0,0,0,0,0,1
817,817,0,0,1,00,1,0,1,0,0,0,0,0,1,1,"S_RESET",0,1,0,0,0,0,0,1
818,818,0,0,1,00,1,0,1,0,0,0,0,0,1,1,"S_RESET",0,1,0,0,0,0,0,1
819,819,0,0,1,00,1,0,1,0,0,0,0,0,1,1,"S_RESET",0,1,0,0,0,0,0,1
820,820,0,0,1,00,1,0,1,0,0,0,0,0,1,1,"S_RESET",0,1,0,0,0,0,0,1
821,821,0,0,1,00,1,0,1,0,0,0,0,0,1,1,"S_RESET",0,1,0,0,0,0,0,1
822,822,0,0,1,00,1,0,1,0,0,0,0,0,1,1,"S_RESET",0,1,0,0,0,0,0,1
823,823,0,0,1,00,1,0,1,0,0,0,0,0,1,1,"S_RESET",0,1,0,0,0,0,0,1
824,824,0,0,1,00,1,0,1,0,0,0,0,0,1,1,"S_RESET",0,1,0,0,0,0,0,1
825,825,0,0,1,00,1,0,1,0,0,0,0,0,1,1,"S_RESET",0,1,0,0,0,0,0,1
826,826,0,0,1,00,1,0,1,0,0,0,0,0,1,1,"S_RESET",0,1,0,0,0,0,0,1
827,827,0,0,1,00,1,0,1,0,0,0,0,0,1,1,"S_RESET",0,1,0,0,0,0,0,1
828,828,0,0,1,00,1,0,1,0,0,0,0,0,1,1,"S_RESET",0,1,0,0,0,0,0,1
829,829,0,0,1,00,1,0,1,0,0,0,0,0,1,1,"S_RESET",0,1,0,0,0,0,0,1
830,830,0,0,1,00,1,0,1,0,0,0,0,0,1,1,"S_RESET",0,1,0,0,0,0,0,1
831,831,0,0,1,00,1,0,1,0,0,0,0,0,1,1,"S_RESET",0,1,0,0,0,0,0,1
832,832,0,0,1,00,1,0,1,0,0,0,0,0,1,1,"S_RESET",0,1,0,0,0,0,0,1
833,833,0,0,1,00,1,0,1,0,0,0,0,0,1,1,"S_RESET",0,1,0,0,0,0,0,1
834,834,0,0,1,00,1,0,1,0,0,0,0,0,1,1,"S_RESET",0,1,0,0,0,0,0,1
835,835,0,0,1,00,1,0,1,0,0,0,0,0,1,1,"S_RESET",0,1,0,0,0,0,0,1
836,836,0,0,1,00,1,0,1,0,0,0,0,0,1,1,"S_RESET",0,1,0,0,0,0,0,1
837,837,0,0,1,00,1,0,1,0,0,0,0,0,1,1,"S_RESET",0,1,0,0,0,0,0,1
838,838,0,0,1,00,1,0,1,0,0,0,0,0,1,1,"S_RESET",0,1,0,0,0,0,0,1
839,839,0,0,1,00,1,0,1,0,0,0,0,0,1,1,"S_RESET",0,1,0,0,0,0,0,1
840,840,0,0,1,00,1,0,1,0,0,0,0,0,1,1,"S_RESET",0,1,0,0,0,0,0,1
841,841,0,0,1,00,1,0,1,0,0,0,0,0,1,1,"S_RESET",0,1,0,0,0,0,0,1
842,842,0,0,1,00,1,0,1,0,0,0,0,0,1,1,"S_RESET",0,1,0,0,0,0,0,1
843,843,0,0,1,00,1,0,1,0,0,0,0,0,1,1,"S_RESET",0,1,0,0,0,0,0,1
844,844,0,0,1,00,1,0,1,0,0,0,0,0,1,1,"S_RESET",0,1,0,0,0,0,0,1
845,845,0,0,1,00,1,0,1,0,0,0,0,0,1,1,"S_RESET",0,1,0,0,0,0,0,1
846,846,0,0,1,00,1,0,1,0,0,0,0,0,1,1,"S_RESET",0,1,0,0,0,0,0,1
847,847,0,0,1,00,1,0,1,0,0,0,0,0,1,1,"S_RESET",0,1,0,0,0,0,0,1
848,848,0,0,1,00,1,0,1,0,0,0,0,0,1,1,"S_RESET",0,1,0,0,0,0,0,1
849,849,0,0,1,00,1,0,1,0,0,0,0,0,1,1,"S_RESET",0,1,0,0,0,0,0,1
850,850,0,0,1,00,1,0,1,0,0,0,0,0,1,1,"S_RESET",0,1,0,0,0,0,0,1
851,851,0,0,1,00,1,0,1,0,0,0,0,0,1,1,"S_RESET",0,1,0,0,0,0,0,1
852,852,0,0,1,00,1,0,1,0,0,0,0,0,1,1,"S_RESET",0,1,0,0,0,0,0,1
853,853,0,0,1,00,1,0,1,0,0,0,0,0,1,1,"S_RESET",0,1,0,0,0,0,0,1
854,854,0,0,1,00,1,0,1,0,0,0,0,0,1,1,"S_RESET",0,1,0,0,0,0,0,1
855,855,0,0,1,00,1,0,1,0,0,0,0,0,1,1,"S_RESET",0,1,0,0,0,0,0,1
856,856,0,0,1,00,1,0,1,0,0,0,0,0,1,1,"S_RESET",0,1,0,0,0,0,0,1
857,857,0,0,1,00,1,0,1,0,0,0,0,0,1,1,"S_RESET",0,1,0,0,0,0,0,1
858,858,0,0,1,00,1,0,1,0,0,0,0,0,1,1,"S_RESET",0,1,0,0,0,0,0,1
859,859,0,0,1,00,1,0,1,0,0,0,0,0,1,1,"S_RESET",0,1,0,0,0,0,0,1
860,860,0,0,1,00,1,0,1,0,0,0,0,0,1,1,"S_RESET",0,1,0,0,0,0,0,1
861,861,0,0,1,00,1,0,1,0,0,0,0,0,1,1,"S_RESET",0,1,0,0,0,0,0,1
862,862,0,0,1,00,1,0,1,0,0,0,0,0,1,1,"S_RESET",0,1,0,0,0,0,0,1
863,863,0,0,1,00,1,0,1,0,0,0,0,0,1,1,"S_RESET",0,1,0,0,0,0,0,1
864,864,0,0,1,00,1,0,1,0,0,0,0,0,1,1,"S_RESET",0,1,0,0,0,0,0,1
865,865,0,0,1,00,1,0,1,0,0,0,0,0,1,1,"S_RESET",0,1,0,0,0,0,0,1
866,866,0,0,1,00,1,0,1,0,0,0,0,0,1,1,"S_RESET",0,1,0,0,0,0,0,1
867,867,0,0,1,00,1,0,1,0,0,0,0,0,1,1,"S_RESET",0,1,0,0,0,0,0,1
868,868,0,0,1,00,1,0,1,0,0,0,0,0,1,1,"S_RESET",0,1,0,0,0,0,0,1
869,869,0,0,1,00,1,0,1,0,0,0,0,0,1,1,"S_RESET",0,1,0,0,0,0,0,1
870,870,0,0,1,00,1,0,1,0,0,0,0,0,1,1,"S_RESET",0,1,0,0,0,0,0,1
871,871,0,0,1,00,1,0,1,0,0,0,0,0,1,1,"S_RESET",0,1,0,0,0,0,0,1
872,872,0,0,1,00,1,0,1,0,0,0,0,0,1,1,"S_RESET",0,1,0,0,0,0,0,1
873,873,0,0,1,00,1,0,1,0,0,0,0,0,1,1,"S_RESET",0,1,0,0,0,0,0,1
874,874,0,0,1,00,1,0,1,0,0,0,0,0,1,1,"S_RESET",0,1,0,0,0,0,0,1
875,875,0,0,1,00,1,0,1,0,0,0,0,0,1,1,"S_RESET",0,1,0,0,0,0,0,1
876,876,0,0,1,00,1,0,1,0,0,0,0,0,1,1,"S_RESET",0,1,0,0,0,0,0,1
877,877,0,0,1,00,1,0,1,0,0,0,0,0,1,1,"S_RESET",0,1,0,0,0,0,0,1
878,878,0,0,1,00,1,0,1,0,0,0,0,0,1,1,"S_RESET",0,1,0,0,0,0,0,1
879,879,0,0,1,00,1,0,1,0,0,0,0,0,1,1,"S_RESET",0,1,0,0,0,0,0,1
880,880,0,0,1,00,1,0,1,0,0,0,0,0,1,1,"S_RESET",0,1,0,0,0,0,0,1
881,881,0,0,1,00,1,0,1,0,0,0,0,0,1,1,"S_RESET",0,1,0,0,0,0,0,1
882,882,0,0,1,00,1,0,1,0,0,0,0,0,1,1,"S_RESET",0,1,0,0,0,0,0,1
883,883,0,0,1,00,1,0,1,0,0,0,0,0,1,1,"S_RESET",0,1,0,0,0,0,0,1
884,884,0,0,1,00,1,0,1,0,0,0,0,0,1,1,"S_RESET",0,1,0,0,0,0,0,1
885,885,0,0,1,00,1,0,1,0,0,0,0,0,1,1,"S_RESET",0,1,0,0,0,0,0,1
886,886,0,0,1,00,1,0,1,0,0,0,0,0,1,1,"S_RESET",0,1,0,0,0,0,0,1
887,887,0,0,1,00,1,0,1,0,0,0,0,0,1,1,"S_RESET",0,1,0,0,0,0,0,1
888,888,0,0,1,00,1,0,1,0,0,0,0,0,1,1,"S_RESET",0,1,0,0,0,0,0,1
889,889,0,0,1,00,1,0,1,0,0,0,0,0,1,1,"S_RESET",0,1,0,0,0,0,0,1
890,890,0,0,1,00,1,0,1,0,0,0,0,0,1,1,"S_RESET",0,1,0,0,0,0,0,1
891,891,0,0,1,00,1,0,1,0,0,0,0,0,1,1,"S_RESET",0,1,0,0,0,0,0,1
892,892,0,0,1,00,1,0,1,0,0,0,0,0,1,1,"S_RESET",0,1,0,0,0,0,0,1
893,893,0,0,1,00,1,0,1,0,0,0,0,0,1,1,"S_RESET",0,1,0,0,0,0,0,1
894,894,0,0,1,00,1,0,1,0,0,0,0,0,1,1,"S_RESET",0,1,0,0,0,0,0,1
895,895,0,0,1,00,1,0,1,0,0,0,0,0,1,1,"S_RESET",0,1,0,0,0,0,0,1
896,896,0,0,1,00,1,0,1,0,0,0,0,0,1,1,"S_RESET",0,1,0,0,0,0,0,1
897,897,0,0,1,00,1,0,1,0,0,0,0,0,1,1,"S_RESET",0,1,0,0,0,0,0,1
898,898,0,0,1,00,1,0,1,0,0,0,0,0,1,1,"S_RESET",0,1,0,0,0,0,0,1
899,899,0,0,1,00,1,0,1,0,0,0,0,0,1,1,"S_RESET",0,1,0,0,0,0,0,1
900,900,0,0,1,00,1,0,1,0,0,0,0,0,1,1,"S_RESET",0,1,0,0,0,0,0,1
901,901,0,0,1,00,1,0,1,0,0,0,0,0,1,1,"S_RESET",0,1,0,0,0,0,0,1
902,902,0,0,1,00,1,0,1,0,0,0,0,0,1,1,"S_RESET",0,1,0,0,0,0,0,1
903,903,0,0,1,00,1,0,1,0,0,0,0,0,1,1,"S_RESET",0,1,0,0,0,0,0,1
904,904,0,0,1,00,1,0,1,0,0,0,0,0,1,1,"S_RESET",0,1,0,0,0,0,0,1
905,905,0,0,1,00,1,0,1,0,0,0,0,0,1,1,"S_RESET",0,1,0,0,0,0,0,1
906,906,0,0,1,00,1,0,1,0,0,0,0,0,1,1,"S_RESET",0,1,0,0,0,0,0,1
907,907,0,0,1,00,1,0,1,0,0,0,0,0,1,1,"S_RESET",0,1,0,0,0,0,0,1
908,908,0,0,1,00,1,0,1,0,0,0,0,0,1,1,"S_RESET",0,1,0,0,0,0,0,1
909,909,0,0,1,00,1,0,1,0,0,0,0,0,1,1,"S_RESET",0,1,0,0,0,0,0,1
910,910,0,0,1,00,1,0,1,0,0,0,0,0,1,1,"S_RESET",0,1,0,0,0,0,0,1
911,911,0,0,1,00,1,0,1,0,0,0,0,0,1,1,"S_RESET",0,1,0,0,0,0,0,1
912,912,0,0,1,00,1,0,1,0,0,0,0,0,1,1,"S_RESET",0,1,0,0,0,0,0,1
913,913,0,0,1,00,1,0,1,0,0,0,0,0,1,1,"S_RESET",0,1,0,0,0,0,0,1
914,914,0,0,1,00,1,0,1,0,0,0,0,0,1,1,"S_RESET",0,1,0,0,0,0,0,1
915,915,0,0,1,00,1,0,1,0,0,0,0,0,1,1,"S_RESET",0,1,0,0,0,0,0,1
916,916,0,0,1,00,1,0,1,0,0,0,0,0,1,1,"S_RESET",0,1,0,0,0,0,0,1
917,917,0,0,1,00,1,0,1,0,0,0,0,0,1,1,"S_RESET",0,1,0,0,0,0,0,1
918,918,0,0,1,00,1,0,1,0,0,0,0,0,1,1,"S_RESET",0,1,0,0,0,0,0,1
919,919,0,0,1,00,1,0,1,0,0,0,0,0,1,1,"S_RESET",0,1,0,0,0,0,0,1
920,920,0,0,1,00,1,0,1,0,0,0,0,0,1,1,"S_RESET",0,1,0,0,0,0,0,1
921,921,0,0,1,00,1,0,1,0,0,0,0,0,1,1,"S_RESET",0,1,0,0,0,0,0,1
922,922,0,0,1,00,1,0,1,0,0,0,0,0,1,1,"S_RESET",0,1,0,0,0,0,0,1
923,923,0,0,1,00,1,0,1,0,0,0,0,0,1,1,"S_RESET",0,1,0,0,0,0,0,1
924,924,0,0,1,00,1,0,1,0,0,0,0,0,1,1,"S_RESET",0,1,0,0,0,0,0,1
925,925,0,0,1,00,1,0,1,0,0,0,0,0,1,1,"S_RESET",0,1,0,0,0,0,0,1
926,926,0,0,1,00,1,0,1,0,0,0,0,0,1,1,"S_RESET",0,1,0,0,0,0,0,1
927,927,0,0,1,00,1,0,1,0,0,0,0,0,1,1,"S_RESET",0,1,0,0,0,0,0,1
928,928,0,0,1,00,1,0,1,0,0,0,0,0,1,1,"S_RESET",0,1,0,0,0,0,0,1
929,929,0,0,1,00,1,0,1,0,0,0,0,0,1,1,"S_RESET",0,1,0,0,0,0,0,1
930,930,0,0,1,00,1,0,1,0,0,0,0,0,1,1,"S_RESET",0,1,0,0,0,0,0,1
931,931,0,0,1,00,1,0,1,0,0,0,0,0,1,1,"S_RESET",0,1,0,0,0,0,0,1
932,932,0,0,1,00,1,0,1,0,0,0,0,0,1,1,"S_RESET",0,1,0,0,0,0,0,1
933,933,0,0,1,00,1,0,1,0,0,0,0,0,1,1,"S_RESET",0,1,0,0,0,0,0,1
934,934,0,0,1,00,1,0,1,0,0,0,0,0,1,1,"S_RESET",0,1,0,0,0,0,0,1
935,935,0,0,1,00,1,0,1,0,0,0,0,0,1,1,"S_RESET",0,1,0,0,0,0,0,1
936,936,0,0,1,00,1,0,1,0,0,0,0,0,1,1,"S_RESET",0,1,0,0,0,0,0,1
937,937,0,0,1,00,1,0,1,0,0,0,0,0,1,1,"S_RESET",0,1,0,0,0,0,0,1
938,938,0,0,1,00,1,0,1,0,0,0,0,0,1,1,"S_RESET",0,1,0,0,0,0,0,1
939,939,0,0,1,00,1,0,1,0,0,0,0,0,1,1,"S_RESET",0,1,0,0,0,0,0,1
940,940,0,0,1,00,1,0,1,0,0,0,0,0,1,1,"S_RESET",0,1,0,0,0,0,0,1
941,941,0,0,1,00,1,0,1,0,0,0,0,0,1,1,"S_RESET",0,1,0,0,0,0,0,1
942,942,0,0,1,00,1,0,1,0,0,0,0,0,1,1,"S_RESET",0,1,0,0,0,0,0,1
943,943,0,0,1,00,1,0,1,0,0,0,0,0,1,1,"S_RESET",0,1,0,0,0,0,0,1
944,944,0,0,1,00,1,0,1,0,0,0,0,0,1,1,"S_RESET",0,1,0,0,0,0,0,1
945,945,0,0,1,00,1,0,1,0,0,0,0,0,1,1,"S_RESET",0,1,0,0,0,0,0,1
946,946,0,0,1,00,1,0,1,0,0,0,0,0,1,1,"S_RESET",0,1,0,0,0,0,0,1
947,947,0,0,1,00,1,0,1,0,0,0,0,0,1,1,"S_RESET",0,1,0,0,0,0,0,1
948,948,0,0,1,00,1,0,1,0,0,0,0,0,1,1,"S_RESET",0,1,0,0,0,0,0,1
949,949,0,0,1,00,1,0,1,0,0,0,0,0,1,1,"S_RESET",0,1,0,0,0,0,0,1
950,950,0,0,1,00,1,0,1,0,0,0,0,0,1,1,"S_RESET",0,1,0,0,0,0,0,1
951,951,0,0,1,00,1,0,1,0,0,0,0,0,1,1,"S_RESET",0,1,0,0,0,0,0,1
952,952,0,0,1,00,1,0,1,0,0,0,0,0,1,1,"S_RESET",0,1,0,0,0,0,0,1
953,953,0,0,1,00,1,0,1,0,0,0,0,0,1,1,"S_RESET",0,1,0,0,0,0,0,1
954,954,0,0,1,00,1,0,1,0,0,0,0,0,1,1,"S_RESET",0,1,0,0,0,0,0,1
955,955,0,0,1,00,1,0,1,0,0,0,0,0,1,1,"S_RESET",0,1,0,0,0,0,0,1
956,956,0,0,1,00,1,0,1,0,0,0,0,0,1,1,"S_RESET",0,1,0,0,0,0,0,1
957,957,0,0,1,00,1,0,1,0,0,0,0,0,1,1,"S_RESET",0,1,0,0,0,0,0,1
958,958,0,0,1,00,1,0,1,0,0,0,0,0,1,1,"S_RESET",0,1,0,0,0,0,0,1
959,959,0,0,1,00,1,0,1,0,0,0,0,0,1,1,"S_RESET",0,1,0,0,0,0,0,1
960,960,0,0,1,00,1,0,1,0,0,0,0,0,1,1,"S_RESET",0,1,0,0,0,0,0,1
961,961,0,0,1,00,1,0,1,0,0,0,0,0,1,1,"S_RESET",0,1,0,0,0,0,0,1
962,962,0,0,1,00,1,0,1,0,0,0,0,0,1,1,"S_RESET",0,1,0,0,0,0,0,1
963,963,0,0,1,00,1,0,1,0,0,0,0,0,1,1,"S_RESET",0,1,0,0,0,0,0,1
964,964,0,0,1,00,1,0,1,0,0,0,0,0,1,1,"S_RESET",0,1,0,0,0,0,0,1
965,965,0,0,1,00,1,0,1,0,0,0,0,0,1,1,"S_RESET",0,1,0,0,0,0,0,1
966,966,0,0,1,00,1,0,1,0,0,0,0,0,1,1,"S_RESET",0,1,0,0,0,0,0,1
967,967,0,0,1,00,1,0,1,0,0,0,0,0,1,1,"S_RESET",0,1,0,0,0,0,0,1
968,968,0,0,1,00,1,0,1,0,0,0,0,0,1,1,"S_RESET",0,1,0,0,0,0,0,1
969,969,0,0,1,00,1,0,1,0,0,0,0,0,1,1,"S_RESET",0,1,0,0,0,0,0,1
970,970,0,0,1,00,1,0,1,0,0,0,0,0,1,1,"S_RESET",0,1,0,0,0,0,0,1
971,971,0,0,1,00,1,0,1,0,0,0,0,0,1,1,"S_RESET",0,1,0,0,0,0,0,1
972,972,0,0,1,00,1,0,1,0,0,0,0,0,1,1,"S_RESET",0,1,0,0,0,0,0,1
973,973,0,0,1,00,1,0,1,0,0,0,0,0,1,1,"S_RESET",0,1,0,0,0,0,0,1
974,974,0,0,1,00,1,0,1,0,0,0,0,0,1,1,"S_RESET",0,1,0,0,0,0,0,1
975,975,0,0,1,00,1,0,1,0,0,0,0,0,1,1,"S_RESET",0,1,0,0,0,0,0,1
976,976,0,0,1,00,1,0,1,0,0,0,0,0,1,1,"S_RESET",0,1,0,0,0,0,0,1
977,977,0,0,1,00,1,0,1,0,0,0,0,0,1,1,"S_RESET",0,1,0,0,0,0,0,1
978,978,0,0,1,00,1,0,1,0,0,0,0,0,1,1,"S_RESET",0,1,0,0,0,0,0,1
979,979,0,0,1,00,1,0,1,0,0,0,0,0,1,1,"S_RESET",0,1,0,0,0,0,0,1
980,980,0,0,1,00,1,0,1,0,0,0,0,0,1,1,"S_RESET",0,1,0,0,0,0,0,1
981,981,0,0,1,00,1,0,1,0,0,0,0,0,1,1,"S_RESET",0,1,0,0,0,0,0,1
982,982,0,0,1,00,1,0,1,0,0,0,0,0,1,1,"S_RESET",0,1,0,0,0,0,0,1
983,983,0,0,1,00,1,0,1,0,0,0,0,0,1,1,"S_RESET",0,1,0,0,0,0,0,1
984,984,0,0,1,00,1,0,1,0,0,0,0,0,1,1,"S_RESET",0,1,0,0,0,0,0,1
985,985,0,0,1,00,1,0,1,0,0,0,0,0,1,1,"S_RESET",0,1,0,0,0,0,0,1
986,986,0,0,1,00,1,0,1,0,0,0,0,0,1,1,"S_RESET",0,1,0,0,0,0,0,1
987,987,0,0,1,00,1,0,1,0,0,0,0,0,1,1,"S_RESET",0,1,0,0,0,0,0,1
988,988,0,0,1,00,1,0,1,0,0,0,0,0,1,1,"S_RESET",0,1,0,0,0,0,0,1
989,989,0,0,1,00,1,0,1,0,0,0,0,0,1,1,"S_RESET",0,1,0,0,0,0,0,1
990,990,0,0,1,00,1,0,1,0,0,0,0,0,1,1,"S_RESET",0,1,0,0,0,0,0,1
991,991,0,0,1,00,1,0,1,0,0,0,0,0,1,1,"S_RESET",0,1,0,0,0,0,0,1
992,992,0,0,1,00,1,0,1,0,0,0,0,0,1,1,"S_RESET",0,1,0,0,0,0,0,1
993,993,0,0,1,00,1,0,1,0,0,0,0,0,1,1,"S_RESET",0,1,0,0,0,0,0,1
994,994,0,0,1,00,1,0,1,0,0,0,0,0,1,1,"S_RESET",0,1,0,0,0,0,0,1
995,995,0,0,1,00,1,0,1,0,0,0,0,0,1,1,"S_RESET",0,1,0,0,0,0,0,1
996,996,0,0,1,00,1,0,1,0,0,0,0,0,1,1,"S_RESET",0,1,0,0,0,0,0,1
997,997,0,0,1,00,1,0,1,0,0,0,0,0,1,1,"S_RESET",0,1,0,0,0,0,0,1
998,998,0,0,1,00,1,0,1,0,0,0,0,0,1,1,"S_RESET",0,1,0,0,0,0,0,1
999,999,0,0,1,00,1,0,1,0,0,0,0,0,1,1,"S_RESET",0,1,0,0,0,0,0,1
1000,1000,0,0,1,00,1,0,1,0,0,0,0,0,1,1,"S_RESET",0,1,0,0,0,0,0,1
1001,1001,0,0,1,00,1,0,1,0,0,0,0,0,1,1,"S_RESET",0,1,0,0,0,0,0,1
1002,1002,0,0,1,00,1,0,1,0,0,0,0,0,1,1,"S_RESET",0,1,0,0,0,0,0,1
1003,1003,0,0,1,00,1,0,1,0,0,0,0,0,1,1,"S_RESET",0,1,0,0,0,0,0,1
1004,1004,0,0,1,00,1,0,1,0,0,0,0,0,1,1,"S_RESET",0,1,0,0,0,0,0,1
1005,1005,0,0,1,00,1,0,1,0,0,0,0,0,1,1,"S_RESET",0,1,0,0,0,0,0,1
1006,1006,0,0,1,00,1,0,1,0,0,0,0,0,1,1,"S_RESET",0,1,0,0,0,0,0,1
1007,1007,0,0,1,00,1,0,1,0,0,0,0,0,1,1,"S_RESET",0,1,0,0,0,0,0,1
1008,1008,0,0,1,00,1,0,1,0,0,0,0,0,1,1,"S_RESET",0,1,0,0,0,0,0,1
1009,1009,0,0,1,00,1,0,1,0,0,0,0,0,1,1,"S_RESET",0,1,0,0,0,0,0,1
1010,1010,0,0,1,00,1,0,1,0,0,0,0,0,1,1,"S_RESET",0,1,0,0,0,0,0,1
1011,1011,0,0,1,00,1,0,1,0,0,0,0,0,1,1,"S_RESET",0,1,0,0,0,0,0,1
1012,1012,0,0,1,00,1,0,1,0,0,0,0,0,1,1,"S_RESET",0,1,0,0,0,0,0,1
1013,1013,0,0,1,00,1,0,1,0,0,0,0,0,1,1,"S_RESET",0,1,0,0,0,0,0,1
1014,1014,0,0,1,00,1,0,1,0,0,0,0,0,1,1,"S_RESET",0,1,0,0,0,0,0,1
1015,1015,0,0,1,00,1,0,1,0,0,0,0,0,1,1,"S_RESET",0,1,0,0,0,0,0,1
1016,1016,0,0,1,00,1,0,1,0,0,0,0,0,1,1,"S_RESET",0,1,0,0,0,0,0,1
1017,1017,0,0,1,00,1,0,1,0,0,0,0,0,1,1,"S_RESET",0,1,0,0,0,0,0,1
1018,1018,0,0,1,00,1,0,1,0,0,0,0,0,1,1,"S_RESET",0,1,0,0,0,0,0,1
1019,1019,0,0,1,00,1,0,1,0,0,0,0,0,1,1,"S_RESET",0,1,0,0,0,0,0,1
1020,1020,0,0,1,00,1,0,1,0,0,0,0,0,1,1,"S_RESET",0,1,0,0,0,0,0,1
1021,1021,0,0,1,00,1,0,1,0,0,0,0,0,1,1,"S_RESET",0,1,0,0,0,0,0,1
1022,1022,0,0,1,00,1,0,1,0,0,0,0,0,1,1,"S_RESET",0,1,0,0,0,0,0,1
1023,1023,0,0,1,00,1,0,1,0,0,0,0,0,1,1,"S_RESET",0,1,0,0,0,0,0,1
1024,1024,0,0,1,00,1,0,1,0,0,0,0,0,1,1,"S_RESET",0,1,0,0,0,0,0,1
1025,1025,0,0,1,00,1,0,1,0,0,0,0,0,1,1,"S_RESET",0,1,0,0,0,0,0,1
1026,1026,0,0,1,00,1,0,1,0,0,0,0,0,1,1,"S_RESET",0,1,0,0,0,0,0,1
1027,1027,0,0,1,00,1,0,1,0,0,0,0,0,1,1,"S_RESET",0,1,0,0,0,0,0,1
1028,1028,0,0,1,00,1,0,1,0,0,0,0,0,1,1,"S_RESET",0,1,0,0,0,0,0,1
1029,1029,0,0,1,00,1,0,1,0,0,0,0,0,1,1,"S_RESET",0,1,0,0,0,0,0,1
1030,1030,0,0,1,00,1,0,1,0,0,0,0,0,1,1,"S_RESET",0,1,0,0,0,0,0,1
1031,1031,0,0,1,00,1,0,1,0,0,0,0,0,1,1,"S_RESET",0,1,0,0,0,0,0,1
1032,1032,0,0,1,00,1,0,1,0,0,0,0,0,1,1,"S_RESET",0,1,0,0,0,0,0,1
1033,1033,0,0,1,00,1,0,1,0,0,0,0,0,1,1,"S_RESET",0,1,0,0,0,0,0,1
1034,1034,0,0,1,00,1,0,1,0,0,0,0,0,1,1,"S_RESET",0,1,0,0,0,0,0,1
1035,1035,0,0,1,00,1,0,1,0,0,0,0,0,1,1,"S_RESET",0,1,0,0,0,0,0,1
1036,1036,0,0,1,00,1,0,1,0,0,0,0,0,1,1,"S_RESET",0,1,0,0,0,0,0,1
1037,1037,0,0,1,00,1,0,1,0,0,0,0,0,1,1,"S_RESET",0,1,0,0,0,0,0,1
1038,1038,0,0,1,00,1,0,1,0,0,0,0,0,1,1,"S_RESET",0,1,0,0,0,0,0,1
1039,1039,0,0,1,00,1,0,1,0,0,0,0,0,1,1,"S_RESET",0,1,0,0,0,0,0,1
1040,1040,0,0,1,00,1,0,1,0,0,0,0,0,1,1,"S_RESET",0,1,0,0,0,0,0,1
1041,1041,0,0,1,00,1,0,1,0,0,0,0,0,1,1,"S_RESET",0,1,0,0,0,0,0,1
1042,1042,0,0,1,00,1,0,1,0,0,0,0,0,1,1,"S_RESET",0,1,0,0,0,0,0,1
1043,1043,0,0,1,00,1,0,1,0,0,0,0,0,1,1,"S_RESET",0,1,0,0,0,0,0,1
1044,1044,0,0,1,00,1,0,1,0,0,0,0,0,1,1,"S_RESET",0,1,0,0,0,0,0,1
1045,1045,0,0,1,00,1,0,1,0,0,0,0,0,1,1,"S_RESET",0,1,0,0,0,0,0,1
1046,1046,0,0,1,00,1,0,1,0,0,0,0,0,1,1,"S_RESET",0,1,0,0,0,0,0,1
1047,1047,0,0,1,00,1,0,1,0,0,0,0,0,1,1,"S_RESET",0,1,0,0,0,0,0,1
1048,1048,0,0,1,00,1,0,1,0,0,0,0,0,1,1,"S_RESET",0,1,0,0,0,0,0,1
1049,1049,0,0,1,00,1,0,1,0,0,0,0,0,1,1,"S_RESET",0,1,0,0,0,0,0,1
1050,1050,0,0,1,00,1,0,1,0,0,0,0,0,1,1,"S_RESET",0,1,0,0,0,0,0,1
1051,1051,0,0,1,00,1,0,1,0,0,0,0,0,1,1,"S_RESET",0,1,0,0,0,0,0,1
1052,1052,0,0,1,00,1,0,1,0,0,0,0,0,1,1,"S_RESET",0,1,0,0,0,0,0,1
1053,1053,0,0,1,00,1,0,1,0,0,0,0,0,1,1,"S_RESET",0,1,0,0,0,0,0,1
1054,1054,0,0,1,00,1,0,1,0,0,0,0,0,1,1,"S_RESET",0,1,0,0,0,0,0,1
1055,1055,0,0,1,00,1,0,1,0,0,0,0,0,1,1,"S_RESET",0,1,0,0,0,0,0,1
1056,1056,0,0,1,00,1,0,1,0,0,0,0,0,1,1,"S_RESET",0,1,0,0,0,0,0,1
1057,1057,0,0,1,00,1,0,1,0,0,0,0,0,1,1,"S_RESET",0,1,0,0,0,0,0,1
1058,1058,0,0,1,00,1,0,1,0,0,0,0,0,1,1,"S_RESET",0,1,0,0,0,0,0,1
1059,1059,0,0,1,00,1,0,1,0,0,0,0,0,1,1,"S_RESET",0,1,0,0,0,0,0,1
1060,1060,0,0,1,00,1,0,1,0,0,0,0,0,1,1,"S_RESET",0,1,0,0,0,0,0,1
1061,1061,0,0,1,00,1,0,1,0,0,0,0,0,1,1,"S_RESET",0,1,0,0,0,0,0,1
1062,1062,0,0,1,00,1,0,1,0,0,0,0,0,1,1,"S_RESET",0,1,0,0,0,0,0,1
1063,1063,0,0,1,00,1,0,1,0,0,0,0,0,1,1,"S_RESET",0,1,0,0,0,0,0,1
1064,1064,0,0,1,00,1,0,1,0,0,0,0,0,1,1,"S_RESET",0,1,0,0,0,0,0,1
1065,1065,0,0,1,00,1,0,1,0,0,0,0,0,1,1,"S_RESET",0,1,0,0,0,0,0,1
1066,1066,0,0,1,00,1,0,1,0,0,0,0,0,1,1,"S_RESET",0,1,0,0,0,0,0,1
1067,1067,0,0,1,00,1,0,1,0,0,0,0,0,1,1,"S_RESET",0,1,0,0,0,0,0,1
1068,1068,0,0,1,00,1,0,1,0,0,0,0,0,1,1,"S_RESET",0,1,0,0,0,0,0,1
1069,1069,0,0,1,00,1,0,1,0,0,0,0,0,1,1,"S_RESET",0,1,0,0,0,0,0,1
1070,1070,0,0,1,00,1,0,1,0,0,0,0,0,1,1,"S_RESET",0,1,0,0,0,0,0,1
1071,1071,0,0,1,00,1,0,1,0,0,0,0,0,1,1,"S_RESET",0,1,0,0,0,0,0,1
1072,1072,0,0,1,00,1,0,1,0,0,0,0,0,1,1,"S_RESET",0,1,0,0,0,0,0,1
1073,1073,0,0,1,00,1,0,1,0,0,0,0,0,1,1,"S_RESET",0,1,0,0,0,0,0,1
1074,1074,0,0,1,00,1,0,1,0,0,0,0,0,1,1,"S_RESET",0,1,0,0,0,0,0,1
1075,1075,0,0,1,00,1,0,1,0,0,0,0,0,1,1,"S_RESET",0,1,0,0,0,0,0,1
1076,1076,0,0,1,00,1,0,1,0,0,0,0,0,1,1,"S_RESET",0,1,0,0,0,0,0,1
1077,1077,0,0,1,00,1,0,1,0,0,0,0,0,1,1,"S_RESET",0,1,0,0,0,0,0,1
1078,1078,0,0,1,00,1,0,1,0,0,0,0,0,1,1,"S_RESET",0,1,0,0,0,0,0,1
1079,1079,0,0,1,00,1,0,1,0,0,0,0,0,1,1,"S_RESET",0,1,0,0,0,0,0,1
1080,1080,0,0,1,00,1,0,1,0,0,0,0,0,1,1,"S_RESET",0,1,0,0,0,0,0,1
1081,1081,0,0,1,00,1,0,1,0,0,0,0,0,1,1,"S_RESET",0,1,0,0,0,0,0,1
1082,1082,0,0,1,00,1,0,1,0,0,0,0,0,1,1,"S_RESET",0,1,0,0,0,0,0,1
1083,1083,0,0,1,00,1,0,1,0,0,0,0,0,1,1,"S_RESET",0,1,0,0,0,0,0,1
1084,1084,0,0,1,00,1,0,1,0,0,0,0,0,1,1,"S_RESET",0,1,0,0,0,0,0,1
1085,1085,0,0,1,00,1,0,1,0,0,0,0,0,1,1,"S_RESET",0,1,0,0,0,0,0,1
1086,1086,0,0,1,00,1,0,1,0,0,0,0,0,1,1,"S_RESET",0,1,0,0,0,0,0,1
1087,1087,0,0,1,00,1,0,1,0,0,0,0,0,1,1,"S_RESET",0,1,0,0,0,0,0,1
1088,1088,0,0,1,00,1,0,1,0,0,0,0,0,1,1,"S_RESET",0,1,0,0,0,0,0,1
1089,1089,0,0,1,00,1,0,1,0,0,0,0,0,1,1,"S_RESET",0,1,0,0,0,0,0,1
1090,1090,0,0,1,00,1,0,1,0,0,0,0,0,1,1,"S_RESET",0,1,0,0,0,0,0,1
1091,1091,0,0,1,00,1,0,1,0,0,0,0,0,1,1,"S_RESET",0,1,0,0,0,0,0,1
1092,1092,0,0,1,00,1,0,1,0,0,0,0,0,1,1,"S_RESET",0,1,0,0,0,0,0,1
1093,1093,0,0,1,00,1,0,1,0,0,0,0,0,1,1,"S_RESET",0,1,0,0,0,0,0,1
1094,1094,0,0,1,00,1,0,1,0,0,0,0,0,1,1,"S_RESET",0,1,0,0,0,0,0,1
1095,1095,0,0,1,00,1,0,1,0,0,0,0,0,1,1,"S_RESET",0,1,0,0,0,0,0,1
1096,1096,0,0,1,00,1,0,1,0,0,0,0,0,1,1,"S_RESET",0,1,0,0,0,0,0,1
1097,1097,0,0,1,00,1,0,1,0,0,0,0,0,1,1,"S_RESET",0,1,0,0,0,0,0,1
1098,1098,0,0,1,00,1,0,1,0,0,0,0,0,1,1,"S_RESET",0,1,0,0,0,0,0,1
1099,1099,0,0,1,00,1,0,1,0,0,0,0,0,1,1,"S_RESET",0,1,0,0,0,0,0,1
1100,1100,0,0,1,00,1,0,1,0,0,0,0,0,1,1,"S_RESET",0,1,0,0,0,0,0,1
1101,1101,0,0,1,00,1,0,1,0,0,0,0,0,1,1,"S_RESET",0,1,0,0,0,0,0,1
1102,1102,0,0,1,00,1,0,1,0,0,0,0,0,1,1,"S_RESET",0,1,0,0,0,0,0,1
1103,1103,0,0,1,00,1,0,1,0,0,0,0,0,1,1,"S_RESET",0,1,0,0,0,0,0,1
1104,1104,0,0,1,00,1,0,1,0,0,0,0,0,1,1,"S_RESET",0,1,0,0,0,0,0,1
1105,1105,0,0,1,00,1,0,1,0,0,0,0,0,1,1,"S_RESET",0,1,0,0,0,0,0,1
1106,1106,0,0,1,00,1,0,1,0,0,0,0,0,1,1,"S_RESET",0,1,0,0,0,0,0,1
1107,1107,0,0,1,00,1,0,1,0,0,0,0,0,1,1,"S_RESET",0,1,0,0,0,0,0,1
1108,1108,0,0,1,00,1,0,1,0,0,0,0,0,1,1,"S_RESET",0,1,0,0,0,0,0,1
1109,1109,0,0,1,00,1,0,1,0,0,0,0,0,1,1,"S_RESET",0,1,0,0,0,0,0,1
1110,1110,0,0,1,00,1,0,1,0,0,0,0,0,1,1,"S_RESET",0,1,0,0,0,0,0,1
1111,1111,0,0,1,00,1,0,1,0,0,0,0,0,1,1,"S_RESET",0,1,0,0,0,0,0,1
1112,1112,0,0,1,00,1,0,1,0,0,0,0,0,1,1,"S_RESET",0,1,0,0,0,0,0,1
1113,1113,0,0,1,00,1,0,1,0,0,0,0,0,1,1,"S_RESET",0,1,0,0,0,0,0,1
1114,1114,0,0,1,00,1,0,1,0,0,0,0,0,1,1,"S_RESET",0,1,0,0,0,0,0,1
1115,1115,0,0,1,00,1,0,1,0,0,0,0,0,1,1,"S_RESET",0,1,0,0,0,0,0,1
1116,1116,0,0,1,00,1,0,1,0,0,0,0,0,1,1,"S_RESET",0,1,0,0,0,0,0,1
1117,1117,0,0,1,00,1,0,1,0,0,0,0,0,1,1,"S_RESET",0,1,0,0,0,0,0,1
1118,1118,0,0,1,00,1,0,1,0,0,0,0,0,1,1,"S_RESET",0,1,0,0,0,0,0,1
1119,1119,0,0,1,00,1,0,1,0,0,0,0,0,1,1,"S_RESET",0,1,0,0,0,0,0,1
1120,1120,0,0,1,00,1,0,1,0,0,0,0,0,1,1,"S_RESET",0,1,0,0,0,0,0,1
1121,1121,0,0,1,00,1,0,1,0,0,0,0,0,1,1,"S_RESET",0,1,0,0,0,0,0,1
1122,1122,0,0,1,00,1,0,1,0,0,0,0,0,1,1,"S_RESET",0,1,0,0,0,0,0,1
1123,1123,0,0,1,00,1,0,1,0,0,0,0,0,1,1,"S_RESET",0,1,0,0,0,0,0,1
1124,1124,0,0,1,00,1,0,1,0,0,0,0,0,1,1,"S_RESET",0,1,0,0,0,0,0,1
1125,1125,0,0,1,00,1,0,1,0,0,0,0,0,1,1,"S_RESET",0,1,0,0,0,0,0,1
1126,1126,0,0,1,00,1,0,1,0,0,0,0,0,1,1,"S_RESET",0,1,0,0,0,0,0,1
1127,1127,0,0,1,00,1,0,1,0,0,0,0,0,1,1,"S_RESET",0,1,0,0,0,0,0,1
1128,1128,0,0,1,00,1,0,1,0,0,0,0,0,1,1,"S_RESET",0,1,0,0,0,0,0,1
1129,1129,0,0,1,00,1,0,1,0,0,0,0,0,1,1,"S_RESET",0,1,0,0,0,0,0,1
1130,1130,0,0,1,00,1,0,1,0,0,0,0,0,1,1,"S_RESET",0,1,0,0,0,0,0,1
1131,1131,0,0,1,00,1,0,1,0,0,0,0,0,1,1,"S_RESET",0,1,0,0,0,0,0,1
1132,1132,0,0,1,00,1,0,1,0,0,0,0,0,1,1,"S_RESET",0,1,0,0,0,0,0,1
1133,1133,0,0,1,00,1,0,1,0,0,0,0,0,1,1,"S_RESET",0,1,0,0,0,0,0,1
1134,1134,0,0,1,00,1,0,1,0,0,0,0,0,1,1,"S_RESET",0,1,0,0,0,0,0,1
1135,1135,0,0,1,00,1,0,1,0,0,0,0,0,1,1,"S_RESET",0,1,0,0,0,0,0,1
1136,1136,0,0,1,00,1,0,1,0,0,0,0,0,1,1,"S_RESET",0,1,0,0,0,0,0,1
1137,1137,0,0,1,00,1,0,1,0,0,0,0,0,1,1,"S_RESET",0,1,0,0,0,0,0,1
1138,1138,0,0,1,00,1,0,1,0,0,0,0,0,1,1,"S_RESET",0,1,0,0,0,0,0,1
1139,1139,0,0,1,00,1,0,1,0,0,0,0,0,1,1,"S_RESET",0,1,0,0,0,0,0,1
1140,1140,0,0,1,00,1,0,1,0,0,0,0,0,1,1,"S_RESET",0,1,0,0,0,0,0,1
1141,1141,0,0,1,00,1,0,1,0,0,0,0,0,1,1,"S_RESET",0,1,0,0,0,0,0,1
1142,1142,0,0,1,00,1,0,1,0,0,0,0,0,1,1,"S_RESET",0,1,0,0,0,0,0,1
1143,1143,0,0,1,00,1,0,1,0,0,0,0,0,1,1,"S_RESET",0,1,0,0,0,0,0,1
1144,1144,0,0,1,00,1,0,1,0,0,0,0,0,1,1,"S_RESET",0,1,0,0,0,0,0,1
1145,1145,0,0,1,00,1,0,1,0,0,0,0,0,1,1,"S_RESET",0,1,0,0,0,0,0,1
1146,1146,0,0,1,00,1,0,1,0,0,0,0,0,1,1,"S_RESET",0,1,0,0,0,0,0,1
1147,1147,0,0,1,00,1,0,1,0,0,0,0,0,1,1,"S_RESET",0,1,0,0,0,0,0,1
1148,1148,0,0,1,00,1,0,1,0,0,0,0,0,1,1,"S_RESET",0,1,0,0,0,0,0,1
1149,1149,0,0,1,00,1,0,1,0,0,0,0,0,1,1,"S_RESET",0,1,0,0,0,0,0,1
1150,1150,0,0,1,00,1,0,1,0,0,0,0,0,1,1,"S_RESET",0,1,0,0,0,0,0,1
1151,1151,0,0,1,00,1,0,1,0,0,0,0,0,1,1,"S_RESET",0,1,0,0,0,0,0,1
1152,1152,0,0,1,00,1,0,1,0,0,0,0,0,1,1,"S_RESET",0,1,0,0,0,0,0,1
1153,1153,0,0,1,00,1,0,1,0,0,0,0,0,1,1,"S_RESET",0,1,0,0,0,0,0,1
1154,1154,0,0,1,00,1,0,1,0,0,0,0,0,1,1,"S_RESET",0,1,0,0,0,0,0,1
1155,1155,0,0,1,00,1,0,1,0,0,0,0,0,1,1,"S_RESET",0,1,0,0,0,0,0,1
1156,1156,0,0,1,00,1,0,1,0,0,0,0,0,1,1,"S_RESET",0,1,0,0,0,0,0,1
1157,1157,0,0,1,00,1,0,1,0,0,0,0,0,1,1,"S_RESET",0,1,0,0,0,0,0,1
1158,1158,0,0,1,00,1,0,1,0,0,0,0,0,1,1,"S_RESET",0,1,0,0,0,0,0,1
1159,1159,0,0,1,00,1,0,1,0,0,0,0,0,1,1,"S_RESET",0,1,0,0,0,0,0,1
1160,1160,0,0,1,00,1,0,1,0,0,0,0,0,1,1,"S_RESET",0,1,0,0,0,0,0,1
1161,1161,0,0,1,00,1,0,1,0,0,0,0,0,1,1,"S_RESET",0,1,0,0,0,0,0,1
1162,1162,0,0,1,00,1,0,1,0,0,0,0,0,1,1,"S_RESET",0,1,0,0,0,0,0,1
1163,1163,0,0,1,00,1,0,1,0,0,0,0,0,1,1,"S_RESET",0,1,0,0,0,0,0,1
1164,1164,0,0,1,00,1,0,1,0,0,0,0,0,1,1,"S_RESET",0,1,0,0,0,0,0,1
1165,1165,0,0,1,00,1,0,1,0,0,0,0,0,1,1,"S_RESET",0,1,0,0,0,0,0,1
1166,1166,0,0,1,00,1,0,1,0,0,0,0,0,1,1,"S_RESET",0,1,0,0,0,0,0,1
1167,1167,0,0,1,00,1,0,1,0,0,0,0,0,1,1,"S_RESET",0,1,0,0,0,0,0,1
1168,1168,0,0,1,00,1,0,1,0,0,0,0,0,1,1,"S_RESET",0,1,0,0,0,0,0,1
1169,1169,0,0,1,00,1,0,1,0,0,0,0,0,1,1,"S_RESET",0,1,0,0,0,0,0,1
1170,1170,0,0,1,00,1,0,1,0,0,0,0,0,1,1,"S_RESET",0,1,0,0,0,0,0,1
1171,1171,0,0,1,00,1,0,1,0,0,0,0,0,1,1,"S_RESET",0,1,0,0,0,0,0,1
1172,1172,0,0,1,00,1,0,1,0,0,0,0,0,1,1,"S_RESET",0,1,0,0,0,0,0,1
1173,1173,0,0,1,00,1,0,1,0,0,0,0,0,1,1,"S_RESET",0,1,0,0,0,0,0,1
1174,1174,0,0,1,00,1,0,1,0,0,0,0,0,1,1,"S_RESET",0,1,0,0,0,0,0,1
1175,1175,0,0,1,00,1,0,1,0,0,0,0,0,1,1,"S_RESET",0,1,0,0,0,0,0,1
1176,1176,0,0,1,00,1,0,1,0,0,0,0,0,1,1,"S_RESET",0,1,0,0,0,0,0,1
1177,1177,0,0,1,00,1,0,1,0,0,0,0,0,1,1,"S_RESET",0,1,0,0,0,0,0,1
1178,1178,0,0,1,00,1,0,1,0,0,0,0,0,1,1,"S_RESET",0,1,0,0,0,0,0,1
1179,1179,0,0,1,00,1,0,1,0,0,0,0,0,1,1,"S_RESET",0,1,0,0,0,0,0,1
1180,1180,0,0,1,00,1,0,1,0,0,0,0,0,1,1,"S_RESET",0,1,0,0,0,0,0,1
1181,1181,0,0,1,00,1,0,1,0,0,0,0,0,1,1,"S_RESET",0,1,0,0,0,0,0,1
1182,1182,0,0,1,00,1,0,1,0,0,0,0,0,1,1,"S_RESET",0,1,0,0,0,0,0,1
1183,1183,0,0,1,00,1,0,1,0,0,0,0,0,1,1,"S_RESET",0,1,0,0,0,0,0,1
1184,1184,0,0,1,00,1,0,1,0,0,0,0,0,1,1,"S_RESET",0,1,0,0,0,0,0,1
1185,1185,0,0,1,00,1,0,1,0,0,0,0,0,1,1,"S_RESET",0,1,0,0,0,0,0,1
1186,1186,0,0,1,00,1,0,1,0,0,0,0,0,1,1,"S_RESET",0,1,0,0,0,0,0,1
1187,1187,0,0,1,00,1,0,1,0,0,0,0,0,1,1,"S_RESET",0,1,0,0,0,0,0,1
1188,1188,0,0,1,00,1,0,1,0,0,0,0,0,1,1,"S_RESET",0,1,0,0,0,0,0,1
1189,1189,0,0,1,00,1,0,1,0,0,0,0,0,1,1,"S_RESET",0,1,0,0,0,0,0,1
1190,1190,0,0,1,00,1,0,1,0,0,0,0,0,1,1,"S_RESET",0,1,0,0,0,0,0,1
1191,1191,0,0,1,00,1,0,1,0,0,0,0,0,1,1,"S_RESET",0,1,0,0,0,0,0,1
1192,1192,0,0,1,00,1,0,1,0,0,0,0,0,1,1,"S_RESET",0,1,0,0,0,0,0,1
1193,1193,0,0,1,00,1,0,1,0,0,0,0,0,1,1,"S_RESET",0,1,0,0,0,0,0,1
1194,1194,0,0,1,00,1,0,1,0,0,0,0,0,1,1,"S_RESET",0,1,0,0,0,0,0,1
1195,1195,0,0,1,00,1,0,1,0,0,0,0,0,1,1,"S_RESET",0,1,0,0,0,0,0,1
1196,1196,0,0,1,00,1,0,1,0,0,0,0,0,1,1,"S_RESET",0,1,0,0,0,0,0,1
1197,1197,0,0,1,00,1,0,1,0,0,0,0,0,1,1,"S_RESET",0,1,0,0,0,0,0,1
1198,1198,0,0,1,00,1,0,1,0,0,0,0,0,1,1,"S_RESET",0,1,0,0,0,0,0,1
1199,1199,0,0,1,00,1,0,1,0,0,0,0,0,1,1,"S_RESET",0,1,0,0,0,0,0,1
1200,1200,0,0,1,00,1,0,1,0,0,0,0,0,1,1,"S_RESET",0,1,0,0,0,0,0,1
1201,1201,0,0,1,00,1,0,1,0,0,0,0,0,1,1,"S_RESET",0,1,0,0,0,0,0,1
1202,1202,0,0,1,00,1,0,1,0,0,0,0,0,1,1,"S_RESET",0,1,0,0,0,0,0,1
1203,1203,0,0,1,00,1,0,1,0,0,0,0,0,1,1,"S_RESET",0,1,0,0,0,0,0,1
1204,1204,0,0,1,00,1,0,1,0,0,0,0,0,1,1,"S_RESET",0,1,0,0,0,0,0,1
1205,1205,0,0,1,00,1,0,1,0,0,0,0,0,1,1,"S_RESET",0,1,0,0,0,0,0,1
1206,1206,0,0,1,00,1,0,1,0,0,0,0,0,1,1,"S_RESET",0,1,0,0,0,0,0,1
1207,1207,0,0,1,00,1,0,1,0,0,0,0,0,1,1,"S_RESET",0,1,0,0,0,0,0,1
1208,1208,0,0,1,00,1,0,1,0,0,0,0,0,1,1,"S_RESET",0,1,0,0,0,0,0,1
1209,1209,0,0,1,00,1,0,1,0,0,0,0,0,1,1,"S_RESET",0,1,0,0,0,0,0,1
1210,1210,0,0,1,00,1,0,1,0,0,0,0,0,1,1,"S_RESET",0,1,0,0,0,0,0,1
1211,1211,0,0,1,00,1,0,1,0,0,0,0,0,1,1,"S_RESET",0,1,0,0,0,0,0,1
1212,1212,0,0,1,00,1,0,1,0,0,0,0,0,1,1,"S_RESET",0,1,0,0,0,0,0,1
1213,1213,0,0,1,00,1,0,1,0,0,0,0,0,1,1,"S_RESET",0,1,0,0,0,0,0,1
1214,1214,0,0,1,00,1,0,1,0,0,0,0,0,1,1,"S_RESET",0,1,0,0,0,0,0,1
1215,1215,0,0,1,00,1,0,1,0,0,0,0,0,1,1,"S_RESET",0,1,0,0,0,0,0,1
1216,1216,0,0,1,00,1,0,1,0,0,0,0,0,1,1,"S_RESET",0,1,0,0,0,0,0,1
1217,1217,0,0,1,00,1,0,1,0,0,0,0,0,1,1,"S_RESET",0,1,0,0,0,0,0,1
1218,1218,0,0,1,00,1,0,1,0,0,0,0,0,1,1,"S_RESET",0,1,0,0,0,0,0,1
1219,1219,0,0,1,00,1,0,1,0,0,0,0,0,1,1,"S_RESET",0,1,0,0,0,0,0,1
1220,1220,0,0,1,00,1,0,1,0,0,0,0,0,1,1,"S_RESET",0,1,0,0,0,0,0,1
1221,1221,0,0,1,00,1,0,1,0,0,0,0,0,1,1,"S_RESET",0,1,0,0,0,0,0,1
1222,1222,0,0,1,00,1,0,1,0,0,0,0,0,1,1,"S_RESET",0,1,0,0,0,0,0,1
1223,1223,0,0,1,00,1,0,1,0,0,0,0,0,1,1,"S_RESET",0,1,0,0,0,0,0,1
1224,1224,0,0,1,00,1,0,1,0,0,0,0,0,1,1,"S_RESET",0,1,0,0,0,0,0,1
1225,1225,0,0,1,00,1,0,1,0,0,0,0,0,1,1,"S_RESET",0,1,0,0,0,0,0,1
1226,1226,0,0,1,00,1,0,1,0,0,0,0,0,1,1,"S_RESET",0,1,0,0,0,0,0,1
1227,1227,0,0,1,00,1,0,1,0,0,0,0,0,1,1,"S_RESET",0,1,0,0,0,0,0,1
1228,1228,0,0,1,00,1,0,1,0,0,0,0,0,1,1,"S_RESET",0,1,0,0,0,0,0,1
1229,1229,0,0,1,00,1,0,1,0,0,0,0,0,1,1,"S_RESET",0,1,0,0,0,0,0,1
1230,1230,0,0,1,00,1,0,1,0,0,0,0,0,1,1,"S_RESET",0,1,0,0,0,0,0,1
1231,1231,0,0,1,00,1,0,1,0,0,0,0,0,1,1,"S_RESET",0,1,0,0,0,0,0,1
1232,1232,0,0,1,00,1,0,1,0,0,0,0,0,1,1,"S_RESET",0,1,0,0,0,0,0,1
1233,1233,0,0,1,00,1,0,1,0,0,0,0,0,1,1,"S_RESET",0,1,0,0,0,0,0,1
1234,1234,0,0,1,00,1,0,1,0,0,0,0,0,1,1,"S_RESET",0,1,0,0,0,0,0,1
1235,1235,0,0,1,00,1,0,1,0,0,0,0,0,1,1,"S_RESET",0,1,0,0,0,0,0,1
1236,1236,0,0,1,00,1,0,1,0,0,0,0,0,1,1,"S_RESET",0,1,0,0,0,0,0,1
1237,1237,0,0,1,00,1,0,1,0,0,0,0,0,1,1,"S_RESET",0,1,0,0,0,0,0,1
1238,1238,0,0,1,00,1,0,1,0,0,0,0,0,1,1,"S_RESET",0,1,0,0,0,0,0,1
1239,1239,0,0,1,00,1,0,1,0,0,0,0,0,1,1,"S_RESET",0,1,0,0,0,0,0,1
1240,1240,0,0,1,00,1,0,1,0,0,0,0,0,1,1,"S_RESET",0,1,0,0,0,0,0,1
1241,1241,0,0,1,00,1,0,1,0,0,0,0,0,1,1,"S_RESET",0,1,0,0,0,0,0,1
1242,1242,0,0,1,00,1,0,1,0,0,0,0,0,1,1,"S_RESET",0,1,0,0,0,0,0,1
1243,1243,0,0,1,00,1,0,1,0,0,0,0,0,1,1,"S_RESET",0,1,0,0,0,0,0,1
1244,1244,0,0,1,00,1,0,1,0,0,0,0,0,1,1,"S_RESET",0,1,0,0,0,0,0,1
1245,1245,0,0,1,00,1,0,1,0,0,0,0,0,1,1,"S_RESET",0,1,0,0,0,0,0,1
1246,1246,0,0,1,00,1,0,1,0,0,0,0,0,1,1,"S_RESET",0,1,0,0,0,0,0,1
1247,1247,0,0,1,00,1,0,1,0,0,0,0,0,1,1,"S_RESET",0,1,0,0,0,0,0,1
1248,1248,0,0,1,00,1,0,1,0,0,0,0,0,1,1,"S_RESET",0,1,0,0,0,0,0,1
1249,1249,0,0,1,00,1,0,1,0,0,0,0,0,1,1,"S_RESET",0,1,0,0,0,0,0,1
1250,1250,0,0,1,00,1,0,1,0,0,0,0,0,1,1,"S_RESET",0,1,0,0,0,0,0,1
1251,1251,0,0,1,00,1,0,1,0,0,0,0,0,1,1,"S_RESET",0,1,0,0,0,0,0,1
1252,1252,0,0,1,00,1,0,1,0,0,0,0,0,1,1,"S_RESET",0,1,0,0,0,0,0,1
1253,1253,0,0,1,00,1,0,1,0,0,0,0,0,1,1,"S_RESET",0,1,0,0,0,0,0,1
1254,1254,0,0,1,00,1,0,1,0,0,0,0,0,1,1,"S_RESET",0,1,0,0,0,0,0,1
1255,1255,0,0,1,00,1,0,1,0,0,0,0,0,1,1,"S_RESET",0,1,0,0,0,0,0,1
1256,1256,0,0,1,00,1,0,1,0,0,0,0,0,1,1,"S_RESET",0,1,0,0,0,0,0,1
1257,1257,0,0,1,00,1,0,1,0,0,0,0,0,1,1,"S_RESET",0,1,0,0,0,0,0,1
1258,1258,0,0,1,00,1,0,1,0,0,0,0,0,1,1,"S_RESET",0,1,0,0,0,0,0,1
1259,1259,0,0,1,00,1,0,1,0,0,0,0,0,1,1,"S_RESET",0,1,0,0,0,0,0,1
1260,1260,0,0,1,00,1,0,1,0,0,0,0,0,1,1,"S_RESET",0,1,0,0,0,0,0,1
1261,1261,0,0,1,00,1,0,1,0,0,0,0,0,1,1,"S_RESET",0,1,0,0,0,0,0,1
1262,1262,0,0,1,00,1,0,1,0,0,0,0,0,1,1,"S_RESET",0,1,0,0,0,0,0,1
1263,1263,0,0,1,00,1,0,1,0,0,0,0,0,1,1,"S_RESET",0,1,0,0,0,0,0,1
1264,1264,0,0,1,00,1,0,1,0,0,0,0,0,1,1,"S_RESET",0,1,0,0,0,0,0,1
1265,1265,0,0,1,00,1,0,1,0,0,0,0,0,1,1,"S_RESET",0,1,0,0,0,0,0,1
1266,1266,0,0,1,00,1,0,1,0,0,0,0,0,1,1,"S_RESET",0,1,0,0,0,0,0,1
1267,1267,0,0,1,00,1,0,1,0,0,0,0,0,1,1,"S_RESET",0,1,0,0,0,0,0,1
1268,1268,0,0,1,00,1,0,1,0,0,0,0,0,1,1,"S_RESET",0,1,0,0,0,0,0,1
1269,1269,0,0,1,00,1,0,1,0,0,0,0,0,1,1,"S_RESET",0,1,0,0,0,0,0,1
1270,1270,0,0,1,00,1,0,1,0,0,0,0,0,1,1,"S_RESET",0,1,0,0,0,0,0,1
1271,1271,0,0,1,00,1,0,1,0,0,0,0,0,1,1,"S_RESET",0,1,0,0,0,0,0,1
1272,1272,0,0,1,00,1,0,1,0,0,0,0,0,1,1,"S_RESET",0,1,0,0,0,0,0,1
1273,1273,0,0,1,00,1,0,1,0,0,0,0,0,1,1,"S_RESET",0,1,0,0,0,0,0,1
1274,1274,0,0,1,00,1,0,1,0,0,0,0,0,1,1,"S_RESET",0,1,0,0,0,0,0,1
1275,1275,0,0,1,00,1,0,1,0,0,0,0,0,1,1,"S_RESET",0,1,0,0,0,0,0,1
1276,1276,0,0,1,00,1,0,1,0,0,0,0,0,1,1,"S_RESET",0,1,0,0,0,0,0,1
1277,1277,0,0,1,00,1,0,1,0,0,0,0,0,1,1,"S_RESET",0,1,0,0,0,0,0,1
1278,1278,0,0,1,00,1,0,1,0,0,0,0,0,1,1,"S_RESET",0,1,0,0,0,0,0,1
1279,1279,0,0,1,00,1,0,1,0,0,0,0,0,1,1,"S_RESET",0,1,0,0,0,0,0,1
1280,1280,0,0,1,00,1,0,1,0,0,0,0,0,1,1,"S_RESET",0,1,0,0,0,0,0,1
1281,1281,0,0,1,00,1,0,1,0,0,0,0,0,1,1,"S_RESET",0,1,0,0,0,0,0,1
1282,1282,0,0,1,00,1,0,1,0,0,0,0,0,1,1,"S_RESET",0,1,0,0,0,0,0,1
1283,1283,0,0,1,00,1,0,1,0,0,0,0,0,1,1,"S_RESET",0,1,0,0,0,0,0,1
1284,1284,0,0,1,00,1,0,1,0,0,0,0,0,1,1,"S_RESET",0,1,0,0,0,0,0,1
1285,1285,0,0,1,00,1,0,1,0,0,0,0,0,1,1,"S_RESET",0,1,0,0,0,0,0,1
1286,1286,0,0,1,00,1,0,1,0,0,0,0,0,1,1,"S_RESET",0,1,0,0,0,0,0,1
1287,1287,0,0,1,00,1,0,1,0,0,0,0,0,1,1,"S_RESET",0,1,0,0,0,0,0,1
1288,1288,0,0,1,00,1,0,1,0,0,0,0,0,1,1,"S_RESET",0,1,0,0,0,0,0,1
1289,1289,0,0,1,00,1,0,1,0,0,0,0,0,1,1,"S_RESET",0,1,0,0,0,0,0,1
1290,1290,0,0,1,00,1,0,1,0,0,0,0,0,1,1,"S_RESET",0,1,0,0,0,0,0,1
1291,1291,0,0,1,00,1,0,1,0,0,0,0,0,1,1,"S_RESET",0,1,0,0,0,0,0,1
1292,1292,0,0,1,00,1,0,1,0,0,0,0,0,1,1,"S_RESET",0,1,0,0,0,0,0,1
1293,1293,0,0,1,00,1,0,1,0,0,0,0,0,1,1,"S_RESET",0,1,0,0,0,0,0,1
1294,1294,0,0,1,00,1,0,1,0,0,0,0,0,1,1,"S_RESET",0,1,0,0,0,0,0,1
1295,1295,0,0,1,00,1,0,1,0,0,0,0,0,1,1,"S_RESET",0,1,0,0,0,0,0,1
1296,1296,0,0,1,00,1,0,1,0,0,0,0,0,1,1,"S_RESET",0,1,0,0,0,0,0,1
1297,1297,0,0,1,00,1,0,1,0,0,0,0,0,1,1,"S_RESET",0,1,0,0,0,0,0,1
1298,1298,0,0,1,00,1,0,1,0,0,0,0,0,1,1,"S_RESET",0,1,0,0,0,0,0,1
1299,1299,0,0,1,00,1,0,1,0,0,0,0,0,1,1,"S_RESET",0,1,0,0,0,0,0,1
1300,1300,0,0,1,00,1,0,1,0,0,0,0,0,1,1,"S_RESET",0,1,0,0,0,0,0,1
1301,1301,0,0,1,00,1,0,1,0,0,0,0,0,1,1,"S_RESET",0,1,0,0,0,0,0,1
1302,1302,0,0,1,00,1,0,1,0,0,0,0,0,1,1,"S_RESET",0,1,0,0,0,0,0,1
1303,1303,0,0,1,00,1,0,1,0,0,0,0,0,1,1,"S_RESET",0,1,0,0,0,0,0,1
1304,1304,0,0,1,00,1,0,1,0,0,0,0,0,1,1,"S_RESET",0,1,0,0,0,0,0,1
1305,1305,0,0,1,00,1,0,1,0,0,0,0,0,1,1,"S_RESET",0,1,0,0,0,0,0,1
1306,1306,0,0,1,00,1,0,1,0,0,0,0,0,1,1,"S_RESET",0,1,0,0,0,0,0,1
1307,1307,0,0,1,00,1,0,1,0,0,0,0,0,1,1,"S_RESET",0,1,0,0,0,0,0,1
1308,1308,0,0,1,00,1,0,1,0,0,0,0,0,1,1,"S_RESET",0,1,0,0,0,0,0,1
1309,1309,0,0,1,00,1,0,1,0,0,0,0,0,1,1,"S_RESET",0,1,0,0,0,0,0,1
1310,1310,0,0,1,00,1,0,1,0,0,0,0,0,1,1,"S_RESET",0,1,0,0,0,0,0,1
1311,1311,0,0,1,00,1,0,1,0,0,0,0,0,1,1,"S_RESET",0,1,0,0,0,0,0,1
1312,1312,0,0,1,00,1,0,1,0,0,0,0,0,1,1,"S_RESET",0,1,0,0,0,0,0,1
1313,1313,0,0,1,00,1,0,1,0,0,0,0,0,1,1,"S_RESET",0,1,0,0,0,0,0,1
1314,1314,0,0,1,00,1,0,1,0,0,0,0,0,1,1,"S_RESET",0,1,0,0,0,0,0,1
1315,1315,0,0,1,00,1,0,1,0,0,0,0,0,1,1,"S_RESET",0,1,0,0,0,0,0,1
1316,1316,0,0,1,00,1,0,1,0,0,0,0,0,1,1,"S_RESET",0,1,0,0,0,0,0,1
1317,1317,0,0,1,00,1,0,1,0,0,0,0,0,1,1,"S_RESET",0,1,0,0,0,0,0,1
1318,1318,0,0,1,00,1,0,1,0,0,0,0,0,1,1,"S_RESET",0,1,0,0,0,0,0,1
1319,1319,0,0,1,00,1,0,1,0,0,0,0,0,1,1,"S_RESET",0,1,0,0,0,0,0,1
1320,1320,0,0,1,00,1,0,1,0,0,0,0,0,1,1,"S_RESET",0,1,0,0,0,0,0,1
1321,1321,0,0,1,00,1,0,1,0,0,0,0,0,1,1,"S_RESET",0,1,0,0,0,0,0,1
1322,1322,0,0,1,00,1,0,1,0,0,0,0,0,1,1,"S_RESET",0,1,0,0,0,0,0,1
1323,1323,0,0,1,00,1,0,1,0,0,0,0,0,1,1,"S_RESET",0,1,0,0,0,0,0,1
1324,1324,0,0,1,00,1,0,1,0,0,0,0,0,1,1,"S_RESET",0,1,0,0,0,0,0,1
1325,1325,0,0,1,00,1,0,1,0,0,0,0,0,1,1,"S_RESET",0,1,0,0,0,0,0,1
1326,1326,0,0,1,00,1,0,1,0,0,0,0,0,1,1,"S_RESET",0,1,0,0,0,0,0,1
1327,1327,0,0,1,00,1,0,1,0,0,0,0,0,1,1,"S_RESET",0,1,0,0,0,0,0,1
1328,1328,0,0,1,00,1,0,1,0,0,0,0,0,1,1,"S_RESET",0,1,0,0,0,0,0,1
1329,1329,0,0,1,00,1,0,1,0,0,0,0,0,1,1,"S_RESET",0,1,0,0,0,0,0,1
1330,1330,0,0,1,00,1,0,1,0,0,0,0,0,1,1,"S_RESET",0,1,0,0,0,0,0,1
1331,1331,0,0,1,00,1,0,1,0,0,0,0,0,1,1,"S_RESET",0,1,0,0,0,0,0,1
1332,1332,0,0,1,00,1,0,1,0,0,0,0,0,1,1,"S_RESET",0,1,0,0,0,0,0,1
1333,1333,0,0,1,00,1,0,1,0,0,0,0,0,1,1,"S_RESET",0,1,0,0,0,0,0,1
1334,1334,0,0,1,00,1,0,1,0,0,0,0,0,1,1,"S_RESET",0,1,0,0,0,0,0,1
1335,1335,0,0,1,00,1,0,1,0,0,0,0,0,1,1,"S_RESET",0,1,0,0,0,0,0,1
1336,1336,0,0,1,00,1,0,1,0,0,0,0,0,1,1,"S_RESET",0,1,0,0,0,0,0,1
1337,1337,0,0,1,00,1,0,1,0,0,0,0,0,1,1,"S_RESET",0,1,0,0,0,0,0,1
1338,1338,0,0,1,00,1,0,1,0,0,0,0,0,1,1,"S_RESET",0,1,0,0,0,0,0,1
1339,1339,0,0,1,00,1,0,1,0,0,0,0,0,1,1,"S_RESET",0,1,0,0,0,0,0,1
1340,1340,0,0,1,00,1,0,1,0,0,0,0,0,1,1,"S_RESET",0,1,0,0,0,0,0,1
1341,1341,0,0,1,00,1,0,1,0,0,0,0,0,1,1,"S_RESET",0,1,0,0,0,0,0,1
1342,1342,0,0,1,00,1,0,1,0,0,0,0,0,1,1,"S_RESET",0,1,0,0,0,0,0,1
1343,1343,0,0,1,00,1,0,1,0,0,0,0,0,1,1,"S_RESET",0,1,0,0,0,0,0,1
1344,1344,0,0,1,00,1,0,1,0,0,0,0,0,1,1,"S_RESET",0,1,0,0,0,0,0,1
1345,1345,0,0,1,00,1,0,1,0,0,0,0,0,1,1,"S_RESET",0,1,0,0,0,0,0,1
1346,1346,0,0,1,00,1,0,1,0,0,0,0,0,1,1,"S_RESET",0,1,0,0,0,0,0,1
1347,1347,0,0,1,00,1,0,1,0,0,0,0,0,1,1,"S_RESET",0,1,0,0,0,0,0,1
1348,1348,0,0,1,00,1,0,1,0,0,0,0,0,1,1,"S_RESET",0,1,0,0,0,0,0,1
1349,1349,0,0,1,00,1,0,1,0,0,0,0,0,1,1,"S_RESET",0,1,0,0,0,0,0,1
1350,1350,0,0,1,00,1,0,1,0,0,0,0,0,1,1,"S_RESET",0,1,0,0,0,0,0,1
1351,1351,0,0,1,00,1,0,1,0,0,0,0,0,1,1,"S_RESET",0,1,0,0,0,0,0,1
1352,1352,0,0,1,00,1,0,1,0,0,0,0,0,1,1,"S_RESET",0,1,0,0,0,0,0,1
1353,1353,0,0,1,00,1,0,1,0,0,0,0,0,1,1,"S_RESET",0,1,0,0,0,0,0,1
1354,1354,0,0,1,00,1,0,1,0,0,0,0,0,1,1,"S_RESET",0,1,0,0,0,0,0,1
1355,1355,0,0,1,00,1,0,1,0,0,0,0,0,1,1,"S_RESET",0,1,0,0,0,0,0,1
1356,1356,0,0,1,00,1,0,1,0,0,0,0,0,1,1,"S_RESET",0,1,0,0,0,0,0,1
1357,1357,0,0,1,00,1,0,1,0,0,0,0,0,1,1,"S_RESET",0,1,0,0,0,0,0,1
1358,1358,0,0,1,00,1,0,1,0,0,0,0,0,1,1,"S_RESET",0,1,0,0,0,0,0,1
1359,1359,0,0,1,00,1,0,1,0,0,0,0,0,1,1,"S_RESET",0,1,0,0,0,0,0,1
1360,1360,0,0,1,00,1,0,1,0,0,0,0,0,1,1,"S_RESET",0,1,0,0,0,0,0,1
1361,1361,0,0,1,00,1,0,1,0,0,0,0,0,1,1,"S_RESET",0,1,0,0,0,0,0,1
1362,1362,0,0,1,00,1,0,1,0,0,0,0,0,1,1,"S_RESET",0,1,0,0,0,0,0,1
1363,1363,0,0,1,00,1,0,1,0,0,0,0,0,1,1,"S_RESET",0,1,0,0,0,0,0,1
1364,1364,0,0,1,00,1,0,1,0,0,0,0,0,1,1,"S_RESET",0,1,0,0,0,0,0,1
1365,1365,0,0,1,00,1,0,1,0,0,0,0,0,1,1,"S_RESET",0,1,0,0,0,0,0,1
1366,1366,0,0,1,00,1,0,1,0,0,0,0,0,1,1,"S_RESET",0,1,0,0,0,0,0,1
1367,1367,0,0,1,00,1,0,1,0,0,0,0,0,1,1,"S_RESET",0,1,0,0,0,0,0,1
1368,1368,0,0,1,00,1,0,1,0,0,0,0,0,1,1,"S_RESET",0,1,0,0,0,0,0,1
1369,1369,0,0,1,00,1,0,1,0,0,0,0,0,1,1,"S_RESET",0,1,0,0,0,0,0,1
1370,1370,0,0,1,00,1,0,1,0,0,0,0,0,1,1,"S_RESET",0,1,0,0,0,0,0,1
1371,1371,0,0,1,00,1,0,1,0,0,0,0,0,1,1,"S_RESET",0,1,0,0,0,0,0,1
1372,1372,0,0,1,00,1,0,1,0,0,0,0,0,1,1,"S_RESET",0,1,0,0,0,0,0,1
1373,1373,0,0,1,00,1,0,1,0,0,0,0,0,1,1,"S_RESET",0,1,0,0,0,0,0,1
1374,1374,0,0,1,00,1,0,1,0,0,0,0,0,1,1,"S_RESET",0,1,0,0,0,0,0,1
1375,1375,0,0,1,00,1,0,1,0,0,0,0,0,1,1,"S_RESET",0,1,0,0,0,0,0,1
1376,1376,0,0,1,00,1,0,1,0,0,0,0,0,1,1,"S_RESET",0,1,0,0,0,0,0,1
1377,1377,0,0,1,00,1,0,1,0,0,0,0,0,1,1,"S_RESET",0,1,0,0,0,0,0,1
1378,1378,0,0,1,00,1,0,1,0,0,0,0,0,1,1,"S_RESET",0,1,0,0,0,0,0,1
1379,1379,0,0,1,00,1,0,1,0,0,0,0,0,1,1,"S_RESET",0,1,0,0,0,0,0,1
1380,1380,0,0,1,00,1,0,1,0,0,0,0,0,1,1,"S_RESET",0,1,0,0,0,0,0,1
1381,1381,0,0,1,00,1,0,1,0,0,0,0,0,1,1,"S_RESET",0,1,0,0,0,0,0,1
1382,1382,0,0,1,00,1,0,1,0,0,0,0,0,1,1,"S_RESET",0,1,0,0,0,0,0,1
1383,1383,0,0,1,00,1,0,1,0,0,0,0,0,1,1,"S_RESET",0,1,0,0,0,0,0,1
1384,1384,0,0,1,00,1,0,1,0,0,0,0,0,1,1,"S_RESET",0,1,0,0,0,0,0,1
1385,1385,0,0,1,00,1,0,1,0,0,0,0,0,1,1,"S_RESET",0,1,0,0,0,0,0,1
1386,1386,0,0,1,00,1,0,1,0,0,0,0,0,1,1,"S_RESET",0,1,0,0,0,0,0,1
1387,1387,0,0,1,00,1,0,1,0,0,0,0,0,1,1,"S_RESET",0,1,0,0,0,0,0,1
1388,1388,0,0,1,00,1,0,1,0,0,0,0,0,1,1,"S_RESET",0,1,0,0,0,0,0,1
1389,1389,0,0,1,00,1,0,1,0,0,0,0,0,1,1,"S_RESET",0,1,0,0,0,0,0,1
1390,1390,0,0,1,00,1,0,1,0,0,0,0,0,1,1,"S_RESET",0,1,0,0,0,0,0,1
1391,1391,0,0,1,00,1,0,1,0,0,0,0,0,1,1,"S_RESET",0,1,0,0,0,0,0,1
1392,1392,0,0,1,00,1,0,1,0,0,0,0,0,1,1,"S_RESET",0,1,0,0,0,0,0,1
1393,1393,0,0,1,00,1,0,1,0,0,0,0,0,1,1,"S_RESET",0,1,0,0,0,0,0,1
1394,1394,0,0,1,00,1,0,1,0,0,0,0,0,1,1,"S_RESET",0,1,0,0,0,0,0,1
1395,1395,0,0,1,00,1,0,1,0,0,0,0,0,1,1,"S_RESET",0,1,0,0,0,0,0,1
1396,1396,0,0,1,00,1,0,1,0,0,0,0,0,1,1,"S_RESET",0,1,0,0,0,0,0,1
1397,1397,0,0,1,00,1,0,1,0,0,0,0,0,1,1,"S_RESET",0,1,0,0,0,0,0,1
1398,1398,0,0,1,00,1,0,1,0,0,0,0,0,1,1,"S_RESET",0,1,0,0,0,0,0,1
1399,1399,0,0,1,00,1,0,1,0,0,0,0,0,1,1,"S_RESET",0,1,0,0,0,0,0,1
1400,1400,0,0,1,00,1,0,1,0,0,0,0,0,1,1,"S_RESET",0,1,0,0,0,0,0,1
1401,1401,0,0,1,00,1,0,1,0,0,0,0,0,1,1,"S_RESET",0,1,0,0,0,0,0,1
1402,1402,0,0,1,00,1,0,1,0,0,0,0,0,1,1,"S_RESET",0,1,0,0,0,0,0,1
1403,1403,0,0,1,00,1,0,1,0,0,0,0,0,1,1,"S_RESET",0,1,0,0,0,0,0,1
1404,1404,0,0,1,00,1,0,1,0,0,0,0,0,1,1,"S_RESET",0,1,0,0,0,0,0,1
1405,1405,0,0,1,00,1,0,1,0,0,0,0,0,1,1,"S_RESET",0,1,0,0,0,0,0,1
1406,1406,0,0,1,00,1,0,1,0,0,0,0,0,1,1,"S_RESET",0,1,0,0,0,0,0,1
1407,1407,0,0,1,00,1,0,1,0,0,0,0,0,1,1,"S_RESET",0,1,0,0,0,0,0,1
1408,1408,0,0,1,00,1,0,1,0,0,0,0,0,1,1,"S_RESET",0,1,0,0,0,0,0,1
1409,1409,0,0,1,00,1,0,1,0,0,0,0,0,1,1,"S_RESET",0,1,0,0,0,0,0,1
1410,1410,0,0,1,00,1,0,1,0,0,0,0,0,1,1,"S_RESET",0,1,0,0,0,0,0,1
1411,1411,0,0,1,00,1,0,1,0,0,0,0,0,1,1,"S_RESET",0,1,0,0,0,0,0,1
1412,1412,0,0,1,00,1,0,1,0,0,0,0,0,1,1,"S_RESET",0,1,0,0,0,0,0,1
1413,1413,0,0,1,00,1,0,1,0,0,0,0,0,1,1,"S_RESET",0,1,0,0,0,0,0,1
1414,1414,0,0,1,00,1,0,1,0,0,0,0,0,1,1,"S_RESET",0,1,0,0,0,0,0,1
1415,1415,0,0,1,00,1,0,1,0,0,0,0,0,1,1,"S_RESET",0,1,0,0,0,0,0,1
1416,1416,0,0,1,00,1,0,1,0,0,0,0,0,1,1,"S_RESET",0,1,0,0,0,0,0,1
1417,1417,0,0,1,00,1,0,1,0,0,0,0,0,1,1,"S_RESET",0,1,0,0,0,0,0,1
1418,1418,0,0,1,00,1,0,1,0,0,0,0,0,1,1,"S_RESET",0,1,0,0,0,0,0,1
1419,1419,0,0,1,00,1,0,1,0,0,0,0,0,1,1,"S_RESET",0,1,0,0,0,0,0,1
1420,1420,0,0,1,00,1,0,1,0,0,0,0,0,1,1,"S_RESET",0,1,0,0,0,0,0,1
1421,1421,0,0,1,00,1,0,1,0,0,0,0,0,1,1,"S_RESET",0,1,0,0,0,0,0,1
1422,1422,0,0,1,00,1,0,1,0,0,0,0,0,1,1,"S_RESET",0,1,0,0,0,0,0,1
1423,1423,0,0,1,00,1,0,1,0,0,0,0,0,1,1,"S_RESET",0,1,0,0,0,0,0,1
1424,1424,0,0,1,00,1,0,1,0,0,0,0,0,1,1,"S_RESET",0,1,0,0,0,0,0,1
1425,1425,0,0,1,00,1,0,1,0,0,0,0,0,1,1,"S_RESET",0,1,0,0,0,0,0,1
1426,1426,0,0,1,00,1,0,1,0,0,0,0,0,1,1,"S_RESET",0,1,0,0,0,0,0,1
1427,1427,0,0,1,00,1,0,1,0,0,0,0,0,1,1,"S_RESET",0,1,0,0,0,0,0,1
1428,1428,0,0,1,00,1,0,1,0,0,0,0,0,1,1,"S_RESET",0,1,0,0,0,0,0,1
1429,1429,0,0,1,00,1,0,1,0,0,0,0,0,1,1,"S_RESET",0,1,0,0,0,0,0,1
1430,1430,0,0,1,00,1,0,1,0,0,0,0,0,1,1,"S_RESET",0,1,0,0,0,0,0,1
1431,1431,0,0,1,00,1,0,1,0,0,0,0,0,1,1,"S_RESET",0,1,0,0,0,0,0,1
1432,1432,0,0,1,00,1,0,1,0,0,0,0,0,1,1,"S_RESET",0,1,0,0,0,0,0,1
1433,1433,0,0,1,00,1,0,1,0,0,0,0,0,1,1,"S_RESET",0,1,0,0,0,0,0,1
1434,1434,0,0,1,00,1,0,1,0,0,0,0,0,1,1,"S_RESET",0,1,0,0,0,0,0,1
1435,1435,0,0,1,00,1,0,1,0,0,0,0,0,1,1,"S_RESET",0,1,0,0,0,0,0,1
1436,1436,0,0,1,00,1,0,1,0,0,0,0,0,1,1,"S_RESET",0,1,0,0,0,0,0,1
1437,1437,0,0,1,00,1,0,1,0,0,0,0,0,1,1,"S_RESET",0,1,0,0,0,0,0,1
1438,1438,0,0,1,00,1,0,1,0,0,0,0,0,1,1,"S_RESET",0,1,0,0,0,0,0,1
1439,1439,0,0,1,00,1,0,1,0,0,0,0,0,1,1,"S_RESET",0,1,0,0,0,0,0,1
1440,1440,0,0,1,00,1,0,1,0,0,0,0,0,1,1,"S_RESET",0,1,0,0,0,0,0,1
1441,1441,0,0,1,00,1,0,1,0,0,0,0,0,1,1,"S_RESET",0,1,0,0,0,0,0,1
1442,1442,0,0,1,00,1,0,1,0,0,0,0,0,1,1,"S_RESET",0,1,0,0,0,0,0,1
1443,1443,0,0,1,00,1,0,1,0,0,0,0,0,1,1,"S_RESET",0,1,0,0,0,0,0,1
1444,1444,0,0,1,00,1,0,1,0,0,0,0,0,1,1,"S_RESET",0,1,0,0,0,0,0,1
1445,1445,0,0,1,00,1,0,1,0,0,0,0,0,1,1,"S_RESET",0,1,0,0,0,0,0,1
1446,1446,0,0,1,00,1,0,1,0,0,0,0,0,1,1,"S_RESET",0,1,0,0,0,0,0,1
1447,1447,0,0,1,00,1,0,1,0,0,0,0,0,1,1,"S_RESET",0,1,0,0,0,0,0,1
1448,1448,0,0,1,00,1,0,1,0,0,0,0,0,1,1,"S_RESET",0,1,0,0,0,0,0,1
1449,1449,0,0,1,00,1,0,1,0,0,0,0,0,1,1,"S_RESET",0,1,0,0,0,0,0,1
1450,1450,0,0,1,00,1,0,1,0,0,0,0,0,1,1,"S_RESET",0,1,0,0,0,0,0,1
1451,1451,0,0,1,00,1,0,1,0,0,0,0,0,1,1,"S_RESET",0,1,0,0,0,0,0,1
1452,1452,0,0,1,00,1,0,1,0,0,0,0,0,1,1,"S_RESET",0,1,0,0,0,0,0,1
1453,1453,0,0,1,00,1,0,1,0,0,0,0,0,1,1,"S_RESET",0,1,0,0,0,0,0,1
1454,1454,0,0,1,00,1,0,1,0,0,0,0,0,1,1,"S_RESET",0,1,0,0,0,0,0,1
1455,1455,0,0,1,00,1,0,1,0,0,0,0,0,1,1,"S_RESET",0,1,0,0,0,0,0,1
1456,1456,0,0,1,00,1,0,1,0,0,0,0,0,1,1,"S_RESET",0,1,0,0,0,0,0,1
1457,1457,0,0,1,00,1,0,1,0,0,0,0,0,1,1,"S_RESET",0,1,0,0,0,0,0,1
1458,1458,0,0,1,00,1,0,1,0,0,0,0,0,1,1,"S_RESET",0,1,0,0,0,0,0,1
1459,1459,0,0,1,00,1,0,1,0,0,0,0,0,1,1,"S_RESET",0,1,0,0,0,0,0,1
1460,1460,0,0,1,00,1,0,1,0,0,0,0,0,1,1,"S_RESET",0,1,0,0,0,0,0,1
1461,1461,0,0,1,00,1,0,1,0,0,0,0,0,1,1,"S_RESET",0,1,0,0,0,0,0,1
1462,1462,0,0,1,00,1,0,1,0,0,0,0,0,1,1,"S_RESET",0,1,0,0,0,0,0,1
1463,1463,0,0,1,00,1,0,1,0,0,0,0,0,1,1,"S_RESET",0,1,0,0,0,0,0,1
1464,1464,0,0,1,00,1,0,1,0,0,0,0,0,1,1,"S_RESET",0,1,0,0,0,0,0,1
1465,1465,0,0,1,00,1,0,1,0,0,0,0,0,1,1,"S_RESET",0,1,0,0,0,0,0,1
1466,1466,0,0,1,00,1,0,1,0,0,0,0,0,1,1,"S_RESET",0,1,0,0,0,0,0,1
1467,1467,0,0,1,00,1,0,1,0,0,0,0,0,1,1,"S_RESET",0,1,0,0,0,0,0,1
1468,1468,0,0,1,00,1,0,1,0,0,0,0,0,1,1,"S_RESET",0,1,0,0,0,0,0,1
1469,1469,0,0,1,00,1,0,1,0,0,0,0,0,1,1,"S_RESET",0,1,0,0,0,0,0,1
1470,1470,0,0,1,00,1,0,1,0,0,0,0,0,1,1,"S_RESET",0,1,0,0,0,0,0,1
1471,1471,0,0,1,00,1,0,1,0,0,0,0,0,1,1,"S_RESET",0,1,0,0,0,0,0,1
1472,1472,0,0,1,00,1,0,1,0,0,0,0,0,1,1,"S_RESET",0,1,0,0,0,0,0,1
1473,1473,0,0,1,00,1,0,1,0,0,0,0,0,1,1,"S_RESET",0,1,0,0,0,0,0,1
1474,1474,0,0,1,00,1,0,1,0,0,0,0,0,1,1,"S_RESET",0,1,0,0,0,0,0,1
1475,1475,0,0,1,00,1,0,1,0,0,0,0,0,1,1,"S_RESET",0,1,0,0,0,0,0,1
1476,1476,0,0,1,00,1,0,1,0,0,0,0,0,1,1,"S_RESET",0,1,0,0,0,0,0,1
1477,1477,0,0,1,00,1,0,1,0,0,0,0,0,1,1,"S_RESET",0,1,0,0,0,0,0,1
1478,1478,0,0,1,00,1,0,1,0,0,0,0,0,1,1,"S_RESET",0,1,0,0,0,0,0,1
1479,1479,0,0,1,00,1,0,1,0,0,0,0,0,1,1,"S_RESET",0,1,0,0,0,0,0,1
1480,1480,0,0,1,00,1,0,1,0,0,0,0,0,1,1,"S_RESET",0,1,0,0,0,0,0,1
1481,1481,0,0,1,00,1,0,1,0,0,0,0,0,1,1,"S_RESET",0,1,0,0,0,0,0,1
1482,1482,0,0,1,00,1,0,1,0,0,0,0,0,1,1,"S_RESET",0,1,0,0,0,0,0,1
1483,1483,0,0,1,00,1,0,1,0,0,0,0,0,1,1,"S_RESET",0,1,0,0,0,0,0,1
1484,1484,0,0,1,00,1,0,1,0,0,0,0,0,1,1,"S_RESET",0,1,0,0,0,0,0,1
1485,1485,0,0,1,00,1,0,1,0,0,0,0,0,1,1,"S_RESET",0,1,0,0,0,0,0,1
1486,1486,0,0,1,00,1,0,1,0,0,0,0,0,1,1,"S_RESET",0,1,0,0,0,0,0,1
1487,1487,0,0,1,00,1,0,1,0,0,0,0,0,1,1,"S_RESET",0,1,0,0,0,0,0,1
1488,1488,0,0,1,00,1,0,1,0,0,0,0,0,1,1,"S_RESET",0,1,0,0,0,0,0,1
1489,1489,0,0,1,00,1,0,1,0,0,0,0,0,1,1,"S_RESET",0,1,0,0,0,0,0,1
1490,1490,0,0,1,00,1,0,1,0,0,0,0,0,1,1,"S_RESET",0,1,0,0,0,0,0,1
1491,1491,0,0,1,00,1,0,1,0,0,0,0,0,1,1,"S_RESET",0,1,0,0,0,0,0,1
1492,1492,0,0,1,00,1,0,1,0,0,0,0,0,1,1,"S_RESET",0,1,0,0,0,0,0,1
1493,1493,0,0,1,00,1,0,1,0,0,0,0,0,1,1,"S_RESET",0,1,0,0,0,0,0,1
1494,1494,0,0,1,00,1,0,1,0,0,0,0,0,1,1,"S_RESET",0,1,0,0,0,0,0,1
1495,1495,0,0,1,00,1,0,1,0,0,0,0,0,1,1,"S_RESET",0,1,0,0,0,0,0,1
1496,1496,0,0,1,00,1,0,1,0,0,0,0,0,1,1,"S_RESET",0,1,0,0,0,0,0,1
1497,1497,0,0,1,00,1,0,1,0,0,0,0,0,1,1,"S_RESET",0,1,0,0,0,0,0,1
1498,1498,0,0,1,00,1,0,1,0,0,0,0,0,1,1,"S_RESET",0,1,0,0,0,0,0,1
1499,1499,0,0,1,00,1,0,1,0,0,0,0,0,1,1,"S_RESET",0,1,0,0,0,0,0,1
1500,1500,0,0,1,00,1,0,1,0,0,0,0,0,1,1,"S_RESET",0,1,0,0,0,0,0,1
1501,1501,0,0,1,00,1,0,1,0,0,0,0,0,1,1,"S_RESET",0,1,0,0,0,0,0,1
1502,1502,0,0,1,00,1,0,1,0,0,0,0,0,1,1,"S_RESET",0,1,0,0,0,0,0,1
1503,1503,0,0,1,00,1,0,1,0,0,0,0,0,1,1,"S_RESET",0,1,0,0,0,0,0,1
1504,1504,0,0,1,00,1,0,1,0,0,0,0,0,1,1,"S_RESET",0,1,0,0,0,0,0,1
1505,1505,0,0,1,00,1,0,1,0,0,0,0,0,1,1,"S_RESET",0,1,0,0,0,0,0,1
1506,1506,0,0,1,00,1,0,1,0,0,0,0,0,1,1,"S_RESET",0,1,0,0,0,0,0,1
1507,1507,0,0,1,00,1,0,1,0,0,0,0,0,1,1,"S_RESET",0,1,0,0,0,0,0,1
1508,1508,0,0,1,00,1,0,1,0,0,0,0,0,1,1,"S_RESET",0,1,0,0,0,0,0,1
1509,1509,0,0,1,00,1,0,1,0,0,0,0,0,1,1,"S_RESET",0,1,0,0,0,0,0,1
1510,1510,0,0,1,00,1,0,1,0,0,0,0,0,1,1,"S_RESET",0,1,0,0,0,0,0,1
1511,1511,0,0,1,00,1,0,1,0,0,0,0,0,1,1,"S_RESET",0,1,0,0,0,0,0,1
1512,1512,0,0,1,00,1,0,1,0,0,0,0,0,1,1,"S_RESET",0,1,0,0,0,0,0,1
1513,1513,0,0,1,00,1,0,1,0,0,0,0,0,1,1,"S_RESET",0,1,0,0,0,0,0,1
1514,1514,0,0,1,00,1,0,1,0,0,0,0,0,1,1,"S_RESET",0,1,0,0,0,0,0,1
1515,1515,0,0,1,00,1,0,1,0,0,0,0,0,1,1,"S_RESET",0,1,0,0,0,0,0,1
1516,1516,0,0,1,00,1,0,1,0,0,0,0,0,1,1,"S_RESET",0,1,0,0,0,0,0,1
1517,1517,0,0,1,00,1,0,1,0,0,0,0,0,1,1,"S_RESET",0,1,0,0,0,0,0,1
1518,1518,0,0,1,00,1,0,1,0,0,0,0,0,1,1,"S_RESET",0,1,0,0,0,0,0,1
1519,1519,0,0,1,00,1,0,1,0,0,0,0,0,1,1,"S_RESET",0,1,0,0,0,0,0,1
1520,1520,0,0,1,00,1,0,1,0,0,0,0,0,1,1,"S_RESET",0,1,0,0,0,0,0,1
1521,1521,0,0,1,00,1,0,1,0,0,0,0,0,1,1,"S_RESET",0,1,0,0,0,0,0,1
1522,1522,0,0,1,00,1,0,1,0,0,0,0,0,1,1,"S_RESET",0,1,0,0,0,0,0,1
1523,1523,0,0,1,00,1,0,1,0,0,0,0,0,1,1,"S_RESET",0,1,0,0,0,0,0,1
1524,1524,0,0,1,00,1,0,1,0,0,0,0,0,1,1,"S_RESET",0,1,0,0,0,0,0,1
1525,1525,0,0,1,00,1,0,1,0,0,0,0,0,1,1,"S_RESET",0,1,0,0,0,0,0,1
1526,1526,0,0,1,00,1,0,1,0,0,0,0,0,1,1,"S_RESET",0,1,0,0,0,0,0,1
1527,1527,0,0,1,00,1,0,1,0,0,0,0,0,1,1,"S_RESET",0,1,0,0,0,0,0,1
1528,1528,0,0,1,00,1,0,1,0,0,0,0,0,1,1,"S_RESET",0,1,0,0,0,0,0,1
1529,1529,0,0,1,00,1,0,1,0,0,0,0,0,1,1,"S_RESET",0,1,0,0,0,0,0,1
1530,1530,0,0,1,00,1,0,1,0,0,0,0,0,1,1,"S_RESET",0,1,0,0,0,0,0,1
1531,1531,0,0,1,00,1,0,1,0,0,0,0,0,1,1,"S_RESET",0,1,0,0,0,0,0,1
1532,1532,0,0,1,00,1,0,1,0,0,0,0,0,1,1,"S_RESET",0,1,0,0,0,0,0,1
1533,1533,0,0,1,00,1,0,1,0,0,0,0,0,1,1,"S_RESET",0,1,0,0,0,0,0,1
1534,1534,0,0,1,00,1,0,1,0,0,0,0,0,1,1,"S_RESET",0,1,0,0,0,0,0,1
1535,1535,0,0,1,00,1,0,1,0,0,0,0,0,1,1,"S_RESET",0,1,0,0,0,0,0,1
1536,1536,0,0,1,00,1,0,1,0,0,0,0,0,1,1,"S_RESET",0,1,0,0,0,0,0,1
1537,1537,0,0,1,00,1,0,1,0,0,0,0,0,1,1,"S_RESET",0,1,0,0,0,0,0,1
1538,1538,0,0,1,00,1,0,1,0,0,0,0,0,1,1,"S_RESET",0,1,0,0,0,0,0,1
1539,1539,0,0,1,00,1,0,1,0,0,0,0,0,1,1,"S_RESET",0,1,0,0,0,0,0,1
1540,1540,0,0,1,00,1,0,1,0,0,0,0,0,1,1,"S_RESET",0,1,0,0,0,0,0,1
1541,1541,0,0,1,00,1,0,1,0,0,0,0,0,1,1,"S_RESET",0,1,0,0,0,0,0,1
1542,1542,0,0,1,00,1,0,1,0,0,0,0,0,1,1,"S_RESET",0,1,0,0,0,0,0,1
1543,1543,0,0,1,00,1,0,1,0,0,0,0,0,1,1,"S_RESET",0,1,0,0,0,0,0,1
1544,1544,0,0,1,00,1,0,1,0,0,0,0,0,1,1,"S_RESET",0,1,0,0,0,0,0,1
1545,1545,0,0,1,00,1,0,1,0,0,0,0,0,1,1,"S_RESET",0,1,0,0,0,0,0,1
1546,1546,0,0,1,00,1,0,1,0,0,0,0,0,1,1,"S_RESET",0,1,0,0,0,0,0,1
1547,1547,0,0,1,00,1,0,1,0,0,0,0,0,1,1,"S_RESET",0,1,0,0,0,0,0,1
1548,1548,0,0,1,00,1,0,1,0,0,0,0,0,1,1,"S_RESET",0,1,0,0,0,0,0,1
1549,1549,0,0,1,00,1,0,1,0,0,0,0,0,1,1,"S_RESET",0,1,0,0,0,0,0,1
1550,1550,0,0,1,00,1,0,1,0,0,0,0,0,1,1,"S_RESET",0,1,0,0,0,0,0,1
1551,1551,0,0,1,00,1,0,1,0,0,0,0,0,1,1,"S_RESET",0,1,0,0,0,0,0,1
1552,1552,0,0,1,00,1,0,1,0,0,0,0,0,1,1,"S_RESET",0,1,0,0,0,0,0,1
1553,1553,0,0,1,00,1,0,1,0,0,0,0,0,1,1,"S_RESET",0,1,0,0,0,0,0,1
1554,1554,0,0,1,00,1,0,1,0,0,0,0,0,1,1,"S_RESET",0,1,0,0,0,0,0,1
1555,1555,0,0,1,00,1,0,1,0,0,0,0,0,1,1,"S_RESET",0,1,0,0,0,0,0,1
1556,1556,0,0,1,00,1,0,1,0,0,0,0,0,1,1,"S_RESET",0,1,0,0,0,0,0,1
1557,1557,0,0,1,00,1,0,1,0,0,0,0,0,1,1,"S_RESET",0,1,0,0,0,0,0,1
1558,1558,0,0,1,00,1,0,1,0,0,0,0,0,1,1,"S_RESET",0,1,0,0,0,0,0,1
1559,1559,0,0,1,00,1,0,1,0,0,0,0,0,1,1,"S_RESET",0,1,0,0,0,0,0,1
1560,1560,0,0,1,00,1,0,1,0,0,0,0,0,1,1,"S_RESET",0,1,0,0,0,0,0,1
1561,1561,0,0,1,00,1,0,1,0,0,0,0,0,1,1,"S_RESET",0,1,0,0,0,0,0,1
1562,1562,0,0,1,00,1,0,1,0,0,0,0,0,1,1,"S_RESET",0,1,0,0,0,0,0,1
1563,1563,0,0,1,00,1,0,1,0,0,0,0,0,1,1,"S_RESET",0,1,0,0,0,0,0,1
1564,1564,0,0,1,00,1,0,1,0,0,0,0,0,1,1,"S_RESET",0,1,0,0,0,0,0,1
1565,1565,0,0,1,00,1,0,1,0,0,0,0,0,1,1,"S_RESET",0,1,0,0,0,0,0,1
1566,1566,0,0,1,00,1,0,1,0,0,0,0,0,1,1,"S_RESET",0,1,0,0,0,0,0,1
1567,1567,0,0,1,00,1,0,1,0,0,0,0,0,1,1,"S_RESET",0,1,0,0,0,0,0,1
1568,1568,0,0,1,00,1,0,1,0,0,0,0,0,1,1,"S_RESET",0,1,0,0,0,0,0,1
1569,1569,0,0,1,00,1,0,1,0,0,0,0,0,1,1,"S_RESET",0,1,0,0,0,0,0,1
1570,1570,0,0,1,00,1,0,1,0,0,0,0,0,1,1,"S_RESET",0,1,0,0,0,0,0,1
1571,1571,0,0,1,00,1,0,1,0,0,0,0,0,1,1,"S_RESET",0,1,0,0,0,0,0,1
1572,1572,0,0,1,00,1,0,1,0,0,0,0,0,1,1,"S_RESET",0,1,0,0,0,0,0,1
1573,1573,0,0,1,00,1,0,1,0,0,0,0,0,1,1,"S_RESET",0,1,0,0,0,0,0,1
1574,1574,0,0,1,00,1,0,1,0,0,0,0,0,1,1,"S_RESET",0,1,0,0,0,0,0,1
1575,1575,0,0,1,00,1,0,1,0,0,0,0,0,1,1,"S_RESET",0,1,0,0,0,0,0,1
1576,1576,0,0,1,00,1,0,1,0,0,0,0,0,1,1,"S_RESET",0,1,0,0,0,0,0,1
1577,1577,0,0,1,00,1,0,1,0,0,0,0,0,1,1,"S_RESET",0,1,0,0,0,0,0,1
1578,1578,0,0,1,00,1,0,1,0,0,0,0,0,1,1,"S_RESET",0,1,0,0,0,0,0,1
1579,1579,0,0,1,00,1,0,1,0,0,0,0,0,1,1,"S_RESET",0,1,0,0,0,0,0,1
1580,1580,0,0,1,00,1,0,1,0,0,0,0,0,1,1,"S_RESET",0,1,0,0,0,0,0,1
1581,1581,0,0,1,00,1,0,1,0,0,0,0,0,1,1,"S_RESET",0,1,0,0,0,0,0,1
1582,1582,0,0,1,00,1,0,1,0,0,0,0,0,1,1,"S_RESET",0,1,0,0,0,0,0,1
1583,1583,0,0,1,00,1,0,1,0,0,0,0,0,1,1,"S_RESET",0,1,0,0,0,0,0,1
1584,1584,0,0,1,00,1,0,1,0,0,0,0,0,1,1,"S_RESET",0,1,0,0,0,0,0,1
1585,1585,0,0,1,00,1,0,1,0,0,0,0,0,1,1,"S_RESET",0,1,0,0,0,0,0,1
1586,1586,0,0,1,00,1,0,1,0,0,0,0,0,1,1,"S_RESET",0,1,0,0,0,0,0,1
1587,1587,0,0,1,00,1,0,1,0,0,0,0,0,1,1,"S_RESET",0,1,0,0,0,0,0,1
1588,1588,0,0,1,00,1,0,1,0,0,0,0,0,1,1,"S_RESET",0,1,0,0,0,0,0,1
1589,1589,0,0,1,00,1,0,1,0,0,0,0,0,1,1,"S_RESET",0,1,0,0,0,0,0,1
1590,1590,0,0,1,00,1,0,1,0,0,0,0,0,1,1,"S_RESET",0,1,0,0,0,0,0,1
1591,1591,0,0,1,00,1,0,1,0,0,0,0,0,1,1,"S_RESET",0,1,0,0,0,0,0,1
1592,1592,0,0,1,00,1,0,1,0,0,0,0,0,1,1,"S_RESET",0,1,0,0,0,0,0,1
1593,1593,0,0,1,00,1,0,1,0,0,0,0,0,1,1,"S_RESET",0,1,0,0,0,0,0,1
1594,1594,0,0,1,00,1,0,1,0,0,0,0,0,1,1,"S_RESET",0,1,0,0,0,0,0,1
1595,1595,0,0,1,00,1,0,1,0,0,0,0,0,1,1,"S_RESET",0,1,0,0,0,0,0,1
1596,1596,0,0,1,00,1,0,1,0,0,0,0,0,1,1,"S_RESET",0,1,0,0,0,0,0,1
1597,1597,0,0,1,00,1,0,1,0,0,0,0,0,1,1,"S_RESET",0,1,0,0,0,0,0,1
1598,1598,0,0,1,00,1,0,1,0,0,0,0,0,1,1,"S_RESET",0,1,0,0,0,0,0,1
1599,1599,0,0,1,00,1,0,1,0,0,0,0,0,1,1,"S_RESET",0,1,0,0,0,0,0,1
1600,1600,0,0,1,00,1,0,1,0,0,0,0,0,1,1,"S_RESET",0,1,0,0,0,0,0,1
1601,1601,0,0,1,00,1,0,1,0,0,0,0,0,1,1,"S_RESET",0,1,0,0,0,0,0,1
1602,1602,0,0,1,00,1,0,1,0,0,0,0,0,1,1,"S_RESET",0,1,0,0,0,0,0,1
1603,1603,0,0,1,00,1,0,1,0,0,0,0,0,1,1,"S_RESET",0,1,0,0,0,0,0,1
1604,1604,0,0,1,00,1,0,1,0,0,0,0,0,1,1,"S_RESET",0,1,0,0,0,0,0,1
1605,1605,0,0,1,00,1,0,1,0,0,0,0,0,1,1,"S_RESET",0,1,0,0,0,0,0,1
1606,1606,0,0,1,00,1,0,1,0,0,0,0,0,1,1,"S_RESET",0,1,0,0,0,0,0,1
1607,1607,0,0,1,00,1,0,1,0,0,0,0,0,1,1,"S_RESET",0,1,0,0,0,0,0,1
1608,1608,0,0,1,00,1,0,1,0,0,0,0,0,1,1,"S_RESET",0,1,0,0,0,0,0,1
1609,1609,0,0,1,00,1,0,1,0,0,0,0,0,1,1,"S_RESET",0,1,0,0,0,0,0,1
1610,1610,0,0,1,00,1,0,1,0,0,0,0,0,1,1,"S_RESET",0,1,0,0,0,0,0,1
1611,1611,0,0,1,00,1,0,1,0,0,0,0,0,1,1,"S_RESET",0,1,0,0,0,0,0,1
1612,1612,0,0,1,00,1,0,1,0,0,0,0,0,1,1,"S_RESET",0,1,0,0,0,0,0,1
1613,1613,0,0,1,00,1,0,1,0,0,0,0,0,1,1,"S_RESET",0,1,0,0,0,0,0,1
1614,1614,0,0,1,00,1,0,1,0,0,0,0,0,1,1,"S_RESET",0,1,0,0,0,0,0,1
1615,1615,0,0,1,00,1,0,1,0,0,0,0,0,1,1,"S_RESET",0,1,0,0,0,0,0,1
1616,1616,0,0,1,00,1,0,1,0,0,0,0,0,1,1,"S_RESET",0,1,0,0,0,0,0,1
1617,1617,0,0,1,00,1,0,1,0,0,0,0,0,1,1,"S_RESET",0,1,0,0,0,0,0,1
1618,1618,0,0,1,00,1,0,1,0,0,0,0,0,1,1,"S_RESET",0,1,0,0,0,0,0,1
1619,1619,0,0,1,00,1,0,1,0,0,0,0,0,1,1,"S_RESET",0,1,0,0,0,0,0,1
1620,1620,0,0,1,00,1,0,1,0,0,0,0,0,1,1,"S_RESET",0,1,0,0,0,0,0,1
1621,1621,0,0,1,00,1,0,1,0,0,0,0,0,1,1,"S_RESET",0,1,0,0,0,0,0,1
1622,1622,0,0,1,00,1,0,1,0,0,0,0,0,1,1,"S_RESET",0,1,0,0,0,0,0,1
1623,1623,0,0,1,00,1,0,1,0,0,0,0,0,1,1,"S_RESET",0,1,0,0,0,0,0,1
1624,1624,0,0,1,00,1,0,1,0,0,0,0,0,1,1,"S_RESET",0,1,0,0,0,0,0,1
1625,1625,0,0,1,00,1,0,1,0,0,0,0,0,1,1,"S_RESET",0,1,0,0,0,0,0,1
1626,1626,0,0,1,00,1,0,1,0,0,0,0,0,1,1,"S_RESET",0,1,0,0,0,0,0,1
1627,1627,0,0,1,00,1,0,1,0,0,0,0,0,1,1,"S_RESET",0,1,0,0,0,0,0,1
1628,1628,0,0,1,00,1,0,1,0,0,0,0,0,1,1,"S_RESET",0,1,0,0,0,0,0,1
1629,1629,0,0,1,00,1,0,1,0,0,0,0,0,1,1,"S_RESET",0,1,0,0,0,0,0,1
1630,1630,0,0,1,00,1,0,1,0,0,0,0,0,1,1,"S_RESET",0,1,0,0,0,0,0,1
1631,1631,0,0,1,00,1,0,1,0,0,0,0,0,1,1,"S_RESET",0,1,0,0,0,0,0,1
1632,1632,0,0,1,00,1,0,1,0,0,0,0,0,1,1,"S_RESET",0,1,0,0,0,0,0,1
1633,1633,0,0,1,00,1,0,1,0,0,0,0,0,1,1,"S_RESET",0,1,0,0,0,0,0,1
1634,1634,0,0,1,00,1,0,1,0,0,0,0,0,1,1,"S_RESET",0,1,0,0,0,0,0,1
1635,1635,0,0,1,00,1,0,1,0,0,0,0,0,1,1,"S_RESET",0,1,0,0,0,0,0,1
1636,1636,0,0,1,00,1,0,1,0,0,0,0,0,1,1,"S_RESET",0,1,0,0,0,0,0,1
1637,1637,0,0,1,00,1,0,1,0,0,0,0,0,1,1,"S_RESET",0,1,0,0,0,0,0,1
1638,1638,0,0,1,00,1,0,1,0,0,0,0,0,1,1,"S_RESET",0,1,0,0,0,0,0,1
1639,1639,0,0,1,00,1,0,1,0,0,0,0,0,1,1,"S_RESET",0,1,0,0,0,0,0,1
1640,1640,0,0,1,00,1,0,1,0,0,0,0,0,1,1,"S_RESET",0,1,0,0,0,0,0,1
1641,1641,0,0,1,00,1,0,1,0,0,0,0,0,1,1,"S_RESET",0,1,0,0,0,0,0,1
1642,1642,0,0,1,00,1,0,1,0,0,0,0,0,1,1,"S_RESET",0,1,0,0,0,0,0,1
1643,1643,0,0,1,00,1,0,1,0,0,0,0,0,1,1,"S_RESET",0,1,0,0,0,0,0,1
1644,1644,0,0,1,00,1,0,1,0,0,0,0,0,1,1,"S_RESET",0,1,0,0,0,0,0,1
1645,1645,0,0,1,00,1,0,1,0,0,0,0,0,1,1,"S_RESET",0,1,0,0,0,0,0,1
1646,1646,0,0,1,00,1,0,1,0,0,0,0,0,1,1,"S_RESET",0,1,0,0,0,0,0,1
1647,1647,0,0,1,00,1,0,1,0,0,0,0,0,1,1,"S_RESET",0,1,0,0,0,0,0,1
1648,1648,0,0,1,00,1,0,1,0,0,0,0,0,1,1,"S_RESET",0,1,0,0,0,0,0,1
1649,1649,0,0,1,00,1,0,1,0,0,0,0,0,1,1,"S_RESET",0,1,0,0,0,0,0,1
1650,1650,0,0,1,00,1,0,1,0,0,0,0,0,1,1,"S_RESET",0,1,0,0,0,0,0,1
1651,1651,0,0,1,00,1,0,1,0,0,0,0,0,1,1,"S_RESET",0,1,0,0,0,0,0,1
1652,1652,0,0,1,00,1,0,1,0,0,0,0,0,1,1,"S_RESET",0,1,0,0,0,0,0,1
1653,1653,0,0,1,00,1,0,1,0,0,0,0,0,1,1,"S_RESET",0,1,0,0,0,0,0,1
1654,1654,0,0,1,00,1,0,1,0,0,0,0,0,1,1,"S_RESET",0,1,0,0,0,0,0,1
1655,1655,0,0,1,00,1,0,1,0,0,0,0,0,1,1,"S_RESET",0,1,0,0,0,0,0,1
1656,1656,0,0,1,00,1,0,1,0,0,0,0,0,1,1,"S_RESET",0,1,0,0,0,0,0,1
1657,1657,0,0,1,00,1,0,1,0,0,0,0,0,1,1,"S_RESET",0,1,0,0,0,0,0,1
1658,1658,0,0,1,00,1,0,1,0,0,0,0,0,1,1,"S_RESET",0,1,0,0,0,0,0,1
1659,1659,0,0,1,00,1,0,1,0,0,0,0,0,1,1,"S_RESET",0,1,0,0,0,0,0,1
1660,1660,0,0,1,00,1,0,1,0,0,0,0,0,1,1,"S_RESET",0,1,0,0,0,0,0,1
1661,1661,0,0,1,00,1,0,1,0,0,0,0,0,1,1,"S_RESET",0,1,0,0,0,0,0,1
1662,1662,0,0,1,00,1,0,1,0,0,0,0,0,1,1,"S_RESET",0,1,0,0,0,0,0,1
1663,1663,0,0,1,00,1,0,1,0,0,0,0,0,1,1,"S_RESET",0,1,0,0,0,0,0,1
1664,1664,0,0,1,00,1,0,1,0,0,0,0,0,1,1,"S_RESET",0,1,0,0,0,0,0,1
1665,1665,0,0,1,00,1,0,1,0,0,0,0,0,1,1,"S_RESET",0,1,0,0,0,0,0,1
1666,1666,0,0,1,00,1,0,1,0,0,0,0,0,1,1,"S_RESET",0,1,0,0,0,0,0,1
1667,1667,0,0,1,00,1,0,1,0,0,0,0,0,1,1,"S_RESET",0,1,0,0,0,0,0,1
1668,1668,0,0,1,00,1,0,1,0,0,0,0,0,1,1,"S_RESET",0,1,0,0,0,0,0,1
1669,1669,0,0,1,00,1,0,1,0,0,0,0,0,1,1,"S_RESET",0,1,0,0,0,0,0,1
1670,1670,0,0,1,00,1,0,1,0,0,0,0,0,1,1,"S_RESET",0,1,0,0,0,0,0,1
1671,1671,0,0,1,00,1,0,1,0,0,0,0,0,1,1,"S_RESET",0,1,0,0,0,0,0,1
1672,1672,0,0,1,00,1,0,1,0,0,0,0,0,1,1,"S_RESET",0,1,0,0,0,0,0,1
1673,1673,0,0,1,00,1,0,1,0,0,0,0,0,1,1,"S_RESET",0,1,0,0,0,0,0,1
1674,1674,0,0,1,00,1,0,1,0,0,0,0,0,1,1,"S_RESET",0,1,0,0,0,0,0,1
1675,1675,0,0,1,00,1,0,1,0,0,0,0,0,1,1,"S_RESET",0,1,0,0,0,0,0,1
1676,1676,0,0,1,00,1,0,1,0,0,0,0,0,1,1,"S_RESET",0,1,0,0,0,0,0,1
1677,1677,0,0,1,00,1,0,1,0,0,0,0,0,1,1,"S_RESET",0,1,0,0,0,0,0,1
1678,1678,0,0,1,00,1,0,1,0,0,0,0,0,1,1,"S_RESET",0,1,0,0,0,0,0,1
1679,1679,0,0,1,00,1,0,1,0,0,0,0,0,1,1,"S_RESET",0,1,0,0,0,0,0,1
1680,1680,0,0,1,00,1,0,1,0,0,0,0,0,1,1,"S_RESET",0,1,0,0,0,0,0,1
1681,1681,0,0,1,00,1,0,1,0,0,0,0,0,1,1,"S_RESET",0,1,0,0,0,0,0,1
1682,1682,0,0,1,00,1,0,1,0,0,0,0,0,1,1,"S_RESET",0,1,0,0,0,0,0,1
1683,1683,0,0,1,00,1,0,1,0,0,0,0,0,1,1,"S_RESET",0,1,0,0,0,0,0,1
1684,1684,0,0,1,00,1,0,1,0,0,0,0,0,1,1,"S_RESET",0,1,0,0,0,0,0,1
1685,1685,0,0,1,00,1,0,1,0,0,0,0,0,1,1,"S_RESET",0,1,0,0,0,0,0,1
1686,1686,0,0,1,00,1,0,1,0,0,0,0,0,1,1,"S_RESET",0,1,0,0,0,0,0,1
1687,1687,0,0,1,00,1,0,1,0,0,0,0,0,1,1,"S_RESET",0,1,0,0,0,0,0,1
1688,1688,0,0,1,00,1,0,1,0,0,0,0,0,1,1,"S_RESET",0,1,0,0,0,0,0,1
1689,1689,0,0,1,00,1,0,1,0,0,0,0,0,1,1,"S_RESET",0,1,0,0,0,0,0,1
1690,1690,0,0,1,00,1,0,1,0,0,0,0,0,1,1,"S_RESET",0,1,0,0,0,0,0,1
1691,1691,0,0,1,00,1,0,1,0,0,0,0,0,1,1,"S_RESET",0,1,0,0,0,0,0,1
1692,1692,0,0,1,00,1,0,1,0,0,0,0,0,1,1,"S_RESET",0,1,0,0,0,0,0,1
1693,1693,0,0,1,00,1,0,1,0,0,0,0,0,1,1,"S_RESET",0,1,0,0,0,0,0,1
1694,1694,0,0,1,00,1,0,1,0,0,0,0,0,1,1,"S_RESET",0,1,0,0,0,0,0,1
1695,1695,0,0,1,00,1,0,1,0,0,0,0,0,1,1,"S_RESET",0,1,0,0,0,0,0,1
1696,1696,0,0,1,00,1,0,1,0,0,0,0,0,1,1,"S_RESET",0,1,0,0,0,0,0,1
1697,1697,0,0,1,00,1,0,1,0,0,0,0,0,1,1,"S_RESET",0,1,0,0,0,0,0,1
1698,1698,0,0,1,00,1,0,1,0,0,0,0,0,1,1,"S_RESET",0,1,0,0,0,0,0,1
1699,1699,0,0,1,00,1,0,1,0,0,0,0,0,1,1,"S_RESET",0,1,0,0,0,0,0,1
1700,1700,0,0,1,00,1,0,1,0,0,0,0,0,1,1,"S_RESET",0,1,0,0,0,0,0,1
1701,1701,0,0,1,00,1,0,1,0,0,0,0,0,1,1,"S_RESET",0,1,0,0,0,0,0,1
1702,1702,0,0,1,00,1,0,1,0,0,0,0,0,1,1,"S_RESET",0,1,0,0,0,0,0,1
1703,1703,0,0,1,00,1,0,1,0,0,0,0,0,1,1,"S_RESET",0,1,0,0,0,0,0,1
1704,1704,0,0,1,00,1,0,1,0,0,0,0,0,1,1,"S_RESET",0,1,0,0,0,0,0,1
1705,1705,0,0,1,00,1,0,1,0,0,0,0,0,1,1,"S_RESET",0,1,0,0,0,0,0,1
1706,1706,0,0,1,00,1,0,1,0,0,0,0,0,1,1,"S_RESET",0,1,0,0,0,0,0,1
1707,1707,0,0,1,00,1,0,1,0,0,0,0,0,1,1,"S_RESET",0,1,0,0,0,0,0,1
1708,1708,0,0,1,00,1,0,1,0,0,0,0,0,1,1,"S_RESET",0,1,0,0,0,0,0,1
1709,1709,0,0,1,00,1,0,1,0,0,0,0,0,1,1,"S_RESET",0,1,0,0,0,0,0,1
1710,1710,0,0,1,00,1,0,1,0,0,0,0,0,1,1,"S_RESET",0,1,0,0,0,0,0,1
1711,1711,0,0,1,00,1,0,1,0,0,0,0,0,1,1,"S_RESET",0,1,0,0,0,0,0,1
1712,1712,0,0,1,00,1,0,1,0,0,0,0,0,1,1,"S_RESET",0,1,0,0,0,0,0,1
1713,1713,0,0,1,00,1,0,1,0,0,0,0,0,1,1,"S_RESET",0,1,0,0,0,0,0,1
1714,1714,0,0,1,00,1,0,1,0,0,0,0,0,1,1,"S_RESET",0,1,0,0,0,0,0,1
1715,1715,0,0,1,00,1,0,1,0,0,0,0,0,1,1,"S_RESET",0,1,0,0,0,0,0,1
1716,1716,0,0,1,00,1,0,1,0,0,0,0,0,1,1,"S_RESET",0,1,0,0,0,0,0,1
1717,1717,0,0,1,00,1,0,1,0,0,0,0,0,1,1,"S_RESET",0,1,0,0,0,0,0,1
1718,1718,0,0,1,00,1,0,1,0,0,0,0,0,1,1,"S_RESET",0,1,0,0,0,0,0,1
1719,1719,0,0,1,00,1,0,1,0,0,0,0,0,1,1,"S_RESET",0,1,0,0,0,0,0,1
1720,1720,0,0,1,00,1,0,1,0,0,0,0,0,1,1,"S_RESET",0,1,0,0,0,0,0,1
1721,1721,0,0,1,00,1,0,1,0,0,0,0,0,1,1,"S_RESET",0,1,0,0,0,0,0,1
1722,1722,0,0,1,00,1,0,1,0,0,0,0,0,1,1,"S_RESET",0,1,0,0,0,0,0,1
1723,1723,0,0,1,00,1,0,1,0,0,0,0,0,1,1,"S_RESET",0,1,0,0,0,0,0,1
1724,1724,0,0,1,00,1,0,1,0,0,0,0,0,1,1,"S_RESET",0,1,0,0,0,0,0,1
1725,1725,0,0,1,00,1,0,1,0,0,0,0,0,1,1,"S_RESET",0,1,0,0,0,0,0,1
1726,1726,0,0,1,00,1,0,1,0,0,0,0,0,1,1,"S_RESET",0,1,0,0,0,0,0,1
1727,1727,0,0,1,00,1,0,1,0,0,0,0,0,1,1,"S_RESET",0,1,0,0,0,0,0,1
1728,1728,0,0,1,00,1,0,1,0,0,0,0,0,1,1,"S_RESET",0,1,0,0,0,0,0,1
1729,1729,0,0,1,00,1,0,1,0,0,0,0,0,1,1,"S_RESET",0,1,0,0,0,0,0,1
1730,1730,0,0,1,00,1,0,1,0,0,0,0,0,1,1,"S_RESET",0,1,0,0,0,0,0,1
1731,1731,0,0,1,00,1,0,1,0,0,0,0,0,1,1,"S_RESET",0,1,0,0,0,0,0,1
1732,1732,0,0,1,00,1,0,1,0,0,0,0,0,1,1,"S_RESET",0,1,0,0,0,0,0,1
1733,1733,0,0,1,00,1,0,1,0,0,0,0,0,1,1,"S_RESET",0,1,0,0,0,0,0,1
1734,1734,0,0,1,00,1,0,1,0,0,0,0,0,1,1,"S_RESET",0,1,0,0,0,0,0,1
1735,1735,0,0,1,00,1,0,1,0,0,0,0,0,1,1,"S_RESET",0,1,0,0,0,0,0,1
1736,1736,0,0,1,00,1,0,1,0,0,0,0,0,1,1,"S_RESET",0,1,0,0,0,0,0,1
1737,1737,0,0,1,00,1,0,1,0,0,0,0,0,1,1,"S_RESET",0,1,0,0,0,0,0,1
1738,1738,0,0,1,00,1,0,1,0,0,0,0,0,1,1,"S_RESET",0,1,0,0,0,0,0,1
1739,1739,0,0,1,00,1,0,1,0,0,0,0,0,1,1,"S_RESET",0,1,0,0,0,0,0,1
1740,1740,0,0,1,00,1,0,1,0,0,0,0,0,1,1,"S_RESET",0,1,0,0,0,0,0,1
1741,1741,0,0,1,00,1,0,1,0,0,0,0,0,1,1,"S_RESET",0,1,0,0,0,0,0,1
1742,1742,0,0,1,00,1,0,1,0,0,0,0,0,1,1,"S_RESET",0,1,0,0,0,0,0,1
1743,1743,0,0,1,00,1,0,1,0,0,0,0,0,1,1,"S_RESET",0,1,0,0,0,0,0,1
1744,1744,0,0,1,00,1,0,1,0,0,0,0,0,1,1,"S_RESET",0,1,0,0,0,0,0,1
1745,1745,0,0,1,00,1,0,1,0,0,0,0,0,1,1,"S_RESET",0,1,0,0,0,0,0,1
1746,1746,0,0,1,00,1,0,1,0,0,0,0,0,1,1,"S_RESET",0,1,0,0,0,0,0,1
1747,1747,0,0,1,00,1,0,1,0,0,0,0,0,1,1,"S_RESET",0,1,0,0,0,0,0,1
1748,1748,0,0,1,00,1,0,1,0,0,0,0,0,1,1,"S_RESET",0,1,0,0,0,0,0,1
1749,1749,0,0,1,00,1,0,1,0,0,0,0,0,1,1,"S_RESET",0,1,0,0,0,0,0,1
1750,1750,0,0,1,00,1,0,1,0,0,0,0,0,1,1,"S_RESET",0,1,0,0,0,0,0,1
1751,1751,0,0,1,00,1,0,1,0,0,0,0,0,1,1,"S_RESET",0,1,0,0,0,0,0,1
1752,1752,0,0,1,00,1,0,1,0,0,0,0,0,1,1,"S_RESET",0,1,0,0,0,0,0,1
1753,1753,0,0,1,00,1,0,1,0,0,0,0,0,1,1,"S_RESET",0,1,0,0,0,0,0,1
1754,1754,0,0,1,00,1,0,1,0,0,0,0,0,1,1,"S_RESET",0,1,0,0,0,0,0,1
1755,1755,0,0,1,00,1,0,1,0,0,0,0,0,1,1,"S_RESET",0,1,0,0,0,0,0,1
1756,1756,0,0,1,00,1,0,1,0,0,0,0,0,1,1,"S_RESET",0,1,0,0,0,0,0,1
1757,1757,0,0,1,00,1,0,1,0,0,0,0,0,1,1,"S_RESET",0,1,0,0,0,0,0,1
1758,1758,0,0,1,00,1,0,1,0,0,0,0,0,1,1,"S_RESET",0,1,0,0,0,0,0,1
1759,1759,0,0,1,00,1,0,1,0,0,0,0,0,1,1,"S_RESET",0,1,0,0,0,0,0,1
1760,1760,0,0,1,00,1,0,1,0,0,0,0,0,1,1,"S_RESET",0,1,0,0,0,0,0,1
1761,1761,0,0,1,00,1,0,1,0,0,0,0,0,1,1,"S_RESET",0,1,0,0,0,0,0,1
1762,1762,0,0,1,00,1,0,1,0,0,0,0,0,1,1,"S_RESET",0,1,0,0,0,0,0,1
1763,1763,0,0,1,00,1,0,1,0,0,0,0,0,1,1,"S_RESET",0,1,0,0,0,0,0,1
1764,1764,0,0,1,00,1,0,1,0,0,0,0,0,1,1,"S_RESET",0,1,0,0,0,0,0,1
1765,1765,0,0,1,00,1,0,1,0,0,0,0,0,1,1,"S_RESET",0,1,0,0,0,0,0,1
1766,1766,0,0,1,00,1,0,1,0,0,0,0,0,1,1,"S_RESET",0,1,0,0,0,0,0,1
1767,1767,0,0,1,00,1,0,1,0,0,0,0,0,1,1,"S_RESET",0,1,0,0,0,0,0,1
1768,1768,0,0,1,00,1,0,1,0,0,0,0,0,1,1,"S_RESET",0,1,0,0,0,0,0,1
1769,1769,0,0,1,00,1,0,1,0,0,0,0,0,1,1,"S_RESET",0,1,0,0,0,0,0,1
1770,1770,0,0,1,00,1,0,1,0,0,0,0,0,1,1,"S_RESET",0,1,0,0,0,0,0,1
1771,1771,0,0,1,00,1,0,1,0,0,0,0,0,1,1,"S_RESET",0,1,0,0,0,0,0,1
1772,1772,0,0,1,00,1,0,1,0,0,0,0,0,1,1,"S_RESET",0,1,0,0,0,0,0,1
1773,1773,0,0,1,00,1,0,1,0,0,0,0,0,1,1,"S_RESET",0,1,0,0,0,0,0,1
1774,1774,0,0,1,00,1,0,1,0,0,0,0,0,1,1,"S_RESET",0,1,0,0,0,0,0,1
1775,1775,0,0,1,00,1,0,1,0,0,0,0,0,1,1,"S_RESET",0,1,0,0,0,0,0,1
1776,1776,0,0,1,00,1,0,1,0,0,0,0,0,1,1,"S_RESET",0,1,0,0,0,0,0,1
1777,1777,0,0,1,00,1,0,1,0,0,0,0,0,1,1,"S_RESET",0,1,0,0,0,0,0,1
1778,1778,0,0,1,00,1,0,1,0,0,0,0,0,1,1,"S_RESET",0,1,0,0,0,0,0,1
1779,1779,0,0,1,00,1,0,1,0,0,0,0,0,1,1,"S_RESET",0,1,0,0,0,0,0,1
1780,1780,0,0,1,00,1,0,1,0,0,0,0,0,1,1,"S_RESET",0,1,0,0,0,0,0,1
1781,1781,0,0,1,00,1,0,1,0,0,0,0,0,1,1,"S_RESET",0,1,0,0,0,0,0,1
1782,1782,0,0,1,00,1,0,1,0,0,0,0,0,1,1,"S_RESET",0,1,0,0,0,0,0,1
1783,1783,0,0,1,00,1,0,1,0,0,0,0,0,1,1,"S_RESET",0,1,0,0,0,0,0,1
1784,1784,0,0,1,00,1,0,1,0,0,0,0,0,1,1,"S_RESET",0,1,0,0,0,0,0,1
1785,1785,0,0,1,00,1,0,1,0,0,0,0,0,1,1,"S_RESET",0,1,0,0,0,0,0,1
1786,1786,0,0,1,00,1,0,1,0,0,0,0,0,1,1,"S_RESET",0,1,0,0,0,0,0,1
1787,1787,0,0,1,00,1,0,1,0,0,0,0,0,1,1,"S_RESET",0,1,0,0,0,0,0,1
1788,1788,0,0,1,00,1,0,1,0,0,0,0,0,1,1,"S_RESET",0,1,0,0,0,0,0,1
1789,1789,0,0,1,00,1,0,1,0,0,0,0,0,1,1,"S_RESET",0,1,0,0,0,0,0,1
1790,1790,0,0,1,00,1,0,1,0,0,0,0,0,1,1,"S_RESET",0,1,0,0,0,0,0,1
1791,1791,0,0,1,00,1,0,1,0,0,0,0,0,1,1,"S_RESET",0,1,0,0,0,0,0,1
1792,1792,0,0,1,00,1,0,1,0,0,0,0,0,1,1,"S_RESET",0,1,0,0,0,0,0,1
1793,1793,0,0,1,00,1,0,1,0,0,0,0,0,1,1,"S_RESET",0,1,0,0,0,0,0,1
1794,1794,0,0,1,00,1,0,1,0,0,0,0,0,1,1,"S_RESET",0,1,0,0,0,0,0,1
1795,1795,0,0,1,00,1,0,1,0,0,0,0,0,1,1,"S_RESET",0,1,0,0,0,0,0,1
1796,1796,0,0,1,00,1,0,1,0,0,0,0,0,1,1,"S_RESET",0,1,0,0,0,0,0,1
1797,1797,0,0,1,00,1,0,1,0,0,0,0,0,1,1,"S_RESET",0,1,0,0,0,0,0,1
1798,1798,0,0,1,00,1,0,1,0,0,0,0,0,1,1,"S_RESET",0,1,0,0,0,0,0,1
1799,1799,0,0,1,00,1,0,1,0,0,0,0,0,1,1,"S_RESET",0,1,0,0,0,0,0,1
1800,1800,0,0,1,00,1,0,1,0,0,0,0,0,1,1,"S_RESET",0,1,0,0,0,0,0,1
1801,1801,0,0,1,00,1,0,1,0,0,0,0,0,1,1,"S_RESET",0,1,0,0,0,0,0,1
1802,1802,0,0,1,00,1,0,1,0,0,0,0,0,1,1,"S_RESET",0,1,0,0,0,0,0,1
1803,1803,0,0,1,00,1,0,1,0,0,0,0,0,1,1,"S_RESET",0,1,0,0,0,0,0,1
1804,1804,0,0,1,00,1,0,1,0,0,0,0,0,1,1,"S_RESET",0,1,0,0,0,0,0,1
1805,1805,0,0,1,00,1,0,1,0,0,0,0,0,1,1,"S_RESET",0,1,0,0,0,0,0,1
1806,1806,0,0,1,00,1,0,1,0,0,0,0,0,1,1,"S_RESET",0,1,0,0,0,0,0,1
1807,1807,0,0,1,00,1,0,1,0,0,0,0,0,1,1,"S_RESET",0,1,0,0,0,0,0,1
1808,1808,0,0,1,00,1,0,1,0,0,0,0,0,1,1,"S_RESET",0,1,0,0,0,0,0,1
1809,1809,0,0,1,00,1,0,1,0,0,0,0,0,1,1,"S_RESET",0,1,0,0,0,0,0,1
1810,1810,0,0,1,00,1,0,1,0,0,0,0,0,1,1,"S_RESET",0,1,0,0,0,0,0,1
1811,1811,0,0,1,00,1,0,1,0,0,0,0,0,1,1,"S_RESET",0,1,0,0,0,0,0,1
1812,1812,0,0,1,00,1,0,1,0,0,0,0,0,1,1,"S_RESET",0,1,0,0,0,0,0,1
1813,1813,0,0,1,00,1,0,1,0,0,0,0,0,1,1,"S_RESET",0,1,0,0,0,0,0,1
1814,1814,0,0,1,00,1,0,1,0,0,0,0,0,1,1,"S_RESET",0,1,0,0,0,0,0,1
1815,1815,0,0,1,00,1,0,1,0,0,0,0,0,1,1,"S_RESET",0,1,0,0,0,0,0,1
1816,1816,0,0,1,00,1,0,1,0,0,0,0,0,1,1,"S_RESET",0,1,0,0,0,0,0,1
1817,1817,0,0,1,00,1,0,1,0,0,0,0,0,1,1,"S_RESET",0,1,0,0,0,0,0,1
1818,1818,0,0,1,00,1,0,1,0,0,0,0,0,1,1,"S_RESET",0,1,0,0,0,0,0,1
1819,1819,0,0,1,00,1,0,1,0,0,0,0,0,1,1,"S_RESET",0,1,0,0,0,0,0,1
1820,1820,0,0,1,00,1,0,1,0,0,0,0,0,1,1,"S_RESET",0,1,0,0,0,0,0,1
1821,1821,0,0,1,00,1,0,1,0,0,0,0,0,1,1,"S_RESET",0,1,0,0,0,0,0,1
1822,1822,0,0,1,00,1,0,1,0,0,0,0,0,1,1,"S_RESET",0,1,0,0,0,0,0,1
1823,1823,0,0,1,00,1,0,1,0,0,0,0,0,1,1,"S_RESET",0,1,0,0,0,0,0,1
1824,1824,0,0,1,00,1,0,1,0,0,0,0,0,1,1,"S_RESET",0,1,0,0,0,0,0,1
1825,1825,0,0,1,00,1,0,1,0,0,0,0,0,1,1,"S_RESET",0,1,0,0,0,0,0,1
1826,1826,0,0,1,00,1,0,1,0,0,0,0,0,1,1,"S_RESET",0,1,0,0,0,0,0,1
1827,1827,0,0,1,00,1,0,1,0,0,0,0,0,1,1,"S_RESET",0,1,0,0,0,0,0,1
1828,1828,0,0,1,00,1,0,1,0,0,0,0,0,1,1,"S_RESET",0,1,0,0,0,0,0,1
1829,1829,0,0,1,00,1,0,1,0,0,0,0,0,1,1,"S_RESET",0,1,0,0,0,0,0,1
1830,1830,0,0,1,00,1,0,1,0,0,0,0,0,1,1,"S_RESET",0,1,0,0,0,0,0,1
1831,1831,0,0,1,00,1,0,1,0,0,0,0,0,1,1,"S_RESET",0,1,0,0,0,0,0,1
1832,1832,0,0,1,00,1,0,1,0,0,0,0,0,1,1,"S_RESET",0,1,0,0,0,0,0,1
1833,1833,0,0,1,00,1,0,1,0,0,0,0,0,1,1,"S_RESET",0,1,0,0,0,0,0,1
1834,1834,0,0,1,00,1,0,1,0,0,0,0,0,1,1,"S_RESET",0,1,0,0,0,0,0,1
1835,1835,0,0,1,00,1,0,1,0,0,0,0,0,1,1,"S_RESET",0,1,0,0,0,0,0,1
1836,1836,0,0,1,00,1,0,1,0,0,0,0,0,1,1,"S_RESET",0,1,0,0,0,0,0,1
1837,1837,0,0,1,00,1,0,1,0,0,0,0,0,1,1,"S_RESET",0,1,0,0,0,0,0,1
1838,1838,0,0,1,00,1,0,1,0,0,0,0,0,1,1,"S_RESET",0,1,0,0,0,0,0,1
1839,1839,0,0,1,00,1,0,1,0,0,0,0,0,1,1,"S_RESET",0,1,0,0,0,0,0,1
1840,1840,0,0,1,00,1,0,1,0,0,0,0,0,1,1,"S_RESET",0,1,0,0,0,0,0,1
1841,1841,0,0,1,00,1,0,1,0,0,0,0,0,1,1,"S_RESET",0,1,0,0,0,0,0,1
1842,1842,0,0,1,00,1,0,1,0,0,0,0,0,1,1,"S_RESET",0,1,0,0,0,0,0,1
1843,1843,0,0,1,00,1,0,1,0,0,0,0,0,1,1,"S_RESET",0,1,0,0,0,0,0,1
1844,1844,0,0,1,00,1,0,1,0,0,0,0,0,1,1,"S_RESET",0,1,0,0,0,0,0,1
1845,1845,0,0,1,00,1,0,1,0,0,0,0,0,1,1,"S_RESET",0,1,0,0,0,0,0,1
1846,1846,0,0,1,00,1,0,1,0,0,0,0,0,1,1,"S_RESET",0,1,0,0,0,0,0,1
1847,1847,0,0,1,00,1,0,1,0,0,0,0,0,1,1,"S_RESET",0,1,0,0,0,0,0,1
1848,1848,0,0,1,00,1,0,1,0,0,0,0,0,1,1,"S_RESET",0,1,0,0,0,0,0,1
1849,1849,0,0,1,00,1,0,1,0,0,0,0,0,1,1,"S_RESET",0,1,0,0,0,0,0,1
1850,1850,0,0,1,00,1,0,1,0,0,0,0,0,1,1,"S_RESET",0,1,0,0,0,0,0,1
1851,1851,0,0,1,00,1,0,1,0,0,0,0,0,1,1,"S_RESET",0,1,0,0,0,0,0,1
1852,1852,0,0,1,00,1,0,1,0,0,0,0,0,1,1,"S_RESET",0,1,0,0,0,0,0,1
1853,1853,0,0,1,00,1,0,1,0,0,0,0,0,1,1,"S_RESET",0,1,0,0,0,0,0,1
1854,1854,0,0,1,00,1,0,1,0,0,0,0,0,1,1,"S_RESET",0,1,0,0,0,0,0,1
1855,1855,0,0,1,00,1,0,1,0,0,0,0,0,1,1,"S_RESET",0,1,0,0,0,0,0,1
1856,1856,0,0,1,00,1,0,1,0,0,0,0,0,1,1,"S_RESET",0,1,0,0,0,0,0,1
1857,1857,0,0,1,00,1,0,1,0,0,0,0,0,1,1,"S_RESET",0,1,0,0,0,0,0,1
1858,1858,0,0,1,00,1,0,1,0,0,0,0,0,1,1,"S_RESET",0,1,0,0,0,0,0,1
1859,1859,0,0,1,00,1,0,1,0,0,0,0,0,1,1,"S_RESET",0,1,0,0,0,0,0,1
1860,1860,0,0,1,00,1,0,1,0,0,0,0,0,1,1,"S_RESET",0,1,0,0,0,0,0,1
1861,1861,0,0,1,00,1,0,1,0,0,0,0,0,1,1,"S_RESET",0,1,0,0,0,0,0,1
1862,1862,0,0,1,00,1,0,1,0,0,0,0,0,1,1,"S_RESET",0,1,0,0,0,0,0,1
1863,1863,0,0,1,00,1,0,1,0,0,0,0,0,1,1,"S_RESET",0,1,0,0,0,0,0,1
1864,1864,0,0,1,00,1,0,1,0,0,0,0,0,1,1,"S_RESET",0,1,0,0,0,0,0,1
1865,1865,0,0,1,00,1,0,1,0,0,0,0,0,1,1,"S_RESET",0,1,0,0,0,0,0,1
1866,1866,0,0,1,00,1,0,1,0,0,0,0,0,1,1,"S_RESET",0,1,0,0,0,0,0,1
1867,1867,0,0,1,00,1,0,1,0,0,0,0,0,1,1,"S_RESET",0,1,0,0,0,0,0,1
1868,1868,0,0,1,00,1,0,1,0,0,0,0,0,1,1,"S_RESET",0,1,0,0,0,0,0,1
1869,1869,0,0,1,00,1,0,1,0,0,0,0,0,1,1,"S_RESET",0,1,0,0,0,0,0,1
1870,1870,0,0,1,00,1,0,1,0,0,0,0,0,1,1,"S_RESET",0,1,0,0,0,0,0,1
1871,1871,0,0,1,00,1,0,1,0,0,0,0,0,1,1,"S_RESET",0,1,0,0,0,0,0,1
1872,1872,0,0,1,00,1,0,1,0,0,0,0,0,1,1,"S_RESET",0,1,0,0,0,0,0,1
1873,1873,0,0,1,00,1,0,1,0,0,0,0,0,1,1,"S_RESET",0,1,0,0,0,0,0,1
1874,1874,0,0,1,00,1,0,1,0,0,0,0,0,1,1,"S_RESET",0,1,0,0,0,0,0,1
1875,1875,0,0,1,00,1,0,1,0,0,0,0,0,1,1,"S_RESET",0,1,0,0,0,0,0,1
1876,1876,0,0,1,00,1,0,1,0,0,0,0,0,1,1,"S_RESET",0,1,0,0,0,0,0,1
1877,1877,0,0,1,00,1,0,1,0,0,0,0,0,1,1,"S_RESET",0,1,0,0,0,0,0,1
1878,1878,0,0,1,00,1,0,1,0,0,0,0,0,1,1,"S_RESET",0,1,0,0,0,0,0,1
1879,1879,0,0,1,00,1,0,1,0,0,0,0,0,1,1,"S_RESET",0,1,0,0,0,0,0,1
1880,1880,0,0,1,00,1,0,1,0,0,0,0,0,1,1,"S_RESET",0,1,0,0,0,0,0,1
1881,1881,0,0,1,00,1,0,1,0,0,0,0,0,1,1,"S_RESET",0,1,0,0,0,0,0,1
1882,1882,0,0,1,00,1,0,1,0,0,0,0,0,1,1,"S_RESET",0,1,0,0,0,0,0,1
1883,1883,0,0,1,00,1,0,1,0,0,0,0,0,1,1,"S_RESET",0,1,0,0,0,0,0,1
1884,1884,0,0,1,00,1,0,1,0,0,0,0,0,1,1,"S_RESET",0,1,0,0,0,0,0,1
1885,1885,0,0,1,00,1,0,1,0,0,0,0,0,1,1,"S_RESET",0,1,0,0,0,0,0,1
1886,1886,0,0,1,00,1,0,1,0,0,0,0,0,1,1,"S_RESET",0,1,0,0,0,0,0,1
1887,1887,0,0,1,00,1,0,1,0,0,0,0,0,1,1,"S_RESET",0,1,0,0,0,0,0,1
1888,1888,0,0,1,00,1,0,1,0,0,0,0,0,1,1,"S_RESET",0,1,0,0,0,0,0,1
1889,1889,0,0,1,00,1,0,1,0,0,0,0,0,1,1,"S_RESET",0,1,0,0,0,0,0,1
1890,1890,0,0,1,00,1,0,1,0,0,0,0,0,1,1,"S_RESET",0,1,0,0,0,0,0,1
1891,1891,0,0,1,00,1,0,1,0,0,0,0,0,1,1,"S_RESET",0,1,0,0,0,0,0,1
1892,1892,0,0,1,00,1,0,1,0,0,0,0,0,1,1,"S_RESET",0,1,0,0,0,0,0,1
1893,1893,0,0,1,00,1,0,1,0,0,0,0,0,1,1,"S_RESET",0,1,0,0,0,0,0,1
1894,1894,0,0,1,00,1,0,1,0,0,0,0,0,1,1,"S_RESET",0,1,0,0,0,0,0,1
1895,1895,0,0,1,00,1,0,1,0,0,0,0,0,1,1,"S_RESET",0,1,0,0,0,0,0,1
1896,1896,0,0,1,00,1,0,1,0,0,0,0,0,1,1,"S_RESET",0,1,0,0,0,0,0,1
1897,1897,0,0,1,00,1,0,1,0,0,0,0,0,1,1,"S_RESET",0,1,0,0,0,0,0,1
1898,1898,0,0,1,00,1,0,1,0,0,0,0,0,1,1,"S_RESET",0,1,0,0,0,0,0,1
1899,1899,0,0,1,00,1,0,1,0,0,0,0,0,1,1,"S_RESET",0,1,0,0,0,0,0,1
1900,1900,0,0,1,00,1,0,1,0,0,0,0,0,1,1,"S_RESET",0,1,0,0,0,0,0,1
1901,1901,0,0,1,00,1,0,1,0,0,0,0,0,1,1,"S_RESET",0,1,0,0,0,0,0,1
1902,1902,0,0,1,00,1,0,1,0,0,0,0,0,1,1,"S_RESET",0,1,0,0,0,0,0,1
1903,1903,0,0,1,00,1,0,1,0,0,0,0,0,1,1,"S_RESET",0,1,0,0,0,0,0,1
1904,1904,0,0,1,00,1,0,1,0,0,0,0,0,1,1,"S_RESET",0,1,0,0,0,0,0,1
1905,1905,0,0,1,00,1,0,1,0,0,0,0,0,1,1,"S_RESET",0,1,0,0,0,0,0,1
1906,1906,0,0,1,00,1,0,1,0,0,0,0,0,1,1,"S_RESET",0,1,0,0,0,0,0,1
1907,1907,0,0,1,00,1,0,1,0,0,0,0,0,1,1,"S_RESET",0,1,0,0,0,0,0,1
1908,1908,0,0,1,00,1,0,1,0,0,0,0,0,1,1,"S_RESET",0,1,0,0,0,0,0,1
1909,1909,0,0,1,00,1,0,1,0,0,0,0,0,1,1,"S_RESET",0,1,0,0,0,0,0,1
1910,1910,0,0,1,00,1,0,1,0,0,0,0,0,1,1,"S_RESET",0,1,0,0,0,0,0,1
1911,1911,0,0,1,00,1,0,1,0,0,0,0,0,1,1,"S_RESET",0,1,0,0,0,0,0,1
1912,1912,0,0,1,00,1,0,1,0,0,0,0,0,1,1,"S_RESET",0,1,0,0,0,0,0,1
1913,1913,0,0,1,00,1,0,1,0,0,0,0,0,1,1,"S_RESET",0,1,0,0,0,0,0,1
1914,1914,0,0,1,00,1,0,1,0,0,0,0,0,1,1,"S_RESET",0,1,0,0,0,0,0,1
1915,1915,0,0,1,00,1,0,1,0,0,0,0,0,1,1,"S_RESET",0,1,0,0,0,0,0,1
1916,1916,0,0,1,00,1,0,1,0,0,0,0,0,1,1,"S_RESET",0,1,0,0,0,0,0,1
1917,1917,0,0,1,00,1,0,1,0,0,0,0,0,1,1,"S_RESET",0,1,0,0,0,0,0,1
1918,1918,0,0,1,00,1,0,1,0,0,0,0,0,1,1,"S_RESET",0,1,0,0,0,0,0,1
1919,1919,0,0,1,00,1,0,1,0,0,0,0,0,1,1,"S_RESET",0,1,0,0,0,0,0,1
1920,1920,0,0,1,00,1,0,1,0,0,0,0,0,1,1,"S_RESET",0,1,0,0,0,0,0,1
1921,1921,0,0,1,00,1,0,1,0,0,0,0,0,1,1,"S_RESET",0,1,0,0,0,0,0,1
1922,1922,0,0,1,00,1,0,1,0,0,0,0,0,1,1,"S_RESET",0,1,0,0,0,0,0,1
1923,1923,0,0,1,00,1,0,1,0,0,0,0,0,1,1,"S_RESET",0,1,0,0,0,0,0,1
1924,1924,0,0,1,00,1,0,1,0,0,0,0,0,1,1,"S_RESET",0,1,0,0,0,0,0,1
1925,1925,0,0,1,00,1,0,1,0,0,0,0,0,1,1,"S_RESET",0,1,0,0,0,0,0,1
1926,1926,0,0,1,00,1,0,1,0,0,0,0,0,1,1,"S_RESET",0,1,0,0,0,0,0,1
1927,1927,0,0,1,00,1,0,1,0,0,0,0,0,1,1,"S_RESET",0,1,0,0,0,0,0,1
1928,1928,0,0,1,00,1,0,1,0,0,0,0,0,1,1,"S_RESET",0,1,0,0,0,0,0,1
1929,1929,0,0,1,00,1,0,1,0,0,0,0,0,1,1,"S_RESET",0,1,0,0,0,0,0,1
1930,1930,0,0,1,00,1,0,1,0,0,0,0,0,1,1,"S_RESET",0,1,0,0,0,0,0,1
1931,1931,0,0,1,00,1,0,1,0,0,0,0,0,1,1,"S_RESET",0,1,0,0,0,0,0,1
1932,1932,0,0,1,00,1,0,1,0,0,0,0,0,1,1,"S_RESET",0,1,0,0,0,0,0,1
1933,1933,0,0,1,00,1,0,1,0,0,0,0,0,1,1,"S_RESET",0,1,0,0,0,0,0,1
1934,1934,0,0,1,00,1,0,1,0,0,0,0,0,1,1,"S_RESET",0,1,0,0,0,0,0,1
1935,1935,0,0,1,00,1,0,1,0,0,0,0,0,1,1,"S_RESET",0,1,0,0,0,0,0,1
1936,1936,0,0,1,00,1,0,1,0,0,0,0,0,1,1,"S_RESET",0,1,0,0,0,0,0,1
1937,1937,0,0,1,00,1,0,1,0,0,0,0,0,1,1,"S_RESET",0,1,0,0,0,0,0,1
1938,1938,0,0,1,00,1,0,1,0,0,0,0,0,1,1,"S_RESET",0,1,0,0,0,0,0,1
1939,1939,0,0,1,00,1,0,1,0,0,0,0,0,1,1,"S_RESET",0,1,0,0,0,0,0,1
1940,1940,0,0,1,00,1,0,1,0,0,0,0,0,1,1,"S_RESET",0,1,0,0,0,0,0,1
1941,1941,0,0,1,00,1,0,1,0,0,0,0,0,1,1,"S_RESET",0,1,0,0,0,0,0,1
1942,1942,0,0,1,00,1,0,1,0,0,0,0,0,1,1,"S_RESET",0,1,0,0,0,0,0,1
1943,1943,0,0,1,00,1,0,1,0,0,0,0,0,1,1,"S_RESET",0,1,0,0,0,0,0,1
1944,1944,0,0,1,00,1,0,1,0,0,0,0,0,1,1,"S_RESET",0,1,0,0,0,0,0,1
1945,1945,0,0,1,00,1,0,1,0,0,0,0,0,1,1,"S_RESET",0,1,0,0,0,0,0,1
1946,1946,0,0,1,00,1,0,1,0,0,0,0,0,1,1,"S_RESET",0,1,0,0,0,0,0,1
1947,1947,0,0,1,00,1,0,1,0,0,0,0,0,1,1,"S_RESET",0,1,0,0,0,0,0,1
1948,1948,0,0,1,00,1,0,1,0,0,0,0,0,1,1,"S_RESET",0,1,0,0,0,0,0,1
1949,1949,0,0,1,00,1,0,1,0,0,0,0,0,1,1,"S_RESET",0,1,0,0,0,0,0,1
1950,1950,0,0,1,00,1,0,1,0,0,0,0,0,1,1,"S_RESET",0,1,0,0,0,0,0,1
1951,1951,0,0,1,00,1,0,1,0,0,0,0,0,1,1,"S_RESET",0,1,0,0,0,0,0,1
1952,1952,0,0,1,00,1,0,1,0,0,0,0,0,1,1,"S_RESET",0,1,0,0,0,0,0,1
1953,1953,0,0,1,00,1,0,1,0,0,0,0,0,1,1,"S_RESET",0,1,0,0,0,0,0,1
1954,1954,0,0,1,00,1,0,1,0,0,0,0,0,1,1,"S_RESET",0,1,0,0,0,0,0,1
1955,1955,0,0,1,00,1,0,1,0,0,0,0,0,1,1,"S_RESET",0,1,0,0,0,0,0,1
1956,1956,0,0,1,00,1,0,1,0,0,0,0,0,1,1,"S_RESET",0,1,0,0,0,0,0,1
1957,1957,0,0,1,00,1,0,1,0,0,0,0,0,1,1,"S_RESET",0,1,0,0,0,0,0,1
1958,1958,0,0,1,00,1,0,1,0,0,0,0,0,1,1,"S_RESET",0,1,0,0,0,0,0,1
1959,1959,0,0,1,00,1,0,1,0,0,0,0,0,1,1,"S_RESET",0,1,0,0,0,0,0,1
1960,1960,0,0,1,00,1,0,1,0,0,0,0,0,1,1,"S_RESET",0,1,0,0,0,0,0,1
1961,1961,0,0,1,00,1,0,1,0,0,0,0,0,1,1,"S_RESET",0,1,0,0,0,0,0,1
1962,1962,0,0,1,00,1,0,1,0,0,0,0,0,1,1,"S_RESET",0,1,0,0,0,0,0,1
1963,1963,0,0,1,00,1,0,1,0,0,0,0,0,1,1,"S_RESET",0,1,0,0,0,0,0,1
1964,1964,0,0,1,00,1,0,1,0,0,0,0,0,1,1,"S_RESET",0,1,0,0,0,0,0,1
1965,1965,0,0,1,00,1,0,1,0,0,0,0,0,1,1,"S_RESET",0,1,0,0,0,0,0,1
1966,1966,0,0,1,00,1,0,1,0,0,0,0,0,1,1,"S_RESET",0,1,0,0,0,0,0,1
1967,1967,0,0,1,00,1,0,1,0,0,0,0,0,1,1,"S_RESET",0,1,0,0,0,0,0,1
1968,1968,0,0,1,00,1,0,1,0,0,0,0,0,1,1,"S_RESET",0,1,0,0,0,0,0,1
1969,1969,0,0,1,00,1,0,1,0,0,0,0,0,1,1,"S_RESET",0,1,0,0,0,0,0,1
1970,1970,0,0,1,00,1,0,1,0,0,0,0,0,1,1,"S_RESET",0,1,0,0,0,0,0,1
1971,1971,0,0,1,00,1,0,1,0,0,0,0,0,1,1,"S_RESET",0,1,0,0,0,0,0,1
1972,1972,0,0,1,00,1,0,1,0,0,0,0,0,1,1,"S_RESET",0,1,0,0,0,0,0,1
1973,1973,0,0,1,00,1,0,1,0,0,0,0,0,1,1,"S_RESET",0,1,0,0,0,0,0,1
1974,1974,0,0,1,00,1,0,1,0,0,0,0,0,1,1,"S_RESET",0,1,0,0,0,0,0,1
1975,1975,0,0,1,00,1,0,1,0,0,0,0,0,1,1,"S_RESET",0,1,0,0,0,0,0,1
1976,1976,0,0,1,00,1,0,1,0,0,0,0,0,1,1,"S_RESET",0,1,0,0,0,0,0,1
1977,1977,0,0,1,00,1,0,1,0,0,0,0,0,1,1,"S_RESET",0,1,0,0,0,0,0,1
1978,1978,0,0,1,00,1,0,1,0,0,0,0,0,1,1,"S_RESET",0,1,0,0,0,0,0,1
1979,1979,0,0,1,00,1,0,1,0,0,0,0,0,1,1,"S_RESET",0,1,0,0,0,0,0,1
1980,1980,0,0,1,00,1,0,1,0,0,0,0,0,1,1,"S_RESET",0,1,0,0,0,0,0,1
1981,1981,0,0,1,00,1,0,1,0,0,0,0,0,1,1,"S_RESET",0,1,0,0,0,0,0,1
1982,1982,0,0,1,00,1,0,1,0,0,0,0,0,1,1,"S_RESET",0,1,0,0,0,0,0,1
1983,1983,0,0,1,00,1,0,1,0,0,0,0,0,1,1,"S_RESET",0,1,0,0,0,0,0,1
1984,1984,0,0,1,00,1,0,1,0,0,0,0,0,1,1,"S_RESET",0,1,0,0,0,0,0,1
1985,1985,0,0,1,00,1,0,1,0,0,0,0,0,1,1,"S_RESET",0,1,0,0,0,0,0,1
1986,1986,0,0,1,00,1,0,1,0,0,0,0,0,1,1,"S_RESET",0,1,0,0,0,0,0,1
1987,1987,0,0,1,00,1,0,1,0,0,0,0,0,1,1,"S_RESET",0,1,0,0,0,0,0,1
1988,1988,0,0,1,00,1,0,1,0,0,0,0,0,1,1,"S_RESET",0,1,0,0,0,0,0,1
1989,1989,0,0,1,00,1,0,1,0,0,0,0,0,1,1,"S_RESET",0,1,0,0,0,0,0,1
1990,1990,0,0,1,00,1,0,1,0,0,0,0,0,1,1,"S_RESET",0,1,0,0,0,0,0,1
1991,1991,0,0,1,00,1,0,1,0,0,0,0,0,1,1,"S_RESET",0,1,0,0,0,0,0,1
1992,1992,0,0,1,00,1,0,1,0,0,0,0,0,1,1,"S_RESET",0,1,0,0,0,0,0,1
1993,1993,0,0,1,00,1,0,1,0,0,0,0,0,1,1,"S_RESET",0,1,0,0,0,0,0,1
1994,1994,0,0,1,00,1,0,1,0,0,0,0,0,1,1,"S_RESET",0,1,0,0,0,0,0,1
1995,1995,0,0,1,00,1,0,1,0,0,0,0,0,1,1,"S_RESET",0,1,0,0,0,0,0,1
1996,1996,0,0,1,00,1,0,1,0,0,0,0,0,1,1,"S_RESET",0,1,0,0,0,0,0,1
1997,1997,0,0,1,00,1,0,1,0,0,0,0,0,1,1,"S_RESET",0,1,0,0,0,0,0,1
1998,1998,0,0,1,00,1,0,1,0,0,0,0,0,1,1,"S_RESET",0,1,0,0,0,0,0,1
1999,1999,0,0,1,00,1,0,1,0,0,0,0,0,1,1,"S_RESET",0,1,0,0,0,0,0,1
2000,2000,0,0,1,00,1,0,1,0,0,0,0,0,1,1,"S_RESET",0,1,0,0,0,0,0,1
2001,2001,0,0,1,00,1,0,1,0,0,0,0,0,1,1,"S_RESET",0,1,0,0,0,0,0,1
2002,2002,0,0,1,00,1,0,1,0,0,0,0,0,1,1,"S_RESET",0,1,0,0,0,0,0,1
2003,2003,0,0,1,00,1,0,1,0,0,0,0,0,1,1,"S_RESET",0,1,0,0,0,0,0,1
2004,2004,0,0,1,00,1,0,1,0,0,0,0,0,1,1,"S_RESET",0,1,0,0,0,0,0,1
2005,2005,0,0,1,00,1,0,1,0,0,0,0,0,1,1,"S_RESET",0,1,0,0,0,0,0,1
2006,2006,0,0,1,00,1,0,1,0,0,0,0,0,1,1,"S_RESET",0,1,0,0,0,0,0,1
2007,2007,0,0,1,00,1,0,1,0,0,0,0,0,1,1,"S_RESET",0,1,0,0,0,0,0,1
2008,2008,0,0,1,00,1,0,1,0,0,0,0,0,1,1,"S_RESET",0,1,0,0,0,0,0,1
2009,2009,0,0,1,00,1,0,1,0,0,0,0,0,1,1,"S_RESET",0,1,0,0,0,0,0,1
2010,2010,0,0,1,00,1,0,1,0,0,0,0,0,1,1,"S_RESET",0,1,0,0,0,0,0,1
2011,2011,0,0,1,00,1,0,1,0,0,0,0,0,1,1,"S_RESET",0,1,0,0,0,0,0,1
2012,2012,0,0,1,00,1,0,1,0,0,0,0,0,1,1,"S_RESET",0,1,0,0,0,0,0,1
2013,2013,0,0,1,00,1,0,1,0,0,0,0,0,1,1,"S_RESET",0,1,0,0,0,0,0,1
2014,2014,0,0,1,00,1,0,1,0,0,0,0,0,1,1,"S_RESET",0,1,0,0,0,0,0,1
2015,2015,0,0,1,00,1,0,1,0,0,0,0,0,1,1,"S_RESET",0,1,0,0,0,0,0,1
2016,2016,0,0,1,00,1,0,1,0,0,0,0,0,1,1,"S_RESET",0,1,0,0,0,0,0,1
2017,2017,0,0,1,00,1,0,1,0,0,0,0,0,1,1,"S_RESET",0,1,0,0,0,0,0,1
2018,2018,0,0,1,00,1,0,1,0,0,0,0,0,1,1,"S_RESET",0,1,0,0,0,0,0,1
2019,2019,0,0,1,00,1,0,1,0,0,0,0,0,1,1,"S_RESET",0,1,0,0,0,0,0,1
2020,2020,0,0,1,00,1,0,1,0,0,0,0,0,1,1,"S_RESET",0,1,0,0,0,0,0,1
2021,2021,0,0,1,00,1,0,1,0,0,0,0,0,1,1,"S_RESET",0,1,0,0,0,0,0,1
2022,2022,0,0,1,00,1,0,1,0,0,0,0,0,1,1,"S_RESET",0,1,0,0,0,0,0,1
2023,2023,0,0,1,00,1,0,1,0,0,0,0,0,1,1,"S_RESET",0,1,0,0,0,0,0,1
2024,2024,0,0,1,00,1,0,1,0,0,0,0,0,1,1,"S_RESET",0,1,0,0,0,0,0,1
2025,2025,0,0,1,00,1,0,1,0,0,0,0,0,1,1,"S_RESET",0,1,0,0,0,0,0,1
2026,2026,0,0,1,00,1,0,1,0,0,0,0,0,1,1,"S_RESET",0,1,0,0,0,0,0,1
2027,2027,0,0,1,00,1,0,1,0,0,0,0,0,1,1,"S_RESET",0,1,0,0,0,0,0,1
2028,2028,0,0,1,00,1,0,1,0,0,0,0,0,1,1,"S_RESET",0,1,0,0,0,0,0,1
2029,2029,0,0,1,00,1,0,1,0,0,0,0,0,1,1,"S_RESET",0,1,0,0,0,0,0,1
2030,2030,0,0,1,00,1,0,1,0,0,0,0,0,1,1,"S_RESET",0,1,0,0,0,0,0,1
2031,2031,0,0,1,00,1,0,1,0,0,0,0,0,1,1,"S_RESET",0,1,0,0,0,0,0,1
2032,2032,0,0,1,00,1,0,1,0,0,0,0,0,1,1,"S_RESET",0,1,0,0,0,0,0,1
2033,2033,0,0,1,00,1,0,1,0,0,0,0,0,1,1,"S_RESET",0,1,0,0,0,0,0,1
2034,2034,0,0,1,00,1,0,1,0,0,0,0,0,1,1,"S_RESET",0,1,0,0,0,0,0,1
2035,2035,0,0,1,00,1,0,1,0,0,0,0,0,1,1,"S_RESET",0,1,0,0,0,0,0,1
2036,2036,0,0,1,00,1,0,1,0,0,0,0,0,1,1,"S_RESET",0,1,0,0,0,0,0,1
2037,2037,0,0,1,00,1,0,1,0,0,0,0,0,1,1,"S_RESET",0,1,0,0,0,0,0,1
2038,2038,0,0,1,00,1,0,1,0,0,0,0,0,1,1,"S_RESET",0,1,0,0,0,0,0,1
2039,2039,0,0,1,00,1,0,1,0,0,0,0,0,1,1,"S_RESET",0,1,0,0,0,0,0,1
2040,2040,0,0,1,00,1,0,1,0,0,0,0,0,1,1,"S_RESET",0,1,0,0,0,0,0,1
2041,2041,0,0,1,00,1,0,1,0,0,0,0,0,1,1,"S_RESET",0,1,0,0,0,0,0,1
2042,2042,0,0,1,00,1,0,1,0,0,0,0,0,1,1,"S_RESET",0,1,0,0,0,0,0,1
2043,2043,0,0,1,00,1,0,1,0,0,0,0,0,1,1,"S_RESET",0,1,0,0,0,0,0,1
2044,2044,0,0,1,00,1,0,1,0,0,0,0,0,1,1,"S_WAIT_READY",0,1,0,0,0,0,0,1
2045,2045,0,0,1,00,1,0,1,0,0,0,0,0,1,1,"S_WAIT_READY",0,1,0,0,0,0,0,1
2046,2046,0,0,1,00,1,0,1,0,0,0,0,0,1,1,"S_WAIT_READY",0,1,0,0,0,0,0,1
2047,2047,0,0,1,00,1,0,1,0,0,0,0,0,1,1,"S_WAIT_READY",0,1,0,0,0,0,0,1
2048,2048,1,0,1,00,1,0,0,1,0,0,0,0,1,1,"S_WAIT_READY",0,1,0,0,0,0,0,1
2049,2049,0,0,1,00,1,0,0,1,0,0,0,0,1,1,"S_WAIT_READY",0,1,0,0,0,0,0,1
2050,2050,0,0,1,00,1,0,0,1,0,0,0,0,1,1,"S_WAIT_READY",0,1,0,0,0,0,0,1
2051,2051,0,0,1,00,1,0,0,1,0,0,0,0,1,1,"S_WAIT_READY",0,1,0,0,0,0,0,1
2052,2052,0,0,1,00,1,0,0,1,0,0,0,0,1,1,"S_WAIT_READY",0,1,0,0,0,0,0,1
2053,2053,0,0,1,00,1,0,0,1,0,0,0,0,1,1,"S_WAIT_READY",0,1,0,0,0,0,0,1
2054,2054,0,0,1,00,1,0,0,1,0,0,0,0,1,1,"S_WAIT_READY",0,1,0,0,0,0,0,1
2055,2055,0,0,1,00,1,0,0,1,0,0,0,0,1,1,"S_WAIT_READY",0,1,0,0,0,0,0,1
2056,2056,0,0,1,00,1,0,0,1,0,0,0,0,1,1,"S_WAIT_READY",0,1,0,0,0,0,0,1
2057,2057,0,0,1,00,1,0,0,1,0,0,0,0,1,1,"S_WAIT_READY",0,1,0,0,0,0,0,1
2058,2058,0,0,1,00,1,0,0,1,0,0,0,0,1,1,"S_WAIT_READY",0,1,0,0,0,0,0,1
2059,2059,0,0,1,00,1,0,0,1,0,0,0,0,1,1,"S_WAIT_READY",0,1,0,0,0,0,0,1
2060,2060,0,0,1,00,1,0,0,1,0,0,0,0,1,1,"S_WAIT_READY",0,1,0,0,0,0,0,1
2061,2061,0,0,1,00,1,0,0,1,0,0,0,0,1,1,"S_WAIT_READY",0,1,0,0,0,0,0,1
2062,2062,0,0,1,00,1,0,0,1,0,0,0,0,1,1,"S_WAIT_READY",0,1,0,0,0,0,0,1
2063,2063,0,0,1,00,1,0,0,1,0,0,0,0,1,1,"S_WAIT_READY",0,1,0,0,0,0,0,1
2064,2064,0,0,1,00,1,0,0,1,0,0,0,0,1,1,"S_WAIT_READY",0,1,0,0,0,0,0,1
2065,2065,0,0,1,00,1,0,0,1,0,0,0,0,1,1,"S_WAIT_READY",0,1,0,0,0,0,0,1
2066,2066,0,0,1,00,1,0,0,1,0,0,0,0,1,1,"S_WAIT_READY",0,1,0,0,0,0,0,1
2067,2067,0,0,1,00,1,0,0,1,0,0,0,0,1,1,"S_WAIT_READY",0,1,0,0,0,0,0,1
2068,2068,0,0,1,00,1,0,0,1,0,0,0,0,1,1,"S_WAIT_READY",0,1,0,0,0,0,0,1
2069,2069,0,0,1,00,1,0,0,1,0,0,0,0,1,1,"S_WAIT_READY",0,1,0,0,0,0,0,1
2070,2070,0,0,1,00,1,0,0,1,0,0,0,0,1,1,"S_WAIT_READY",0,1,0,0,0,0,0,1
2071,2071,0,0,1,00,1,0,0,1,0,0,0,0,1,1,"S_WAIT_READY",0,1,0,0,0,0,0,1
2072,2072,0,0,1,00,1,0,0,1,0,0,0,0,1,1,"S_WAIT_READY",0,1,0,0,0,0,0,1
2073,2073,0,0,1,00,1,0,0,1,0,0,0,0,1,1,"S_WAIT_READY",0,1,0,0,0,0,0,1
2074,2074,0,0,1,00,1,0,0,1,0,0,0,0,1,1,"S_WAIT_READY",0,1,0,0,0,0,0,1
2075,2075,0,0,1,00,1,0,0,1,0,0,0,0,1,1,"S_WAIT_READY",0,1,0,0,0,0,0,1
2076,2076,0,0,1,00,1,0,0,1,0,0,0,0,1,1,"S_WAIT_READY",0,1,0,0,0,0,0,1
2077,2077,0,0,1,00,1,0,0,1,0,0,0,0,1,1,"S_WAIT_READY",0,1,0,0,0,0,0,1
2078,2078,0,0,1,00,1,0,0,1,0,0,0,0,1,1,"S_WAIT_READY",0,1,0,0,0,0,0,1
2079,2079,0,0,1,00,1,0,0,1,0,0,0,0,1,1,"S_WAIT_READY",0,1,0,0,0,0,0,1
2080,2080,0,0,1,00,1,0,0,1,0,0,0,0,1,1,"S_WAIT_READY",0,1,0,0,0,0,0,1
2081,2081,0,0,1,00,1,0,0,1,0,0,0,0,1,1,"S_WAIT_READY",0,1,0,0,0,0,0,1
2082,2082,0,0,1,00,1,0,0,1,0,0,0,0,1,1,"S_WAIT_READY",0,1,0,0,0,0,0,1
2083,2083,0,0,1,00,1,0,0,1,0,0,0,0,1,1,"S_WAIT_READY",0,1,0,0,0,0,0,1
2084,2084,0,0,1,00,1,0,0,1,0,0,0,0,1,1,"S_WAIT_READY",0,1,0,0,0,0,0,1
2085,2085,0,0,1,00,1,0,0,1,0,0,0,0,1,1,"S_WAIT_READY",0,1,0,0,0,0,0,1
2086,2086,0,0,1,00,1,0,0,1,0,0,0,0,1,1,"S_WAIT_READY",0,1,0,0,0,0,0,1
2087,2087,0,0,1,00,1,0,0,1,0,0,0,0,1,1,"S_WAIT_READY",0,1,0,0,0,0,0,1
2088,2088,0,0,1,00,1,0,0,1,0,0,0,0,1,1,"S_WAIT_READY",0,1,0,0,0,0,0,1
2089,2089,0,0,1,00,1,0,0,1,0,0,0,0,1,1,"S_WAIT_READY",0,1,0,0,0,0,0,1
2090,2090,0,0,1,00,1,0,0,1,0,0,0,0,1,1,"S_WAIT_READY",0,1,0,0,0,0,0,1
2091,2091,0,0,1,00,1,0,0,1,0,0,0,0,1,1,"S_WAIT_READY",0,1,0,0,0,0,0,1
2092,2092,0,0,1,00,1,0,0,1,0,0,0,0,1,1,"S_WAIT_READY",0,1,0,0,0,0,0,1
2093,2093,0,0,1,00,1,0,0,1,0,0,0,0,1,1,"S_WAIT_READY",0,1,0,0,0,0,0,1
2094,2094,0,0,1,00,1,0,0,1,0,0,0,0,1,1,"S_WAIT_READY",0,1,0,0,0,0,0,1
2095,2095,0,0,1,00,1,0,0,1,0,0,0,0,1,1,"S_WAIT_READY",0,1,0,0,0,0,0,1
2096,2096,0,0,1,00,1,0,0,1,0,0,0,0,1,1,"S_WAIT_READY",0,1,0,0,0,0,0,1
2097,2097,0,0,1,00,1,0,0,1,0,0,0,0,1,1,"S_WAIT_READY",0,1,0,0,0,0,0,1
2098,2098,0,0,1,00,1,0,0,1,0,0,0,0,1,1,"S_WAIT_READY",0,1,0,0,0,0,0,1
2099,2099,0,0,1,00,1,0,0,1,0,0,0,0,1,1,"S_WAIT_READY",0,1,0,0,0,0,0,1
2100,2100,0,0,1,00,1,0,0,1,0,0,0,0,1,1,"S_WAIT_READY",0,1,0,0,0,0,0,1
2101,2101,0,0,1,00,1,0,0,1,0,0,0,0,1,1,"S_WAIT_READY",0,1,0,0,0,0,0,1
2102,2102,0,0,1,00,1,0,0,1,0,0,0,0,1,1,"S_WAIT_READY",0,1,0,0,0,0,0,1
2103,2103,0,0,1,00,1,0,0,1,0,0,0,0,1,1,"S_WAIT_READY",0,1,0,0,0,0,0,1
2104,2104,0,0,1,00,1,0,0,1,0,0,0,0,1,1,"S_WAIT_READY",0,1,0,0,0,0,0,1
2105,2105,0,0,1,00,1,0,0,1,0,0,0,0,1,1,"S_WAIT_READY",0,1,0,0,0,0,0,1
2106,2106,0,0,1,00,1,0,0,1,0,0,0,0,1,1,"S_WAIT_READY",0,1,0,0,0,0,0,1
2107,2107,0,0,1,00,1,0,0,1,0,0,0,0,1,1,"S_WAIT_READY",0,1,0,0,0,0,0,1
2108,2108,0,0,1,00,1,0,0,1,0,0,0,0,1,1,"S_WAIT_READY",0,1,0,0,0,0,0,1
2109,2109,0,0,1,00,1,0,0,1,0,0,0,0,1,1,"S_WAIT_READY",0,1,0,0,0,0,0,1
2110,2110,0,0,1,00,1,0,0,1,0,0,0,0,1,1,"S_WAIT_READY",0,1,0,0,0,0,0,1
2111,2111,0,0,1,00,1,0,0,1,0,0,0,0,1,1,"S_WAIT_READY",0,1,0,0,0,0,0,1
2112,2112,0,0,1,00,1,0,0,1,0,0,0,0,1,1,"S_WAIT_READY",0,1,0,0,0,0,0,1
2113,2113,0,0,1,00,1,0,0,1,0,0,0,0,1,1,"S_WAIT_READY",0,1,0,0,0,0,0,1
2114,2114,0,0,1,00,1,0,0,1,0,0,0,0,1,1,"S_WAIT_READY",0,1,0,0,0,0,0,1
2115,2115,0,0,1,00,1,0,0,1,0,0,0,0,1,1,"S_WAIT_READY",0,1,0,0,0,0,0,1
2116,2116,0,0,1,00,1,0,0,1,0,0,0,0,1,1,"S_WAIT_READY",0,1,0,0,0,0,0,1
2117,2117,0,0,1,00,1,0,0,1,0,0,0,0,1,1,"S_WAIT_READY",0,1,0,0,0,0,0,1
2118,2118,0,0,1,00,1,0,0,1,0,0,0,0,1,1,"S_WAIT_READY",0,1,0,0,0,0,0,1
2119,2119,0,0,1,00,1,0,0,1,0,0,0,0,1,1,"S_WAIT_READY",0,1,0,0,0,0,0,1
2120,2120,0,0,1,00,1,0,0,1,0,0,0,0,1,1,"S_WAIT_READY",0,1,0,0,0,0,0,1
2121,2121,0,0,1,00,1,0,0,1,0,0,0,0,1,1,"S_WAIT_READY",0,1,0,0,0,0,0,1
2122,2122,0,0,1,00,1,0,0,1,0,0,0,0,1,1,"S_WAIT_READY",0,1,0,0,0,0,0,1
2123,2123,0,0,1,00,1,0,0,1,0,0,0,0,1,1,"S_WAIT_READY",0,1,0,0,0,0,0,1
2124,2124,0,0,1,00,1,0,0,1,0,0,0,0,1,1,"S_WAIT_READY",0,1,0,0,0,0,0,1
2125,2125,0,0,1,00,1,0,0,1,0,0,0,0,1,1,"S_WAIT_READY",0,1,0,0,0,0,0,1
2126,2126,0,0,1,00,1,0,0,1,0,0,0,0,1,1,"S_WAIT_READY",0,1,0,0,0,0,0,1
2127,2127,0,0,1,00,1,0,0,1,0,0,0,0,1,1,"S_WAIT_READY",0,1,0,0,0,0,0,1
2128,2128,0,0,1,00,1,0,0,1,0,0,0,0,1,1,"S_WAIT_READY",0,1,0,0,0,0,0,1
2129,2129,0,0,1,00,1,0,0,1,0,0,0,0,1,1,"S_WAIT_READY",0,1,0,0,0,0,0,1
2130,2130,0,0,1,00,1,0,0,1,0,0,0,0,1,1,"S_WAIT_READY",0,1,0,0,0,0,0,1
2131,2131,0,0,1,00,1,0,0,1,0,0,0,0,1,1,"S_WAIT_READY",0,1,0,0,0,0,0,1
2132,2132,0,0,1,00,1,0,0,1,0,0,0,0,1,1,"S_WAIT_READY",0,1,0,0,0,0,0,1
2133,2133,0,0,1,00,1,0,0,1,0,0,0,0,1,1,"S_WAIT_READY",0,1,0,0,0,0,0,1
2134,2134,0,0,1,00,1,0,0,1,0,0,0,0,1,1,"S_WAIT_READY",0,1,0,0,0,0,0,1
2135,2135,0,0,1,00,1,0,0,1,0,0,0,0,1,1,"S_WAIT_READY",0,1,0,0,0,0,0,1
2136,2136,0,0,1,00,1,0,0,1,0,0,0,0,1,1,"S_WAIT_READY",0,1,0,0,0,0,0,1
2137,2137,0,0,1,00,1,0,0,1,0,0,0,0,1,1,"S_WAIT_READY",0,1,0,0,0,0,0,1
2138,2138,0,0,1,00,1,0,0,1,0,0,0,0,1,1,"S_WAIT_READY",0,1,0,0,0,0,0,1
2139,2139,0,0,1,00,1,0,0,1,0,0,0,0,1,1,"S_WAIT_READY",0,1,0,0,0,0,0,1
2140,2140,0,0,1,00,1,0,0,1,0,0,0,0,1,1,"S_WAIT_READY",0,1,0,0,0,0,0,1
2141,2141,0,0,1,00,1,0,0,1,0,0,0,0,1,1,"S_WAIT_READY",0,1,0,0,0,0,0,1
2142,2142,0,0,1,00,1,0,0,1,0,0,0,0,1,1,"S_WAIT_READY",0,1,0,0,0,0,0,1
2143,2143,0,0,1,00,1,0,0,1,0,0,0,0,1,1,"S_WAIT_READY",0,1,0,0,0,0,0,1
2144,2144,0,0,1,00,1,0,0,1,0,0,0,0,1,1,"S_WAIT_READY",0,1,0,0,0,0,0,1
2145,2145,0,0,1,00,1,0,0,1,0,0,0,0,1,1,"S_WAIT_READY",0,1,0,0,0,0,0,1
2146,2146,0,0,1,00,1,0,0,1,0,0,0,0,1,1,"S_WAIT_READY",0,1,0,0,0,0,0,1
2147,2147,0,0,1,00,1,0,0,1,0,0,0,0,1,1,"S_WAIT_READY",0,1,0,0,0,0,0,1
2148,2148,0,0,1,00,1,0,0,1,0,0,0,0,1,1,"S_WAIT_READY",0,1,0,0,0,0,0,1
2149,2149,0,0,1,00,1,0,0,1,0,0,0,0,1,1,"S_WAIT_READY",0,1,0,0,0,0,0,1
2150,2150,0,0,1,00,1,0,0,1,0,0,0,0,1,1,"S_WAIT_READY",0,1,0,0,0,0,0,1
2151,2151,0,0,1,00,1,0,0,1,0,0,0,0,1,1,"S_WAIT_READY",0,1,0,0,0,0,0,1
2152,2152,0,0,1,00,1,0,0,1,0,0,0,0,1,1,"S_WAIT_READY",0,1,0,0,0,0,0,1
2153,2153,0,0,1,00,1,0,0,1,0,0,0,0,1,1,"S_WAIT_READY",0,1,0,0,0,0,0,1
2154,2154,0,0,1,00,1,0,0,1,0,0,0,0,1,1,"S_WAIT_READY",0,1,0,0,0,0,0,1
2155,2155,0,0,1,00,1,0,0,1,0,0,0,0,1,1,"S_WAIT_READY",0,1,0,0,0,0,0,1
2156,2156,0,0,1,00,1,0,0,1,0,0,0,0,1,1,"S_WAIT_READY",0,1,0,0,0,0,0,1
2157,2157,0,0,1,00,1,0,0,1,0,0,0,0,1,1,"S_WAIT_READY",0,1,0,0,0,0,0,1
2158,2158,0,0,1,00,1,0,0,1,0,0,0,0,1,1,"S_WAIT_READY",0,1,0,0,0,0,0,1
2159,2159,0,0,1,00,1,0,0,1,0,0,0,0,1,1,"S_WAIT_READY",0,1,0,0,0,0,0,1
2160,2160,0,0,1,00,1,0,0,1,0,0,0,0,1,1,"S_WAIT_READY",0,1,0,0,0,0,0,1
2161,2161,0,0,1,00,1,0,0,1,0,0,0,0,1,1,"S_WAIT_READY",0,1,0,0,0,0,0,1
2162,2162,0,0,1,00,1,0,0,1,0,0,0,0,1,1,"S_WAIT_READY",0,1,0,0,0,0,0,1
2163,2163,0,0,1,00,1,0,0,1,0,0,0,0,1,1,"S_WAIT_READY",0,1,0,0,0,0,0,1
2164,2164,0,0,1,00,1,0,0,1,0,0,0,0,1,1,"S_WAIT_READY",0,1,0,0,0,0,0,1
2165,2165,0,0,1,00,1,0,0,1,0,0,0,0,1,1,"S_WAIT_READY",0,1,0,0,0,0,0,1
2166,2166,0,0,1,00,1,0,0,1,0,0,0,0,1,1,"S_WAIT_READY",0,1,0,0,0,0,0,1
2167,2167,0,0,1,00,1,0,0,1,0,0,0,0,1,1,"S_WAIT_READY",0,1,0,0,0,0,0,1
2168,2168,0,0,1,00,1,0,0,1,0,0,0,0,1,1,"S_WAIT_READY",0,1,0,0,0,0,0,1
2169,2169,0,0,1,00,1,0,0,1,0,0,0,0,1,1,"S_WAIT_READY",0,1,0,0,0,0,0,1
2170,2170,0,0,1,00,1,0,0,1,0,0,0,0,1,1,"S_WAIT_READY",0,1,0,0,0,0,0,1
2171,2171,0,0,1,00,1,0,0,1,0,0,0,0,1,1,"S_WAIT_READY",0,1,0,0,0,0,0,1
2172,2172,0,0,1,00,1,0,0,1,0,0,0,0,1,1,"S_WAIT_READY",0,1,0,0,0,0,0,1
2173,2173,0,0,1,00,1,0,0,1,0,0,0,0,1,1,"S_WAIT_READY",0,1,0,0,0,0,0,1
2174,2174,0,0,1,00,1,0,0,1,0,0,0,0,1,1,"S_WAIT_READY",0,1,0,0,0,0,0,1
2175,2175,0,0,1,00,1,0,0,1,0,0,0,0,1,1,"S_WAIT_READY",0,1,0,0,0,0,0,1
2176,2176,0,0,1,00,1,0,0,1,0,0,0,0,1,1,"S_WAIT_READY",0,1,0,0,0,0,0,1
2177,2177,0,0,1,00,1,0,0,1,0,0,0,0,1,1,"S_WAIT_READY",0,1,0,0,0,0,0,1
2178,2178,0,0,1,00,1,0,0,1,0,0,0,0,1,1,"S_WAIT_READY",0,1,0,0,0,0,0,1
2179,2179,0,0,1,00,1,0,0,1,0,0,0,0,1,1,"S_WAIT_READY",0,1,0,0,0,0,0,1
2180,2180,0,0,1,00,1,0,0,1,0,0,0,0,1,1,"S_WAIT_READY",0,1,0,0,0,0,0,1
2181,2181,0,0,1,00,1,0,0,1,0,0,0,0,1,1,"S_WAIT_READY",0,1,0,0,0,0,0,1
2182,2182,0,0,1,00,1,0,0,1,0,0,0,0,1,1,"S_WAIT_READY",0,1,0,0,0,0,0,1
2183,2183,0,0,1,00,1,0,0,1,0,0,0,0,1,1,"S_WAIT_READY",0,1,0,0,0,0,0,1
2184,2184,0,0,1,00,1,0,0,1,0,0,0,0,1,1,"S_WAIT_READY",0,1,0,0,0,0,0,1
2185,2185,0,0,1,00,1,0,0,1,0,0,0,0,1,1,"S_WAIT_READY",0,1,0,0,0,0,0,1
2186,2186,0,0,1,00,1,0,0,1,0,0,0,0,1,1,"S_WAIT_READY",0,1,0,0,0,0,0,1
2187,2187,0,0,1,00,1,0,0,1,0,0,0,0,1,1,"S_WAIT_READY",0,1,0,0,0,0,0,1
2188,2188,0,0,1,00,1,0,0,1,0,0,0,0,1,1,"S_WAIT_READY",0,1,0,0,0,0,0,1
2189,2189,0,0,1,00,1,0,0,1,0,0,0,0,1,1,"S_WAIT_READY",0,1,0,0,0,0,0,1
2190,2190,0,0,1,00,1,0,0,1,0,0,0,0,1,1,"S_WAIT_READY",0,1,0,0,0,0,0,1
2191,2191,0,0,1,00,1,0,0,1,0,0,0,0,1,1,"S_WAIT_READY",0,1,0,0,0,0,0,1
2192,2192,0,0,1,00,1,0,0,1,0,0,0,0,1,1,"S_WAIT_READY",0,1,0,0,0,0,0,1
2193,2193,0,0,1,00,1,0,0,1,0,0,0,0,1,1,"S_WAIT_READY",0,1,0,0,0,0,0,1
2194,2194,0,0,1,00,1,0,0,1,0,0,0,0,1,1,"S_WAIT_READY",0,1,0,0,0,0,0,1
2195,2195,0,0,1,00,1,0,0,1,0,0,0,0,1,1,"S_WAIT_READY",0,1,0,0,0,0,0,1
2196,2196,0,0,1,00,1,0,0,1,0,0,0,0,1,1,"S_WAIT_READY",0,1,0,0,0,0,0,1
2197,2197,0,0,1,00,1,0,0,1,0,0,0,0,1,1,"S_WAIT_READY",0,1,0,0,0,0,0,1
2198,2198,0,0,1,00,1,0,0,1,0,0,0,0,1,1,"S_WAIT_READY",0,1,0,0,0,0,0,1
2199,2199,0,0,1,00,1,0,0,1,0,0,0,0,1,1,"S_WAIT_READY",0,1,0,0,0,0,0,1
2200,2200,0,0,1,00,1,0,0,1,0,0,0,0,1,1,"S_WAIT_READY",0,1,0,0,0,0,0,1
2201,2201,0,0,1,00,1,0,0,1,0,0,0,0,1,1,"S_WAIT_READY",0,1,0,0,0,0,0,1
2202,2202,0,0,1,00,1,0,0,1,0,0,0,0,1,1,"S_WAIT_READY",0,1,0,0,0,0,0,1
2203,2203,0,0,1,00,1,0,0,1,0,0,0,0,1,1,"S_WAIT_READY",0,1,0,0,0,0,0,1
2204,2204,0,0,1,00,1,0,0,1,0,0,0,0,1,1,"S_WAIT_READY",0,1,0,0,0,0,0,1
2205,2205,0,0,1,00,1,0,0,1,0,0,0,0,1,1,"S_WAIT_READY",0,1,0,0,0,0,0,1
2206,2206,0,0,1,00,1,0,0,1,0,0,0,0,1,1,"S_WAIT_READY",0,1,0,0,0,0,0,1
2207,2207,0,0,1,00,1,0,0,1,0,0,0,0,1,1,"S_WAIT_READY",0,1,0,0,0,0,0,1
2208,2208,0,0,1,00,1,0,0,1,0,0,0,0,1,1,"S_WAIT_READY",0,1,0,0,0,0,0,1
2209,2209,0,0,1,00,1,0,0,1,0,0,0,0,1,1,"S_WAIT_READY",0,1,0,0,0,0,0,1
2210,2210,0,0,1,00,1,0,0,1,0,0,0,0,1,1,"S_WAIT_READY",0,1,0,0,0,0,0,1
2211,2211,0,0,1,00,1,0,0,1,0,0,0,0,1,1,"S_WAIT_READY",0,1,0,0,0,0,0,1
2212,2212,0,0,1,00,1,0,0,1,0,0,0,0,1,1,"S_WAIT_READY",0,1,0,0,0,0,0,1
2213,2213,0,0,1,00,1,0,0,1,0,0,0,0,1,1,"S_WAIT_READY",0,1,0,0,0,0,0,1
2214,2214,0,0,1,00,1,0,0,1,0,0,0,0,1,1,"S_WAIT_READY",0,1,0,0,0,0,0,1
2215,2215,0,0,1,00,1,0,0,1,0,0,0,0,1,1,"S_WAIT_READY",0,1,0,0,0,0,0,1
2216,2216,0,0,1,00,1,0,0,1,0,0,0,0,1,1,"S_WAIT_READY",0,1,0,0,0,0,0,1
2217,2217,0,0,1,00,1,0,0,1,0,0,0,0,1,1,"S_WAIT_READY",0,1,0,0,0,0,0,1
2218,2218,0,0,1,00,1,0,0,1,0,0,0,0,1,1,"S_WAIT_READY",0,1,0,0,0,0,0,1
2219,2219,0,0,1,00,1,0,0,1,0,0,0,0,1,1,"S_WAIT_READY",0,1,0,0,0,0,0,1
2220,2220,0,0,1,00,1,0,0,1,0,0,0,0,1,1,"S_WAIT_READY",0,1,0,0,0,0,0,1
2221,2221,0,0,1,00,1,0,0,1,0,0,0,0,1,1,"S_WAIT_READY",0,1,0,0,0,0,0,1
2222,2222,0,0,1,00,1,0,0,1,0,0,0,0,1,1,"S_WAIT_READY",0,1,0,0,0,0,0,1
2223,2223,0,0,1,00,1,0,0,1,0,0,0,0,1,1,"S_WAIT_READY",0,1,0,0,0,0,0,1
2224,2224,0,0,1,00,1,0,0,1,0,0,0,0,1,1,"S_WAIT_READY",0,1,0,0,0,0,0,1
2225,2225,0,0,1,00,1,0,0,1,0,0,0,0,1,1,"S_WAIT_READY",0,1,0,0,0,0,0,1
2226,2226,0,0,1,00,1,0,0,1,0,0,0,0,1,1,"S_WAIT_READY",0,1,0,0,0,0,0,1
2227,2227,0,0,1,00,1,0,0,1,0,0,0,0,1,1,"S_WAIT_READY",0,1,0,0,0,0,0,1
2228,2228,0,0,1,00,1,0,0,1,0,0,0,0,1,1,"S_WAIT_READY",0,1,0,0,0,0,0,1
2229,2229,0,0,1,00,1,0,0,1,0,0,0,0,1,1,"S_WAIT_READY",0,1,0,0,0,0,0,1
2230,2230,0,0,1,00,1,0,0,1,0,0,0,0,1,1,"S_WAIT_READY",0,1,0,0,0,0,0,1
2231,2231,0,0,1,00,1,0,0,1,0,0,0,0,1,1,"S_WAIT_READY",0,1,0,0,0,0,0,1
2232,2232,0,0,1,00,1,0,0,1,0,0,0,0,1,1,"S_WAIT_READY",0,1,0,0,0,0,0,1
2233,2233,0,0,1,00,1,0,0,1,0,0,0,0,1,1,"S_WAIT_READY",0,1,0,0,0,0,0,1
2234,2234,0,0,1,00,1,0,0,1,0,0,0,0,1,1,"S_WAIT_READY",0,1,0,0,0,0,0,1
2235,2235,0,0,1,00,1,0,0,1,0,0,0,0,1,1,"S_WAIT_READY",0,1,0,0,0,0,0,1
2236,2236,0,0,1,00,1,0,0,1,0,0,0,0,1,1,"S_WAIT_READY",0,1,0,0,0,0,0,1
2237,2237,0,0,1,00,1,0,0,1,0,0,0,0,1,1,"S_WAIT_READY",0,1,0,0,0,0,0,1
2238,2238,0,0,1,00,1,0,0,1,0,0,0,0,1,1,"S_WAIT_READY",0,1,0,0,0,0,0,1
2239,2239,0,0,1,00,1,0,0,1,0,0,0,0,1,1,"S_WAIT_READY",0,1,0,0,0,0,0,1
2240,2240,0,0,1,00,1,0,0,1,0,0,0,0,1,1,"S_WAIT_READY",0,1,0,0,0,0,0,1
2241,2241,0,0,1,00,1,0,0,1,0,0,0,0,1,1,"S_WAIT_READY",0,1,0,0,0,0,0,1
2242,2242,0,0,1,00,1,0,0,1,0,0,0,0,1,1,"S_WAIT_READY",0,1,0,0,0,0,0,1
2243,2243,0,0,1,00,1,0,0,1,0,0,0,0,1,1,"S_WAIT_READY",0,1,0,0,0,0,0,1
2244,2244,0,0,1,00,1,0,0,1,0,0,0,0,1,1,"S_WAIT_READY",0,1,0,0,0,0,0,1
2245,2245,0,0,1,00,1,0,0,1,0,0,0,0,1,1,"S_WAIT_READY",0,1,0,0,0,0,0,1
2246,2246,0,0,1,00,1,0,0,1,0,0,0,0,1,1,"S_WAIT_READY",0,1,0,0,0,0,0,1
2247,2247,0,0,1,00,1,0,0,1,0,0,0,0,1,1,"S_WAIT_READY",0,1,0,0,0,0,0,1
2248,2248,0,0,1,00,1,0,0,1,0,0,0,0,1,1,"S_WAIT_READY",0,1,0,0,0,0,0,1
2249,2249,0,0,1,00,1,0,0,1,0,0,0,0,1,1,"S_WAIT_READY",0,1,0,0,0,0,0,1
2250,2250,0,0,1,00,1,0,0,1,0,0,0,0,1,1,"S_WAIT_READY",0,1,0,0,0,0,0,1
2251,2251,0,0,1,00,1,0,0,1,0,0,0,0,1,1,"S_WAIT_READY",0,1,0,0,0,0,0,1
2252,2252,0,0,1,00,1,0,0,1,0,0,0,0,1,1,"S_WAIT_READY",0,1,0,0,0,0,0,1
2253,2253,0,0,1,00,1,0,0,1,0,0,0,0,1,1,"S_WAIT_READY",0,1,0,0,0,0,0,1
2254,2254,0,0,1,00,1,0,0,1,0,0,0,0,1,1,"S_WAIT_READY",0,1,0,0,0,0,0,1
2255,2255,0,0,1,00,1,0,0,1,0,0,0,0,1,1,"S_WAIT_READY",0,1,0,0,0,0,0,1
2256,2256,0,0,1,00,1,0,0,1,0,0,0,0,1,1,"S_WAIT_READY",0,1,0,0,0,0,0,1
2257,2257,0,0,1,00,1,0,0,1,0,0,0,0,1,1,"S_WAIT_READY",0,1,0,0,0,0,0,1
2258,2258,0,0,1,00,1,0,0,1,0,0,0,0,1,1,"S_WAIT_READY",0,1,0,0,0,0,0,1
2259,2259,0,0,1,00,1,0,0,1,0,0,0,0,1,1,"S_WAIT_READY",0,1,0,0,0,0,0,1
2260,2260,0,0,1,00,1,0,0,1,0,0,0,0,1,1,"S_WAIT_READY",0,1,0,0,0,0,0,1
2261,2261,0,0,1,00,1,0,0,1,0,0,0,0,1,1,"S_WAIT_READY",0,1,0,0,0,0,0,1
2262,2262,0,0,1,00,1,0,0,1,0,0,0,0,1,1,"S_WAIT_READY",0,1,0,0,0,0,0,1
2263,2263,0,0,1,00,1,0,0,1,0,0,0,0,1,1,"S_WAIT_READY",0,1,0,0,0,0,0,1
2264,2264,0,0,1,00,1,0,0,1,0,0,0,0,1,1,"S_WAIT_READY",0,1,0,0,0,0,0,1
2265,2265,0,0,1,00,1,0,0,1,0,0,0,0,1,1,"S_WAIT_READY",0,1,0,0,0,0,0,1
2266,2266,0,0,1,00,1,0,0,1,0,0,0,0,1,1,"S_WAIT_READY",0,1,0,0,0,0,0,1
2267,2267,0,0,1,00,1,0,0,1,0,0,0,0,1,1,"S_WAIT_READY",0,1,0,0,0,0,0,1
2268,2268,0,0,1,00,1,0,0,1,0,0,0,0,1,1,"S_WAIT_READY",0,1,0,0,0,0,0,1
2269,2269,0,0,1,00,1,0,0,1,0,0,0,0,1,1,"S_WAIT_READY",0,1,0,0,0,0,0,1
2270,2270,0,0,1,00,1,0,0,1,0,0,0,0,1,1,"S_WAIT_READY",0,1,0,0,0,0,0,1
2271,2271,0,0,1,00,1,0,0,1,0,0,0,0,1,1,"S_WAIT_READY",0,1,0,0,0,0,0,1
2272,2272,0,0,1,00,1,0,0,1,0,0,0,0,1,1,"S_WAIT_READY",0,1,0,0,0,0,0,1
2273,2273,0,0,1,00,1,0,0,1,0,0,0,0,1,1,"S_WAIT_READY",0,1,0,0,0,0,0,1
2274,2274,0,0,1,00,1,0,0,1,0,0,0,0,1,1,"S_WAIT_READY",0,1,0,0,0,0,0,1
2275,2275,0,0,1,00,1,0,0,1,0,0,0,0,1,1,"S_WAIT_READY",0,1,0,0,0,0,0,1
2276,2276,0,0,1,00,1,0,0,1,0,0,0,0,1,1,"S_WAIT_READY",0,1,0,0,0,0,0,1
2277,2277,0,0,1,00,1,0,0,1,0,0,0,0,1,1,"S_WAIT_READY",0,1,0,0,0,0,0,1
2278,2278,0,0,1,00,1,0,0,1,0,0,0,0,1,1,"S_WAIT_READY",0,1,0,0,0,0,0,1
2279,2279,0,0,1,00,1,0,0,1,0,0,0,0,1,1,"S_WAIT_READY",0,1,0,0,0,0,0,1
2280,2280,0,0,1,00,1,0,0,1,0,0,0,0,1,1,"S_WAIT_READY",0,1,0,0,0,0,0,1
2281,2281,0,0,1,00,1,0,0,1,0,0,0,0,1,1,"S_WAIT_READY",0,1,0,0,0,0,0,1
2282,2282,0,0,1,00,1,0,0,1,0,0,0,0,1,1,"S_WAIT_READY",0,1,0,0,0,0,0,1
2283,2283,0,0,1,00,1,0,0,1,0,0,0,0,1,1,"S_WAIT_READY",0,1,0,0,0,0,0,1
2284,2284,0,0,1,00,1,0,0,1,0,0,0,0,1,1,"S_WAIT_READY",0,1,0,0,0,0,0,1
2285,2285,0,0,1,00,1,0,0,1,0,0,0,0,1,1,"S_WAIT_READY",0,1,0,0,0,0,0,1
2286,2286,0,0,1,00,1,0,0,1,0,0,0,0,1,1,"S_WAIT_READY",0,1,0,0,0,0,0,1
2287,2287,0,0,1,00,1,0,0,1,0,0,0,0,1,1,"S_WAIT_READY",0,1,0,0,0,0,0,1
2288,2288,0,0,1,00,1,0,0,1,0,0,0,0,1,1,"S_WAIT_READY",0,1,0,0,0,0,0,1
2289,2289,0,0,1,00,1,0,0,1,0,0,0,0,1,1,"S_WAIT_READY",0,1,0,0,0,0,0,1
2290,2290,0,0,1,00,1,0,0,1,0,0,0,0,1,1,"S_WAIT_READY",0,1,0,0,0,0,0,1
2291,2291,0,0,1,00,1,0,0,1,0,0,0,0,1,1,"S_WAIT_READY",0,1,0,0,0,0,0,1
2292,2292,0,0,1,00,1,0,0,1,0,0,0,0,1,1,"S_WAIT_READY",0,1,0,0,0,0,0,1
2293,2293,0,0,1,00,1,0,0,1,0,0,0,0,1,1,"S_WAIT_READY",0,1,0,0,0,0,0,1
2294,2294,0,0,1,00,1,0,0,1,0,0,0,0,1,1,"S_WAIT_READY",0,1,0,0,0,0,0,1
2295,2295,0,0,1,00,1,0,0,1,0,0,0,0,1,1,"S_WAIT_READY",0,1,0,0,0,0,0,1
2296,2296,0,0,1,00,1,0,0,1,0,0,0,0,1,1,"S_WAIT_READY",0,1,0,0,0,0,0,1
2297,2297,0,0,1,00,1,0,0,1,0,0,0,0,1,1,"S_WAIT_READY",0,1,0,0,0,0,0,1
2298,2298,0,0,1,00,1,0,0,1,0,0,0,0,1,1,"S_WAIT_READY",0,1,0,0,0,0,0,1
2299,2299,0,0,1,00,1,0,0,1,0,0,0,0,1,1,"S_WAIT_READY",0,1,0,0,0,0,0,1
2300,2300,0,0,1,00,1,0,0,1,0,0,0,0,1,1,"S_WAIT_READY",0,1,0,0,0,0,0,1
2301,2301,0,0,1,00,1,0,0,1,0,0,0,0,1,1,"S_WAIT_READY",0,1,0,0,0,0,0,1
2302,2302,0,0,1,00,1,0,0,1,0,0,0,0,1,1,"S_WAIT_READY",0,1,0,0,0,0,0,1
2303,2303,0,0,1,00,1,0,0,1,0,0,0,0,1,1,"S_WAIT_READY",0,1,0,0,0,0,0,1
2304,2304,0,0,1,00,1,0,0,1,0,0,0,0,1,1,"S_WAIT_READY",0,1,0,0,0,0,0,1
2305,2305,0,0,1,00,1,0,0,1,0,0,0,0,1,1,"S_WAIT_READY",0,1,0,0,0,0,0,1
2306,2306,0,0,1,00,1,0,0,1,0,0,0,0,1,1,"S_WAIT_READY",0,1,0,0,0,0,0,1
2307,2307,0,0,1,00,1,0,0,1,0,0,0,0,1,1,"S_WAIT_READY",0,1,0,0,0,0,0,1
2308,2308,0,0,1,00,1,0,0,1,0,0,0,0,1,1,"S_WAIT_READY",0,1,0,0,0,0,0,1
2309,2309,0,0,1,00,1,0,0,1,0,0,0,0,1,1,"S_WAIT_READY",0,1,0,0,0,0,0,1
2310,2310,0,0,1,00,1,0,0,1,0,0,0,0,1,1,"S_WAIT_READY",0,1,0,0,0,0,0,1
2311,2311,0,0,1,00,1,0,0,1,0,0,0,0,1,1,"S_WAIT_READY",0,1,0,0,0,0,0,1
2312,2312,0,0,1,00,1,0,0,1,0,0,0,0,1,1,"S_WAIT_READY",0,1,0,0,0,0,0,1
2313,2313,0,0,1,00,1,0,0,1,0,0,0,0,1,1,"S_WAIT_READY",0,1,0,0,0,0,0,1
2314,2314,0,0,1,00,1,0,0,1,0,0,0,0,1,1,"S_WAIT_READY",0,1,0,0,0,0,0,1
2315,2315,0,0,1,00,1,0,0,1,0,0,0,0,1,1,"S_WAIT_READY",0,1,0,0,0,0,0,1
2316,2316,0,0,1,00,1,0,0,1,0,0,0,0,1,1,"S_WAIT_READY",0,1,0,0,0,0,0,1
2317,2317,0,0,1,00,1,0,0,1,0,0,0,0,1,1,"S_WAIT_READY",0,1,0,0,0,0,0,1
2318,2318,0,0,1,00,1,0,0,1,0,0,0,0,1,1,"S_WAIT_READY",0,1,0,0,0,0,0,1
2319,2319,0,0,1,00,1,0,0,1,0,0,0,0,1,1,"S_WAIT_READY",0,1,0,0,0,0,0,1
2320,2320,0,0,1,00,1,0,0,1,0,0,0,0,1,1,"S_WAIT_READY",0,1,0,0,0,0,0,1
2321,2321,0,0,1,00,1,0,0,1,0,0,0,0,1,1,"S_WAIT_READY",0,1,0,0,0,0,0,1
2322,2322,0,0,1,00,1,0,0,1,0,0,0,0,1,1,"S_WAIT_READY",0,1,0,0,0,0,0,1
2323,2323,0,0,1,00,1,0,0,1,0,0,0,0,1,1,"S_WAIT_READY",0,1,0,0,0,0,0,1
2324,2324,0,0,1,00,1,0,0,1,0,0,0,0,1,1,"S_WAIT_READY",0,1,0,0,0,0,0,1
2325,2325,0,0,1,00,1,0,0,1,0,0,0,0,1,1,"S_WAIT_READY",0,1,0,0,0,0,0,1
2326,2326,0,0,1,00,1,0,0,1,0,0,0,0,1,1,"S_WAIT_READY",0,1,0,0,0,0,0,1
2327,2327,0,0,1,00,1,0,0,1,0,0,0,0,1,1,"S_WAIT_READY",0,1,0,0,0,0,0,1
2328,2328,0,0,1,00,1,0,0,1,0,0,0,0,1,1,"S_WAIT_READY",0,1,0,0,0,0,0,1
2329,2329,0,0,1,00,1,0,0,1,0,0,0,0,1,1,"S_WAIT_READY",0,1,0,0,0,0,0,1
2330,2330,0,0,1,00,1,0,0,1,0,0,0,0,1,1,"S_WAIT_READY",0,1,0,0,0,0,0,1
2331,2331,0,0,1,00,1,0,0,1,0,0,0,0,1,1,"S_WAIT_READY",0,1,0,0,0,0,0,1
2332,2332,0,0,1,00,1,0,0,1,0,0,0,0,1,1,"S_WAIT_READY",0,1,0,0,0,0,0,1
2333,2333,0,0,1,00,1,0,0,1,0,0,0,0,1,1,"S_WAIT_READY",0,1,0,0,0,0,0,1
2334,2334,0,0,1,00,1,0,0,1,0,0,0,0,1,1,"S_WAIT_READY",0,1,0,0,0,0,0,1
2335,2335,0,0,1,00,1,0,0,1,0,0,0,0,1,1,"S_WAIT_READY",0,1,0,0,0,0,0,1
2336,2336,0,0,1,00,1,0,0,1,0,0,0,0,1,1,"S_WAIT_READY",0,1,0,0,0,0,0,1
2337,2337,0,0,1,00,1,0,0,1,0,0,0,0,1,1,"S_WAIT_READY",0,1,0,0,0,0,0,1
2338,2338,0,0,1,00,1,0,0,1,0,0,0,0,1,1,"S_WAIT_READY",0,1,0,0,0,0,0,1
2339,2339,0,0,1,00,1,0,0,1,0,0,0,0,1,1,"S_WAIT_READY",0,1,0,0,0,0,0,1
2340,2340,0,0,1,00,1,0,0,1,0,0,0,0,1,1,"S_WAIT_READY",0,1,0,0,0,0,0,1
2341,2341,0,0,1,00,1,0,0,1,0,0,0,0,1,1,"S_WAIT_READY",0,1,0,0,0,0,0,1
2342,2342,0,0,1,00,1,0,0,1,0,0,0,0,1,1,"S_WAIT_READY",0,1,0,0,0,0,0,1
2343,2343,0,0,1,00,1,0,0,1,0,0,0,0,1,1,"S_WAIT_READY",0,1,0,0,0,0,0,1
2344,2344,0,0,1,00,1,0,0,1,0,0,0,0,1,1,"S_WAIT_READY",0,1,0,0,0,0,0,1
2345,2345,0,0,1,00,1,0,0,1,0,0,0,0,1,1,"S_WAIT_READY",0,1,0,0,0,0,0,1
2346,2346,0,0,1,00,1,0,0,1,0,0,0,0,1,1,"S_WAIT_READY",0,1,0,0,0,0,0,1
2347,2347,0,0,1,00,1,0,0,1,0,0,0,0,1,1,"S_WAIT_READY",0,1,0,0,0,0,0,1
2348,2348,0,0,1,00,1,0,0,1,0,0,0,0,1,1,"S_WAIT_READY",0,1,0,0,0,0,0,1
2349,2349,0,0,1,00,1,0,0,1,0,0,0,0,1,1,"S_WAIT_READY",0,1,0,0,0,0,0,1
2350,2350,0,0,1,00,1,0,0,1,0,0,0,0,1,1,"S_WAIT_READY",0,1,0,0,0,0,0,1
2351,2351,0,0,1,00,1,0,0,1,0,0,0,0,1,1,"S_WAIT_READY",0,1,0,0,0,0,0,1
2352,2352,0,0,1,00,1,0,0,1,0,0,0,0,1,1,"S_WAIT_READY",0,1,0,0,0,0,0,1
2353,2353,0,0,1,00,1,0,0,1,0,0,0,0,1,1,"S_WAIT_READY",0,1,0,0,0,0,0,1
2354,2354,0,0,1,00,1,0,0,1,0,0,0,0,1,1,"S_WAIT_READY",0,1,0,0,0,0,0,1
2355,2355,0,0,1,00,1,0,0,1,0,0,0,0,1,1,"S_WAIT_READY",0,1,0,0,0,0,0,1
2356,2356,0,0,1,00,1,0,0,1,0,0,0,0,1,1,"S_WAIT_READY",0,1,0,0,0,0,0,1
2357,2357,0,0,1,00,1,0,0,1,0,0,0,0,1,1,"S_WAIT_READY",0,1,0,0,0,0,0,1
2358,2358,0,0,1,00,1,0,0,1,0,0,0,0,1,1,"S_WAIT_READY",0,1,0,0,0,0,0,1
2359,2359,0,0,1,00,1,0,0,1,0,0,0,0,1,1,"S_WAIT_READY",0,1,0,0,0,0,0,1
2360,2360,0,0,1,00,1,0,0,1,0,0,0,0,1,1,"S_WAIT_READY",0,1,0,0,0,0,0,1
2361,2361,0,0,1,00,1,0,0,1,0,0,0,0,1,1,"S_WAIT_READY",0,1,0,0,0,0,0,1
2362,2362,0,0,1,00,1,0,0,1,0,0,0,0,1,1,"S_WAIT_READY",0,1,0,0,0,0,0,1
2363,2363,0,0,1,00,1,0,0,1,0,0,0,0,1,1,"S_WAIT_READY",0,1,0,0,0,0,0,1
2364,2364,0,0,1,00,1,0,0,1,0,0,0,0,1,1,"S_WAIT_READY",0,1,0,0,0,0,0,1
2365,2365,0,0,1,00,1,0,0,1,0,0,0,0,1,1,"S_WAIT_READY",0,1,0,0,0,0,0,1
2366,2366,0,0,1,00,1,0,0,1,0,0,0,0,1,1,"S_WAIT_READY",0,1,0,0,0,0,0,1
2367,2367,0,0,1,00,1,0,0,1,0,0,0,0,1,1,"S_WAIT_READY",0,1,0,0,0,0,0,1
2368,2368,0,0,1,00,1,0,0,1,0,0,0,0,1,1,"S_WAIT_READY",0,1,0,0,0,0,0,1
2369,2369,0,0,1,00,1,0,0,1,0,0,0,0,1,1,"S_WAIT_READY",0,1,0,0,0,0,0,1
2370,2370,0,0,1,00,1,0,0,1,0,0,0,0,1,1,"S_WAIT_READY",0,1,0,0,0,0,0,1
2371,2371,0,0,1,00,1,0,0,1,0,0,0,0,1,1,"S_WAIT_READY",0,1,0,0,0,0,0,1
2372,2372,0,0,1,00,1,0,0,1,0,0,0,0,1,1,"S_WAIT_READY",0,1,0,0,0,0,0,1
2373,2373,0,0,1,00,1,0,0,1,0,0,0,0,1,1,"S_WAIT_READY",0,1,0,0,0,0,0,1
2374,2374,0,0,1,00,1,0,0,1,0,0,0,0,1,1,"S_WAIT_READY",0,1,0,0,0,0,0,1
2375,2375,0,0,1,00,1,0,0,1,0,0,0,0,1,1,"S_WAIT_READY",0,1,0,0,0,0,0,1
2376,2376,0,0,1,00,1,0,0,1,0,0,0,0,1,1,"S_WAIT_READY",0,1,0,0,0,0,0,1
2377,2377,0,0,1,00,1,0,0,1,0,0,0,0,1,1,"S_WAIT_READY",0,1,0,0,0,0,0,1
2378,2378,0,0,1,00,1,0,0,1,0,0,0,0,1,1,"S_WAIT_READY",0,1,0,0,0,0,0,1
2379,2379,0,0,1,00,1,0,0,1,0,0,0,0,1,1,"S_WAIT_READY",0,1,0,0,0,0,0,1
2380,2380,0,0,1,00,1,0,0,1,0,0,0,0,1,1,"S_WAIT_READY",0,1,0,0,0,0,0,1
2381,2381,0,0,1,00,1,0,0,1,0,0,0,0,1,1,"S_WAIT_READY",0,1,0,0,0,0,0,1
2382,2382,0,0,1,00,1,0,0,1,0,0,0,0,1,1,"S_WAIT_READY",0,1,0,0,0,0,0,1
2383,2383,0,0,1,00,1,0,0,1,0,0,0,0,1,1,"S_WAIT_READY",0,1,0,0,0,0,0,1
2384,2384,0,0,1,00,1,0,0,1,0,0,0,0,1,1,"S_WAIT_READY",0,1,0,0,0,0,0,1
2385,2385,0,0,1,00,1,0,0,1,0,0,0,0,1,1,"S_WAIT_READY",0,1,0,0,0,0,0,1
2386,2386,0,0,1,00,1,0,0,1,0,0,0,0,1,1,"S_WAIT_READY",0,1,0,0,0,0,0,1
2387,2387,0,0,1,00,1,0,0,1,0,0,0,0,1,1,"S_WAIT_READY",0,1,0,0,0,0,0,1
2388,2388,0,0,1,00,1,0,0,1,0,0,0,0,1,1,"S_WAIT_READY",0,1,0,0,0,0,0,1
2389,2389,0,0,1,00,1,0,0,1,0,0,0,0,1,1,"S_WAIT_READY",0,1,0,0,0,0,0,1
2390,2390,0,0,1,00,1,0,0,1,0,0,0,0,1,1,"S_WAIT_READY",0,1,0,0,0,0,0,1
2391,2391,0,0,1,00,1,0,0,1,0,0,0,0,1,1,"S_WAIT_READY",0,1,0,0,0,0,0,1
2392,2392,0,0,1,00,1,0,0,1,0,0,0,0,1,1,"S_WAIT_READY",0,1,0,0,0,0,0,1
2393,2393,0,0,1,00,1,0,0,1,0,0,0,0,1,1,"S_WAIT_READY",0,1,0,0,0,0,0,1
2394,2394,0,0,1,00,1,0,0,1,0,0,0,0,1,1,"S_WAIT_READY",0,1,0,0,0,0,0,1
2395,2395,0,0,1,00,1,0,0,1,0,0,0,0,1,1,"S_WAIT_READY",0,1,0,0,0,0,0,1
2396,2396,0,0,1,00,1,0,0,1,0,0,0,0,1,1,"S_WAIT_READY",0,1,0,0,0,0,0,1
2397,2397,0,0,1,00,1,0,0,1,0,0,0,0,1,1,"S_WAIT_READY",0,1,0,0,0,0,0,1
2398,2398,0,0,1,00,1,0,0,1,0,0,0,0,1,1,"S_WAIT_READY",0,1,0,0,0,0,0,1
2399,2399,0,0,1,00,1,0,0,1,0,0,0,0,1,1,"S_WAIT_READY",0,1,0,0,0,0,0,1
2400,2400,0,0,1,00,1,0,0,1,0,0,0,0,1,1,"S_WAIT_READY",0,1,0,0,0,0,0,1
2401,2401,0,0,1,00,1,0,0,1,0,0,0,0,1,1,"S_WAIT_READY",0,1,0,0,0,0,0,1
2402,2402,0,0,1,00,1,0,0,1,0,0,0,0,1,1,"S_WAIT_READY",0,1,0,0,0,0,0,1
2403,2403,0,0,1,00,1,0,0,1,0,0,0,0,1,1,"S_WAIT_READY",0,1,0,0,0,0,0,1
2404,2404,0,0,1,00,1,0,0,1,0,0,0,0,1,1,"S_WAIT_READY",0,1,0,0,0,0,0,1
2405,2405,0,0,1,00,1,0,0,1,0,0,0,0,1,1,"S_WAIT_READY",0,1,0,0,0,0,0,1
2406,2406,0,0,1,00,1,0,0,1,0,0,0,0,1,1,"S_WAIT_READY",0,1,0,0,0,0,0,1
2407,2407,0,0,1,00,1,0,0,1,0,0,0,0,1,1,"S_WAIT_READY",0,1,0,0,0,0,0,1
2408,2408,0,0,1,00,1,0,0,1,0,0,0,0,1,1,"S_WAIT_READY",0,1,0,0,0,0,0,1
2409,2409,0,0,1,00,1,0,0,1,0,0,0,0,1,1,"S_WAIT_READY",0,1,0,0,0,0,0,1
2410,2410,0,0,1,00,1,0,0,1,0,0,0,0,1,1,"S_WAIT_READY",0,1,0,0,0,0,0,1
2411,2411,0,0,1,00,1,0,0,1,0,0,0,0,1,1,"S_WAIT_READY",0,1,0,0,0,0,0,1
2412,2412,0,0,1,00,1,0,0,1,0,0,0,0,1,1,"S_WAIT_READY",0,1,0,0,0,0,0,1
2413,2413,0,0,1,00,1,0,0,1,0,0,0,0,1,1,"S_WAIT_READY",0,1,0,0,0,0,0,1
2414,2414,0,0,1,00,1,0,0,1,0,0,0,0,1,1,"S_WAIT_READY",0,1,0,0,0,0,0,1
2415,2415,0,0,1,00,1,0,0,1,0,0,0,0,1,1,"S_WAIT_READY",0,1,0,0,0,0,0,1
2416,2416,0,0,1,00,1,0,0,1,0,0,0,0,1,1,"S_WAIT_READY",0,1,0,0,0,0,0,1
2417,2417,0,0,1,00,1,0,0,1,0,0,0,0,1,1,"S_WAIT_READY",0,1,0,0,0,0,0,1
2418,2418,0,0,1,00,1,0,0,1,0,0,0,0,1,1,"S_WAIT_READY",0,1,0,0,0,0,0,1
2419,2419,0,0,1,00,1,0,0,1,0,0,0,0,1,1,"S_WAIT_READY",0,1,0,0,0,0,0,1
2420,2420,0,0,1,00,1,0,0,1,0,0,0,0,1,1,"S_WAIT_READY",0,1,0,0,0,0,0,1
2421,2421,0,0,1,00,1,0,0,1,0,0,0,0,1,1,"S_WAIT_READY",0,1,0,0,0,0,0,1
2422,2422,0,0,1,00,1,0,0,1,0,0,0,0,1,1,"S_WAIT_READY",0,1,0,0,0,0,0,1
2423,2423,0,0,1,00,1,0,0,1,0,0,0,0,1,1,"S_WAIT_READY",0,1,0,0,0,0,0,1
2424,2424,0,0,1,00,1,0,0,1,0,0,0,0,1,1,"S_WAIT_READY",0,1,0,0,0,0,0,1
2425,2425,0,0,1,00,1,0,0,1,0,0,0,0,1,1,"S_WAIT_READY",0,1,0,0,0,0,0,1
2426,2426,0,0,1,00,1,0,0,1,0,0,0,0,1,1,"S_WAIT_READY",0,1,0,0,0,0,0,1
2427,2427,0,0,1,00,1,0,0,1,0,0,0,0,1,1,"S_WAIT_READY",0,1,0,0,0,0,0,1
2428,2428,0,0,1,00,1,0,0,1,0,0,0,0,1,1,"S_WAIT_READY",0,1,0,0,0,0,0,1
2429,2429,0,0,1,00,1,0,0,1,0,0,0,0,1,1,"S_WAIT_READY",0,1,0,0,0,0,0,1
2430,2430,0,0,1,00,1,0,0,1,0,0,0,0,1,1,"S_WAIT_READY",0,1,0,0,0,0,0,1
2431,2431,0,0,1,00,1,0,0,1,0,0,0,0,1,1,"S_WAIT_READY",0,1,0,0,0,0,0,1
2432,2432,0,0,1,00,1,0,0,1,0,0,0,0,1,1,"S_WAIT_READY",0,1,0,0,0,0,0,1
2433,2433,0,0,1,00,1,0,0,1,0,0,0,0,1,1,"S_WAIT_READY",0,1,0,0,0,0,0,1
2434,2434,0,0,1,00,1,0,0,1,0,0,0,0,1,1,"S_WAIT_READY",0,1,0,0,0,0,0,1
2435,2435,0,0,1,00,1,0,0,1,0,0,0,0,1,1,"S_WAIT_READY",0,1,0,0,0,0,0,1
2436,2436,0,0,1,00,1,0,0,1,0,0,0,0,1,1,"S_WAIT_READY",0,1,0,0,0,0,0,1
2437,2437,0,0,1,00,1,0,0,1,0,0,0,0,1,1,"S_WAIT_READY",0,1,0,0,0,0,0,1
2438,2438,0,0,1,00,1,0,0,1,0,0,0,0,1,1,"S_WAIT_READY",0,1,0,0,0,0,0,1
2439,2439,0,0,1,00,1,0,0,1,0,0,0,0,1,1,"S_WAIT_READY",0,1,0,0,0,0,0,1
2440,2440,0,0,1,00,1,0,0,1,0,0,0,0,1,1,"S_WAIT_READY",0,1,0,0,0,0,0,1
2441,2441,0,0,1,00,1,0,0,1,0,0,0,0,1,1,"S_WAIT_READY",0,1,0,0,0,0,0,1
2442,2442,0,0,1,00,1,0,0,1,0,0,0,0,1,1,"S_WAIT_READY",0,1,0,0,0,0,0,1
2443,2443,0,0,1,00,1,0,0,1,0,0,0,0,1,1,"S_WAIT_READY",0,1,0,0,0,0,0,1
2444,2444,0,0,1,00,1,0,0,1,0,0,0,0,1,1,"S_WAIT_READY",0,1,0,0,0,0,0,1
2445,2445,0,0,1,00,1,0,0,1,0,0,0,0,1,1,"S_WAIT_READY",0,1,0,0,0,0,0,1
2446,2446,0,0,1,00,1,0,0,1,0,0,0,0,1,1,"S_WAIT_READY",0,1,0,0,0,0,0,1
2447,2447,0,0,1,00,1,0,0,1,0,0,0,0,1,1,"S_WAIT_READY",0,1,0,0,0,0,0,1
2448,2448,0,0,1,00,1,0,0,1,0,0,0,0,1,1,"S_WAIT_READY",0,1,0,0,0,0,0,1
2449,2449,0,0,1,00,1,0,0,1,0,0,0,0,1,1,"S_WAIT_READY",0,1,0,0,0,0,0,1
2450,2450,0,0,1,00,1,0,0,1,0,0,0,0,1,1,"S_WAIT_READY",0,1,0,0,0,0,0,1
2451,2451,0,0,1,00,1,0,0,1,0,0,0,0,1,1,"S_WAIT_READY",0,1,0,0,0,0,0,1
2452,2452,0,0,1,00,1,0,0,1,0,0,0,0,1,1,"S_WAIT_READY",0,1,0,0,0,0,0,1
2453,2453,0,0,1,00,1,0,0,1,0,0,0,0,1,1,"S_WAIT_READY",0,1,0,0,0,0,0,1
2454,2454,0,0,1,00,1,0,0,1,0,0,0,0,1,1,"S_WAIT_READY",0,1,0,0,0,0,0,1
2455,2455,0,0,1,00,1,0,0,1,0,0,0,0,1,1,"S_WAIT_READY",0,1,0,0,0,0,0,1
2456,2456,0,0,1,00,1,0,0,1,0,0,0,0,1,1,"S_WAIT_READY",0,1,0,0,0,0,0,1
2457,2457,0,0,1,00,1,0,0,1,0,0,0,0,1,1,"S_WAIT_READY",0,1,0,0,0,0,0,1
2458,2458,0,0,1,00,1,0,0,1,0,0,0,0,1,1,"S_WAIT_READY",0,1,0,0,0,0,0,1
2459,2459,0,0,1,00,1,0,0,1,0,0,0,0,1,1,"S_WAIT_READY",0,1,0,0,0,0,0,1
2460,2460,0,0,1,00,1,0,0,1,0,0,0,0,1,1,"S_WAIT_READY",0,1,0,0,0,0,0,1
2461,2461,0,0,1,00,1,0,0,1,0,0,0,0,1,1,"S_WAIT_READY",0,1,0,0,0,0,0,1
2462,2462,0,0,1,00,1,0,0,1,0,0,0,0,1,1,"S_WAIT_READY",0,1,0,0,0,0,0,1
2463,2463,0,0,1,00,1,0,0,1,0,0,0,0,1,1,"S_WAIT_READY",0,1,0,0,0,0,0,1
2464,2464,0,0,1,00,1,0,0,1,0,0,0,0,1,1,"S_WAIT_READY",0,1,0,0,0,0,0,1
2465,2465,0,0,1,00,1,0,0,1,0,0,0,0,1,1,"S_WAIT_READY",0,1,0,0,0,0,0,1
2466,2466,0,0,1,00,1,0,0,1,0,0,0,0,1,1,"S_WAIT_READY",0,1,0,0,0,0,0,1
2467,2467,0,0,1,00,1,0,0,1,0,0,0,0,1,1,"S_WAIT_READY",0,1,0,0,0,0,0,1
2468,2468,0,0,1,00,1,0,0,1,0,0,0,0,1,1,"S_WAIT_READY",0,1,0,0,0,0,0,1
2469,2469,0,0,1,00,1,0,0,1,0,0,0,0,1,1,"S_WAIT_READY",0,1,0,0,0,0,0,1
2470,2470,0,0,1,00,1,0,0,1,0,0,0,0,1,1,"S_WAIT_READY",0,1,0,0,0,0,0,1
2471,2471,0,0,1,00,1,0,0,1,0,0,0,0,1,1,"S_WAIT_READY",0,1,0,0,0,0,0,1
2472,2472,0,0,1,00,1,0,0,1,0,0,0,0,1,1,"S_WAIT_READY",0,1,0,0,0,0,0,1
2473,2473,0,0,1,00,1,0,0,1,0,0,0,0,1,1,"S_WAIT_READY",0,1,0,0,0,0,0,1
2474,2474,0,0,1,00,1,0,0,1,0,0,0,0,1,1,"S_WAIT_READY",0,1,0,0,0,0,0,1
2475,2475,0,0,1,00,1,0,0,1,0,0,0,0,1,1,"S_WAIT_READY",0,1,0,0,0,0,0,1
2476,2476,0,0,1,00,1,0,0,1,0,0,0,0,1,1,"S_WAIT_READY",0,1,0,0,0,0,0,1
2477,2477,0,0,1,00,1,0,0,1,0,0,0,0,1,1,"S_WAIT_READY",0,1,0,0,0,0,0,1
2478,2478,0,0,1,00,1,0,0,1,0,0,0,0,1,1,"S_WAIT_READY",0,1,0,0,0,0,0,1
2479,2479,0,0,1,00,1,0,0,1,0,0,0,0,1,1,"S_WAIT_READY",0,1,0,0,0,0,0,1
2480,2480,0,0,1,00,1,0,0,1,0,0,0,0,1,1,"S_WAIT_READY",0,1,0,0,0,0,0,1
2481,2481,0,0,1,00,1,0,0,1,0,0,0,0,1,1,"S_WAIT_READY",0,1,0,0,0,0,0,1
2482,2482,0,0,1,00,1,0,0,1,0,0,0,0,1,1,"S_WAIT_READY",0,1,0,0,0,0,0,1
2483,2483,0,0,1,00,1,0,0,1,0,0,0,0,1,1,"S_WAIT_READY",0,1,0,0,0,0,0,1
2484,2484,0,0,1,00,1,0,0,1,0,0,0,0,1,1,"S_WAIT_READY",0,1,0,0,0,0,0,1
2485,2485,0,0,1,00,1,0,0,1,0,0,0,0,1,1,"S_WAIT_READY",0,1,0,0,0,0,0,1
2486,2486,0,0,1,00,1,0,0,1,0,0,0,0,1,1,"S_WAIT_READY",0,1,0,0,0,0,0,1
2487,2487,0,0,1,00,1,0,0,1,0,0,0,0,1,1,"S_WAIT_READY",0,1,0,0,0,0,0,1
2488,2488,0,0,1,00,1,0,0,1,0,0,0,0,1,1,"S_WAIT_READY",0,1,0,0,0,0,0,1
2489,2489,0,0,1,00,1,0,0,1,0,0,0,0,1,1,"S_WAIT_READY",0,1,0,0,0,0,0,1
2490,2490,0,0,1,00,1,0,0,1,0,0,0,0,1,1,"S_WAIT_READY",0,1,0,0,0,0,0,1
2491,2491,0,0,1,00,1,0,0,1,0,0,0,0,1,1,"S_WAIT_READY",0,1,0,0,0,0,0,1
2492,2492,0,0,1,00,1,0,0,1,0,0,0,0,1,1,"S_WAIT_READY",0,1,0,0,0,0,0,1
2493,2493,0,0,1,00,1,0,0,1,0,0,0,0,1,1,"S_WAIT_READY",0,1,0,0,0,0,0,1
2494,2494,0,0,1,00,1,0,0,1,0,0,0,0,1,1,"S_WAIT_READY",0,1,0,0,0,0,0,1
2495,2495,0,0,1,00,1,0,0,1,0,0,0,0,1,1,"S_WAIT_READY",0,1,0,0,0,0,0,1
2496,2496,0,0,1,00,1,0,0,1,0,0,0,0,1,1,"S_WAIT_READY",0,1,0,0,0,0,0,1
2497,2497,0,0,1,00,1,0,0,1,0,0,0,0,1,1,"S_WAIT_READY",0,1,0,0,0,0,0,1
2498,2498,0,0,1,00,1,0,0,1,0,0,0,0,1,1,"S_WAIT_READY",0,1,0,0,0,0,0,1
2499,2499,0,0,1,00,1,0,0,1,0,0,0,0,1,1,"S_WAIT_READY",0,1,0,0,0,0,0,1
2500,2500,0,0,1,00,1,0,0,1,0,0,0,0,1,1,"S_WAIT_READY",0,1,0,0,0,0,0,1
2501,2501,0,0,1,00,1,0,0,1,0,0,0,0,1,1,"S_WAIT_READY",0,1,0,0,0,0,0,1
2502,2502,0,0,1,00,1,0,0,1,0,0,0,0,1,1,"S_WAIT_READY",0,1,0,0,0,0,0,1
2503,2503,0,0,1,00,1,0,0,1,0,0,0,0,1,1,"S_WAIT_READY",0,1,0,0,0,0,0,1
2504,2504,0,0,1,00,1,0,0,1,0,0,0,0,1,1,"S_WAIT_READY",0,1,0,0,0,0,0,1
2505,2505,0,0,1,00,1,0,0,1,0,0,0,0,1,1,"S_WAIT_READY",0,1,0,0,0,0,0,1
2506,2506,0,0,1,00,1,0,0,1,0,0,0,0,1,1,"S_WAIT_READY",0,1,0,0,0,0,0,1
2507,2507,0,0,1,00,1,0,0,1,0,0,0,0,1,1,"S_WAIT_READY",0,1,0,0,0,0,0,1
2508,2508,0,0,1,00,1,0,0,1,0,0,0,0,1,1,"S_WAIT_READY",0,1,0,0,0,0,0,1
2509,2509,0,0,1,00,1,0,0,1,0,0,0,0,1,1,"S_WAIT_READY",0,1,0,0,0,0,0,1
2510,2510,0,0,1,00,1,0,0,1,0,0,0,0,1,1,"S_WAIT_READY",0,1,0,0,0,0,0,1
2511,2511,0,0,1,00,1,0,0,1,0,0,0,0,1,1,"S_WAIT_READY",0,1,0,0,0,0,0,1
2512,2512,0,0,1,00,1,0,0,1,0,0,0,0,1,1,"S_WAIT_READY",0,1,0,0,0,0,0,1
2513,2513,0,0,1,00,1,0,0,1,0,0,0,0,1,1,"S_WAIT_READY",0,1,0,0,0,0,0,1
2514,2514,0,0,1,00,1,0,0,1,0,0,0,0,1,1,"S_WAIT_READY",0,1,0,0,0,0,0,1
2515,2515,0,0,1,00,1,0,0,1,0,0,0,0,1,1,"S_WAIT_READY",0,1,0,0,0,0,0,1
2516,2516,0,0,1,00,1,0,0,1,0,0,0,0,1,1,"S_WAIT_READY",0,1,0,0,0,0,0,1
2517,2517,0,0,1,00,1,0,0,1,0,0,0,0,1,1,"S_WAIT_READY",0,1,0,0,0,0,0,1
2518,2518,0,0,1,00,1,0,0,1,0,0,0,0,1,1,"S_WAIT_READY",0,1,0,0,0,0,0,1
2519,2519,0,0,1,00,1,0,0,1,0,0,0,0,1,1,"S_WAIT_READY",0,1,0,0,0,0,0,1
2520,2520,0,0,1,00,1,0,0,1,0,0,0,0,1,1,"S_WAIT_READY",0,1,0,0,0,0,0,1
2521,2521,0,0,1,00,1,0,0,1,0,0,0,0,1,1,"S_WAIT_READY",0,1,0,0,0,0,0,1
2522,2522,0,0,1,00,1,0,0,1,0,0,0,0,1,1,"S_WAIT_READY",0,1,0,0,0,0,0,1
2523,2523,0,0,1,00,1,0,0,1,0,0,0,0,1,1,"S_WAIT_READY",0,1,0,0,0,0,0,1
2524,2524,0,0,1,00,1,0,0,1,0,0,0,0,1,1,"S_WAIT_READY",0,1,0,0,0,0,0,1
2525,2525,0,0,1,00,1,0,0,1,0,0,0,0,1,1,"S_WAIT_READY",0,1,0,0,0,0,0,1
2526,2526,0,0,1,00,1,0,0,1,0,0,0,0,1,1,"S_WAIT_READY",0,1,0,0,0,0,0,1
2527,2527,0,0,1,00,1,0,0,1,0,0,0,0,1,1,"S_WAIT_READY",0,1,0,0,0,0,0,1
2528,2528,0,0,1,00,1,0,0,1,0,0,0,0,1,1,"S_WAIT_READY",0,1,0,0,0,0,0,1
2529,2529,0,0,1,00,1,0,0,1,0,0,0,0,1,1,"S_WAIT_READY",0,1,0,0,0,0,0,1
2530,2530,0,0,1,00,1,0,0,1,0,0,0,0,1,1,"S_WAIT_READY",0,1,0,0,0,0,0,1
2531,2531,0,0,1,00,1,0,0,1,0,0,0,0,1,1,"S_WAIT_READY",0,1,0,0,0,0,0,1
2532,2532,0,0,1,00,1,0,0,1,0,0,0,0,1,1,"S_WAIT_READY",0,1,0,0,0,0,0,1
2533,2533,0,0,1,00,1,0,0,1,0,0,0,0,1,1,"S_WAIT_READY",0,1,0,0,0,0,0,1
2534,2534,0,0,1,00,1,0,0,1,0,0,0,0,1,1,"S_WAIT_READY",0,1,0,0,0,0,0,1
2535,2535,0,0,1,00,1,0,0,1,0,0,0,0,1,1,"S_WAIT_READY",0,1,0,0,0,0,0,1
2536,2536,0,0,1,00,1,0,0,1,0,0,0,0,1,1,"S_WAIT_READY",0,1,0,0,0,0,0,1
2537,2537,0,0,1,00,1,0,0,1,0,0,0,0,1,1,"S_WAIT_READY",0,1,0,0,0,0,0,1
2538,2538,0,0,1,00,1,0,0,1,0,0,0,0,1,1,"S_WAIT_READY",0,1,0,0,0,0,0,1
2539,2539,0,0,1,00,1,0,0,1,0,0,0,0,1,1,"S_WAIT_READY",0,1,0,0,0,0,0,1
2540,2540,0,0,1,00,1,0,0,1,0,0,0,0,1,1,"S_WAIT_READY",0,1,0,0,0,0,0,1
2541,2541,0,0,1,00,1,0,0,1,0,0,0,0,1,1,"S_WAIT_READY",0,1,0,0,0,0,0,1
2542,2542,0,0,1,00,1,0,0,1,0,0,0,0,1,1,"S_WAIT_READY",0,1,0,0,0,0,0,1
2543,2543,0,0,1,00,1,0,0,1,0,0,0,0,1,1,"S_WAIT_READY",0,1,0,0,0,0,0,1
2544,2544,0,0,1,00,1,0,0,1,0,0,0,0,1,1,"S_WAIT_READY",0,1,0,0,0,0,0,1
2545,2545,0,0,1,00,1,0,0,1,0,0,0,0,1,1,"S_WAIT_READY",0,1,0,0,0,0,0,1
2546,2546,0,0,1,00,1,0,0,1,0,0,0,0,1,1,"S_WAIT_READY",0,1,0,0,0,0,0,1
2547,2547,0,0,1,00,1,0,0,1,0,0,0,0,1,1,"S_WAIT_READY",0,1,0,0,0,0,0,1
2548,2548,0,0,1,00,1,0,0,1,0,0,0,0,1,1,"S_WAIT_READY",0,1,0,0,0,0,0,1
2549,2549,0,0,1,00,1,0,0,1,0,0,0,0,1,1,"S_WAIT_READY",0,1,0,0,0,0,0,1
2550,2550,0,0,1,00,1,0,0,1,0,0,0,0,1,1,"S_WAIT_READY",0,1,0,0,0,0,0,1
2551,2551,0,0,1,00,1,0,0,1,0,0,0,0,1,1,"S_WAIT_READY",0,1,0,0,0,0,0,1
2552,2552,0,0,1,00,1,0,0,1,0,0,0,0,1,1,"S_WAIT_READY",0,1,0,0,0,0,0,1
2553,2553,0,0,1,00,1,0,0,1,0,0,0,0,1,1,"S_WAIT_READY",0,1,0,0,0,0,0,1
2554,2554,0,0,1,00,1,0,0,1,0,0,0,0,1,1,"S_WAIT_READY",0,1,0,0,0,0,0,1
2555,2555,0,0,1,00,1,0,0,1,0,0,0,0,1,1,"S_WAIT_READY",0,1,0,0,0,0,0,1
2556,2556,0,0,1,00,1,0,0,1,0,0,0,0,1,1,"S_WAIT_READY",0,1,0,0,0,0,0,1
2557,2557,0,0,1,00,1,0,0,1,0,0,0,0,1,1,"S_WAIT_READY",0,1,0,0,0,0,0,1
2558,2558,0,0,1,00,1,0,0,1,0,0,0,0,1,1,"S_WAIT_READY",0,1,0,0,0,0,0,1
2559,2559,0,0,1,00,1,0,0,1,0,0,0,0,1,1,"S_WAIT_READY",0,1,0,0,0,0,0,1
2560,2560,0,0,1,00,1,0,0,1,0,0,0,0,1,1,"S_WAIT_READY",0,1,0,0,0,0,0,1
2561,2561,0,0,1,00,1,0,0,1,0,0,0,0,1,1,"S_WAIT_READY",0,1,0,0,0,0,0,1
2562,2562,0,0,1,00,1,0,0,1,0,0,0,0,1,1,"S_WAIT_READY",0,1,0,0,0,0,0,1
2563,2563,0,0,1,00,1,0,0,1,0,0,0,0,1,1,"S_WAIT_READY",0,1,0,0,0,0,0,1
2564,2564,0,0,1,00,1,0,0,1,0,0,0,0,1,1,"S_WAIT_READY",0,1,0,0,0,0,0,1
2565,2565,0,0,1,00,1,0,0,1,0,0,0,0,1,1,"S_WAIT_READY",0,1,0,0,0,0,0,1
2566,2566,0,0,1,00,1,0,0,1,0,0,0,0,1,1,"S_WAIT_READY",0,1,0,0,0,0,0,1
2567,2567,0,0,1,00,1,0,0,1,0,0,0,0,1,1,"S_WAIT_READY",0,1,0,0,0,0,0,1
2568,2568,0,0,1,00,1,0,0,1,0,0,0,0,1,1,"S_WAIT_READY",0,1,0,0,0,0,0,1
2569,2569,0,0,1,00,1,0,0,1,0,0,0,0,1,1,"S_WAIT_READY",0,1,0,0,0,0,0,1
2570,2570,0,0,1,00,1,0,0,1,0,0,0,0,1,1,"S_WAIT_READY",0,1,0,0,0,0,0,1
2571,2571,0,0,1,00,1,0,0,1,0,0,0,0,1,1,"S_WAIT_READY",0,1,0,0,0,0,0,1
2572,2572,0,0,1,00,1,0,0,1,0,0,0,0,1,1,"S_WAIT_READY",0,1,0,0,0,0,0,1
2573,2573,0,0,1,00,1,0,0,1,0,0,0,0,1,1,"S_WAIT_READY",0,1,0,0,0,0,0,1
2574,2574,0,0,1,00,1,0,0,1,0,0,0,0,1,1,"S_WAIT_READY",0,1,0,0,0,0,0,1
2575,2575,0,0,1,00,1,0,0,1,0,0,0,0,1,1,"S_WAIT_READY",0,1,0,0,0,0,0,1
2576,2576,0,0,1,00,1,0,0,1,0,0,0,0,1,1,"S_WAIT_READY",0,1,0,0,0,0,0,1
2577,2577,0,0,1,00,1,0,0,1,0,0,0,0,1,1,"S_WAIT_READY",0,1,0,0,0,0,0,1
2578,2578,0,0,1,00,1,0,0,1,0,0,0,0,1,1,"S_WAIT_READY",0,1,0,0,0,0,0,1
2579,2579,0,0,1,00,1,0,0,1,0,0,0,0,1,1,"S_WAIT_READY",0,1,0,0,0,0,0,1
2580,2580,0,0,1,00,1,0,0,1,0,0,0,0,1,1,"S_WAIT_READY",0,1,0,0,0,0,0,1
2581,2581,0,0,1,00,1,0,0,1,0,0,0,0,1,1,"S_WAIT_READY",0,1,0,0,0,0,0,1
2582,2582,0,0,1,00,1,0,0,1,0,0,0,0,1,1,"S_WAIT_READY",0,1,0,0,0,0,0,1
2583,2583,0,0,1,00,1,0,0,1,0,0,0,0,1,1,"S_WAIT_READY",0,1,0,0,0,0,0,1
2584,2584,0,0,1,00,1,0,0,1,0,0,0,0,1,1,"S_WAIT_READY",0,1,0,0,0,0,0,1
2585,2585,0,0,1,00,1,0,0,1,0,0,0,0,1,1,"S_WAIT_READY",0,1,0,0,0,0,0,1
2586,2586,0,0,1,00,1,0,0,1,0,0,0,0,1,1,"S_WAIT_READY",0,1,0,0,0,0,0,1
2587,2587,0,0,1,00,1,0,0,1,0,0,0,0,1,1,"S_WAIT_READY",0,1,0,0,0,0,0,1
2588,2588,0,0,1,00,1,0,0,1,0,0,0,0,1,1,"S_WAIT_READY",0,1,0,0,0,0,0,1
2589,2589,0,0,1,00,1,0,0,1,0,0,0,0,1,1,"S_WAIT_READY",0,1,0,0,0,0,0,1
2590,2590,0,0,1,00,1,0,0,1,0,0,0,0,1,1,"S_WAIT_READY",0,1,0,0,0,0,0,1
2591,2591,0,0,1,00,1,0,0,1,0,0,0,0,1,1,"S_WAIT_READY",0,1,0,0,0,0,0,1
2592,2592,0,0,1,00,1,0,0,1,0,0,0,0,1,1,"S_WAIT_READY",0,1,0,0,0,0,0,1
2593,2593,0,0,1,00,1,0,0,1,0,0,0,0,1,1,"S_WAIT_READY",0,1,0,0,0,0,0,1
2594,2594,0,0,1,00,1,0,0,1,0,0,0,0,1,1,"S_WAIT_READY",0,1,0,0,0,0,0,1
2595,2595,0,0,1,00,1,0,0,1,0,0,0,0,1,1,"S_WAIT_READY",0,1,0,0,0,0,0,1
2596,2596,0,0,1,00,1,0,0,1,0,0,0,0,1,1,"S_WAIT_READY",0,1,0,0,0,0,0,1
2597,2597,0,0,1,00,1,0,0,1,0,0,0,0,1,1,"S_WAIT_READY",0,1,0,0,0,0,0,1
2598,2598,0,0,1,00,1,0,0,1,0,0,0,0,1,1,"S_WAIT_READY",0,1,0,0,0,0,0,1
2599,2599,0,0,1,00,1,0,0,1,0,0,0,0,1,1,"S_WAIT_READY",0,1,0,0,0,0,0,1
2600,2600,0,0,1,00,1,0,0,1,0,0,0,0,1,1,"S_WAIT_READY",0,1,0,0,0,0,0,1
2601,2601,0,0,1,00,1,0,0,1,0,0,0,0,1,1,"S_WAIT_READY",0,1,0,0,0,0,0,1
2602,2602,0,0,1,00,1,0,0,1,0,0,0,0,1,1,"S_WAIT_READY",0,1,0,0,0,0,0,1
2603,2603,0,0,1,00,1,0,0,1,0,0,0,0,1,1,"S_WAIT_READY",0,1,0,0,0,0,0,1
2604,2604,0,0,1,00,1,0,0,1,0,0,0,0,1,1,"S_WAIT_READY",0,1,0,0,0,0,0,1
2605,2605,0,0,1,00,1,0,0,1,0,0,0,0,1,1,"S_WAIT_READY",0,1,0,0,0,0,0,1
2606,2606,0,0,1,00,1,0,0,1,0,0,0,0,1,1,"S_WAIT_READY",0,1,0,0,0,0,0,1
2607,2607,0,0,1,00,1,0,0,1,0,0,0,0,1,1,"S_WAIT_READY",0,1,0,0,0,0,0,1
2608,2608,0,0,1,00,1,0,0,1,0,0,0,0,1,1,"S_WAIT_READY",0,1,0,0,0,0,0,1
2609,2609,0,0,1,00,1,0,0,1,0,0,0,0,1,1,"S_WAIT_READY",0,1,0,0,0,0,0,1
2610,2610,0,0,1,00,1,0,0,1,0,0,0,0,1,1,"S_WAIT_READY",0,1,0,0,0,0,0,1
2611,2611,0,0,1,00,1,0,0,1,0,0,0,0,1,1,"S_WAIT_READY",0,1,0,0,0,0,0,1
2612,2612,0,0,1,00,1,0,0,1,0,0,0,0,1,1,"S_WAIT_READY",0,1,0,0,0,0,0,1
2613,2613,0,0,1,00,1,0,0,1,0,0,0,0,1,1,"S_WAIT_READY",0,1,0,0,0,0,0,1
2614,2614,0,0,1,00,1,0,0,1,0,0,0,0,1,1,"S_WAIT_READY",0,1,0,0,0,0,0,1
2615,2615,0,0,1,00,1,0,0,1,0,0,0,0,1,1,"S_WAIT_READY",0,1,0,0,0,0,0,1
2616,2616,0,0,1,00,1,0,0,1,0,0,0,0,1,1,"S_WAIT_READY",0,1,0,0,0,0,0,1
2617,2617,0,0,1,00,1,0,0,1,0,0,0,0,1,1,"S_WAIT_READY",0,1,0,0,0,0,0,1
2618,2618,0,0,1,00,1,0,0,1,0,0,0,0,1,1,"S_WAIT_READY",0,1,0,0,0,0,0,1
2619,2619,0,0,1,00,1,0,0,1,0,0,0,0,1,1,"S_WAIT_READY",0,1,0,0,0,0,0,1
2620,2620,0,0,1,00,1,0,0,1,0,0,0,0,1,1,"S_WAIT_READY",0,1,0,0,0,0,0,1
2621,2621,0,0,1,00,1,0,0,1,0,0,0,0,1,1,"S_WAIT_READY",0,1,0,0,0,0,0,1
2622,2622,0,0,1,00,1,0,0,1,0,0,0,0,1,1,"S_WAIT_READY",0,1,0,0,0,0,0,1
2623,2623,0,0,1,00,1,0,0,1,0,0,0,0,1,1,"S_WAIT_READY",0,1,0,0,0,0,0,1
2624,2624,0,0,1,00,1,0,0,1,0,0,0,0,1,1,"S_WAIT_READY",0,1,0,0,0,0,0,1
2625,2625,0,0,1,00,1,0,0,1,0,0,0,0,1,1,"S_WAIT_READY",0,1,0,0,0,0,0,1
2626,2626,0,0,1,00,1,0,0,1,0,0,0,0,1,1,"S_WAIT_READY",0,1,0,0,0,0,0,1
2627,2627,0,0,1,00,1,0,0,1,0,0,0,0,1,1,"S_WAIT_READY",0,1,0,0,0,0,0,1
2628,2628,0,0,1,00,1,0,0,1,0,0,0,0,1,1,"S_WAIT_READY",0,1,0,0,0,0,0,1
2629,2629,0,0,1,00,1,0,0,1,0,0,0,0,1,1,"S_WAIT_READY",0,1,0,0,0,0,0,1
2630,2630,0,0,1,00,1,0,0,1,0,0,0,0,1,1,"S_WAIT_READY",0,1,0,0,0,0,0,1
2631,2631,0,0,1,00,1,0,0,1,0,0,0,0,1,1,"S_WAIT_READY",0,1,0,0,0,0,0,1
2632,2632,0,0,1,00,1,0,0,1,0,0,0,0,1,1,"S_WAIT_READY",0,1,0,0,0,0,0,1
2633,2633,0,0,1,00,1,0,0,1,0,0,0,0,1,1,"S_WAIT_READY",0,1,0,0,0,0,0,1
2634,2634,0,0,1,00,1,0,0,1,0,0,0,0,1,1,"S_WAIT_READY",0,1,0,0,0,0,0,1
2635,2635,0,0,1,00,1,0,0,1,0,0,0,0,1,1,"S_WAIT_READY",0,1,0,0,0,0,0,1
2636,2636,0,0,1,00,1,0,0,1,0,0,0,0,1,1,"S_WAIT_READY",0,1,0,0,0,0,0,1
2637,2637,0,0,1,00,1,0,0,1,0,0,0,0,1,1,"S_WAIT_READY",0,1,0,0,0,0,0,1
2638,2638,0,0,1,00,1,0,0,1,0,0,0,0,1,1,"S_WAIT_READY",0,1,0,0,0,0,0,1
2639,2639,0,0,1,00,1,0,0,1,0,0,0,0,1,1,"S_WAIT_READY",0,1,0,0,0,0,0,1
2640,2640,0,0,1,00,1,0,0,1,0,0,0,0,1,1,"S_WAIT_READY",0,1,0,0,0,0,0,1
2641,2641,0,0,1,00,1,0,0,1,0,0,0,0,1,1,"S_WAIT_READY",0,1,0,0,0,0,0,1
2642,2642,0,0,1,00,1,0,0,1,0,0,0,0,1,1,"S_WAIT_READY",0,1,0,0,0,0,0,1
2643,2643,0,0,1,00,1,0,0,1,0,0,0,0,1,1,"S_WAIT_READY",0,1,0,0,0,0,0,1
2644,2644,0,0,1,00,1,0,0,1,0,0,0,0,1,1,"S_WAIT_READY",0,1,0,0,0,0,0,1
2645,2645,0,0,1,00,1,0,0,1,0,0,0,0,1,1,"S_WAIT_READY",0,1,0,0,0,0,0,1
2646,2646,0,0,1,00,1,0,0,1,0,0,0,0,1,1,"S_WAIT_READY",0,1,0,0,0,0,0,1
2647,2647,0,0,1,00,1,0,0,1,0,0,0,0,1,1,"S_WAIT_READY",0,1,0,0,0,0,0,1
2648,2648,0,0,1,00,1,0,0,1,0,0,0,0,1,1,"S_WAIT_READY",0,1,0,0,0,0,0,1
2649,2649,0,0,1,00,1,0,0,1,0,0,0,0,1,1,"S_WAIT_READY",0,1,0,0,0,0,0,1
2650,2650,0,0,1,00,1,0,0,1,0,0,0,0,1,1,"S_WAIT_READY",0,1,0,0,0,0,0,1
2651,2651,0,0,1,00,1,0,0,1,0,0,0,0,1,1,"S_WAIT_READY",0,1,0,0,0,0,0,1
2652,2652,0,0,1,00,1,0,0,1,0,0,0,0,1,1,"S_WAIT_READY",0,1,0,0,0,0,0,1
2653,2653,0,0,1,00,1,0,0,1,0,0,0,0,1,1,"S_WAIT_READY",0,1,0,0,0,0,0,1
2654,2654,0,0,1,00,1,0,0,1,0,0,0,0,1,1,"S_WAIT_READY",0,1,0,0,0,0,0,1
2655,2655,0,0,1,00,1,0,0,1,0,0,0,0,1,1,"S_WAIT_READY",0,1,0,0,0,0,0,1
2656,2656,0,0,1,00,1,0,0,1,0,0,0,0,1,1,"S_WAIT_READY",0,1,0,0,0,0,0,1
2657,2657,0,0,1,00,1,0,0,1,0,0,0,0,1,1,"S_WAIT_READY",0,1,0,0,0,0,0,1
2658,2658,0,0,1,00,1,0,0,1,0,0,0,0,1,1,"S_WAIT_READY",0,1,0,0,0,0,0,1
2659,2659,0,0,1,00,1,0,0,1,0,0,0,0,1,1,"S_WAIT_READY",0,1,0,0,0,0,0,1
2660,2660,0,0,1,00,1,0,0,1,0,0,0,0,1,1,"S_WAIT_READY",0,1,0,0,0,0,0,1
2661,2661,0,0,1,00,1,0,0,1,0,0,0,0,1,1,"S_WAIT_READY",0,1,0,0,0,0,0,1
2662,2662,0,0,1,00,1,0,0,1,0,0,0,0,1,1,"S_WAIT_READY",0,1,0,0,0,0,0,1
2663,2663,0,0,1,00,1,0,0,1,0,0,0,0,1,1,"S_WAIT_READY",0,1,0,0,0,0,0,1
2664,2664,0,0,1,00,1,0,0,1,0,0,0,0,1,1,"S_WAIT_READY",0,1,0,0,0,0,0,1
2665,2665,0,0,1,00,1,0,0,1,0,0,0,0,1,1,"S_WAIT_READY",0,1,0,0,0,0,0,1
2666,2666,0,0,1,00,1,0,0,1,0,0,0,0,1,1,"S_WAIT_READY",0,1,0,0,0,0,0,1
2667,2667,0,0,1,00,1,0,0,1,0,0,0,0,1,1,"S_WAIT_READY",0,1,0,0,0,0,0,1
2668,2668,0,0,1,00,1,0,0,1,0,0,0,0,1,1,"S_WAIT_READY",0,1,0,0,0,0,0,1
2669,2669,0,0,1,00,1,0,0,1,0,0,0,0,1,1,"S_WAIT_READY",0,1,0,0,0,0,0,1
2670,2670,0,0,1,00,1,0,0,1,0,0,0,0,1,1,"S_WAIT_READY",0,1,0,0,0,0,0,1
2671,2671,0,0,1,00,1,0,0,1,0,0,0,0,1,1,"S_WAIT_READY",0,1,0,0,0,0,0,1
2672,2672,0,0,1,00,1,0,0,1,0,0,0,0,1,1,"S_WAIT_READY",0,1,0,0,0,0,0,1
2673,2673,0,0,1,00,1,0,0,1,0,0,0,0,1,1,"S_WAIT_READY",0,1,0,0,0,0,0,1
2674,2674,0,0,1,00,1,0,0,1,0,0,0,0,1,1,"S_WAIT_READY",0,1,0,0,0,0,0,1
2675,2675,0,0,1,00,1,0,0,1,0,0,0,0,1,1,"S_WAIT_READY",0,1,0,0,0,0,0,1
2676,2676,0,0,1,00,1,0,0,1,0,0,0,0,1,1,"S_WAIT_READY",0,1,0,0,0,0,0,1
2677,2677,0,0,1,00,1,0,0,1,0,0,0,0,1,1,"S_WAIT_READY",0,1,0,0,0,0,0,1
2678,2678,0,0,1,00,1,0,0,1,0,0,0,0,1,1,"S_WAIT_READY",0,1,0,0,0,0,0,1
2679,2679,0,0,1,00,1,0,0,1,0,0,0,0,1,1,"S_WAIT_READY",0,1,0,0,0,0,0,1
2680,2680,0,0,1,00,1,0,0,1,0,0,0,0,1,1,"S_WAIT_READY",0,1,0,0,0,0,0,1
2681,2681,0,0,1,00,1,0,0,1,0,0,0,0,1,1,"S_WAIT_READY",0,1,0,0,0,0,0,1
2682,2682,0,0,1,00,1,0,0,1,0,0,0,0,1,1,"S_WAIT_READY",0,1,0,0,0,0,0,1
2683,2683,0,0,1,00,1,0,0,1,0,0,0,0,1,1,"S_WAIT_READY",0,1,0,0,0,0,0,1
2684,2684,0,0,1,00,1,0,0,1,0,0,0,0,1,1,"S_WAIT_READY",0,1,0,0,0,0,0,1
2685,2685,0,0,1,00,1,0,0,1,0,0,0,0,1,1,"S_WAIT_READY",0,1,0,0,0,0,0,1
2686,2686,0,0,1,00,1,0,0,1,0,0,0,0,1,1,"S_WAIT_READY",0,1,0,0,0,0,0,1
2687,2687,0,0,1,00,1,0,0,1,0,0,0,0,1,1,"S_WAIT_READY",0,1,0,0,0,0,0,1
2688,2688,0,0,1,00,1,0,0,1,0,0,0,0,1,1,"S_WAIT_READY",0,1,0,0,0,0,0,1
2689,2689,0,0,1,00,1,0,0,1,0,0,0,0,1,1,"S_WAIT_READY",0,1,0,0,0,0,0,1
2690,2690,0,0,1,00,1,0,0,1,0,0,0,0,1,1,"S_WAIT_READY",0,1,0,0,0,0,0,1
2691,2691,0,0,1,00,1,0,0,1,0,0,0,0,1,1,"S_WAIT_READY",0,1,0,0,0,0,0,1
2692,2692,0,0,1,00,1,0,0,1,0,0,0,0,1,1,"S_WAIT_READY",0,1,0,0,0,0,0,1
2693,2693,0,0,1,00,1,0,0,1,0,0,0,0,1,1,"S_WAIT_READY",0,1,0,0,0,0,0,1
2694,2694,0,0,1,00,1,0,0,1,0,0,0,0,1,1,"S_WAIT_READY",0,1,0,0,0,0,0,1
2695,2695,0,0,1,00,1,0,0,1,0,0,0,0,1,1,"S_WAIT_READY",0,1,0,0,0,0,0,1
2696,2696,0,0,1,00,1,0,0,1,0,0,0,0,1,1,"S_WAIT_READY",0,1,0,0,0,0,0,1
2697,2697,0,0,1,00,1,0,0,1,0,0,0,0,1,1,"S_WAIT_READY",0,1,0,0,0,0,0,1
2698,2698,0,0,1,00,1,0,0,1,0,0,0,0,1,1,"S_WAIT_READY",0,1,0,0,0,0,0,1
2699,2699,0,0,1,00,1,0,0,1,0,0,0,0,1,1,"S_WAIT_READY",0,1,0,0,0,0,0,1
2700,2700,0,0,1,00,1,0,0,1,0,0,0,0,1,1,"S_WAIT_READY",0,1,0,0,0,0,0,1
2701,2701,0,0,1,00,1,0,0,1,0,0,0,0,1,1,"S_WAIT_READY",0,1,0,0,0,0,0,1
2702,2702,0,0,1,00,1,0,0,1,0,0,0,0,1,1,"S_WAIT_READY",0,1,0,0,0,0,0,1
2703,2703,0,0,1,00,1,0,0,1,0,0,0,0,1,1,"S_WAIT_READY",0,1,0,0,0,0,0,1
2704,2704,0,0,1,00,1,0,0,1,0,0,0,0,1,1,"S_WAIT_READY",0,1,0,0,0,0,0,1
2705,2705,0,0,1,00,1,0,0,1,0,0,0,0,1,1,"S_WAIT_READY",0,1,0,0,0,0,0,1
2706,2706,0,0,1,00,1,0,0,1,0,0,0,0,1,1,"S_WAIT_READY",0,1,0,0,0,0,0,1
2707,2707,0,0,1,00,1,0,0,1,0,0,0,0,1,1,"S_WAIT_READY",0,1,0,0,0,0,0,1
2708,2708,0,0,1,00,1,0,0,1,0,0,0,0,1,1,"S_WAIT_READY",0,1,0,0,0,0,0,1
2709,2709,0,0,1,00,1,0,0,1,0,0,0,0,1,1,"S_WAIT_READY",0,1,0,0,0,0,0,1
2710,2710,0,0,1,00,1,0,0,1,0,0,0,0,1,1,"S_WAIT_READY",0,1,0,0,0,0,0,1
2711,2711,0,0,1,00,1,0,0,1,0,0,0,0,1,1,"S_WAIT_READY",0,1,0,0,0,0,0,1
2712,2712,0,0,1,00,1,0,0,1,0,0,0,0,1,1,"S_WAIT_READY",0,1,0,0,0,0,0,1
2713,2713,0,0,1,00,1,0,0,1,0,0,0,0,1,1,"S_WAIT_READY",0,1,0,0,0,0,0,1
2714,2714,0,0,1,00,1,0,0,1,0,0,0,0,1,1,"S_WAIT_READY",0,1,0,0,0,0,0,1
2715,2715,0,0,1,00,1,0,0,1,0,0,0,0,1,1,"S_WAIT_READY",0,1,0,0,0,0,0,1
2716,2716,0,0,1,00,1,0,0,1,0,0,0,0,1,1,"S_WAIT_READY",0,1,0,0,0,0,0,1
2717,2717,0,0,1,00,1,0,0,1,0,0,0,0,1,1,"S_WAIT_READY",0,1,0,0,0,0,0,1
2718,2718,0,0,1,00,1,0,0,1,0,0,0,0,1,1,"S_WAIT_READY",0,1,0,0,0,0,0,1
2719,2719,0,0,1,00,1,0,0,1,0,0,0,0,1,1,"S_WAIT_READY",0,1,0,0,0,0,0,1
2720,2720,0,0,1,00,1,0,0,1,0,0,0,0,1,1,"S_WAIT_READY",0,1,0,0,0,0,0,1
2721,2721,0,0,1,00,1,0,0,1,0,0,0,0,1,1,"S_WAIT_READY",0,1,0,0,0,0,0,1
2722,2722,0,0,1,00,1,0,0,1,0,0,0,0,1,1,"S_WAIT_READY",0,1,0,0,0,0,0,1
2723,2723,0,0,1,00,1,0,0,1,0,0,0,0,1,1,"S_WAIT_READY",0,1,0,0,0,0,0,1
2724,2724,0,0,1,00,1,0,0,1,0,0,0,0,1,1,"S_WAIT_READY",0,1,0,0,0,0,0,1
2725,2725,0,0,1,00,1,0,0,1,0,0,0,0,1,1,"S_WAIT_READY",0,1,0,0,0,0,0,1
2726,2726,0,0,1,00,1,0,0,1,0,0,0,0,1,1,"S_WAIT_READY",0,1,0,0,0,0,0,1
2727,2727,0,0,1,00,1,0,0,1,0,0,0,0,1,1,"S_WAIT_READY",0,1,0,0,0,0,0,1
2728,2728,0,0,1,00,1,0,0,1,0,0,0,0,1,1,"S_WAIT_READY",0,1,0,0,0,0,0,1
2729,2729,0,0,1,00,1,0,0,1,0,0,0,0,1,1,"S_WAIT_READY",0,1,0,0,0,0,0,1
2730,2730,0,0,1,00,1,0,0,1,0,0,0,0,1,1,"S_WAIT_READY",0,1,0,0,0,0,0,1
2731,2731,0,0,1,00,1,0,0,1,0,0,0,0,1,1,"S_WAIT_READY",0,1,0,0,0,0,0,1
2732,2732,0,0,1,00,1,0,0,1,0,0,0,0,1,1,"S_WAIT_READY",0,1,0,0,0,0,0,1
2733,2733,0,0,1,00,1,0,0,1,0,0,0,0,1,1,"S_WAIT_READY",0,1,0,0,0,0,0,1
2734,2734,0,0,1,00,1,0,0,1,0,0,0,0,1,1,"S_WAIT_READY",0,1,0,0,0,0,0,1
2735,2735,0,0,1,00,1,0,0,1,0,0,0,0,1,1,"S_WAIT_READY",0,1,0,0,0,0,0,1
2736,2736,0,0,1,00,1,0,0,1,0,0,0,0,1,1,"S_WAIT_READY",0,1,0,0,0,0,0,1
2737,2737,0,0,1,00,1,0,0,1,0,0,0,0,1,1,"S_WAIT_READY",0,1,0,0,0,0,0,1
2738,2738,0,0,1,00,1,0,0,1,0,0,0,0,1,1,"S_WAIT_READY",0,1,0,0,0,0,0,1
2739,2739,0,0,1,00,1,0,0,1,0,0,0,0,1,1,"S_WAIT_READY",0,1,0,0,0,0,0,1
2740,2740,0,0,1,00,1,0,0,1,0,0,0,0,1,1,"S_WAIT_READY",0,1,0,0,0,0,0,1
2741,2741,0,0,1,00,1,0,0,1,0,0,0,0,1,1,"S_WAIT_READY",0,1,0,0,0,0,0,1
2742,2742,0,0,1,00,1,0,0,1,0,0,0,0,1,1,"S_WAIT_READY",0,1,0,0,0,0,0,1
2743,2743,0,0,1,00,1,0,0,1,0,0,0,0,1,1,"S_WAIT_READY",0,1,0,0,0,0,0,1
2744,2744,0,0,1,00,1,0,0,1,0,0,0,0,1,1,"S_WAIT_READY",0,1,0,0,0,0,0,1
2745,2745,0,0,1,00,1,0,0,1,0,0,0,0,1,1,"S_WAIT_READY",0,1,0,0,0,0,0,1
2746,2746,0,0,1,00,1,0,0,1,0,0,0,0,1,1,"S_WAIT_READY",0,1,0,0,0,0,0,1
2747,2747,0,0,1,00,1,0,0,1,0,0,0,0,1,1,"S_WAIT_READY",0,1,0,0,0,0,0,1
2748,2748,0,0,1,00,1,0,0,1,0,0,0,0,1,1,"S_WAIT_READY",0,1,0,0,0,0,0,1
2749,2749,0,0,1,00,1,0,0,1,0,0,0,0,1,1,"S_WAIT_READY",0,1,0,0,0,0,0,1
2750,2750,0,0,1,00,1,0,0,1,0,0,0,0,1,1,"S_WAIT_READY",0,1,0,0,0,0,0,1
2751,2751,0,0,1,00,1,0,0,1,0,0,0,0,1,1,"S_WAIT_READY",0,1,0,0,0,0,0,1
2752,2752,0,0,1,00,1,0,0,1,0,0,0,0,1,1,"S_WAIT_READY",0,1,0,0,0,0,0,1
2753,2753,0,0,1,00,1,0,0,1,0,0,0,0,1,1,"S_WAIT_READY",0,1,0,0,0,0,0,1
2754,2754,0,0,1,00,1,0,0,1,0,0,0,0,1,1,"S_WAIT_READY",0,1,0,0,0,0,0,1
2755,2755,0,0,1,00,1,0,0,1,0,0,0,0,1,1,"S_WAIT_READY",0,1,0,0,0,0,0,1
2756,2756,0,0,1,00,1,0,0,1,0,0,0,0,1,1,"S_WAIT_READY",0,1,0,0,0,0,0,1
2757,2757,0,0,1,00,1,0,0,1,0,0,0,0,1,1,"S_WAIT_READY",0,1,0,0,0,0,0,1
2758,2758,0,0,1,00,1,0,0,1,0,0,0,0,1,1,"S_WAIT_READY",0,1,0,0,0,0,0,1
2759,2759,0,0,1,00,1,0,0,1,0,0,0,0,1,1,"S_WAIT_READY",0,1,0,0,0,0,0,1
2760,2760,0,0,1,00,1,0,0,1,0,0,0,0,1,1,"S_WAIT_READY",0,1,0,0,0,0,0,1
2761,2761,0,0,1,00,1,0,0,1,0,0,0,0,1,1,"S_WAIT_READY",0,1,0,0,0,0,0,1
2762,2762,0,0,1,00,1,0,0,1,0,0,0,0,1,1,"S_WAIT_READY",0,1,0,0,0,0,0,1
2763,2763,0,0,1,00,1,0,0,1,0,0,0,0,1,1,"S_WAIT_READY",0,1,0,0,0,0,0,1
2764,2764,0,0,1,00,1,0,0,1,0,0,0,0,1,1,"S_WAIT_READY",0,1,0,0,0,0,0,1
2765,2765,0,0,1,00,1,0,0,1,0,0,0,0,1,1,"S_WAIT_READY",0,1,0,0,0,0,0,1
2766,2766,0,0,1,00,1,0,0,1,0,0,0,0,1,1,"S_WAIT_READY",0,1,0,0,0,0,0,1
2767,2767,0,0,1,00,1,0,0,1,0,0,0,0,1,1,"S_WAIT_READY",0,1,0,0,0,0,0,1
2768,2768,0,0,1,00,1,0,0,1,0,0,0,0,1,1,"S_WAIT_READY",0,1,0,0,0,0,0,1
2769,2769,0,0,1,00,1,0,0,1,0,0,0,0,1,1,"S_WAIT_READY",0,1,0,0,0,0,0,1
2770,2770,0,0,1,00,1,0,0,1,0,0,0,0,1,1,"S_WAIT_READY",0,1,0,0,0,0,0,1
2771,2771,0,0,1,00,1,0,0,1,0,0,0,0,1,1,"S_WAIT_READY",0,1,0,0,0,0,0,1
2772,2772,0,0,1,00,1,0,0,1,0,0,0,0,1,1,"S_WAIT_READY",0,1,0,0,0,0,0,1
2773,2773,0,0,1,00,1,0,0,1,0,0,0,0,1,1,"S_WAIT_READY",0,1,0,0,0,0,0,1
2774,2774,0,0,1,00,1,0,0,1,0,0,0,0,1,1,"S_WAIT_READY",0,1,0,0,0,0,0,1
2775,2775,0,0,1,00,1,0,0,1,0,0,0,0,1,1,"S_WAIT_READY",0,1,0,0,0,0,0,1
2776,2776,0,0,1,00,1,0,0,1,0,0,0,0,1,1,"S_WAIT_READY",0,1,0,0,0,0,0,1
2777,2777,0,0,1,00,1,0,0,1,0,0,0,0,1,1,"S_WAIT_READY",0,1,0,0,0,0,0,1
2778,2778,0,0,1,00,1,0,0,1,0,0,0,0,1,1,"S_WAIT_READY",0,1,0,0,0,0,0,1
2779,2779,0,0,1,00,1,0,0,1,0,0,0,0,1,1,"S_WAIT_READY",0,1,0,0,0,0,0,1
2780,2780,0,0,1,00,1,0,0,1,0,0,0,0,1,1,"S_WAIT_READY",0,1,0,0,0,0,0,1
2781,2781,0,0,1,00,1,0,0,1,0,0,0,0,1,1,"S_WAIT_READY",0,1,0,0,0,0,0,1
2782,2782,0,0,1,00,1,0,0,1,0,0,0,0,1,1,"S_WAIT_READY",0,1,0,0,0,0,0,1
2783,2783,0,0,1,00,1,0,0,1,0,0,0,0,1,1,"S_WAIT_READY",0,1,0,0,0,0,0,1
2784,2784,0,0,1,00,1,0,0,1,0,0,0,0,1,1,"S_WAIT_READY",0,1,0,0,0,0,0,1
2785,2785,0,0,1,00,1,0,0,1,0,0,0,0,1,1,"S_WAIT_READY",0,1,0,0,0,0,0,1
2786,2786,0,0,1,00,1,0,0,1,0,0,0,0,1,1,"S_WAIT_READY",0,1,0,0,0,0,0,1
2787,2787,0,0,1,00,1,0,0,1,0,0,0,0,1,1,"S_WAIT_READY",0,1,0,0,0,0,0,1
2788,2788,0,0,1,00,1,0,0,1,0,0,0,0,1,1,"S_WAIT_READY",0,1,0,0,0,0,0,1
2789,2789,0,0,1,00,1,0,0,1,0,0,0,0,1,1,"S_WAIT_READY",0,1,0,0,0,0,0,1
2790,2790,0,0,1,00,1,0,0,1,0,0,0,0,1,1,"S_WAIT_READY",0,1,0,0,0,0,0,1
2791,2791,0,0,1,00,1,0,0,1,0,0,0,0,1,1,"S_WAIT_READY",0,1,0,0,0,0,0,1
2792,2792,0,0,1,00,1,0,0,1,0,0,0,0,1,1,"S_WAIT_READY",0,1,0,0,0,0,0,1
2793,2793,0,0,1,00,1,0,0,1,0,0,0,0,1,1,"S_WAIT_READY",0,1,0,0,0,0,0,1
2794,2794,0,0,1,00,1,0,0,1,0,0,0,0,1,1,"S_WAIT_READY",0,1,0,0,0,0,0,1
2795,2795,0,0,1,00,1,0,0,1,0,0,0,0,1,1,"S_WAIT_READY",0,1,0,0,0,0,0,1
2796,2796,0,0,1,00,1,0,0,1,0,0,0,0,1,1,"S_WAIT_READY",0,1,0,0,0,0,0,1
2797,2797,0,0,1,00,1,0,0,1,0,0,0,0,1,1,"S_WAIT_READY",0,1,0,0,0,0,0,1
2798,2798,0,0,1,00,1,0,0,1,0,0,0,0,1,1,"S_WAIT_READY",0,1,0,0,0,0,0,1
2799,2799,0,0,1,00,1,0,0,1,0,0,0,0,1,1,"S_WAIT_READY",0,1,0,0,0,0,0,1
2800,2800,0,0,1,00,1,0,0,1,0,0,0,0,1,1,"S_WAIT_READY",0,1,0,0,0,0,0,1
2801,2801,0,0,1,00,1,0,0,1,0,0,0,0,1,1,"S_WAIT_READY",0,1,0,0,0,0,0,1
2802,2802,0,0,1,00,1,0,0,1,0,0,0,0,1,1,"S_WAIT_READY",0,1,0,0,0,0,0,1
2803,2803,0,0,1,00,1,0,0,1,0,0,0,0,1,1,"S_WAIT_READY",0,1,0,0,0,0,0,1
2804,2804,0,0,1,00,1,0,0,1,0,0,0,0,1,1,"S_WAIT_READY",0,1,0,0,0,0,0,1
2805,2805,0,0,1,00,1,0,0,1,0,0,0,0,1,1,"S_WAIT_READY",0,1,0,0,0,0,0,1
2806,2806,0,0,1,00,1,0,0,1,0,0,0,0,1,1,"S_WAIT_READY",0,1,0,0,0,0,0,1
2807,2807,0,0,1,00,1,0,0,1,0,0,0,0,1,1,"S_WAIT_READY",0,1,0,0,0,0,0,1
2808,2808,0,0,1,00,1,0,0,1,0,0,0,0,1,1,"S_WAIT_READY",0,1,0,0,0,0,0,1
2809,2809,0,0,1,00,1,0,0,1,0,0,0,0,1,1,"S_WAIT_READY",0,1,0,0,0,0,0,1
2810,2810,0,0,1,00,1,0,0,1,0,0,0,0,1,1,"S_WAIT_READY",0,1,0,0,0,0,0,1
2811,2811,0,0,1,00,1,0,0,1,0,0,0,0,1,1,"S_WAIT_READY",0,1,0,0,0,0,0,1
2812,2812,0,0,1,00,1,0,0,1,0,0,0,0,1,1,"S_WAIT_READY",0,1,0,0,0,0,0,1
2813,2813,0,0,1,00,1,0,0,1,0,0,0,0,1,1,"S_WAIT_READY",0,1,0,0,0,0,0,1
2814,2814,0,0,1,00,1,0,0,1,0,0,0,0,1,1,"S_WAIT_READY",0,1,0,0,0,0,0,1
2815,2815,0,0,1,00,1,0,0,1,0,0,0,0,1,1,"S_WAIT_READY",0,1,0,0,0,0,0,1
2816,2816,0,0,1,00,1,0,0,1,0,0,0,0,1,1,"S_WAIT_READY",0,1,0,0,0,0,0,1
2817,2817,0,0,1,00,1,0,0,1,0,0,0,0,1,1,"S_WAIT_READY",0,1,0,0,0,0,0,1
2818,2818,0,0,1,00,1,0,0,1,0,0,0,0,1,1,"S_WAIT_READY",0,1,0,0,0,0,0,1
2819,2819,0,0,1,00,1,0,0,1,0,0,0,0,1,1,"S_WAIT_READY",0,1,0,0,0,0,0,1
2820,2820,0,0,1,00,1,0,0,1,0,0,0,0,1,1,"S_WAIT_READY",0,1,0,0,0,0,0,1
2821,2821,0,0,1,00,1,0,0,1,0,0,0,0,1,1,"S_WAIT_READY",0,1,0,0,0,0,0,1
2822,2822,0,0,1,00,1,0,0,1,0,0,0,0,1,1,"S_WAIT_READY",0,1,0,0,0,0,0,1
2823,2823,0,0,1,00,1,0,0,1,0,0,0,0,1,1,"S_WAIT_READY",0,1,0,0,0,0,0,1
2824,2824,0,0,1,00,1,0,0,1,0,0,0,0,1,1,"S_WAIT_READY",0,1,0,0,0,0,0,1
2825,2825,0,0,1,00,1,0,0,1,0,0,0,0,1,1,"S_WAIT_READY",0,1,0,0,0,0,0,1
2826,2826,0,0,1,00,1,0,0,1,0,0,0,0,1,1,"S_WAIT_READY",0,1,0,0,0,0,0,1
2827,2827,0,0,1,00,1,0,0,1,0,0,0,0,1,1,"S_WAIT_READY",0,1,0,0,0,0,0,1
2828,2828,0,0,1,00,1,0,0,1,0,0,0,0,1,1,"S_WAIT_READY",0,1,0,0,0,0,0,1
2829,2829,0,0,1,00,1,0,0,1,0,0,0,0,1,1,"S_WAIT_READY",0,1,0,0,0,0,0,1
2830,2830,0,0,1,00,1,0,0,1,0,0,0,0,1,1,"S_WAIT_READY",0,1,0,0,0,0,0,1
2831,2831,0,0,1,00,1,0,0,1,0,0,0,0,1,1,"S_WAIT_READY",0,1,0,0,0,0,0,1
2832,2832,0,0,1,00,1,0,0,1,0,0,0,0,1,1,"S_WAIT_READY",0,1,0,0,0,0,0,1
2833,2833,0,0,1,00,1,0,0,1,0,0,0,0,1,1,"S_WAIT_READY",0,1,0,0,0,0,0,1
2834,2834,0,0,1,00,1,0,0,1,0,0,0,0,1,1,"S_WAIT_READY",0,1,0,0,0,0,0,1
2835,2835,0,0,1,00,1,0,0,1,0,0,0,0,1,1,"S_WAIT_READY",0,1,0,0,0,0,0,1
2836,2836,0,0,1,00,1,0,0,1,0,0,0,0,1,1,"S_WAIT_READY",0,1,0,0,0,0,0,1
2837,2837,0,0,1,00,1,0,0,1,0,0,0,0,1,1,"S_WAIT_READY",0,1,0,0,0,0,0,1
2838,2838,0,0,1,00,1,0,0,1,0,0,0,0,1,1,"S_WAIT_READY",0,1,0,0,0,0,0,1
2839,2839,0,0,1,00,1,0,0,1,0,0,0,0,1,1,"S_WAIT_READY",0,1,0,0,0,0,0,1
2840,2840,0,0,1,00,1,0,0,1,0,0,0,0,1,1,"S_WAIT_READY",0,1,0,0,0,0,0,1
2841,2841,0,0,1,00,1,0,0,1,0,0,0,0,1,1,"S_WAIT_READY",0,1,0,0,0,0,0,1
2842,2842,0,0,1,00,1,0,0,1,0,0,0,0,1,1,"S_WAIT_READY",0,1,0,0,0,0,0,1
2843,2843,0,0,1,00,1,0,0,1,0,0,0,0,1,1,"S_WAIT_READY",0,1,0,0,0,0,0,1
2844,2844,0,0,1,00,1,0,0,1,0,0,0,0,1,1,"S_WAIT_READY",0,1,0,0,0,0,0,1
2845,2845,0,0,1,00,1,0,0,1,0,0,0,0,1,1,"S_WAIT_READY",0,1,0,0,0,0,0,1
2846,2846,0,0,1,00,1,0,0,1,0,0,0,0,1,1,"S_WAIT_READY",0,1,0,0,0,0,0,1
2847,2847,0,0,1,00,1,0,0,1,0,0,0,0,1,1,"S_WAIT_READY",0,1,0,0,0,0,0,1
2848,2848,0,0,1,00,1,0,0,1,0,0,0,0,1,1,"S_WAIT_READY",0,1,0,0,0,0,0,1
2849,2849,0,0,1,00,1,0,0,1,0,0,0,0,1,1,"S_WAIT_READY",0,1,0,0,0,0,0,1
2850,2850,0,0,1,00,1,0,0,1,0,0,0,0,1,1,"S_WAIT_READY",0,1,0,0,0,0,0,1
2851,2851,0,0,1,00,1,0,0,1,0,0,0,0,1,1,"S_WAIT_READY",0,1,0,0,0,0,0,1
2852,2852,0,0,1,00,1,0,0,1,0,0,0,0,1,1,"S_WAIT_READY",0,1,0,0,0,0,0,1
2853,2853,0,0,1,00,1,0,0,1,0,0,0,0,1,1,"S_WAIT_READY",0,1,0,0,0,0,0,1
2854,2854,0,0,1,00,1,0,0,1,0,0,0,0,1,1,"S_WAIT_READY",0,1,0,0,0,0,0,1
2855,2855,0,0,1,00,1,0,0,1,0,0,0,0,1,1,"S_WAIT_READY",0,1,0,0,0,0,0,1
2856,2856,0,0,1,00,1,0,0,1,0,0,0,0,1,1,"S_WAIT_READY",0,1,0,0,0,0,0,1
2857,2857,0,0,1,00,1,0,0,1,0,0,0,0,1,1,"S_WAIT_READY",0,1,0,0,0,0,0,1
2858,2858,0,0,1,00,1,0,0,1,0,0,0,0,1,1,"S_WAIT_READY",0,1,0,0,0,0,0,1
2859,2859,0,0,1,00,1,0,0,1,0,0,0,0,1,1,"S_WAIT_READY",0,1,0,0,0,0,0,1
2860,2860,0,0,1,00,1,0,0,1,0,0,0,0,1,1,"S_WAIT_READY",0,1,0,0,0,0,0,1
2861,2861,0,0,1,00,1,0,0,1,0,0,0,0,1,1,"S_WAIT_READY",0,1,0,0,0,0,0,1
2862,2862,0,0,1,00,1,0,0,1,0,0,0,0,1,1,"S_WAIT_READY",0,1,0,0,0,0,0,1
2863,2863,0,0,1,00,1,0,0,1,0,0,0,0,1,1,"S_WAIT_READY",0,1,0,0,0,0,0,1
2864,2864,0,0,1,00,1,0,0,1,0,0,0,0,1,1,"S_WAIT_READY",0,1,0,0,0,0,0,1
2865,2865,0,0,1,00,1,0,0,1,0,0,0,0,1,1,"S_WAIT_READY",0,1,0,0,0,0,0,1
2866,2866,0,0,1,00,1,0,0,1,0,0,0,0,1,1,"S_WAIT_READY",0,1,0,0,0,0,0,1
2867,2867,0,0,1,00,1,0,0,1,0,0,0,0,1,1,"S_WAIT_READY",0,1,0,0,0,0,0,1
2868,2868,0,0,1,00,1,0,0,1,0,0,0,0,1,1,"S_WAIT_READY",0,1,0,0,0,0,0,1
2869,2869,0,0,1,00,1,0,0,1,0,0,0,0,1,1,"S_WAIT_READY",0,1,0,0,0,0,0,1
2870,2870,0,0,1,00,1,0,0,1,0,0,0,0,1,1,"S_WAIT_READY",0,1,0,0,0,0,0,1
2871,2871,0,0,1,00,1,0,0,1,0,0,0,0,1,1,"S_WAIT_READY",0,1,0,0,0,0,0,1
2872,2872,0,0,1,00,1,0,0,1,0,0,0,0,1,1,"S_WAIT_READY",0,1,0,0,0,0,0,1
2873,2873,0,0,1,00,1,0,0,1,0,0,0,0,1,1,"S_WAIT_READY",0,1,0,0,0,0,0,1
2874,2874,0,0,1,00,1,0,0,1,0,0,0,0,1,1,"S_WAIT_READY",0,1,0,0,0,0,0,1
2875,2875,0,0,1,00,1,0,0,1,0,0,0,0,1,1,"S_WAIT_READY",0,1,0,0,0,0,0,1
2876,2876,0,0,1,00,1,0,0,1,0,0,0,0,1,1,"S_WAIT_READY",0,1,0,0,0,0,0,1
2877,2877,0,0,1,00,1,0,0,1,0,0,0,0,1,1,"S_WAIT_READY",0,1,0,0,0,0,0,1
2878,2878,0,0,1,00,1,0,0,1,0,0,0,0,1,1,"S_WAIT_READY",0,1,0,0,0,0,0,1
2879,2879,0,0,1,00,1,0,0,1,0,0,0,0,1,1,"S_WAIT_READY",0,1,0,0,0,0,0,1
2880,2880,0,0,1,00,1,0,0,1,0,0,0,0,1,1,"S_WAIT_READY",0,1,0,0,0,0,0,1
2881,2881,0,0,1,00,1,0,0,1,0,0,0,0,1,1,"S_WAIT_READY",0,1,0,0,0,0,0,1
2882,2882,0,0,1,00,1,0,0,1,0,0,0,0,1,1,"S_WAIT_READY",0,1,0,0,0,0,0,1
2883,2883,0,0,1,00,1,0,0,1,0,0,0,0,1,1,"S_WAIT_READY",0,1,0,0,0,0,0,1
2884,2884,0,0,1,00,1,0,0,1,0,0,0,0,1,1,"S_WAIT_READY",0,1,0,0,0,0,0,1
2885,2885,0,0,1,00,1,0,0,1,0,0,0,0,1,1,"S_WAIT_READY",0,1,0,0,0,0,0,1
2886,2886,0,0,1,00,1,0,0,1,0,0,0,0,1,1,"S_WAIT_READY",0,1,0,0,0,0,0,1
2887,2887,0,0,1,00,1,0,0,1,0,0,0,0,1,1,"S_WAIT_READY",0,1,0,0,0,0,0,1
2888,2888,0,0,1,00,1,0,0,1,0,0,0,0,1,1,"S_WAIT_READY",0,1,0,0,0,0,0,1
2889,2889,0,0,1,00,1,0,0,1,0,0,0,0,1,1,"S_WAIT_READY",0,1,0,0,0,0,0,1
2890,2890,0,0,1,00,1,0,0,1,0,0,0,0,1,1,"S_WAIT_READY",0,1,0,0,0,0,0,1
2891,2891,0,0,1,00,1,0,0,1,0,0,0,0,1,1,"S_WAIT_READY",0,1,0,0,0,0,0,1
2892,2892,0,0,1,00,1,0,0,1,0,0,0,0,1,1,"S_WAIT_READY",0,1,0,0,0,0,0,1
2893,2893,0,0,1,00,1,0,0,1,0,0,0,0,1,1,"S_WAIT_READY",0,1,0,0,0,0,0,1
2894,2894,0,0,1,00,1,0,0,1,0,0,0,0,1,1,"S_WAIT_READY",0,1,0,0,0,0,0,1
2895,2895,0,0,1,00,1,0,0,1,0,0,0,0,1,1,"S_WAIT_READY",0,1,0,0,0,0,0,1
2896,2896,0,0,1,00,1,0,0,1,0,0,0,0,1,1,"S_WAIT_READY",0,1,0,0,0,0,0,1
2897,2897,0,0,1,00,1,0,0,1,0,0,0,0,1,1,"S_WAIT_READY",0,1,0,0,0,0,0,1
2898,2898,0,0,1,00,1,0,0,1,0,0,0,0,1,1,"S_WAIT_READY",0,1,0,0,0,0,0,1
2899,2899,0,0,1,00,1,0,0,1,0,0,0,0,1,1,"S_WAIT_READY",0,1,0,0,0,0,0,1
2900,2900,0,0,1,00,1,0,0,1,0,0,0,0,1,1,"S_WAIT_READY",0,1,0,0,0,0,0,1
2901,2901,0,0,1,00,1,0,0,1,0,0,0,0,1,1,"S_WAIT_READY",0,1,0,0,0,0,0,1
2902,2902,0,0,1,00,1,0,0,1,0,0,0,0,1,1,"S_WAIT_READY",0,1,0,0,0,0,0,1
2903,2903,0,0,1,00,1,0,0,1,0,0,0,0,1,1,"S_WAIT_READY",0,1,0,0,0,0,0,1
2904,2904,0,0,1,00,1,0,0,1,0,0,0,0,1,1,"S_WAIT_READY",0,1,0,0,0,0,0,1
2905,2905,0,0,1,00,1,0,0,1,0,0,0,0,1,1,"S_WAIT_READY",0,1,0,0,0,0,0,1
2906,2906,0,0,1,00,1,0,0,1,0,0,0,0,1,1,"S_WAIT_READY",0,1,0,0,0,0,0,1
2907,2907,0,0,1,00,1,0,0,1,0,0,0,0,1,1,"S_WAIT_READY",0,1,0,0,0,0,0,1
2908,2908,0,0,1,00,1,0,0,1,0,0,0,0,1,1,"S_WAIT_READY",0,1,0,0,0,0,0,1
2909,2909,0,0,1,00,1,0,0,1,0,0,0,0,1,1,"S_WAIT_READY",0,1,0,0,0,0,0,1
2910,2910,0,0,1,00,1,0,0,1,0,0,0,0,1,1,"S_WAIT_READY",0,1,0,0,0,0,0,1
2911,2911,0,0,1,00,1,0,0,1,0,0,0,0,1,1,"S_WAIT_READY",0,1,0,0,0,0,0,1
2912,2912,0,0,1,00,1,0,0,1,0,0,0,0,1,1,"S_WAIT_READY",0,1,0,0,0,0,0,1
2913,2913,0,0,1,00,1,0,0,1,0,0,0,0,1,1,"S_WAIT_READY",0,1,0,0,0,0,0,1
2914,2914,0,0,1,00,1,0,0,1,0,0,0,0,1,1,"S_WAIT_READY",0,1,0,0,0,0,0,1
2915,2915,0,0,1,00,1,0,0,1,0,0,0,0,1,1,"S_WAIT_READY",0,1,0,0,0,0,0,1
2916,2916,0,0,1,00,1,0,0,1,0,0,0,0,1,1,"S_WAIT_READY",0,1,0,0,0,0,0,1
2917,2917,0,0,1,00,1,0,0,1,0,0,0,0,1,1,"S_WAIT_READY",0,1,0,0,0,0,0,1
2918,2918,0,0,1,00,1,0,0,1,0,0,0,0,1,1,"S_WAIT_READY",0,1,0,0,0,0,0,1
2919,2919,0,0,1,00,1,0,0,1,0,0,0,0,1,1,"S_WAIT_READY",0,1,0,0,0,0,0,1
2920,2920,0,0,1,00,1,0,0,1,0,0,0,0,1,1,"S_WAIT_READY",0,1,0,0,0,0,0,1
2921,2921,0,0,1,00,1,0,0,1,0,0,0,0,1,1,"S_WAIT_READY",0,1,0,0,0,0,0,1
2922,2922,0,0,1,00,1,0,0,1,0,0,0,0,1,1,"S_WAIT_READY",0,1,0,0,0,0,0,1
2923,2923,0,0,1,00,1,0,0,1,0,0,0,0,1,1,"S_WAIT_READY",0,1,0,0,0,0,0,1
2924,2924,0,0,1,00,1,0,0,1,0,0,0,0,1,1,"S_WAIT_READY",0,1,0,0,0,0,0,1
2925,2925,0,0,1,00,1,0,0,1,0,0,0,0,1,1,"S_WAIT_READY",0,1,0,0,0,0,0,1
2926,2926,0,0,1,00,1,0,0,1,0,0,0,0,1,1,"S_WAIT_READY",0,1,0,0,0,0,0,1
2927,2927,0,0,1,00,1,0,0,1,0,0,0,0,1,1,"S_WAIT_READY",0,1,0,0,0,0,0,1
2928,2928,0,0,1,00,1,0,0,1,0,0,0,0,1,1,"S_WAIT_READY",0,1,0,0,0,0,0,1
2929,2929,0,0,1,00,1,0,0,1,0,0,0,0,1,1,"S_WAIT_READY",0,1,0,0,0,0,0,1
2930,2930,0,0,1,00,1,0,0,1,0,0,0,0,1,1,"S_WAIT_READY",0,1,0,0,0,0,0,1
2931,2931,0,0,1,00,1,0,0,1,0,0,0,0,1,1,"S_WAIT_READY",0,1,0,0,0,0,0,1
2932,2932,0,0,1,00,1,0,0,1,0,0,0,0,1,1,"S_WAIT_READY",0,1,0,0,0,0,0,1
2933,2933,0,0,1,00,1,0,0,1,0,0,0,0,1,1,"S_WAIT_READY",0,1,0,0,0,0,0,1
2934,2934,0,0,1,00,1,0,0,1,0,0,0,0,1,1,"S_WAIT_READY",0,1,0,0,0,0,0,1
2935,2935,0,0,1,00,1,0,0,1,0,0,0,0,1,1,"S_WAIT_READY",0,1,0,0,0,0,0,1
2936,2936,0,0,1,00,1,0,0,1,0,0,0,0,1,1,"S_WAIT_READY",0,1,0,0,0,0,0,1
2937,2937,0,0,1,00,1,0,0,1,0,0,0,0,1,1,"S_WAIT_READY",0,1,0,0,0,0,0,1
2938,2938,0,0,1,00,1,0,0,1,0,0,0,0,1,1,"S_WAIT_READY",0,1,0,0,0,0,0,1
2939,2939,0,0,1,00,1,0,0,1,0,0,0,0,1,1,"S_WAIT_READY",0,1,0,0,0,0,0,1
2940,2940,0,0,1,00,1,0,0,1,0,0,0,0,1,1,"S_WAIT_READY",0,1,0,0,0,0,0,1
2941,2941,0,0,1,00,1,0,0,1,0,0,0,0,1,1,"S_WAIT_READY",0,1,0,0,0,0,0,1
2942,2942,0,0,1,00,1,0,0,1,0,0,0,0,1,1,"S_WAIT_READY",0,1,0,0,0,0,0,1
2943,2943,0,0,1,00,1,0,0,1,0,0,0,0,1,1,"S_WAIT_READY",0,1,0,0,0,0,0,1
2944,2944,0,0,1,00,1,0,0,1,0,0,0,0,1,1,"S_WAIT_READY",0,1,0,0,0,0,0,1
2945,2945,0,0,1,00,1,0,0,1,0,0,0,0,1,1,"S_WAIT_READY",0,1,0,0,0,0,0,1
2946,2946,0,0,1,00,1,0,0,1,0,0,0,0,1,1,"S_WAIT_READY",0,1,0,0,0,0,0,1
2947,2947,0,0,1,00,1,0,0,1,0,0,0,0,1,1,"S_WAIT_READY",0,1,0,0,0,0,0,1
2948,2948,0,0,1,00,1,0,0,1,0,0,0,0,1,1,"S_WAIT_READY",0,1,0,0,0,0,0,1
2949,2949,0,0,1,00,1,0,0,1,0,0,0,0,1,1,"S_WAIT_READY",0,1,0,0,0,0,0,1
2950,2950,0,0,1,00,1,0,0,1,0,0,0,0,1,1,"S_WAIT_READY",0,1,0,0,0,0,0,1
2951,2951,0,0,1,00,1,0,0,1,0,0,0,0,1,1,"S_WAIT_READY",0,1,0,0,0,0,0,1
2952,2952,0,0,1,00,1,0,0,1,0,0,0,0,1,1,"S_WAIT_READY",0,1,0,0,0,0,0,1
2953,2953,0,0,1,00,1,0,0,1,0,0,0,0,1,1,"S_WAIT_READY",0,1,0,0,0,0,0,1
2954,2954,0,0,1,00,1,0,0,1,0,0,0,0,1,1,"S_WAIT_READY",0,1,0,0,0,0,0,1
2955,2955,0,0,1,00,1,0,0,1,0,0,0,0,1,1,"S_WAIT_READY",0,1,0,0,0,0,0,1
2956,2956,0,0,1,00,1,0,0,1,0,0,0,0,1,1,"S_WAIT_READY",0,1,0,0,0,0,0,1
2957,2957,0,0,1,00,1,0,0,1,0,0,0,0,1,1,"S_WAIT_READY",0,1,0,0,0,0,0,1
2958,2958,0,0,1,00,1,0,0,1,0,0,0,0,1,1,"S_WAIT_READY",0,1,0,0,0,0,0,1
2959,2959,0,0,1,00,1,0,0,1,0,0,0,0,1,1,"S_WAIT_READY",0,1,0,0,0,0,0,1
2960,2960,0,0,1,00,1,0,0,1,0,0,0,0,1,1,"S_WAIT_READY",0,1,0,0,0,0,0,1
2961,2961,0,0,1,00,1,0,0,1,0,0,0,0,1,1,"S_WAIT_READY",0,1,0,0,0,0,0,1
2962,2962,0,0,1,00,1,0,0,1,0,0,0,0,1,1,"S_WAIT_READY",0,1,0,0,0,0,0,1
2963,2963,0,0,1,00,1,0,0,1,0,0,0,0,1,1,"S_WAIT_READY",0,1,0,0,0,0,0,1
2964,2964,0,0,1,00,1,0,0,1,0,0,0,0,1,1,"S_WAIT_READY",0,1,0,0,0,0,0,1
2965,2965,0,0,1,00,1,0,0,1,0,0,0,0,1,1,"S_WAIT_READY",0,1,0,0,0,0,0,1
2966,2966,0,0,1,00,1,0,0,1,0,0,0,0,1,1,"S_WAIT_READY",0,1,0,0,0,0,0,1
2967,2967,0,0,1,00,1,0,0,1,0,0,0,0,1,1,"S_WAIT_READY",0,1,0,0,0,0,0,1
2968,2968,0,0,1,00,1,0,0,1,0,0,0,0,1,1,"S_WAIT_READY",0,1,0,0,0,0,0,1
2969,2969,0,0,1,00,1,0,0,1,0,0,0,0,1,1,"S_WAIT_READY",0,1,0,0,0,0,0,1
2970,2970,0,0,1,00,1,0,0,1,0,0,0,0,1,1,"S_WAIT_READY",0,1,0,0,0,0,0,1
2971,2971,0,0,1,00,1,0,0,1,0,0,0,0,1,1,"S_WAIT_READY",0,1,0,0,0,0,0,1
2972,2972,0,0,1,00,1,0,0,1,0,0,0,0,1,1,"S_WAIT_READY",0,1,0,0,0,0,0,1
2973,2973,0,0,1,00,1,0,0,1,0,0,0,0,1,1,"S_WAIT_READY",0,1,0,0,0,0,0,1
2974,2974,0,0,1,00,1,0,0,1,0,0,0,0,1,1,"S_WAIT_READY",0,1,0,0,0,0,0,1
2975,2975,0,0,1,00,1,0,0,1,0,0,0,0,1,1,"S_WAIT_READY",0,1,0,0,0,0,0,1
2976,2976,0,0,1,00,1,0,0,1,0,0,0,0,1,1,"S_WAIT_READY",0,1,0,0,0,0,0,1
2977,2977,0,0,1,00,1,0,0,1,0,0,0,0,1,1,"S_WAIT_READY",0,1,0,0,0,0,0,1
2978,2978,0,0,1,00,1,0,0,1,0,0,0,0,1,1,"S_WAIT_READY",0,1,0,0,0,0,0,1
2979,2979,0,0,1,00,1,0,0,1,0,0,0,0,1,1,"S_WAIT_READY",0,1,0,0,0,0,0,1
2980,2980,0,0,1,00,1,0,0,1,0,0,0,0,1,1,"S_WAIT_READY",0,1,0,0,0,0,0,1
2981,2981,0,0,1,00,1,0,0,1,0,0,0,0,1,1,"S_WAIT_READY",0,1,0,0,0,0,0,1
2982,2982,0,0,1,00,1,0,0,1,0,0,0,0,1,1,"S_WAIT_READY",0,1,0,0,0,0,0,1
2983,2983,0,0,1,00,1,0,0,1,0,0,0,0,1,1,"S_WAIT_READY",0,1,0,0,0,0,0,1
2984,2984,0,0,1,00,1,0,0,1,0,0,0,0,1,1,"S_WAIT_READY",0,1,0,0,0,0,0,1
2985,2985,0,0,1,00,1,0,0,1,0,0,0,0,1,1,"S_WAIT_READY",0,1,0,0,0,0,0,1
2986,2986,0,0,1,00,1,0,0,1,0,0,0,0,1,1,"S_WAIT_READY",0,1,0,0,0,0,0,1
2987,2987,0,0,1,00,1,0,0,1,0,0,0,0,1,1,"S_WAIT_READY",0,1,0,0,0,0,0,1
2988,2988,0,0,1,00,1,0,0,1,0,0,0,0,1,1,"S_WAIT_READY",0,1,0,0,0,0,0,1
2989,2989,0,0,1,00,1,0,0,1,0,0,0,0,1,1,"S_WAIT_READY",0,1,0,0,0,0,0,1
2990,2990,0,0,1,00,1,0,0,1,0,0,0,0,1,1,"S_WAIT_READY",0,1,0,0,0,0,0,1
2991,2991,0,0,1,00,1,0,0,1,0,0,0,0,1,1,"S_WAIT_READY",0,1,0,0,0,0,0,1
2992,2992,0,0,1,00,1,0,0,1,0,0,0,0,1,1,"S_WAIT_READY",0,1,0,0,0,0,0,1
2993,2993,0,0,1,00,1,0,0,1,0,0,0,0,1,1,"S_WAIT_READY",0,1,0,0,0,0,0,1
2994,2994,0,0,1,00,1,0,0,1,0,0,0,0,1,1,"S_WAIT_READY",0,1,0,0,0,0,0,1
2995,2995,0,0,1,00,1,0,0,1,0,0,0,0,1,1,"S_WAIT_READY",0,1,0,0,0,0,0,1
2996,2996,0,0,1,00,1,0,0,1,0,0,0,0,1,1,"S_WAIT_READY",0,1,0,0,0,0,0,1
2997,2997,0,0,1,00,1,0,0,1,0,0,0,0,1,1,"S_WAIT_READY",0,1,0,0,0,0,0,1
2998,2998,0,0,1,00,1,0,0,1,0,0,0,0,1,1,"S_WAIT_READY",0,1,0,0,0,0,0,1
2999,2999,0,0,1,00,1,0,0,1,0,0,0,0,1,1,"S_WAIT_READY",0,1,0,0,0,0,0,1
3000,3000,0,0,1,00,1,0,0,1,0,0,0,0,1,1,"S_WAIT_READY",0,1,0,0,0,0,0,1
3001,3001,0,0,1,00,1,0,0,1,0,0,0,0,1,1,"S_WAIT_READY",0,1,0,0,0,0,0,1
3002,3002,0,0,1,00,1,0,0,1,0,0,0,0,1,1,"S_WAIT_READY",0,1,0,0,0,0,0,1
3003,3003,0,0,1,00,1,0,0,1,0,0,0,0,1,1,"S_WAIT_READY",0,1,0,0,0,0,0,1
3004,3004,0,0,1,00,1,0,0,1,0,0,0,0,1,1,"S_WAIT_READY",0,1,0,0,0,0,0,1
3005,3005,0,0,1,00,1,0,0,1,0,0,0,0,1,1,"S_WAIT_READY",0,1,0,0,0,0,0,1
3006,3006,0,0,1,00,1,0,0,1,0,0,0,0,1,1,"S_WAIT_READY",0,1,0,0,0,0,0,1
3007,3007,0,0,1,00,1,0,0,1,0,0,0,0,1,1,"S_WAIT_READY",0,1,0,0,0,0,0,1
3008,3008,0,0,1,00,1,0,0,1,0,0,0,0,1,1,"S_WAIT_READY",0,1,0,0,0,0,0,1
3009,3009,0,0,1,00,1,0,0,1,0,0,0,0,1,1,"S_WAIT_READY",0,1,0,0,0,0,0,1
3010,3010,0,0,1,00,1,0,0,1,0,0,0,0,1,1,"S_WAIT_READY",0,1,0,0,0,0,0,1
3011,3011,0,0,1,00,1,0,0,1,0,0,0,0,1,1,"S_WAIT_READY",0,1,0,0,0,0,0,1
3012,3012,0,0,1,00,1,0,0,1,0,0,0,0,1,1,"S_WAIT_READY",0,1,0,0,0,0,0,1
3013,3013,0,0,1,00,1,0,0,1,0,0,0,0,1,1,"S_WAIT_READY",0,1,0,0,0,0,0,1
3014,3014,0,0,1,00,1,0,0,1,0,0,0,0,1,1,"S_WAIT_READY",0,1,0,0,0,0,0,1
3015,3015,0,0,1,00,1,0,0,1,0,0,0,0,1,1,"S_WAIT_READY",0,1,0,0,0,0,0,1
3016,3016,0,0,1,00,1,0,0,1,0,0,0,0,1,1,"S_WAIT_READY",0,1,0,0,0,0,0,1
3017,3017,0,0,1,00,1,0,0,1,0,0,0,0,1,1,"S_WAIT_READY",0,1,0,0,0,0,0,1
3018,3018,0,0,1,00,1,0,0,1,0,0,0,0,1,1,"S_WAIT_READY",0,1,0,0,0,0,0,1
3019,3019,0,0,1,00,1,0,0,1,0,0,0,0,1,1,"S_WAIT_READY",0,1,0,0,0,0,0,1
3020,3020,0,0,1,00,1,0,0,1,0,0,0,0,1,1,"S_WAIT_READY",0,1,0,0,0,0,0,1
3021,3021,0,0,1,00,1,0,0,1,0,0,0,0,1,1,"S_WAIT_READY",0,1,0,0,0,0,0,1
3022,3022,0,0,1,00,1,0,0,1,0,0,0,0,1,1,"S_WAIT_READY",0,1,0,0,0,0,0,1
3023,3023,0,0,1,00,1,0,0,1,0,0,0,0,1,1,"S_WAIT_READY",0,1,0,0,0,0,0,1
3024,3024,0,0,1,00,1,0,0,1,0,0,0,0,1,1,"S_WAIT_READY",0,1,0,0,0,0,0,1
3025,3025,0,0,1,00,1,0,0,1,0,0,0,0,1,1,"S_WAIT_READY",0,1,0,0,0,0,0,1
3026,3026,0,0,1,00,1,0,0,1,0,0,0,0,1,1,"S_WAIT_READY",0,1,0,0,0,0,0,1
3027,3027,0,0,1,00,1,0,0,1,0,0,0,0,1,1,"S_WAIT_READY",0,1,0,0,0,0,0,1
3028,3028,0,0,1,00,1,0,0,1,0,0,0,0,1,1,"S_WAIT_READY",0,1,0,0,0,0,0,1
3029,3029,0,0,1,00,1,0,0,1,0,0,0,0,1,1,"S_WAIT_READY",0,1,0,0,0,0,0,1
3030,3030,0,0,1,00,1,0,0,1,0,0,0,0,1,1,"S_WAIT_READY",0,1,0,0,0,0,0,1
3031,3031,0,0,1,00,1,0,0,1,0,0,0,0,1,1,"S_WAIT_READY",0,1,0,0,0,0,0,1
3032,3032,0,0,1,00,1,0,0,1,0,0,0,0,1,1,"S_WAIT_READY",0,1,0,0,0,0,0,1
3033,3033,0,0,1,00,1,0,0,1,0,0,0,0,1,1,"S_WAIT_READY",0,1,0,0,0,0,0,1
3034,3034,0,0,1,00,1,0,0,1,0,0,0,0,1,1,"S_WAIT_READY",0,1,0,0,0,0,0,1
3035,3035,0,0,1,00,1,0,0,1,0,0,0,0,1,1,"S_WAIT_READY",0,1,0,0,0,0,0,1
3036,3036,0,0,1,00,1,0,0,1,0,0,0,0,1,1,"S_WAIT_READY",0,1,0,0,0,0,0,1
3037,3037,0,0,1,00,1,0,0,1,0,0,0,0,1,1,"S_WAIT_READY",0,1,0,0,0,0,0,1
3038,3038,0,0,1,00,1,0,0,1,0,0,0,0,1,1,"S_WAIT_READY",0,1,0,0,0,0,0,1
3039,3039,0,0,1,00,1,0,0,1,0,0,0,0,1,1,"S_WAIT_READY",0,1,0,0,0,0,0,1
3040,3040,0,0,1,00,1,0,0,1,0,0,0,0,1,1,"S_WAIT_READY",0,1,0,0,0,0,0,1
3041,3041,0,0,1,00,1,0,0,1,0,0,0,0,1,1,"S_WAIT_READY",0,1,0,0,0,0,0,1
3042,3042,0,0,1,00,1,0,0,1,0,0,0,0,1,1,"S_WAIT_READY",0,1,0,0,0,0,0,1
3043,3043,0,0,1,00,1,0,0,1,0,0,0,0,1,1,"S_WAIT_READY",0,1,0,0,0,0,0,1
3044,3044,0,0,1,00,1,0,0,1,0,0,0,0,1,1,"S_WAIT_READY",0,1,0,0,0,0,0,1
3045,3045,0,0,1,00,1,0,0,1,0,0,0,0,1,1,"S_WAIT_READY",0,1,0,0,0,0,0,1
3046,3046,0,0,1,00,1,0,0,1,0,0,0,0,1,1,"S_WAIT_READY",0,1,0,0,0,0,0,1
3047,3047,0,0,1,00,1,0,0,1,0,0,0,0,1,1,"S_WAIT_READY",0,1,0,0,0,0,0,1
3048,3048,0,0,1,00,1,0,0,1,0,0,0,0,1,1,"S_WAIT_READY",0,1,0,0,0,0,0,1
3049,3049,0,0,1,00,1,0,0,1,0,0,0,0,1,1,"S_WAIT_READY",0,1,0,0,0,0,0,1
3050,3050,0,0,1,00,1,0,0,1,0,0,0,0,1,1,"S_WAIT_READY",0,1,0,0,0,0,0,1
3051,3051,0,0,1,00,1,0,0,1,0,0,0,0,1,1,"S_WAIT_READY",0,1,0,0,0,0,0,1
3052,3052,0,0,1,00,1,0,0,1,0,0,0,0,1,1,"S_WAIT_READY",0,1,0,0,0,0,0,1
3053,3053,0,0,1,00,1,0,0,1,0,0,0,0,1,1,"S_WAIT_READY",0,1,0,0,0,0,0,1
3054,3054,0,0,1,00,1,0,0,1,0,0,0,0,1,1,"S_WAIT_READY",0,1,0,0,0,0,0,1
3055,3055,0,0,1,00,1,0,0,1,0,0,0,0,1,1,"S_WAIT_READY",0,1,0,0,0,0,0,1
3056,3056,0,0,1,00,1,0,0,1,0,0,0,0,1,1,"S_WAIT_READY",0,1,0,0,0,0,0,1
3057,3057,0,0,1,00,1,0,0,1,0,0,0,0,1,1,"S_WAIT_READY",0,1,0,0,0,0,0,1
3058,3058,0,0,1,00,1,0,0,1,0,0,0,0,1,1,"S_WAIT_READY",0,1,0,0,0,0,0,1
3059,3059,0,0,1,00,1,0,0,1,0,0,0,0,1,1,"S_WAIT_READY",0,1,0,0,0,0,0,1
3060,3060,0,0,1,00,1,0,0,1,0,0,0,0,1,1,"S_WAIT_READY",0,1,0,0,0,0,0,1
3061,3061,0,0,1,00,1,0,0,1,0,0,0,0,1,1,"S_WAIT_READY",0,1,0,0,0,0,0,1
3062,3062,0,0,1,00,1,0,0,1,0,0,0,0,1,1,"S_WAIT_READY",0,1,0,0,0,0,0,1
3063,3063,0,0,1,00,1,0,0,1,0,0,0,0,1,1,"S_WAIT_READY",0,1,0,0,0,0,0,1
3064,3064,0,0,1,00,1,0,0,1,0,0,0,0,1,1,"S_WAIT_READY",0,1,0,0,0,0,0,1
3065,3065,0,0,1,00,1,0,0,1,0,0,0,0,1,1,"S_WAIT_READY",0,1,0,0,0,0,0,1
3066,3066,0,0,1,00,1,0,0,1,0,0,0,0,1,1,"S_WAIT_READY",0,1,0,0,0,0,0,1
3067,3067,0,0,1,00,1,0,0,1,0,0,0,0,1,1,"S_WAIT_READY",0,1,0,0,0,0,0,1
3068,3068,0,0,1,00,1,0,0,1,0,0,0,0,1,1,"S_WAIT_READY",0,1,0,0,0,0,0,1
3069,3069,0,0,1,00,1,0,0,1,0,0,0,0,1,1,"S_WAIT_READY",0,1,0,0,0,0,0,1
3070,3070,0,0,1,00,1,0,0,1,0,0,0,0,1,1,"S_WAIT_READY",0,1,0,0,0,0,0,1
3071,3071,0,0,1,00,1,0,0,1,0,0,0,0,1,1,"S_WAIT_READY",0,1,0,0,0,0,0,1
3072,3072,0,0,1,00,1,0,0,1,0,0,0,0,1,1,"S_WAIT_READY",0,1,0,0,0,0,0,1
3073,3073,0,0,1,00,1,0,0,1,0,0,0,0,1,1,"S_WAIT_READY",0,1,0,0,0,0,0,1
3074,3074,0,0,1,00,1,0,0,1,0,0,0,0,1,1,"S_WAIT_READY",0,1,0,0,0,0,0,1
3075,3075,0,0,1,00,1,0,0,1,0,0,0,0,1,1,"S_WAIT_READY",0,1,0,0,0,0,0,1
3076,3076,0,0,1,00,1,0,0,1,0,0,0,0,1,1,"S_WAIT_READY",0,1,0,0,0,0,0,1
3077,3077,0,0,1,00,1,0,0,1,0,0,0,0,1,1,"S_WAIT_READY",0,1,0,0,0,0,0,1
3078,3078,0,0,1,00,1,0,0,1,0,0,0,0,1,1,"S_WAIT_READY",0,1,0,0,0,0,0,1
3079,3079,0,0,1,00,1,0,0,1,0,0,0,0,1,1,"S_WAIT_READY",0,1,0,0,0,0,0,1
3080,3080,0,0,1,00,1,0,0,1,0,0,0,0,1,1,"S_WAIT_READY",0,1,0,0,0,0,0,1
3081,3081,0,0,1,00,1,0,0,1,0,0,0,0,1,1,"S_WAIT_READY",0,1,0,0,0,0,0,1
3082,3082,0,0,1,00,1,0,0,1,0,0,0,0,1,1,"S_WAIT_READY",0,1,0,0,0,0,0,1
3083,3083,0,0,1,00,1,0,0,1,0,0,0,0,1,1,"S_WAIT_READY",0,1,0,0,0,0,0,1
3084,3084,0,0,1,00,1,0,0,1,0,0,0,0,1,1,"S_WAIT_READY",0,1,0,0,0,0,0,1
3085,3085,0,0,1,00,1,0,0,1,0,0,0,0,1,1,"S_WAIT_READY",0,1,0,0,0,0,0,1
3086,3086,0,0,1,00,1,0,0,1,0,0,0,0,1,1,"S_WAIT_READY",0,1,0,0,0,0,0,1
3087,3087,0,0,1,00,1,0,0,1,0,0,0,0,1,1,"S_WAIT_READY",0,1,0,0,0,0,0,1
3088,3088,0,0,1,00,1,0,0,1,0,0,0,0,1,1,"S_WAIT_READY",0,1,0,0,0,0,0,1
3089,3089,0,0,1,00,1,0,0,1,0,0,0,0,1,1,"S_WAIT_READY",0,1,0,0,0,0,0,1
3090,3090,0,0,1,00,1,0,0,1,0,0,0,0,1,1,"S_WAIT_READY",0,1,0,0,0,0,0,1
3091,3091,0,0,1,00,1,0,0,1,0,0,0,0,1,1,"S_WAIT_READY",0,1,0,0,0,0,0,1
3092,3092,0,0,1,00,1,0,0,1,0,0,0,0,1,1,"S_WAIT_READY",0,1,0,0,0,0,0,1
3093,3093,0,0,1,00,1,0,0,1,0,0,0,0,1,1,"S_WAIT_READY",0,1,0,0,0,0,0,1
3094,3094,0,0,1,00,1,0,0,1,0,0,0,0,1,1,"S_WAIT_READY",0,1,0,0,0,0,0,1
3095,3095,0,0,1,00,1,0,0,1,0,0,0,0,1,1,"S_WAIT_READY",0,1,0,0,0,0,0,1
3096,3096,0,0,1,00,1,0,0,1,0,0,0,0,1,1,"S_WAIT_READY",0,1,0,0,0,0,0,1
3097,3097,0,0,1,00,1,0,0,1,0,0,0,0,1,1,"S_WAIT_READY",0,1,0,0,0,0,0,1
3098,3098,0,0,1,00,1,0,0,1,0,0,0,0,1,1,"S_WAIT_READY",0,1,0,0,0,0,0,1
3099,3099,0,0,1,00,1,0,0,1,0,0,0,0,1,1,"S_WAIT_READY",0,1,0,0,0,0,0,1
3100,3100,0,0,1,00,1,0,0,1,0,0,0,0,1,1,"S_WAIT_READY",0,1,0,0,0,0,0,1
3101,3101,0,0,1,00,1,0,0,1,0,0,0,0,1,1,"S_WAIT_READY",0,1,0,0,0,0,0,1
3102,3102,0,0,1,00,1,0,0,1,0,0,0,0,1,1,"S_WAIT_READY",0,1,0,0,0,0,0,1
3103,3103,0,0,1,00,1,0,0,1,0,0,0,0,1,1,"S_WAIT_READY",0,1,0,0,0,0,0,1
3104,3104,0,0,1,00,1,0,0,1,0,0,0,0,1,1,"S_WAIT_READY",0,1,0,0,0,0,0,1
3105,3105,0,0,1,00,1,0,0,1,0,0,0,0,1,1,"S_WAIT_READY",0,1,0,0,0,0,0,1
3106,3106,0,0,1,00,1,0,0,1,0,0,0,0,1,1,"S_WAIT_READY",0,1,0,0,0,0,0,1
3107,3107,0,0,1,00,1,0,0,1,0,0,0,0,1,1,"S_WAIT_READY",0,1,0,0,0,0,0,1
3108,3108,0,0,1,00,1,0,0,1,0,0,0,0,1,1,"S_WAIT_READY",0,1,0,0,0,0,0,1
3109,3109,0,0,1,00,1,0,0,1,0,0,0,0,1,1,"S_WAIT_READY",0,1,0,0,0,0,0,1
3110,3110,0,0,1,00,1,0,0,1,0,0,0,0,1,1,"S_WAIT_READY",0,1,0,0,0,0,0,1
3111,3111,0,0,1,00,1,0,0,1,0,0,0,0,1,1,"S_WAIT_READY",0,1,0,0,0,0,0,1
3112,3112,0,0,1,00,1,0,0,1,0,0,0,0,1,1,"S_WAIT_READY",0,1,0,0,0,0,0,1
3113,3113,0,0,1,00,1,0,0,1,0,0,0,0,1,1,"S_WAIT_READY",0,1,0,0,0,0,0,1
3114,3114,0,0,1,00,1,0,0,1,0,0,0,0,1,1,"S_WAIT_READY",0,1,0,0,0,0,0,1
3115,3115,0,0,1,00,1,0,0,1,0,0,0,0,1,1,"S_WAIT_READY",0,1,0,0,0,0,0,1
3116,3116,0,0,1,00,1,0,0,1,0,0,0,0,1,1,"S_WAIT_READY",0,1,0,0,0,0,0,1
3117,3117,0,0,1,00,1,0,0,1,0,0,0,0,1,1,"S_WAIT_READY",0,1,0,0,0,0,0,1
3118,3118,0,0,1,00,1,0,0,1,0,0,0,0,1,1,"S_WAIT_READY",0,1,0,0,0,0,0,1
3119,3119,0,0,1,00,1,0,0,1,0,0,0,0,1,1,"S_WAIT_READY",0,1,0,0,0,0,0,1
3120,3120,0,0,1,00,1,0,0,1,0,0,0,0,1,1,"S_WAIT_READY",0,1,0,0,0,0,0,1
3121,3121,0,0,1,00,1,0,0,1,0,0,0,0,1,1,"S_WAIT_READY",0,1,0,0,0,0,0,1
3122,3122,0,0,1,00,1,0,0,1,0,0,0,0,1,1,"S_WAIT_READY",0,1,0,0,0,0,0,1
3123,3123,0,0,1,00,1,0,0,1,0,0,0,0,1,1,"S_WAIT_READY",0,1,0,0,0,0,0,1
3124,3124,0,0,1,00,1,0,0,1,0,0,0,0,1,1,"S_WAIT_READY",0,1,0,0,0,0,0,1
3125,3125,0,0,1,00,1,0,0,1,0,0,0,0,1,1,"S_WAIT_READY",0,1,0,0,0,0,0,1
3126,3126,0,0,1,00,1,0,0,1,0,0,0,0,1,1,"S_WAIT_READY",0,1,0,0,0,0,0,1
3127,3127,0,0,1,00,1,0,0,1,0,0,0,0,1,1,"S_WAIT_READY",0,1,0,0,0,0,0,1
3128,3128,0,0,1,00,1,0,0,1,0,0,0,0,1,1,"S_WAIT_READY",0,1,0,0,0,0,0,1
3129,3129,0,0,1,00,1,0,0,1,0,0,0,0,1,1,"S_WAIT_READY",0,1,0,0,0,0,0,1
3130,3130,0,0,1,00,1,0,0,1,0,0,0,0,1,1,"S_WAIT_READY",0,1,0,0,0,0,0,1
3131,3131,0,0,1,00,1,0,0,1,0,0,0,0,1,1,"S_WAIT_READY",0,1,0,0,0,0,0,1
3132,3132,0,0,1,00,1,0,0,1,0,0,0,0,1,1,"S_WAIT_READY",0,1,0,0,0,0,0,1
3133,3133,0,0,1,00,1,0,0,1,0,0,0,0,1,1,"S_WAIT_READY",0,1,0,0,0,0,0,1
3134,3134,0,0,1,00,1,0,0,1,0,0,0,0,1,1,"S_WAIT_READY",0,1,0,0,0,0,0,1
3135,3135,0,0,1,00,1,0,0,1,0,0,0,0,1,1,"S_WAIT_READY",0,1,0,0,0,0,0,1
3136,3136,0,0,1,00,1,0,0,1,0,0,0,0,1,1,"S_WAIT_READY",0,1,0,0,0,0,0,1
3137,3137,0,0,1,00,1,0,0,1,0,0,0,0,1,1,"S_WAIT_READY",0,1,0,0,0,0,0,1
3138,3138,0,0,1,00,1,0,0,1,0,0,0,0,1,1,"S_WAIT_READY",0,1,0,0,0,0,0,1
3139,3139,0,0,1,00,1,0,0,1,0,0,0,0,1,1,"S_WAIT_READY",0,1,0,0,0,0,0,1
3140,3140,0,0,1,00,1,0,0,1,0,0,0,0,1,1,"S_WAIT_READY",0,1,0,0,0,0,0,1
3141,3141,0,0,1,00,1,0,0,1,0,0,0,0,1,1,"S_WAIT_READY",0,1,0,0,0,0,0,1
3142,3142,0,0,1,00,1,0,0,1,0,0,0,0,1,1,"S_WAIT_READY",0,1,0,0,0,0,0,1
3143,3143,0,0,1,00,1,0,0,1,0,0,0,0,1,1,"S_WAIT_READY",0,1,0,0,0,0,0,1
3144,3144,0,0,1,00,1,0,0,1,0,0,0,0,1,1,"S_WAIT_READY",0,1,0,0,0,0,0,1
3145,3145,0,0,1,00,1,0,0,1,0,0,0,0,1,1,"S_WAIT_READY",0,1,0,0,0,0,0,1
3146,3146,0,0,1,00,1,0,0,1,0,0,0,0,1,1,"S_WAIT_READY",0,1,0,0,0,0,0,1
3147,3147,0,0,1,00,1,0,0,1,0,0,0,0,1,1,"S_WAIT_READY",0,1,0,0,0,0,0,1
3148,3148,0,0,1,00,1,0,0,1,0,0,0,0,1,1,"S_WAIT_READY",0,1,0,0,0,0,0,1
3149,3149,0,0,1,00,1,0,0,1,0,0,0,0,1,1,"S_WAIT_READY",0,1,0,0,0,0,0,1
3150,3150,0,0,1,00,1,0,0,1,0,0,0,0,1,1,"S_WAIT_READY",0,1,0,0,0,0,0,1
3151,3151,0,0,1,00,1,0,0,1,0,0,0,0,1,1,"S_WAIT_READY",0,1,0,0,0,0,0,1
3152,3152,0,0,1,00,1,0,0,1,0,0,0,0,1,1,"S_WAIT_READY",0,1,0,0,0,0,0,1
3153,3153,0,0,1,00,1,0,0,1,0,0,0,0,1,1,"S_WAIT_READY",0,1,0,0,0,0,0,1
3154,3154,0,0,1,00,1,0,0,1,0,0,0,0,1,1,"S_WAIT_READY",0,1,0,0,0,0,0,1
3155,3155,0,0,1,00,1,0,0,1,0,0,0,0,1,1,"S_WAIT_READY",0,1,0,0,0,0,0,1
3156,3156,0,0,1,00,1,0,0,1,0,0,0,0,1,1,"S_WAIT_READY",0,1,0,0,0,0,0,1
3157,3157,0,0,1,00,1,0,0,1,0,0,0,0,1,1,"S_WAIT_READY",0,1,0,0,0,0,0,1
3158,3158,0,0,1,00,1,0,0,1,0,0,0,0,1,1,"S_WAIT_READY",0,1,0,0,0,0,0,1
3159,3159,0,0,1,00,1,0,0,1,0,0,0,0,1,1,"S_WAIT_READY",0,1,0,0,0,0,0,1
3160,3160,0,0,1,00,1,0,0,1,0,0,0,0,1,1,"S_WAIT_READY",0,1,0,0,0,0,0,1
3161,3161,0,0,1,00,1,0,0,1,0,0,0,0,1,1,"S_WAIT_READY",0,1,0,0,0,0,0,1
3162,3162,0,0,1,00,1,0,0,1,0,0,0,0,1,1,"S_WAIT_READY",0,1,0,0,0,0,0,1
3163,3163,0,0,1,00,1,0,0,1,0,0,0,0,1,1,"S_WAIT_READY",0,1,0,0,0,0,0,1
3164,3164,0,0,1,00,1,0,0,1,0,0,0,0,1,1,"S_WAIT_READY",0,1,0,0,0,0,0,1
3165,3165,0,0,1,00,1,0,0,1,0,0,0,0,1,1,"S_WAIT_READY",0,1,0,0,0,0,0,1
3166,3166,0,0,1,00,1,0,0,1,0,0,0,0,1,1,"S_WAIT_READY",0,1,0,0,0,0,0,1
3167,3167,0,0,1,00,1,0,0,1,0,0,0,0,1,1,"S_WAIT_READY",0,1,0,0,0,0,0,1
3168,3168,0,0,1,00,1,0,0,1,0,0,0,0,1,1,"S_WAIT_READY",0,1,0,0,0,0,0,1
3169,3169,0,0,1,00,1,0,0,1,0,0,0,0,1,1,"S_WAIT_READY",0,1,0,0,0,0,0,1
3170,3170,0,0,1,00,1,0,0,1,0,0,0,0,1,1,"S_WAIT_READY",0,1,0,0,0,0,0,1
3171,3171,0,0,1,00,1,0,0,1,0,0,0,0,1,1,"S_WAIT_READY",0,1,0,0,0,0,0,1
3172,3172,0,0,1,00,1,0,0,1,0,0,0,0,1,1,"S_WAIT_READY",0,1,0,0,0,0,0,1
3173,3173,0,0,1,00,1,0,0,1,0,0,0,0,1,1,"S_WAIT_READY",0,1,0,0,0,0,0,1
3174,3174,0,0,1,00,1,0,0,1,0,0,0,0,1,1,"S_WAIT_READY",0,1,0,0,0,0,0,1
3175,3175,0,0,1,00,1,0,0,1,0,0,0,0,1,1,"S_WAIT_READY",0,1,0,0,0,0,0,1
3176,3176,0,0,1,00,1,0,0,1,0,0,0,0,1,1,"S_WAIT_READY",0,1,0,0,0,0,0,1
3177,3177,0,0,1,00,1,0,0,1,0,0,0,0,1,1,"S_WAIT_READY",0,1,0,0,0,0,0,1
3178,3178,0,0,1,00,1,0,0,1,0,0,0,0,1,1,"S_WAIT_READY",0,1,0,0,0,0,0,1
3179,3179,0,0,1,00,1,0,0,1,0,0,0,0,1,1,"S_WAIT_READY",0,1,0,0,0,0,0,1
3180,3180,0,0,1,00,1,0,0,1,0,0,0,0,1,1,"S_WAIT_READY",0,1,0,0,0,0,0,1
3181,3181,0,0,1,00,1,0,0,1,0,0,0,0,1,1,"S_WAIT_READY",0,1,0,0,0,0,0,1
3182,3182,0,0,1,00,1,0,0,1,0,0,0,0,1,1,"S_WAIT_READY",0,1,0,0,0,0,0,1
3183,3183,0,0,1,00,1,0,0,1,0,0,0,0,1,1,"S_WAIT_READY",0,1,0,0,0,0,0,1
3184,3184,0,0,1,00,1,0,0,1,0,0,0,0,1,1,"S_WAIT_READY",0,1,0,0,0,0,0,1
3185,3185,0,0,1,00,1,0,0,1,0,0,0,0,1,1,"S_WAIT_READY",0,1,0,0,0,0,0,1
3186,3186,0,0,1,00,1,0,0,1,0,0,0,0,1,1,"S_WAIT_READY",0,1,0,0,0,0,0,1
3187,3187,0,0,1,00,1,0,0,1,0,0,0,0,1,1,"S_WAIT_READY",0,1,0,0,0,0,0,1
3188,3188,0,0,1,00,1,0,0,1,0,0,0,0,1,1,"S_WAIT_READY",0,1,0,0,0,0,0,1
3189,3189,0,0,1,00,1,0,0,1,0,0,0,0,1,1,"S_WAIT_READY",0,1,0,0,0,0,0,1
3190,3190,0,0,1,00,1,0,0,1,0,0,0,0,1,1,"S_WAIT_READY",0,1,0,0,0,0,0,1
3191,3191,0,0,1,00,1,0,0,1,0,0,0,0,1,1,"S_WAIT_READY",0,1,0,0,0,0,0,1
3192,3192,0,0,1,00,1,0,0,1,0,0,0,0,1,1,"S_WAIT_READY",0,1,0,0,0,0,0,1
3193,3193,0,0,1,00,1,0,0,1,0,0,0,0,1,1,"S_WAIT_READY",0,1,0,0,0,0,0,1
3194,3194,0,0,1,00,1,0,0,1,0,0,0,0,1,1,"S_WAIT_READY",0,1,0,0,0,0,0,1
3195,3195,0,0,1,00,1,0,0,1,0,0,0,0,1,1,"S_WAIT_READY",0,1,0,0,0,0,0,1
3196,3196,0,0,1,00,1,0,0,1,0,0,0,0,1,1,"S_WAIT_READY",0,1,0,0,0,0,0,1
3197,3197,0,0,1,00,1,0,0,1,0,0,0,0,1,1,"S_WAIT_READY",0,1,0,0,0,0,0,1
3198,3198,0,0,1,00,1,0,0,1,0,0,0,0,1,1,"S_WAIT_READY",0,1,0,0,0,0,0,1
3199,3199,0,0,1,00,1,0,0,1,0,0,0,0,1,1,"S_WAIT_READY",0,1,0,0,0,0,0,1
3200,3200,0,0,1,00,1,0,0,1,0,0,0,0,1,1,"S_WAIT_READY",0,1,0,0,0,0,0,1
3201,3201,0,0,1,00,1,0,0,1,0,0,0,0,1,1,"S_WAIT_READY",0,1,0,0,0,0,0,1
3202,3202,0,0,1,00,1,0,0,1,0,0,0,0,1,1,"S_WAIT_READY",0,1,0,0,0,0,0,1
3203,3203,0,0,1,00,1,0,0,1,0,0,0,0,1,1,"S_WAIT_READY",0,1,0,0,0,0,0,1
3204,3204,0,0,1,00,1,0,0,1,0,0,0,0,1,1,"S_WAIT_READY",0,1,0,0,0,0,0,1
3205,3205,0,0,1,00,1,0,0,1,0,0,0,0,1,1,"S_WAIT_READY",0,1,0,0,0,0,0,1
3206,3206,0,0,1,00,1,0,0,1,0,0,0,0,1,1,"S_WAIT_READY",0,1,0,0,0,0,0,1
3207,3207,0,0,1,00,1,0,0,1,0,0,0,0,1,1,"S_WAIT_READY",0,1,0,0,0,0,0,1
3208,3208,0,0,1,00,1,0,0,1,0,0,0,0,1,1,"S_WAIT_READY",0,1,0,0,0,0,0,1
3209,3209,0,0,1,00,1,0,0,1,0,0,0,0,1,1,"S_WAIT_READY",0,1,0,0,0,0,0,1
3210,3210,0,0,1,00,1,0,0,1,0,0,0,0,1,1,"S_WAIT_READY",0,1,0,0,0,0,0,1
3211,3211,0,0,1,00,1,0,0,1,0,0,0,0,1,1,"S_WAIT_READY",0,1,0,0,0,0,0,1
3212,3212,0,0,1,00,1,0,0,1,0,0,0,0,1,1,"S_WAIT_READY",0,1,0,0,0,0,0,1
3213,3213,0,0,1,00,1,0,0,1,0,0,0,0,1,1,"S_WAIT_READY",0,1,0,0,0,0,0,1
3214,3214,0,0,1,00,1,0,0,1,0,0,0,0,1,1,"S_WAIT_READY",0,1,0,0,0,0,0,1
3215,3215,0,0,1,00,1,0,0,1,0,0,0,0,1,1,"S_WAIT_READY",0,1,0,0,0,0,0,1
3216,3216,0,0,1,00,1,0,0,1,0,0,0,0,1,1,"S_WAIT_READY",0,1,0,0,0,0,0,1
3217,3217,0,0,1,00,1,0,0,1,0,0,0,0,1,1,"S_WAIT_READY",0,1,0,0,0,0,0,1
3218,3218,0,0,1,00,1,0,0,1,0,0,0,0,1,1,"S_WAIT_READY",0,1,0,0,0,0,0,1
3219,3219,0,0,1,00,1,0,0,1,0,0,0,0,1,1,"S_WAIT_READY",0,1,0,0,0,0,0,1
3220,3220,0,0,1,00,1,0,0,1,0,0,0,0,1,1,"S_WAIT_READY",0,1,0,0,0,0,0,1
3221,3221,0,0,1,00,1,0,0,1,0,0,0,0,1,1,"S_WAIT_READY",0,1,0,0,0,0,0,1
3222,3222,0,0,1,00,1,0,0,1,0,0,0,0,1,1,"S_WAIT_READY",0,1,0,0,0,0,0,1
3223,3223,0,0,1,00,1,0,0,1,0,0,0,0,1,1,"S_WAIT_READY",0,1,0,0,0,0,0,1
3224,3224,0,0,1,00,1,0,0,1,0,0,0,0,1,1,"S_WAIT_READY",0,1,0,0,0,0,0,1
3225,3225,0,0,1,00,1,0,0,1,0,0,0,0,1,1,"S_WAIT_READY",0,1,0,0,0,0,0,1
3226,3226,0,0,1,00,1,0,0,1,0,0,0,0,1,1,"S_WAIT_READY",0,1,0,0,0,0,0,1
3227,3227,0,0,1,00,1,0,0,1,0,0,0,0,1,1,"S_WAIT_READY",0,1,0,0,0,0,0,1
3228,3228,0,0,1,00,1,0,0,1,0,0,0,0,1,1,"S_WAIT_READY",0,1,0,0,0,0,0,1
3229,3229,0,0,1,00,1,0,0,1,0,0,0,0,1,1,"S_WAIT_READY",0,1,0,0,0,0,0,1
3230,3230,0,0,1,00,1,0,0,1,0,0,0,0,1,1,"S_WAIT_READY",0,1,0,0,0,0,0,1
3231,3231,0,0,1,00,1,0,0,1,0,0,0,0,1,1,"S_WAIT_READY",0,1,0,0,0,0,0,1
3232,3232,0,0,1,00,1,0,0,1,0,0,0,0,1,1,"S_WAIT_READY",0,1,0,0,0,0,0,1
3233,3233,0,0,1,00,1,0,0,1,0,0,0,0,1,1,"S_WAIT_READY",0,1,0,0,0,0,0,1
3234,3234,0,0,1,00,1,0,0,1,0,0,0,0,1,1,"S_WAIT_READY",0,1,0,0,0,0,0,1
3235,3235,0,0,1,00,1,0,0,1,0,0,0,0,1,1,"S_WAIT_READY",0,1,0,0,0,0,0,1
3236,3236,0,0,1,00,1,0,0,1,0,0,0,0,1,1,"S_WAIT_READY",0,1,0,0,0,0,0,1
3237,3237,0,0,1,00,1,0,0,1,0,0,0,0,1,1,"S_WAIT_READY",0,1,0,0,0,0,0,1
3238,3238,0,0,1,00,1,0,0,1,0,0,0,0,1,1,"S_WAIT_READY",0,1,0,0,0,0,0,1
3239,3239,0,0,1,00,1,0,0,1,0,0,0,0,1,1,"S_WAIT_READY",0,1,0,0,0,0,0,1
3240,3240,0,0,1,00,1,0,0,1,0,0,0,0,1,1,"S_WAIT_READY",0,1,0,0,0,0,0,1
3241,3241,0,0,1,00,1,0,0,1,0,0,0,0,1,1,"S_WAIT_READY",0,1,0,0,0,0,0,1
3242,3242,0,0,1,00,1,0,0,1,0,0,0,0,1,1,"S_WAIT_READY",0,1,0,0,0,0,0,1
3243,3243,0,0,1,00,1,0,0,1,0,0,0,0,1,1,"S_WAIT_READY",0,1,0,0,0,0,0,1
3244,3244,0,0,1,00,1,0,0,1,0,0,0,0,1,1,"S_WAIT_READY",0,1,0,0,0,0,0,1
3245,3245,0,0,1,00,1,0,0,1,0,0,0,0,1,1,"S_WAIT_READY",0,1,0,0,0,0,0,1
3246,3246,0,0,1,00,1,0,0,1,0,0,0,0,1,1,"S_WAIT_READY",0,1,0,0,0,0,0,1
3247,3247,0,0,1,00,1,0,0,1,0,0,0,0,1,1,"S_WAIT_READY",0,1,0,0,0,0,0,1
3248,3248,0,0,1,00,1,0,0,1,0,0,0,0,1,1,"S_WAIT_READY",0,1,0,0,0,0,0,1
3249,3249,0,0,1,00,1,0,0,1,0,0,0,0,1,1,"S_WAIT_READY",0,1,0,0,0,0,0,1
3250,3250,0,0,1,00,1,0,0,1,0,0,0,0,1,1,"S_WAIT_READY",0,1,0,0,0,0,0,1
3251,3251,0,0,1,00,1,0,0,1,0,0,0,0,1,1,"S_WAIT_READY",0,1,0,0,0,0,0,1
3252,3252,0,0,1,00,1,0,0,1,0,0,0,0,1,1,"S_WAIT_READY",0,1,0,0,0,0,0,1
3253,3253,0,0,1,00,1,0,0,1,0,0,0,0,1,1,"S_WAIT_READY",0,1,0,0,0,0,0,1
3254,3254,0,0,1,00,1,0,0,1,0,0,0,0,1,1,"S_WAIT_READY",0,1,0,0,0,0,0,1
3255,3255,0,0,1,00,1,0,0,1,0,0,0,0,1,1,"S_WAIT_READY",0,1,0,0,0,0,0,1
3256,3256,0,0,1,00,1,0,0,1,0,0,0,0,1,1,"S_WAIT_READY",0,1,0,0,0,0,0,1
3257,3257,0,0,1,00,1,0,0,1,0,0,0,0,1,1,"S_WAIT_READY",0,1,0,0,0,0,0,1
3258,3258,0,0,1,00,1,0,0,1,0,0,0,0,1,1,"S_WAIT_READY",0,1,0,0,0,0,0,1
3259,3259,0,0,1,00,1,0,0,1,0,0,0,0,1,1,"S_WAIT_READY",0,1,0,0,0,0,0,1
3260,3260,0,0,1,00,1,0,0,1,0,0,0,0,1,1,"S_WAIT_READY",0,1,0,0,0,0,0,1
3261,3261,0,0,1,00,1,0,0,1,0,0,0,0,1,1,"S_WAIT_READY",0,1,0,0,0,0,0,1
3262,3262,0,0,1,00,1,0,0,1,0,0,0,0,1,1,"S_WAIT_READY",0,1,0,0,0,0,0,1
3263,3263,0,0,1,00,1,0,0,1,0,0,0,0,1,1,"S_WAIT_READY",0,1,0,0,0,0,0,1
3264,3264,0,0,1,00,1,0,0,1,0,0,0,0,1,1,"S_WAIT_READY",0,1,0,0,0,0,0,1
3265,3265,0,0,1,00,1,0,0,1,0,0,0,0,1,1,"S_WAIT_READY",0,1,0,0,0,0,0,1
3266,3266,0,0,1,00,1,0,0,1,0,0,0,0,1,1,"S_WAIT_READY",0,1,0,0,0,0,0,1
3267,3267,0,0,1,00,1,0,0,1,0,0,0,0,1,1,"S_WAIT_READY",0,1,0,0,0,0,0,1
3268,3268,0,0,1,00,1,0,0,1,0,0,0,0,1,1,"S_WAIT_READY",0,1,0,0,0,0,0,1
3269,3269,0,0,1,00,1,0,0,1,0,0,0,0,1,1,"S_WAIT_READY",0,1,0,0,0,0,0,1
3270,3270,0,0,1,00,1,0,0,1,0,0,0,0,1,1,"S_WAIT_READY",0,1,0,0,0,0,0,1
3271,3271,0,0,1,00,1,0,0,1,0,0,0,0,1,1,"S_WAIT_READY",0,1,0,0,0,0,0,1
3272,3272,0,0,1,00,1,0,0,1,0,0,0,0,1,1,"S_WAIT_READY",0,1,0,0,0,0,0,1
3273,3273,0,0,1,00,1,0,0,1,0,0,0,0,1,1,"S_WAIT_READY",0,1,0,0,0,0,0,1
3274,3274,0,0,1,00,1,0,0,1,0,0,0,0,1,1,"S_WAIT_READY",0,1,0,0,0,0,0,1
3275,3275,0,0,1,00,1,0,0,1,0,0,0,0,1,1,"S_WAIT_READY",0,1,0,0,0,0,0,1
3276,3276,0,0,1,00,1,0,0,1,0,0,0,0,1,1,"S_WAIT_READY",0,1,0,0,0,0,0,1
3277,3277,0,0,1,00,1,0,0,1,0,0,0,0,1,1,"S_WAIT_READY",0,1,0,0,0,0,0,1
3278,3278,0,0,1,00,1,0,0,1,0,0,0,0,1,1,"S_WAIT_READY",0,1,0,0,0,0,0,1
3279,3279,0,0,1,00,1,0,0,1,0,0,0,0,1,1,"S_WAIT_READY",0,1,0,0,0,0,0,1
3280,3280,0,0,1,00,1,0,0,1,0,0,0,0,1,1,"S_WAIT_READY",0,1,0,0,0,0,0,1
3281,3281,0,0,1,00,1,0,0,1,0,0,0,0,1,1,"S_WAIT_READY",0,1,0,0,0,0,0,1
3282,3282,0,0,1,00,1,0,0,1,0,0,0,0,1,1,"S_WAIT_READY",0,1,0,0,0,0,0,1
3283,3283,0,0,1,00,1,0,0,1,0,0,0,0,1,1,"S_WAIT_READY",0,1,0,0,0,0,0,1
3284,3284,0,0,1,00,1,0,0,1,0,0,0,0,1,1,"S_WAIT_READY",0,1,0,0,0,0,0,1
3285,3285,0,0,1,00,1,0,0,1,0,0,0,0,1,1,"S_WAIT_READY",0,1,0,0,0,0,0,1
3286,3286,0,0,1,00,1,0,0,1,0,0,0,0,1,1,"S_WAIT_READY",0,1,0,0,0,0,0,1
3287,3287,0,0,1,00,1,0,0,1,0,0,0,0,1,1,"S_WAIT_READY",0,1,0,0,0,0,0,1
3288,3288,0,0,1,00,1,0,0,1,0,0,0,0,1,1,"S_WAIT_READY",0,1,0,0,0,0,0,1
3289,3289,0,0,1,00,1,0,0,1,0,0,0,0,1,1,"S_WAIT_READY",0,1,0,0,0,0,0,1
3290,3290,0,0,1,00,1,0,0,1,0,0,0,0,1,1,"S_WAIT_READY",0,1,0,0,0,0,0,1
3291,3291,0,0,1,00,1,0,0,1,0,0,0,0,1,1,"S_WAIT_READY",0,1,0,0,0,0,0,1
3292,3292,0,0,1,00,1,0,0,1,0,0,0,0,1,1,"S_WAIT_READY",0,1,0,0,0,0,0,1
3293,3293,0,0,1,00,1,0,0,1,0,0,0,0,1,1,"S_WAIT_READY",0,1,0,0,0,0,0,1
3294,3294,0,0,1,00,1,0,0,1,0,0,0,0,1,1,"S_WAIT_READY",0,1,0,0,0,0,0,1
3295,3295,0,0,1,00,1,0,0,1,0,0,0,0,1,1,"S_WAIT_READY",0,1,0,0,0,0,0,1
3296,3296,0,0,1,00,1,0,0,1,0,0,0,0,1,1,"S_WAIT_READY",0,1,0,0,0,0,0,1
3297,3297,0,0,1,00,1,0,0,1,0,0,0,0,1,1,"S_WAIT_READY",0,1,0,0,0,0,0,1
3298,3298,0,0,1,00,1,0,0,1,0,0,0,0,1,1,"S_WAIT_READY",0,1,0,0,0,0,0,1
3299,3299,0,0,1,00,1,0,0,1,0,0,0,0,1,1,"S_WAIT_READY",0,1,0,0,0,0,0,1
3300,3300,0,0,1,00,1,0,0,1,0,0,0,0,1,1,"S_WAIT_READY",0,1,0,0,0,0,0,1
3301,3301,0,0,1,00,1,0,0,1,0,0,0,0,1,1,"S_WAIT_READY",0,1,0,0,0,0,0,1
3302,3302,0,0,1,00,1,0,0,1,0,0,0,0,1,1,"S_WAIT_READY",0,1,0,0,0,0,0,1
3303,3303,0,0,1,00,1,0,0,1,0,0,0,0,1,1,"S_WAIT_READY",0,1,0,0,0,0,0,1
3304,3304,0,0,1,00,1,0,0,1,0,0,0,0,1,1,"S_WAIT_READY",0,1,0,0,0,0,0,1
3305,3305,0,0,1,00,1,0,0,1,0,0,0,0,1,1,"S_WAIT_READY",0,1,0,0,0,0,0,1
3306,3306,0,0,1,00,1,0,0,1,0,0,0,0,1,1,"S_WAIT_READY",0,1,0,0,0,0,0,1
3307,3307,0,0,1,00,1,0,0,1,0,0,0,0,1,1,"S_WAIT_READY",0,1,0,0,0,0,0,1
3308,3308,0,0,1,00,1,0,0,1,0,0,0,0,1,1,"S_WAIT_READY",0,1,0,0,0,0,0,1
3309,3309,0,0,1,00,1,0,0,1,0,0,0,0,1,1,"S_WAIT_READY",0,1,0,0,0,0,0,1
3310,3310,0,0,1,00,1,0,0,1,0,0,0,0,1,1,"S_WAIT_READY",0,1,0,0,0,0,0,1
3311,3311,0,0,1,00,1,0,0,1,0,0,0,0,1,1,"S_WAIT_READY",0,1,0,0,0,0,0,1
3312,3312,0,0,1,00,1,0,0,1,0,0,0,0,1,1,"S_WAIT_READY",0,1,0,0,0,0,0,1
3313,3313,0,0,1,00,1,0,0,1,0,0,0,0,1,1,"S_WAIT_READY",0,1,0,0,0,0,0,1
3314,3314,0,0,1,00,1,0,0,1,0,0,0,0,1,1,"S_WAIT_READY",0,1,0,0,0,0,0,1
3315,3315,0,0,1,00,1,0,0,1,0,0,0,0,1,1,"S_WAIT_READY",0,1,0,0,0,0,0,1
3316,3316,0,0,1,00,1,0,0,1,0,0,0,0,1,1,"S_WAIT_READY",0,1,0,0,0,0,0,1
3317,3317,0,0,1,00,1,0,0,1,0,0,0,0,1,1,"S_WAIT_READY",0,1,0,0,0,0,0,1
3318,3318,0,0,1,00,1,0,0,1,0,0,0,0,1,1,"S_WAIT_READY",0,1,0,0,0,0,0,1
3319,3319,0,0,1,00,1,0,0,1,0,0,0,0,1,1,"S_WAIT_READY",0,1,0,0,0,0,0,1
3320,3320,0,0,1,00,1,0,0,1,0,0,0,0,1,1,"S_WAIT_READY",0,1,0,0,0,0,0,1
3321,3321,0,0,1,00,1,0,0,1,0,0,0,0,1,1,"S_WAIT_READY",0,1,0,0,0,0,0,1
3322,3322,0,0,1,00,1,0,0,1,0,0,0,0,1,1,"S_WAIT_READY",0,1,0,0,0,0,0,1
3323,3323,0,0,1,00,1,0,0,1,0,0,0,0,1,1,"S_WAIT_READY",0,1,0,0,0,0,0,1
3324,3324,0,0,1,00,1,0,0,1,0,0,0,0,1,1,"S_WAIT_READY",0,1,0,0,0,0,0,1
3325,3325,0,0,1,00,1,0,0,1,0,0,0,0,1,1,"S_WAIT_READY",0,1,0,0,0,0,0,1
3326,3326,0,0,1,00,1,0,0,1,0,0,0,0,1,1,"S_WAIT_READY",0,1,0,0,0,0,0,1
3327,3327,0,0,1,00,1,0,0,1,0,0,0,0,1,1,"S_WAIT_READY",0,1,0,0,0,0,0,1
3328,3328,0,0,1,00,1,0,0,1,0,0,0,0,1,1,"S_WAIT_READY",0,1,0,0,0,0,0,1
3329,3329,0,0,1,00,1,0,0,1,0,0,0,0,1,1,"S_WAIT_READY",0,1,0,0,0,0,0,1
3330,3330,0,0,1,00,1,0,0,1,0,0,0,0,1,1,"S_WAIT_READY",0,1,0,0,0,0,0,1
3331,3331,0,0,1,00,1,0,0,1,0,0,0,0,1,1,"S_WAIT_READY",0,1,0,0,0,0,0,1
3332,3332,0,0,1,00,1,0,0,1,0,0,0,0,1,1,"S_WAIT_READY",0,1,0,0,0,0,0,1
3333,3333,0,0,1,00,1,0,0,1,0,0,0,0,1,1,"S_WAIT_READY",0,1,0,0,0,0,0,1
3334,3334,0,0,1,00,1,0,0,1,0,0,0,0,1,1,"S_WAIT_READY",0,1,0,0,0,0,0,1
3335,3335,0,0,1,00,1,0,0,1,0,0,0,0,1,1,"S_WAIT_READY",0,1,0,0,0,0,0,1
3336,3336,0,0,1,00,1,0,0,1,0,0,0,0,1,1,"S_WAIT_READY",0,1,0,0,0,0,0,1
3337,3337,0,0,1,00,1,0,0,1,0,0,0,0,1,1,"S_WAIT_READY",0,1,0,0,0,0,0,1
3338,3338,0,0,1,00,1,0,0,1,0,0,0,0,1,1,"S_WAIT_READY",0,1,0,0,0,0,0,1
3339,3339,0,0,1,00,1,0,0,1,0,0,0,0,1,1,"S_WAIT_READY",0,1,0,0,0,0,0,1
3340,3340,0,0,1,00,1,0,0,1,0,0,0,0,1,1,"S_WAIT_READY",0,1,0,0,0,0,0,1
3341,3341,0,0,1,00,1,0,0,1,0,0,0,0,1,1,"S_WAIT_READY",0,1,0,0,0,0,0,1
3342,3342,0,0,1,00,1,0,0,1,0,0,0,0,1,1,"S_WAIT_READY",0,1,0,0,0,0,0,1
3343,3343,0,0,1,00,1,0,0,1,0,0,0,0,1,1,"S_WAIT_READY",0,1,0,0,0,0,0,1
3344,3344,0,0,1,00,1,0,0,1,0,0,0,0,1,1,"S_WAIT_READY",0,1,0,0,0,0,0,1
3345,3345,0,0,1,00,1,0,0,1,0,0,0,0,1,1,"S_WAIT_READY",0,1,0,0,0,0,0,1
3346,3346,0,0,1,00,1,0,0,1,0,0,0,0,1,1,"S_WAIT_READY",0,1,0,0,0,0,0,1
3347,3347,0,0,1,00,1,0,0,1,0,0,0,0,1,1,"S_WAIT_READY",0,1,0,0,0,0,0,1
3348,3348,0,0,1,00,1,0,0,1,0,0,0,0,1,1,"S_WAIT_READY",0,1,0,0,0,0,0,1
3349,3349,0,0,1,00,1,0,0,1,0,0,0,0,1,1,"S_WAIT_READY",0,1,0,0,0,0,0,1
3350,3350,0,0,1,00,1,0,0,1,0,0,0,0,1,1,"S_WAIT_READY",0,1,0,0,0,0,0,1
3351,3351,0,0,1,00,1,0,0,1,0,0,0,0,1,1,"S_WAIT_READY",0,1,0,0,0,0,0,1
3352,3352,0,0,1,00,1,0,0,1,0,0,0,0,1,1,"S_WAIT_READY",0,1,0,0,0,0,0,1
3353,3353,0,0,1,00,1,0,0,1,0,0,0,0,1,1,"S_WAIT_READY",0,1,0,0,0,0,0,1
3354,3354,0,0,1,00,1,0,0,1,0,0,0,0,1,1,"S_WAIT_READY",0,1,0,0,0,0,0,1
3355,3355,0,0,1,00,1,0,0,1,0,0,0,0,1,1,"S_WAIT_READY",0,1,0,0,0,0,0,1
3356,3356,0,0,1,00,1,0,0,1,0,0,0,0,1,1,"S_WAIT_READY",0,1,0,0,0,0,0,1
3357,3357,0,0,1,00,1,0,0,1,0,0,0,0,1,1,"S_WAIT_READY",0,1,0,0,0,0,0,1
3358,3358,0,0,1,00,1,0,0,1,0,0,0,0,1,1,"S_WAIT_READY",0,1,0,0,0,0,0,1
3359,3359,0,0,1,00,1,0,0,1,0,0,0,0,1,1,"S_WAIT_READY",0,1,0,0,0,0,0,1
3360,3360,0,0,1,00,1,0,0,1,0,0,0,0,1,1,"S_WAIT_READY",0,1,0,0,0,0,0,1
3361,3361,0,0,1,00,1,0,0,1,0,0,0,0,1,1,"S_WAIT_READY",0,1,0,0,0,0,0,1
3362,3362,0,0,1,00,1,0,0,1,0,0,0,0,1,1,"S_WAIT_READY",0,1,0,0,0,0,0,1
3363,3363,0,0,1,00,1,0,0,1,0,0,0,0,1,1,"S_WAIT_READY",0,1,0,0,0,0,0,1
3364,3364,0,0,1,00,1,0,0,1,0,0,0,0,1,1,"S_WAIT_READY",0,1,0,0,0,0,0,1
3365,3365,0,0,1,00,1,0,0,1,0,0,0,0,1,1,"S_WAIT_READY",0,1,0,0,0,0,0,1
3366,3366,0,0,1,00,1,0,0,1,0,0,0,0,1,1,"S_WAIT_READY",0,1,0,0,0,0,0,1
3367,3367,0,0,1,00,1,0,0,1,0,0,0,0,1,1,"S_WAIT_READY",0,1,0,0,0,0,0,1
3368,3368,0,0,1,00,1,0,0,1,0,0,0,0,1,1,"S_WAIT_READY",0,1,0,0,0,0,0,1
3369,3369,0,0,1,00,1,0,0,1,0,0,0,0,1,1,"S_WAIT_READY",0,1,0,0,0,0,0,1
3370,3370,0,0,1,00,1,0,0,1,0,0,0,0,1,1,"S_WAIT_READY",0,1,0,0,0,0,0,1
3371,3371,0,0,1,00,1,0,0,1,0,0,0,0,1,1,"S_WAIT_READY",0,1,0,0,0,0,0,1
3372,3372,0,0,1,00,1,0,0,1,0,0,0,0,1,1,"S_WAIT_READY",0,1,0,0,0,0,0,1
3373,3373,0,0,1,00,1,0,0,1,0,0,0,0,1,1,"S_WAIT_READY",0,1,0,0,0,0,0,1
3374,3374,0,0,1,00,1,0,0,1,0,0,0,0,1,1,"S_WAIT_READY",0,1,0,0,0,0,0,1
3375,3375,0,0,1,00,1,0,0,1,0,0,0,0,1,1,"S_WAIT_READY",0,1,0,0,0,0,0,1
3376,3376,0,0,1,00,1,0,0,1,0,0,0,0,1,1,"S_WAIT_READY",0,1,0,0,0,0,0,1
3377,3377,0,0,1,00,1,0,0,1,0,0,0,0,1,1,"S_WAIT_READY",0,1,0,0,0,0,0,1
3378,3378,0,0,1,00,1,0,0,1,0,0,0,0,1,1,"S_WAIT_READY",0,1,0,0,0,0,0,1
3379,3379,0,0,1,00,1,0,0,1,0,0,0,0,1,1,"S_WAIT_READY",0,1,0,0,0,0,0,1
3380,3380,0,0,1,00,1,0,0,1,0,0,0,0,1,1,"S_WAIT_READY",0,1,0,0,0,0,0,1
3381,3381,0,0,1,00,1,0,0,1,0,0,0,0,1,1,"S_WAIT_READY",0,1,0,0,0,0,0,1
3382,3382,0,0,1,00,1,0,0,1,0,0,0,0,1,1,"S_WAIT_READY",0,1,0,0,0,0,0,1
3383,3383,0,0,1,00,1,0,0,1,0,0,0,0,1,1,"S_WAIT_READY",0,1,0,0,0,0,0,1
3384,3384,0,0,1,00,1,0,0,1,0,0,0,0,1,1,"S_WAIT_READY",0,1,0,0,0,0,0,1
3385,3385,0,0,1,00,1,0,0,1,0,0,0,0,1,1,"S_WAIT_READY",0,1,0,0,0,0,0,1
3386,3386,0,0,1,00,1,0,0,1,0,0,0,0,1,1,"S_WAIT_READY",0,1,0,0,0,0,0,1
3387,3387,0,0,1,00,1,0,0,1,0,0,0,0,1,1,"S_WAIT_READY",0,1,0,0,0,0,0,1
3388,3388,0,0,1,00,1,0,0,1,0,0,0,0,1,1,"S_WAIT_READY",0,1,0,0,0,0,0,1
3389,3389,0,0,1,00,1,0,0,1,0,0,0,0,1,1,"S_WAIT_READY",0,1,0,0,0,0,0,1
3390,3390,0,0,1,00,1,0,0,1,0,0,0,0,1,1,"S_WAIT_READY",0,1,0,0,0,0,0,1
3391,3391,0,0,1,00,1,0,0,1,0,0,0,0,1,1,"S_WAIT_READY",0,1,0,0,0,0,0,1
3392,3392,0,0,1,00,1,0,0,1,0,0,0,0,1,1,"S_WAIT_READY",0,1,0,0,0,0,0,1
3393,3393,0,0,1,00,1,0,0,1,0,0,0,0,1,1,"S_WAIT_READY",0,1,0,0,0,0,0,1
3394,3394,0,0,1,00,1,0,0,1,0,0,0,0,1,1,"S_WAIT_READY",0,1,0,0,0,0,0,1
3395,3395,0,0,1,00,1,0,0,1,0,0,0,0,1,1,"S_WAIT_READY",0,1,0,0,0,0,0,1
3396,3396,0,0,1,00,1,0,0,1,0,0,0,0,1,1,"S_WAIT_READY",0,1,0,0,0,0,0,1
3397,3397,0,0,1,00,1,0,0,1,0,0,0,0,1,1,"S_WAIT_READY",0,1,0,0,0,0,0,1
3398,3398,0,0,1,00,1,0,0,1,0,0,0,0,1,1,"S_WAIT_READY",0,1,0,0,0,0,0,1
3399,3399,0,0,1,00,1,0,0,1,0,0,0,0,1,1,"S_WAIT_READY",0,1,0,0,0,0,0,1
3400,3400,0,0,1,00,1,0,0,1,0,0,0,0,1,1,"S_WAIT_READY",0,1,0,0,0,0,0,1
3401,3401,0,0,1,00,1,0,0,1,0,0,0,0,1,1,"S_WAIT_READY",0,1,0,0,0,0,0,1
3402,3402,0,0,1,00,1,0,0,1,0,0,0,0,1,1,"S_WAIT_READY",0,1,0,0,0,0,0,1
3403,3403,0,0,1,00,1,0,0,1,0,0,0,0,1,1,"S_WAIT_READY",0,1,0,0,0,0,0,1
3404,3404,0,0,1,00,1,0,0,1,0,0,0,0,1,1,"S_WAIT_READY",0,1,0,0,0,0,0,1
3405,3405,0,0,1,00,1,0,0,1,0,0,0,0,1,1,"S_WAIT_READY",0,1,0,0,0,0,0,1
3406,3406,0,0,1,00,1,0,0,1,0,0,0,0,1,1,"S_WAIT_READY",0,1,0,0,0,0,0,1
3407,3407,0,0,1,00,1,0,0,1,0,0,0,0,1,1,"S_WAIT_READY",0,1,0,0,0,0,0,1
3408,3408,0,0,1,00,1,0,0,1,0,0,0,0,1,1,"S_WAIT_READY",0,1,0,0,0,0,0,1
3409,3409,0,0,1,00,1,0,0,1,0,0,0,0,1,1,"S_WAIT_READY",0,1,0,0,0,0,0,1
3410,3410,0,0,1,00,1,0,0,1,0,0,0,0,1,1,"S_WAIT_READY",0,1,0,0,0,0,0,1
3411,3411,0,0,1,00,1,0,0,1,0,0,0,0,1,1,"S_WAIT_READY",0,1,0,0,0,0,0,1
3412,3412,0,0,1,00,1,0,0,1,0,0,0,0,1,1,"S_WAIT_READY",0,1,0,0,0,0,0,1
3413,3413,0,0,1,00,1,0,0,1,0,0,0,0,1,1,"S_WAIT_READY",0,1,0,0,0,0,0,1
3414,3414,0,0,1,00,1,0,0,1,0,0,0,0,1,1,"S_WAIT_READY",0,1,0,0,0,0,0,1
3415,3415,0,0,1,00,1,0,0,1,0,0,0,0,1,1,"S_WAIT_READY",0,1,0,0,0,0,0,1
3416,3416,0,0,1,00,1,0,0,1,0,0,0,0,1,1,"S_WAIT_READY",0,1,0,0,0,0,0,1
3417,3417,0,0,1,00,1,0,0,1,0,0,0,0,1,1,"S_WAIT_READY",0,1,0,0,0,0,0,1
3418,3418,0,0,1,00,1,0,0,1,0,0,0,0,1,1,"S_WAIT_READY",0,1,0,0,0,0,0,1
3419,3419,0,0,1,00,1,0,0,1,0,0,0,0,1,1,"S_WAIT_READY",0,1,0,0,0,0,0,1
3420,3420,0,0,1,00,1,0,0,1,0,0,0,0,1,1,"S_WAIT_READY",0,1,0,0,0,0,0,1
3421,3421,0,0,1,00,1,0,0,1,0,0,0,0,1,1,"S_WAIT_READY",0,1,0,0,0,0,0,1
3422,3422,0,0,1,00,1,0,0,1,0,0,0,0,1,1,"S_WAIT_READY",0,1,0,0,0,0,0,1
3423,3423,0,0,1,00,1,0,0,1,0,0,0,0,1,1,"S_WAIT_READY",0,1,0,0,0,0,0,1
3424,3424,0,0,1,00,1,0,0,1,0,0,0,0,1,1,"S_WAIT_READY",0,1,0,0,0,0,0,1
3425,3425,0,0,1,00,1,0,0,1,0,0,0,0,1,1,"S_WAIT_READY",0,1,0,0,0,0,0,1
3426,3426,0,0,1,00,1,0,0,1,0,0,0,0,1,1,"S_WAIT_READY",0,1,0,0,0,0,0,1
3427,3427,0,0,1,00,1,0,0,1,0,0,0,0,1,1,"S_WAIT_READY",0,1,0,0,0,0,0,1
3428,3428,0,0,1,00,1,0,0,1,0,0,0,0,1,1,"S_WAIT_READY",0,1,0,0,0,0,0,1
3429,3429,0,0,1,00,1,0,0,1,0,0,0,0,1,1,"S_WAIT_READY",0,1,0,0,0,0,0,1
3430,3430,0,0,1,00,1,0,0,1,0,0,0,0,1,1,"S_WAIT_READY",0,1,0,0,0,0,0,1
3431,3431,0,0,1,00,1,0,0,1,0,0,0,0,1,1,"S_WAIT_READY",0,1,0,0,0,0,0,1
3432,3432,0,0,1,00,1,0,0,1,0,0,0,0,1,1,"S_WAIT_READY",0,1,0,0,0,0,0,1
3433,3433,0,0,1,00,1,0,0,1,0,0,0,0,1,1,"S_WAIT_READY",0,1,0,0,0,0,0,1
3434,3434,0,0,1,00,1,0,0,1,0,0,0,0,1,1,"S_WAIT_READY",0,1,0,0,0,0,0,1
3435,3435,0,0,1,00,1,0,0,1,0,0,0,0,1,1,"S_WAIT_READY",0,1,0,0,0,0,0,1
3436,3436,0,0,1,00,1,0,0,1,0,0,0,0,1,1,"S_WAIT_READY",0,1,0,0,0,0,0,1
3437,3437,0,0,1,00,1,0,0,1,0,0,0,0,1,1,"S_WAIT_READY",0,1,0,0,0,0,0,1
3438,3438,0,0,1,00,1,0,0,1,0,0,0,0,1,1,"S_WAIT_READY",0,1,0,0,0,0,0,1
3439,3439,0,0,1,00,1,0,0,1,0,0,0,0,1,1,"S_WAIT_READY",0,1,0,0,0,0,0,1
3440,3440,0,0,1,00,1,0,0,1,0,0,0,0,1,1,"S_WAIT_READY",0,1,0,0,0,0,0,1
3441,3441,0,0,1,00,1,0,0,1,0,0,0,0,1,1,"S_WAIT_READY",0,1,0,0,0,0,0,1
3442,3442,0,0,1,00,1,0,0,1,0,0,0,0,1,1,"S_WAIT_READY",0,1,0,0,0,0,0,1
3443,3443,0,0,1,00,1,0,0,1,0,0,0,0,1,1,"S_WAIT_READY",0,1,0,0,0,0,0,1
3444,3444,0,0,1,00,1,0,0,1,0,0,0,0,1,1,"S_WAIT_READY",0,1,0,0,0,0,0,1
3445,3445,0,0,1,00,1,0,0,1,0,0,0,0,1,1,"S_WAIT_READY",0,1,0,0,0,0,0,1
3446,3446,0,0,1,00,1,0,0,1,0,0,0,0,1,1,"S_WAIT_READY",0,1,0,0,0,0,0,1
3447,3447,0,0,1,00,1,0,0,1,0,0,0,0,1,1,"S_WAIT_READY",0,1,0,0,0,0,0,1
3448,3448,0,0,1,00,1,0,0,1,0,0,0,0,1,1,"S_WAIT_READY",0,1,0,0,0,0,0,1
3449,3449,0,0,1,00,1,0,0,1,0,0,0,0,1,1,"S_WAIT_READY",0,1,0,0,0,0,0,1
3450,3450,0,0,1,00,1,0,0,1,0,0,0,0,1,1,"S_WAIT_READY",0,1,0,0,0,0,0,1
3451,3451,0,0,1,00,1,0,0,1,0,0,0,0,1,1,"S_WAIT_READY",0,1,0,0,0,0,0,1
3452,3452,0,0,1,00,1,0,0,1,0,0,0,0,1,1,"S_WAIT_READY",0,1,0,0,0,0,0,1
3453,3453,0,0,1,00,1,0,0,1,0,0,0,0,1,1,"S_WAIT_READY",0,1,0,0,0,0,0,1
3454,3454,0,0,1,00,1,0,0,1,0,0,0,0,1,1,"S_WAIT_READY",0,1,0,0,0,0,0,1
3455,3455,0,0,1,00,1,0,0,1,0,0,0,0,1,1,"S_WAIT_READY",0,1,0,0,0,0,0,1
3456,3456,0,0,1,00,1,0,0,1,0,0,0,0,1,1,"S_WAIT_READY",0,1,0,0,0,0,0,1
3457,3457,0,0,1,00,1,0,0,1,0,0,0,0,1,1,"S_WAIT_READY",0,1,0,0,0,0,0,1
3458,3458,0,0,1,00,1,0,0,1,0,0,0,0,1,1,"S_WAIT_READY",0,1,0,0,0,0,0,1
3459,3459,0,0,1,00,1,0,0,1,0,0,0,0,1,1,"S_WAIT_READY",0,1,0,0,0,0,0,1
3460,3460,0,0,1,00,1,0,0,1,0,0,0,0,1,1,"S_WAIT_READY",0,1,0,0,0,0,0,1
3461,3461,0,0,1,00,1,0,0,1,0,0,0,0,1,1,"S_WAIT_READY",0,1,0,0,0,0,0,1
3462,3462,0,0,1,00,1,0,0,1,0,0,0,0,1,1,"S_WAIT_READY",0,1,0,0,0,0,0,1
3463,3463,0,0,1,00,1,0,0,1,0,0,0,0,1,1,"S_WAIT_READY",0,1,0,0,0,0,0,1
3464,3464,0,0,1,00,1,0,0,1,0,0,0,0,1,1,"S_WAIT_READY",0,1,0,0,0,0,0,1
3465,3465,0,0,1,00,1,0,0,1,0,0,0,0,1,1,"S_WAIT_READY",0,1,0,0,0,0,0,1
3466,3466,0,0,1,00,1,0,0,1,0,0,0,0,1,1,"S_WAIT_READY",0,1,0,0,0,0,0,1
3467,3467,0,0,1,00,1,0,0,1,0,0,0,0,1,1,"S_WAIT_READY",0,1,0,0,0,0,0,1
3468,3468,0,0,1,00,1,0,0,1,0,0,0,0,1,1,"S_WAIT_READY",0,1,0,0,0,0,0,1
3469,3469,0,0,1,00,1,0,0,1,0,0,0,0,1,1,"S_WAIT_READY",0,1,0,0,0,0,0,1
3470,3470,0,0,1,00,1,0,0,1,0,0,0,0,1,1,"S_WAIT_READY",0,1,0,0,0,0,0,1
3471,3471,0,0,1,00,1,0,0,1,0,0,0,0,1,1,"S_WAIT_READY",0,1,0,0,0,0,0,1
3472,3472,0,0,1,00,1,0,0,1,0,0,0,0,1,1,"S_WAIT_READY",0,1,0,0,0,0,0,1
3473,3473,0,0,1,00,1,0,0,1,0,0,0,0,1,1,"S_WAIT_READY",0,1,0,0,0,0,0,1
3474,3474,0,0,1,00,1,0,0,1,0,0,0,0,1,1,"S_WAIT_READY",0,1,0,0,0,0,0,1
3475,3475,0,0,1,00,1,0,0,1,0,0,0,0,1,1,"S_WAIT_READY",0,1,0,0,0,0,0,1
3476,3476,0,0,1,00,1,0,0,1,0,0,0,0,1,1,"S_WAIT_READY",0,1,0,0,0,0,0,1
3477,3477,0,0,1,00,1,0,0,1,0,0,0,0,1,1,"S_WAIT_READY",0,1,0,0,0,0,0,1
3478,3478,0,0,1,00,1,0,0,1,0,0,0,0,1,1,"S_WAIT_READY",0,1,0,0,0,0,0,1
3479,3479,0,0,1,00,1,0,0,1,0,0,0,0,1,1,"S_WAIT_READY",0,1,0,0,0,0,0,1
3480,3480,0,0,1,00,1,0,0,1,0,0,0,0,1,1,"S_WAIT_READY",0,1,0,0,0,0,0,1
3481,3481,0,0,1,00,1,0,0,1,0,0,0,0,1,1,"S_WAIT_READY",0,1,0,0,0,0,0,1
3482,3482,0,0,1,00,1,0,0,1,0,0,0,0,1,1,"S_WAIT_READY",0,1,0,0,0,0,0,1
3483,3483,0,0,1,00,1,0,0,1,0,0,0,0,1,1,"S_WAIT_READY",0,1,0,0,0,0,0,1
3484,3484,0,0,1,00,1,0,0,1,0,0,0,0,1,1,"S_WAIT_READY",0,1,0,0,0,0,0,1
3485,3485,0,0,1,00,1,0,0,1,0,0,0,0,1,1,"S_WAIT_READY",0,1,0,0,0,0,0,1
3486,3486,0,0,1,00,1,0,0,1,0,0,0,0,1,1,"S_WAIT_READY",0,1,0,0,0,0,0,1
3487,3487,0,0,1,00,1,0,0,1,0,0,0,0,1,1,"S_WAIT_READY",0,1,0,0,0,0,0,1
3488,3488,0,0,1,00,1,0,0,1,0,0,0,0,1,1,"S_WAIT_READY",0,1,0,0,0,0,0,1
3489,3489,0,0,1,00,1,0,0,1,0,0,0,0,1,1,"S_WAIT_READY",0,1,0,0,0,0,0,1
3490,3490,0,0,1,00,1,0,0,1,0,0,0,0,1,1,"S_WAIT_READY",0,1,0,0,0,0,0,1
3491,3491,0,0,1,00,1,0,0,1,0,0,0,0,1,1,"S_WAIT_READY",0,1,0,0,0,0,0,1
3492,3492,0,0,1,00,1,0,0,1,0,0,0,0,1,1,"S_WAIT_READY",0,1,0,0,0,0,0,1
3493,3493,0,0,1,00,1,0,0,1,0,0,0,0,1,1,"S_WAIT_READY",0,1,0,0,0,0,0,1
3494,3494,0,0,1,00,1,0,0,1,0,0,0,0,1,1,"S_WAIT_READY",0,1,0,0,0,0,0,1
3495,3495,0,0,1,00,1,0,0,1,0,0,0,0,1,1,"S_WAIT_READY",0,1,0,0,0,0,0,1
3496,3496,0,0,1,00,1,0,0,1,0,0,0,0,1,1,"S_WAIT_READY",0,1,0,0,0,0,0,1
3497,3497,0,0,1,00,1,0,0,1,0,0,0,0,1,1,"S_WAIT_READY",0,1,0,0,0,0,0,1
3498,3498,0,0,1,00,1,0,0,1,0,0,0,0,1,1,"S_WAIT_READY",0,1,0,0,0,0,0,1
3499,3499,0,0,1,00,1,0,0,1,0,0,0,0,1,1,"S_WAIT_READY",0,1,0,0,0,0,0,1
3500,3500,0,0,1,00,1,0,0,1,0,0,0,0,1,1,"S_WAIT_READY",0,1,0,0,0,0,0,1
3501,3501,0,0,1,00,1,0,0,1,0,0,0,0,1,1,"S_WAIT_READY",0,1,0,0,0,0,0,1
3502,3502,0,0,1,00,1,0,0,1,0,0,0,0,1,1,"S_WAIT_READY",0,1,0,0,0,0,0,1
3503,3503,0,0,1,00,1,0,0,1,0,0,0,0,1,1,"S_WAIT_READY",0,1,0,0,0,0,0,1
3504,3504,0,0,1,00,1,0,0,1,0,0,0,0,1,1,"S_WAIT_READY",0,1,0,0,0,0,0,1
3505,3505,0,0,1,00,1,0,0,1,0,0,0,0,1,1,"S_WAIT_READY",0,1,0,0,0,0,0,1
3506,3506,0,0,1,00,1,0,0,1,0,0,0,0,1,1,"S_WAIT_READY",0,1,0,0,0,0,0,1
3507,3507,0,0,1,00,1,0,0,1,0,0,0,0,1,1,"S_WAIT_READY",0,1,0,0,0,0,0,1
3508,3508,0,0,1,00,1,0,0,1,0,0,0,0,1,1,"S_WAIT_READY",0,1,0,0,0,0,0,1
3509,3509,0,0,1,00,1,0,0,1,0,0,0,0,1,1,"S_WAIT_READY",0,1,0,0,0,0,0,1
3510,3510,0,0,1,00,1,0,0,1,0,0,0,0,1,1,"S_WAIT_READY",0,1,0,0,0,0,0,1
3511,3511,0,0,1,00,1,0,0,1,0,0,0,0,1,1,"S_WAIT_READY",0,1,0,0,0,0,0,1
3512,3512,0,0,1,00,1,0,0,1,0,0,0,0,1,1,"S_WAIT_READY",0,1,0,0,0,0,0,1
3513,3513,0,0,1,00,1,0,0,1,0,0,0,0,1,1,"S_WAIT_READY",0,1,0,0,0,0,0,1
3514,3514,0,0,1,00,1,0,0,1,0,0,0,0,1,1,"S_WAIT_READY",0,1,0,0,0,0,0,1
3515,3515,0,0,1,00,1,0,0,1,0,0,0,0,1,1,"S_WAIT_READY",0,1,0,0,0,0,0,1
3516,3516,0,0,1,00,1,0,0,1,0,0,0,0,1,1,"S_WAIT_READY",0,1,0,0,0,0,0,1
3517,3517,0,0,1,00,1,0,0,1,0,0,0,0,1,1,"S_WAIT_READY",0,1,0,0,0,0,0,1
3518,3518,0,0,1,00,1,0,0,1,0,0,0,0,1,1,"S_WAIT_READY",0,1,0,0,0,0,0,1
3519,3519,0,0,1,00,1,0,0,1,0,0,0,0,1,1,"S_WAIT_READY",0,1,0,0,0,0,0,1
3520,3520,0,0,1,00,1,0,0,1,0,0,0,0,1,1,"S_WAIT_READY",0,1,0,0,0,0,0,1
3521,3521,0,0,1,00,1,0,0,1,0,0,0,0,1,1,"S_WAIT_READY",0,1,0,0,0,0,0,1
3522,3522,0,0,1,00,1,0,0,1,0,0,0,0,1,1,"S_WAIT_READY",0,1,0,0,0,0,0,1
3523,3523,0,0,1,00,1,0,0,1,0,0,0,0,1,1,"S_WAIT_READY",0,1,0,0,0,0,0,1
3524,3524,0,0,1,00,1,0,0,1,0,0,0,0,1,1,"S_WAIT_READY",0,1,0,0,0,0,0,1
3525,3525,0,0,1,00,1,0,0,1,0,0,0,0,1,1,"S_WAIT_READY",0,1,0,0,0,0,0,1
3526,3526,0,0,1,00,1,0,0,1,0,0,0,0,1,1,"S_WAIT_READY",0,1,0,0,0,0,0,1
3527,3527,0,0,1,00,1,0,0,1,0,0,0,0,1,1,"S_WAIT_READY",0,1,0,0,0,0,0,1
3528,3528,0,0,1,00,1,0,0,1,0,0,0,0,1,1,"S_WAIT_READY",0,1,0,0,0,0,0,1
3529,3529,0,0,1,00,1,0,0,1,0,0,0,0,1,1,"S_WAIT_READY",0,1,0,0,0,0,0,1
3530,3530,0,0,1,00,1,0,0,1,0,0,0,0,1,1,"S_WAIT_READY",0,1,0,0,0,0,0,1
3531,3531,0,0,1,00,1,0,0,1,0,0,0,0,1,1,"S_WAIT_READY",0,1,0,0,0,0,0,1
3532,3532,0,0,1,00,1,0,0,1,0,0,0,0,1,1,"S_WAIT_READY",0,1,0,0,0,0,0,1
3533,3533,0,0,1,00,1,0,0,1,0,0,0,0,1,1,"S_WAIT_READY",0,1,0,0,0,0,0,1
3534,3534,0,0,1,00,1,0,0,1,0,0,0,0,1,1,"S_WAIT_READY",0,1,0,0,0,0,0,1
3535,3535,0,0,1,00,1,0,0,1,0,0,0,0,1,1,"S_WAIT_READY",0,1,0,0,0,0,0,1
3536,3536,0,0,1,00,1,0,0,1,0,0,0,0,1,1,"S_WAIT_READY",0,1,0,0,0,0,0,1
3537,3537,0,0,1,00,1,0,0,1,0,0,0,0,1,1,"S_WAIT_READY",0,1,0,0,0,0,0,1
3538,3538,0,0,1,00,1,0,0,1,0,0,0,0,1,1,"S_WAIT_READY",0,1,0,0,0,0,0,1
3539,3539,0,0,1,00,1,0,0,1,0,0,0,0,1,1,"S_WAIT_READY",0,1,0,0,0,0,0,1
3540,3540,0,0,1,00,1,0,0,1,0,0,0,0,1,1,"S_WAIT_READY",0,1,0,0,0,0,0,1
3541,3541,0,0,1,00,1,0,0,1,0,0,0,0,1,1,"S_WAIT_READY",0,1,0,0,0,0,0,1
3542,3542,0,0,1,00,1,0,0,1,0,0,0,0,1,1,"S_WAIT_READY",0,1,0,0,0,0,0,1
3543,3543,0,0,1,00,1,0,0,1,0,0,0,0,1,1,"S_WAIT_READY",0,1,0,0,0,0,0,1
3544,3544,0,0,1,00,1,0,0,1,0,0,0,0,1,1,"S_WAIT_READY",0,1,0,0,0,0,0,1
3545,3545,0,0,1,00,1,0,0,1,0,0,0,0,1,1,"S_WAIT_READY",0,1,0,0,0,0,0,1
3546,3546,0,0,1,00,1,0,0,1,0,0,0,0,1,1,"S_WAIT_READY",0,1,0,0,0,0,0,1
3547,3547,0,0,1,00,1,0,0,1,0,0,0,0,1,1,"S_WAIT_READY",0,1,0,0,0,0,0,1
3548,3548,0,0,1,00,1,0,0,1,0,0,0,0,1,1,"S_WAIT_READY",0,1,0,0,0,0,0,1
3549,3549,0,0,1,00,1,0,0,1,0,0,0,0,1,1,"S_WAIT_READY",0,1,0,0,0,0,0,1
3550,3550,0,0,1,00,1,0,0,1,0,0,0,0,1,1,"S_WAIT_READY",0,1,0,0,0,0,0,1
3551,3551,0,0,1,00,1,0,0,1,0,0,0,0,1,1,"S_WAIT_READY",0,1,0,0,0,0,0,1
3552,3552,0,0,1,00,1,0,0,1,0,0,0,0,1,1,"S_WAIT_READY",0,1,0,0,0,0,0,1
3553,3553,0,0,1,00,1,0,0,1,0,0,0,0,1,1,"S_WAIT_READY",0,1,0,0,0,0,0,1
3554,3554,0,0,1,00,1,0,0,1,0,0,0,0,1,1,"S_WAIT_READY",0,1,0,0,0,0,0,1
3555,3555,0,0,1,00,1,0,0,1,0,0,0,0,1,1,"S_WAIT_READY",0,1,0,0,0,0,0,1
3556,3556,0,0,1,00,1,0,0,1,0,0,0,0,1,1,"S_WAIT_READY",0,1,0,0,0,0,0,1
3557,3557,0,0,1,00,1,0,0,1,0,0,0,0,1,1,"S_WAIT_READY",0,1,0,0,0,0,0,1
3558,3558,0,0,1,00,1,0,0,1,0,0,0,0,1,1,"S_WAIT_READY",0,1,0,0,0,0,0,1
3559,3559,0,0,1,00,1,0,0,1,0,0,0,0,1,1,"S_WAIT_READY",0,1,0,0,0,0,0,1
3560,3560,0,0,1,00,1,0,0,1,0,0,0,0,1,1,"S_WAIT_READY",0,1,0,0,0,0,0,1
3561,3561,0,0,1,00,1,0,0,1,0,0,0,0,1,1,"S_WAIT_READY",0,1,0,0,0,0,0,1
3562,3562,0,0,1,00,1,0,0,1,0,0,0,0,1,1,"S_WAIT_READY",0,1,0,0,0,0,0,1
3563,3563,0,0,1,00,1,0,0,1,0,0,0,0,1,1,"S_WAIT_READY",0,1,0,0,0,0,0,1
3564,3564,0,0,1,00,1,0,0,1,0,0,0,0,1,1,"S_WAIT_READY",0,1,0,0,0,0,0,1
3565,3565,0,0,1,00,1,0,0,1,0,0,0,0,1,1,"S_WAIT_READY",0,1,0,0,0,0,0,1
3566,3566,0,0,1,00,1,0,0,1,0,0,0,0,1,1,"S_WAIT_READY",0,1,0,0,0,0,0,1
3567,3567,0,0,1,00,1,0,0,1,0,0,0,0,1,1,"S_WAIT_READY",0,1,0,0,0,0,0,1
3568,3568,0,0,1,00,1,0,0,1,0,0,0,0,1,1,"S_WAIT_READY",0,1,0,0,0,0,0,1
3569,3569,0,0,1,00,1,0,0,1,0,0,0,0,1,1,"S_WAIT_READY",0,1,0,0,0,0,0,1
3570,3570,0,0,1,00,1,0,0,1,0,0,0,0,1,1,"S_WAIT_READY",0,1,0,0,0,0,0,1
3571,3571,0,0,1,00,1,0,0,1,0,0,0,0,1,1,"S_WAIT_READY",0,1,0,0,0,0,0,1
3572,3572,0,0,1,00,1,0,0,1,0,0,0,0,1,1,"S_WAIT_READY",0,1,0,0,0,0,0,1
3573,3573,0,0,1,00,1,0,0,1,0,0,0,0,1,1,"S_WAIT_READY",0,1,0,0,0,0,0,1
3574,3574,0,0,1,00,1,0,0,1,0,0,0,0,1,1,"S_WAIT_READY",0,1,0,0,0,0,0,1
3575,3575,0,0,1,00,1,0,0,1,0,0,0,0,1,1,"S_WAIT_READY",0,1,0,0,0,0,0,1
3576,3576,0,0,1,00,1,0,0,1,0,0,0,0,1,1,"S_WAIT_READY",0,1,0,0,0,0,0,1
3577,3577,0,0,1,00,1,0,0,1,0,0,0,0,1,1,"S_WAIT_READY",0,1,0,0,0,0,0,1
3578,3578,0,0,1,00,1,0,0,1,0,0,0,0,1,1,"S_WAIT_READY",0,1,0,0,0,0,0,1
3579,3579,0,0,1,00,1,0,0,1,0,0,0,0,1,1,"S_WAIT_READY",0,1,0,0,0,0,0,1
3580,3580,0,0,1,00,1,0,0,1,0,0,0,0,1,1,"S_WAIT_READY",0,1,0,0,0,0,0,1
3581,3581,0,0,1,00,1,0,0,1,0,0,0,0,1,1,"S_WAIT_READY",0,1,0,0,0,0,0,1
3582,3582,0,0,1,00,1,0,0,1,0,0,0,0,1,1,"S_WAIT_READY",0,1,0,0,0,0,0,1
3583,3583,0,0,1,00,1,0,0,1,0,0,0,0,1,1,"S_WAIT_READY",0,1,0,0,0,0,0,1
3584,3584,0,0,1,00,1,0,0,1,0,0,0,0,1,1,"S_WAIT_READY",0,1,0,0,0,0,0,1
3585,3585,0,0,1,00,1,0,0,1,0,0,0,0,1,1,"S_WAIT_READY",0,1,0,0,0,0,0,1
3586,3586,0,0,1,00,1,0,0,1,0,0,0,0,1,1,"S_WAIT_READY",0,1,0,0,0,0,0,1
3587,3587,0,0,1,00,1,0,0,1,0,0,0,0,1,1,"S_WAIT_READY",0,1,0,0,0,0,0,1
3588,3588,0,0,1,00,1,0,0,1,0,0,0,0,1,1,"S_WAIT_READY",0,1,0,0,0,0,0,1
3589,3589,0,0,1,00,1,0,0,1,0,0,0,0,1,1,"S_WAIT_READY",0,1,0,0,0,0,0,1
3590,3590,0,0,1,00,1,0,0,1,0,0,0,0,1,1,"S_WAIT_READY",0,1,0,0,0,0,0,1
3591,3591,0,0,1,00,1,0,0,1,0,0,0,0,1,1,"S_WAIT_READY",0,1,0,0,0,0,0,1
3592,3592,0,0,1,00,1,0,0,1,0,0,0,0,1,1,"S_WAIT_READY",0,1,0,0,0,0,0,1
3593,3593,0,0,1,00,1,0,0,1,0,0,0,0,1,1,"S_WAIT_READY",0,1,0,0,0,0,0,1
3594,3594,0,0,1,00,1,0,0,1,0,0,0,0,1,1,"S_WAIT_READY",0,1,0,0,0,0,0,1
3595,3595,0,0,1,00,1,0,0,1,0,0,0,0,1,1,"S_WAIT_READY",0,1,0,0,0,0,0,1
3596,3596,0,0,1,00,1,0,0,1,0,0,0,0,1,1,"S_WAIT_READY",0,1,0,0,0,0,0,1
3597,3597,0,0,1,00,1,0,0,1,0,0,0,0,1,1,"S_WAIT_READY",0,1,0,0,0,0,0,1
3598,3598,0,0,1,00,1,0,0,1,0,0,0,0,1,1,"S_WAIT_READY",0,1,0,0,0,0,0,1
3599,3599,0,0,1,00,1,0,0,1,0,0,0,0,1,1,"S_WAIT_READY",0,1,0,0,0,0,0,1
3600,3600,0,0,1,00,1,0,0,1,0,0,0,0,1,1,"S_WAIT_READY",0,1,0,0,0,0,0,1
3601,3601,0,0,1,00,1,0,0,1,0,0,0,0,1,1,"S_WAIT_READY",0,1,0,0,0,0,0,1
3602,3602,0,0,1,00,1,0,0,1,0,0,0,0,1,1,"S_WAIT_READY",0,1,0,0,0,0,0,1
3603,3603,0,0,1,00,1,0,0,1,0,0,0,0,1,1,"S_WAIT_READY",0,1,0,0,0,0,0,1
3604,3604,0,0,1,00,1,0,0,1,0,0,0,0,1,1,"S_WAIT_READY",0,1,0,0,0,0,0,1
3605,3605,0,0,1,00,1,0,0,1,0,0,0,0,1,1,"S_WAIT_READY",0,1,0,0,0,0,0,1
3606,3606,0,0,1,00,1,0,0,1,0,0,0,0,1,1,"S_WAIT_READY",0,1,0,0,0,0,0,1
3607,3607,0,0,1,00,1,0,0,1,0,0,0,0,1,1,"S_WAIT_READY",0,1,0,0,0,0,0,1
3608,3608,0,0,1,00,1,0,0,1,0,0,0,0,1,1,"S_WAIT_READY",0,1,0,0,0,0,0,1
3609,3609,0,0,1,00,1,0,0,1,0,0,0,0,1,1,"S_WAIT_READY",0,1,0,0,0,0,0,1
3610,3610,0,0,1,00,1,0,0,1,0,0,0,0,1,1,"S_WAIT_READY",0,1,0,0,0,0,0,1
3611,3611,0,0,1,00,1,0,0,1,0,0,0,0,1,1,"S_WAIT_READY",0,1,0,0,0,0,0,1
3612,3612,0,0,1,00,1,0,0,1,0,0,0,0,1,1,"S_WAIT_READY",0,1,0,0,0,0,0,1
3613,3613,0,0,1,00,1,0,0,1,0,0,0,0,1,1,"S_WAIT_READY",0,1,0,0,0,0,0,1
3614,3614,0,0,1,00,1,0,0,1,0,0,0,0,1,1,"S_WAIT_READY",0,1,0,0,0,0,0,1
3615,3615,0,0,1,00,1,0,0,1,0,0,0,0,1,1,"S_WAIT_READY",0,1,0,0,0,0,0,1
3616,3616,0,0,1,00,1,0,0,1,0,0,0,0,1,1,"S_WAIT_READY",0,1,0,0,0,0,0,1
3617,3617,0,0,1,00,1,0,0,1,0,0,0,0,1,1,"S_WAIT_READY",0,1,0,0,0,0,0,1
3618,3618,0,0,1,00,1,0,0,1,0,0,0,0,1,1,"S_WAIT_READY",0,1,0,0,0,0,0,1
3619,3619,0,0,1,00,1,0,0,1,0,0,0,0,1,1,"S_WAIT_READY",0,1,0,0,0,0,0,1
3620,3620,0,0,1,00,1,0,0,1,0,0,0,0,1,1,"S_WAIT_READY",0,1,0,0,0,0,0,1
3621,3621,0,0,1,00,1,0,0,1,0,0,0,0,1,1,"S_WAIT_READY",0,1,0,0,0,0,0,1
3622,3622,0,0,1,00,1,0,0,1,0,0,0,0,1,1,"S_WAIT_READY",0,1,0,0,0,0,0,1
3623,3623,0,0,1,00,1,0,0,1,0,0,0,0,1,1,"S_WAIT_READY",0,1,0,0,0,0,0,1
3624,3624,0,0,1,00,1,0,0,1,0,0,0,0,1,1,"S_WAIT_READY",0,1,0,0,0,0,0,1
3625,3625,0,0,1,00,1,0,0,1,0,0,0,0,1,1,"S_WAIT_READY",0,1,0,0,0,0,0,1
3626,3626,0,0,1,00,1,0,0,1,0,0,0,0,1,1,"S_WAIT_READY",0,1,0,0,0,0,0,1
3627,3627,0,0,1,00,1,0,0,1,0,0,0,0,1,1,"S_WAIT_READY",0,1,0,0,0,0,0,1
3628,3628,0,0,1,00,1,0,0,1,0,0,0,0,1,1,"S_WAIT_READY",0,1,0,0,0,0,0,1
3629,3629,0,0,1,00,1,0,0,1,0,0,0,0,1,1,"S_WAIT_READY",0,1,0,0,0,0,0,1
3630,3630,0,0,1,00,1,0,0,1,0,0,0,0,1,1,"S_WAIT_READY",0,1,0,0,0,0,0,1
3631,3631,0,0,1,00,1,0,0,1,0,0,0,0,1,1,"S_WAIT_READY",0,1,0,0,0,0,0,1
3632,3632,0,0,1,00,1,0,0,1,0,0,0,0,1,1,"S_WAIT_READY",0,1,0,0,0,0,0,1
3633,3633,0,0,1,00,1,0,0,1,0,0,0,0,1,1,"S_WAIT_READY",0,1,0,0,0,0,0,1
3634,3634,0,0,1,00,1,0,0,1,0,0,0,0,1,1,"S_WAIT_READY",0,1,0,0,0,0,0,1
3635,3635,0,0,1,00,1,0,0,1,0,0,0,0,1,1,"S_WAIT_READY",0,1,0,0,0,0,0,1
3636,3636,0,0,1,00,1,0,0,1,0,0,0,0,1,1,"S_WAIT_READY",0,1,0,0,0,0,0,1
3637,3637,0,0,1,00,1,0,0,1,0,0,0,0,1,1,"S_WAIT_READY",0,1,0,0,0,0,0,1
3638,3638,0,0,1,00,1,0,0,1,0,0,0,0,1,1,"S_WAIT_READY",0,1,0,0,0,0,0,1
3639,3639,0,0,1,00,1,0,0,1,0,0,0,0,1,1,"S_WAIT_READY",0,1,0,0,0,0,0,1
3640,3640,0,0,1,00,1,0,0,1,0,0,0,0,1,1,"S_WAIT_READY",0,1,0,0,0,0,0,1
3641,3641,0,0,1,00,1,0,0,1,0,0,0,0,1,1,"S_WAIT_READY",0,1,0,0,0,0,0,1
3642,3642,0,0,1,00,1,0,0,1,0,0,0,0,1,1,"S_WAIT_READY",0,1,0,0,0,0,0,1
3643,3643,0,0,1,00,1,0,0,1,0,0,0,0,1,1,"S_WAIT_READY",0,1,0,0,0,0,0,1
3644,3644,0,0,1,00,1,0,0,1,0,0,0,0,1,1,"S_WAIT_READY",0,1,0,0,0,0,0,1
3645,3645,0,0,1,00,1,0,0,1,0,0,0,0,1,1,"S_WAIT_READY",0,1,0,0,0,0,0,1
3646,3646,0,0,1,00,1,0,0,1,0,0,0,0,1,1,"S_WAIT_READY",0,1,0,0,0,0,0,1
3647,3647,0,0,1,00,1,0,0,1,0,0,0,0,1,1,"S_WAIT_READY",0,1,0,0,0,0,0,1
3648,3648,0,0,1,00,1,0,0,1,0,0,0,0,1,1,"S_WAIT_READY",0,1,0,0,0,0,0,1
3649,3649,0,0,1,00,1,0,0,1,0,0,0,0,1,1,"S_WAIT_READY",0,1,0,0,0,0,0,1
3650,3650,0,0,1,00,1,0,0,1,0,0,0,0,1,1,"S_WAIT_READY",0,1,0,0,0,0,0,1
3651,3651,0,0,1,00,1,0,0,1,0,0,0,0,1,1,"S_WAIT_READY",0,1,0,0,0,0,0,1
3652,3652,0,0,1,00,1,0,0,1,0,0,0,0,1,1,"S_WAIT_READY",0,1,0,0,0,0,0,1
3653,3653,0,0,1,00,1,0,0,1,0,0,0,0,1,1,"S_WAIT_READY",0,1,0,0,0,0,0,1
3654,3654,0,0,1,00,1,0,0,1,0,0,0,0,1,1,"S_WAIT_READY",0,1,0,0,0,0,0,1
3655,3655,0,0,1,00,1,0,0,1,0,0,0,0,1,1,"S_WAIT_READY",0,1,0,0,0,0,0,1
3656,3656,0,0,1,00,1,0,0,1,0,0,0,0,1,1,"S_WAIT_READY",0,1,0,0,0,0,0,1
3657,3657,0,0,1,00,1,0,0,1,0,0,0,0,1,1,"S_WAIT_READY",0,1,0,0,0,0,0,1
3658,3658,0,0,1,00,1,0,0,1,0,0,0,0,1,1,"S_WAIT_READY",0,1,0,0,0,0,0,1
3659,3659,0,0,1,00,1,0,0,1,0,0,0,0,1,1,"S_WAIT_READY",0,1,0,0,0,0,0,1
3660,3660,0,0,1,00,1,0,0,1,0,0,0,0,1,1,"S_WAIT_READY",0,1,0,0,0,0,0,1
3661,3661,0,0,1,00,1,0,0,1,0,0,0,0,1,1,"S_WAIT_READY",0,1,0,0,0,0,0,1
3662,3662,0,0,1,00,1,0,0,1,0,0,0,0,1,1,"S_WAIT_READY",0,1,0,0,0,0,0,1
3663,3663,0,0,1,00,1,0,0,1,0,0,0,0,1,1,"S_WAIT_READY",0,1,0,0,0,0,0,1
3664,3664,0,0,1,00,1,0,0,1,0,0,0,0,1,1,"S_WAIT_READY",0,1,0,0,0,0,0,1
3665,3665,0,0,1,00,1,0,0,1,0,0,0,0,1,1,"S_WAIT_READY",0,1,0,0,0,0,0,1
3666,3666,0,0,1,00,1,0,0,1,0,0,0,0,1,1,"S_WAIT_READY",0,1,0,0,0,0,0,1
3667,3667,0,0,1,00,1,0,0,1,0,0,0,0,1,1,"S_WAIT_READY",0,1,0,0,0,0,0,1
3668,3668,0,0,1,00,1,0,0,1,0,0,0,0,1,1,"S_WAIT_READY",0,1,0,0,0,0,0,1
3669,3669,0,0,1,00,1,0,0,1,0,0,0,0,1,1,"S_WAIT_READY",0,1,0,0,0,0,0,1
3670,3670,0,0,1,00,1,0,0,1,0,0,0,0,1,1,"S_WAIT_READY",0,1,0,0,0,0,0,1
3671,3671,0,0,1,00,1,0,0,1,0,0,0,0,1,1,"S_WAIT_READY",0,1,0,0,0,0,0,1
3672,3672,0,0,1,00,1,0,0,1,0,0,0,0,1,1,"S_WAIT_READY",0,1,0,0,0,0,0,1
3673,3673,0,0,1,00,1,0,0,1,0,0,0,0,1,1,"S_WAIT_READY",0,1,0,0,0,0,0,1
3674,3674,0,0,1,00,1,0,0,1,0,0,0,0,1,1,"S_WAIT_READY",0,1,0,0,0,0,0,1
3675,3675,0,0,1,00,1,0,0,1,0,0,0,0,1,1,"S_WAIT_READY",0,1,0,0,0,0,0,1
3676,3676,0,0,1,00,1,0,0,1,0,0,0,0,1,1,"S_WAIT_READY",0,1,0,0,0,0,0,1
3677,3677,0,0,1,00,1,0,0,1,0,0,0,0,1,1,"S_WAIT_READY",0,1,0,0,0,0,0,1
3678,3678,0,0,1,00,1,0,0,1,0,0,0,0,1,1,"S_WAIT_READY",0,1,0,0,0,0,0,1
3679,3679,0,0,1,00,1,0,0,1,0,0,0,0,1,1,"S_WAIT_READY",0,1,0,0,0,0,0,1
3680,3680,0,0,1,00,1,0,0,1,0,0,0,0,1,1,"S_WAIT_READY",0,1,0,0,0,0,0,1
3681,3681,0,0,1,00,1,0,0,1,0,0,0,0,1,1,"S_WAIT_READY",0,1,0,0,0,0,0,1
3682,3682,0,0,1,00,1,0,0,1,0,0,0,0,1,1,"S_WAIT_READY",0,1,0,0,0,0,0,1
3683,3683,0,0,1,00,1,0,0,1,0,0,0,0,1,1,"S_WAIT_READY",0,1,0,0,0,0,0,1
3684,3684,0,0,1,00,1,0,0,1,0,0,0,0,1,1,"S_WAIT_READY",0,1,0,0,0,0,0,1
3685,3685,0,0,1,00,1,0,0,1,0,0,0,0,1,1,"S_WAIT_READY",0,1,0,0,0,0,0,1
3686,3686,0,0,1,00,1,0,0,1,0,0,0,0,1,1,"S_WAIT_READY",0,1,0,0,0,0,0,1
3687,3687,0,0,1,00,1,0,0,1,0,0,0,0,1,1,"S_WAIT_READY",0,1,0,0,0,0,0,1
3688,3688,0,0,1,00,1,0,0,1,0,0,0,0,1,1,"S_WAIT_READY",0,1,0,0,0,0,0,1
3689,3689,0,0,1,00,1,0,0,1,0,0,0,0,1,1,"S_WAIT_READY",0,1,0,0,0,0,0,1
3690,3690,0,0,1,00,1,0,0,1,0,0,0,0,1,1,"S_WAIT_READY",0,1,0,0,0,0,0,1
3691,3691,0,0,1,00,1,0,0,1,0,0,0,0,1,1,"S_WAIT_READY",0,1,0,0,0,0,0,1
3692,3692,0,0,1,00,1,0,0,1,0,0,0,0,1,1,"S_WAIT_READY",0,1,0,0,0,0,0,1
3693,3693,0,0,1,00,1,0,0,1,0,0,0,0,1,1,"S_WAIT_READY",0,1,0,0,0,0,0,1
3694,3694,0,0,1,00,1,0,0,1,0,0,0,0,1,1,"S_WAIT_READY",0,1,0,0,0,0,0,1
3695,3695,0,0,1,00,1,0,0,1,0,0,0,0,1,1,"S_WAIT_READY",0,1,0,0,0,0,0,1
3696,3696,0,0,1,00,1,0,0,1,0,0,0,0,1,1,"S_WAIT_READY",0,1,0,0,0,0,0,1
3697,3697,0,0,1,00,1,0,0,1,0,0,0,0,1,1,"S_WAIT_READY",0,1,0,0,0,0,0,1
3698,3698,0,0,1,00,1,0,0,1,0,0,0,0,1,1,"S_WAIT_READY",0,1,0,0,0,0,0,1
3699,3699,0,0,1,00,1,0,0,1,0,0,0,0,1,1,"S_WAIT_READY",0,1,0,0,0,0,0,1
3700,3700,0,0,1,00,1,0,0,1,0,0,0,0,1,1,"S_WAIT_READY",0,1,0,0,0,0,0,1
3701,3701,0,0,1,00,1,0,0,1,0,0,0,0,1,1,"S_WAIT_READY",0,1,0,0,0,0,0,1
3702,3702,0,0,1,00,1,0,0,1,0,0,0,0,1,1,"S_WAIT_READY",0,1,0,0,0,0,0,1
3703,3703,0,0,1,00,1,0,0,1,0,0,0,0,1,1,"S_WAIT_READY",0,1,0,0,0,0,0,1
3704,3704,0,0,1,00,1,0,0,1,0,0,0,0,1,1,"S_WAIT_READY",0,1,0,0,0,0,0,1
3705,3705,0,0,1,00,1,0,0,1,0,0,0,0,1,1,"S_WAIT_READY",0,1,0,0,0,0,0,1
3706,3706,0,0,1,00,1,0,0,1,0,0,0,0,1,1,"S_WAIT_READY",0,1,0,0,0,0,0,1
3707,3707,0,0,1,00,1,0,0,1,0,0,0,0,1,1,"S_WAIT_READY",0,1,0,0,0,0,0,1
3708,3708,0,0,1,00,1,0,0,1,0,0,0,0,1,1,"S_WAIT_READY",0,1,0,0,0,0,0,1
3709,3709,0,0,1,00,1,0,0,1,0,0,0,0,1,1,"S_WAIT_READY",0,1,0,0,0,0,0,1
3710,3710,0,0,1,00,1,0,0,1,0,0,0,0,1,1,"S_WAIT_READY",0,1,0,0,0,0,0,1
3711,3711,0,0,1,00,1,0,0,1,0,0,0,0,1,1,"S_WAIT_READY",0,1,0,0,0,0,0,1
3712,3712,0,0,1,00,1,0,0,1,0,0,0,0,1,1,"S_WAIT_READY",0,1,0,0,0,0,0,1
3713,3713,0,0,1,00,1,0,0,1,0,0,0,0,1,1,"S_WAIT_READY",0,1,0,0,0,0,0,1
3714,3714,0,0,1,00,1,0,0,1,0,0,0,0,1,1,"S_WAIT_READY",0,1,0,0,0,0,0,1
3715,3715,0,0,1,00,1,0,0,1,0,0,0,0,1,1,"S_WAIT_READY",0,1,0,0,0,0,0,1
3716,3716,0,0,1,00,1,0,0,1,0,0,0,0,1,1,"S_WAIT_READY",0,1,0,0,0,0,0,1
3717,3717,0,0,1,00,1,0,0,1,0,0,0,0,1,1,"S_WAIT_READY",0,1,0,0,0,0,0,1
3718,3718,0,0,1,00,1,0,0,1,0,0,0,0,1,1,"S_WAIT_READY",0,1,0,0,0,0,0,1
3719,3719,0,0,1,00,1,0,0,1,0,0,0,0,1,1,"S_WAIT_READY",0,1,0,0,0,0,0,1
3720,3720,0,0,1,00,1,0,0,1,0,0,0,0,1,1,"S_WAIT_READY",0,1,0,0,0,0,0,1
3721,3721,0,0,1,00,1,0,0,1,0,0,0,0,1,1,"S_WAIT_READY",0,1,0,0,0,0,0,1
3722,3722,0,0,1,00,1,0,0,1,0,0,0,0,1,1,"S_WAIT_READY",0,1,0,0,0,0,0,1
3723,3723,0,0,1,00,1,0,0,1,0,0,0,0,1,1,"S_WAIT_READY",0,1,0,0,0,0,0,1
3724,3724,0,0,1,00,1,0,0,1,0,0,0,0,1,1,"S_WAIT_READY",0,1,0,0,0,0,0,1
3725,3725,0,0,1,00,1,0,0,1,0,0,0,0,1,1,"S_WAIT_READY",0,1,0,0,0,0,0,1
3726,3726,0,0,1,00,1,0,0,1,0,0,0,0,1,1,"S_WAIT_READY",0,1,0,0,0,0,0,1
3727,3727,0,0,1,00,1,0,0,1,0,0,0,0,1,1,"S_WAIT_READY",0,1,0,0,0,0,0,1
3728,3728,0,0,1,00,1,0,0,1,0,0,0,0,1,1,"S_WAIT_READY",0,1,0,0,0,0,0,1
3729,3729,0,0,1,00,1,0,0,1,0,0,0,0,1,1,"S_WAIT_READY",0,1,0,0,0,0,0,1
3730,3730,0,0,1,00,1,0,0,1,0,0,0,0,1,1,"S_WAIT_READY",0,1,0,0,0,0,0,1
3731,3731,0,0,1,00,1,0,0,1,0,0,0,0,1,1,"S_WAIT_READY",0,1,0,0,0,0,0,1
3732,3732,0,0,1,00,1,0,0,1,0,0,0,0,1,1,"S_WAIT_READY",0,1,0,0,0,0,0,1
3733,3733,0,0,1,00,1,0,0,1,0,0,0,0,1,1,"S_WAIT_READY",0,1,0,0,0,0,0,1
3734,3734,0,0,1,00,1,0,0,1,0,0,0,0,1,1,"S_WAIT_READY",0,1,0,0,0,0,0,1
3735,3735,0,0,1,00,1,0,0,1,0,0,0,0,1,1,"S_WAIT_READY",0,1,0,0,0,0,0,1
3736,3736,0,0,1,00,1,0,0,1,0,0,0,0,1,1,"S_WAIT_READY",0,1,0,0,0,0,0,1
3737,3737,0,0,1,00,1,0,0,1,0,0,0,0,1,1,"S_WAIT_READY",0,1,0,0,0,0,0,1
3738,3738,0,0,1,00,1,0,0,1,0,0,0,0,1,1,"S_WAIT_READY",0,1,0,0,0,0,0,1
3739,3739,0,0,1,00,1,0,0,1,0,0,0,0,1,1,"S_WAIT_READY",0,1,0,0,0,0,0,1
3740,3740,0,0,1,00,1,0,0,1,0,0,0,0,1,1,"S_WAIT_READY",0,1,0,0,0,0,0,1
3741,3741,0,0,1,00,1,0,0,1,0,0,0,0,1,1,"S_WAIT_READY",0,1,0,0,0,0,0,1
3742,3742,0,0,1,00,1,0,0,1,0,0,0,0,1,1,"S_WAIT_READY",0,1,0,0,0,0,0,1
3743,3743,0,0,1,00,1,0,0,1,0,0,0,0,1,1,"S_WAIT_READY",0,1,0,0,0,0,0,1
3744,3744,0,0,1,00,1,0,0,1,0,0,0,0,1,1,"S_WAIT_READY",0,1,0,0,0,0,0,1
3745,3745,0,0,1,00,1,0,0,1,0,0,0,0,1,1,"S_WAIT_READY",0,1,0,0,0,0,0,1
3746,3746,0,0,1,00,1,0,0,1,0,0,0,0,1,1,"S_WAIT_READY",0,1,0,0,0,0,0,1
3747,3747,0,0,1,00,1,0,0,1,0,0,0,0,1,1,"S_WAIT_READY",0,1,0,0,0,0,0,1
3748,3748,0,0,1,00,1,0,0,1,0,0,0,0,1,1,"S_WAIT_READY",0,1,0,0,0,0,0,1
3749,3749,0,0,1,00,1,0,0,1,0,0,0,0,1,1,"S_WAIT_READY",0,1,0,0,0,0,0,1
3750,3750,0,0,1,00,1,0,0,1,0,0,0,0,1,1,"S_WAIT_READY",0,1,0,0,0,0,0,1
3751,3751,0,0,1,00,1,0,0,1,0,0,0,0,1,1,"S_WAIT_READY",0,1,0,0,0,0,0,1
3752,3752,0,0,1,00,1,0,0,1,0,0,0,0,1,1,"S_WAIT_READY",0,1,0,0,0,0,0,1
3753,3753,0,0,1,00,1,0,0,1,0,0,0,0,1,1,"S_WAIT_READY",0,1,0,0,0,0,0,1
3754,3754,0,0,1,00,1,0,0,1,0,0,0,0,1,1,"S_WAIT_READY",0,1,0,0,0,0,0,1
3755,3755,0,0,1,00,1,0,0,1,0,0,0,0,1,1,"S_WAIT_READY",0,1,0,0,0,0,0,1
3756,3756,0,0,1,00,1,0,0,1,0,0,0,0,1,1,"S_WAIT_READY",0,1,0,0,0,0,0,1
3757,3757,0,0,1,00,1,0,0,1,0,0,0,0,1,1,"S_WAIT_READY",0,1,0,0,0,0,0,1
3758,3758,0,0,1,00,1,0,0,1,0,0,0,0,1,1,"S_WAIT_READY",0,1,0,0,0,0,0,1
3759,3759,0,0,1,00,1,0,0,1,0,0,0,0,1,1,"S_WAIT_READY",0,1,0,0,0,0,0,1
3760,3760,0,0,1,00,1,0,0,1,0,0,0,0,1,1,"S_WAIT_READY",0,1,0,0,0,0,0,1
3761,3761,0,0,1,00,1,0,0,1,0,0,0,0,1,1,"S_WAIT_READY",0,1,0,0,0,0,0,1
3762,3762,0,0,1,00,1,0,0,1,0,0,0,0,1,1,"S_WAIT_READY",0,1,0,0,0,0,0,1
3763,3763,0,0,1,00,1,0,0,1,0,0,0,0,1,1,"S_WAIT_READY",0,1,0,0,0,0,0,1
3764,3764,0,0,1,00,1,0,0,1,0,0,0,0,1,1,"S_WAIT_READY",0,1,0,0,0,0,0,1
3765,3765,0,0,1,00,1,0,0,1,0,0,0,0,1,1,"S_WAIT_READY",0,1,0,0,0,0,0,1
3766,3766,0,0,1,00,1,0,0,1,0,0,0,0,1,1,"S_WAIT_READY",0,1,0,0,0,0,0,1
3767,3767,0,0,1,00,1,0,0,1,0,0,0,0,1,1,"S_WAIT_READY",0,1,0,0,0,0,0,1
3768,3768,0,0,1,00,1,0,0,1,0,0,0,0,1,1,"S_WAIT_READY",0,1,0,0,0,0,0,1
3769,3769,0,0,1,00,1,0,0,1,0,0,0,0,1,1,"S_WAIT_READY",0,1,0,0,0,0,0,1
3770,3770,0,0,1,00,1,0,0,1,0,0,0,0,1,1,"S_WAIT_READY",0,1,0,0,0,0,0,1
3771,3771,0,0,1,00,1,0,0,1,0,0,0,0,1,1,"S_WAIT_READY",0,1,0,0,0,0,0,1
3772,3772,0,0,1,00,1,0,0,1,0,0,0,0,1,1,"S_WAIT_READY",0,1,0,0,0,0,0,1
3773,3773,0,0,1,00,1,0,0,1,0,0,0,0,1,1,"S_WAIT_READY",0,1,0,0,0,0,0,1
3774,3774,0,0,1,00,1,0,0,1,0,0,0,0,1,1,"S_WAIT_READY",0,1,0,0,0,0,0,1
3775,3775,0,0,1,00,1,0,0,1,0,0,0,0,1,1,"S_WAIT_READY",0,1,0,0,0,0,0,1
3776,3776,0,0,1,00,1,0,0,1,0,0,0,0,1,1,"S_WAIT_READY",0,1,0,0,0,0,0,1
3777,3777,0,0,1,00,1,0,0,1,0,0,0,0,1,1,"S_WAIT_READY",0,1,0,0,0,0,0,1
3778,3778,0,0,1,00,1,0,0,1,0,0,0,0,1,1,"S_WAIT_READY",0,1,0,0,0,0,0,1
3779,3779,0,0,1,00,1,0,0,1,0,0,0,0,1,1,"S_WAIT_READY",0,1,0,0,0,0,0,1
3780,3780,0,0,1,00,1,0,0,1,0,0,0,0,1,1,"S_WAIT_READY",0,1,0,0,0,0,0,1
3781,3781,0,0,1,00,1,0,0,1,0,0,0,0,1,1,"S_WAIT_READY",0,1,0,0,0,0,0,1
3782,3782,0,0,1,00,1,0,0,1,0,0,0,0,1,1,"S_WAIT_READY",0,1,0,0,0,0,0,1
3783,3783,0,0,1,00,1,0,0,1,0,0,0,0,1,1,"S_WAIT_READY",0,1,0,0,0,0,0,1
3784,3784,0,0,1,00,1,0,0,1,0,0,0,0,1,1,"S_WAIT_READY",0,1,0,0,0,0,0,1
3785,3785,0,0,1,00,1,0,0,1,0,0,0,0,1,1,"S_WAIT_READY",0,1,0,0,0,0,0,1
3786,3786,0,0,1,00,1,0,0,1,0,0,0,0,1,1,"S_WAIT_READY",0,1,0,0,0,0,0,1
3787,3787,0,0,1,00,1,0,0,1,0,0,0,0,1,1,"S_WAIT_READY",0,1,0,0,0,0,0,1
3788,3788,0,0,1,00,1,0,0,1,0,0,0,0,1,1,"S_WAIT_READY",0,1,0,0,0,0,0,1
3789,3789,0,0,1,00,1,0,0,1,0,0,0,0,1,1,"S_WAIT_READY",0,1,0,0,0,0,0,1
3790,3790,0,0,1,00,1,0,0,1,0,0,0,0,1,1,"S_WAIT_READY",0,1,0,0,0,0,0,1
3791,3791,0,0,1,00,1,0,0,1,0,0,0,0,1,1,"S_WAIT_READY",0,1,0,0,0,0,0,1
3792,3792,0,0,1,00,1,0,0,1,0,0,0,0,1,1,"S_WAIT_READY",0,1,0,0,0,0,0,1
3793,3793,0,0,1,00,1,0,0,1,0,0,0,0,1,1,"S_WAIT_READY",0,1,0,0,0,0,0,1
3794,3794,0,0,1,00,1,0,0,1,0,0,0,0,1,1,"S_WAIT_READY",0,1,0,0,0,0,0,1
3795,3795,0,0,1,00,1,0,0,1,0,0,0,0,1,1,"S_WAIT_READY",0,1,0,0,0,0,0,1
3796,3796,0,0,1,00,1,0,0,1,0,0,0,0,1,1,"S_WAIT_READY",0,1,0,0,0,0,0,1
3797,3797,0,0,1,00,1,0,0,1,0,0,0,0,1,1,"S_WAIT_READY",0,1,0,0,0,0,0,1
3798,3798,0,0,1,00,1,0,0,1,0,0,0,0,1,1,"S_WAIT_READY",0,1,0,0,0,0,0,1
3799,3799,0,0,1,00,1,0,0,1,0,0,0,0,1,1,"S_WAIT_READY",0,1,0,0,0,0,0,1
3800,3800,0,0,1,00,1,0,0,1,0,0,0,0,1,1,"S_WAIT_READY",0,1,0,0,0,0,0,1
3801,3801,0,0,1,00,1,0,0,1,0,0,0,0,1,1,"S_WAIT_READY",0,1,0,0,0,0,0,1
3802,3802,0,0,1,00,1,0,0,1,0,0,0,0,1,1,"S_WAIT_READY",0,1,0,0,0,0,0,1
3803,3803,0,0,1,00,1,0,0,1,0,0,0,0,1,1,"S_WAIT_READY",0,1,0,0,0,0,0,1
3804,3804,0,0,1,00,1,0,0,1,0,0,0,0,1,1,"S_WAIT_READY",0,1,0,0,0,0,0,1
3805,3805,0,0,1,00,1,0,0,1,0,0,0,0,1,1,"S_WAIT_READY",0,1,0,0,0,0,0,1
3806,3806,0,0,1,00,1,0,0,1,0,0,0,0,1,1,"S_WAIT_READY",0,1,0,0,0,0,0,1
3807,3807,0,0,1,00,1,0,0,1,0,0,0,0,1,1,"S_WAIT_READY",0,1,0,0,0,0,0,1
3808,3808,0,0,1,00,1,0,0,1,0,0,0,0,1,1,"S_WAIT_READY",0,1,0,0,0,0,0,1
3809,3809,0,0,1,00,1,0,0,1,0,0,0,0,1,1,"S_WAIT_READY",0,1,0,0,0,0,0,1
3810,3810,0,0,1,00,1,0,0,1,0,0,0,0,1,1,"S_WAIT_READY",0,1,0,0,0,0,0,1
3811,3811,0,0,1,00,1,0,0,1,0,0,0,0,1,1,"S_WAIT_READY",0,1,0,0,0,0,0,1
3812,3812,0,0,1,00,1,0,0,1,0,0,0,0,1,1,"S_WAIT_READY",0,1,0,0,0,0,0,1
3813,3813,0,0,1,00,1,0,0,1,0,0,0,0,1,1,"S_WAIT_READY",0,1,0,0,0,0,0,1
3814,3814,0,0,1,00,1,0,0,1,0,0,0,0,1,1,"S_WAIT_READY",0,1,0,0,0,0,0,1
3815,3815,0,0,1,00,1,0,0,1,0,0,0,0,1,1,"S_WAIT_READY",0,1,0,0,0,0,0,1
3816,3816,0,0,1,00,1,0,0,1,0,0,0,0,1,1,"S_WAIT_READY",0,1,0,0,0,0,0,1
3817,3817,0,0,1,00,1,0,0,1,0,0,0,0,1,1,"S_WAIT_READY",0,1,0,0,0,0,0,1
3818,3818,0,0,1,00,1,0,0,1,0,0,0,0,1,1,"S_WAIT_READY",0,1,0,0,0,0,0,1
3819,3819,0,0,1,00,1,0,0,1,0,0,0,0,1,1,"S_WAIT_READY",0,1,0,0,0,0,0,1
3820,3820,0,0,1,00,1,0,0,1,0,0,0,0,1,1,"S_WAIT_READY",0,1,0,0,0,0,0,1
3821,3821,0,0,1,00,1,0,0,1,0,0,0,0,1,1,"S_WAIT_READY",0,1,0,0,0,0,0,1
3822,3822,0,0,1,00,1,0,0,1,0,0,0,0,1,1,"S_WAIT_READY",0,1,0,0,0,0,0,1
3823,3823,0,0,1,00,1,0,0,1,0,0,0,0,1,1,"S_WAIT_READY",0,1,0,0,0,0,0,1
3824,3824,0,0,1,00,1,0,0,1,0,0,0,0,1,1,"S_WAIT_READY",0,1,0,0,0,0,0,1
3825,3825,0,0,1,00,1,0,0,1,0,0,0,0,1,1,"S_WAIT_READY",0,1,0,0,0,0,0,1
3826,3826,0,0,1,00,1,0,0,1,0,0,0,0,1,1,"S_WAIT_READY",0,1,0,0,0,0,0,1
3827,3827,0,0,1,00,1,0,0,1,0,0,0,0,1,1,"S_WAIT_READY",0,1,0,0,0,0,0,1
3828,3828,0,0,1,00,1,0,0,1,0,0,0,0,1,1,"S_WAIT_READY",0,1,0,0,0,0,0,1
3829,3829,0,0,1,00,1,0,0,1,0,0,0,0,1,1,"S_WAIT_READY",0,1,0,0,0,0,0,1
3830,3830,0,0,1,00,1,0,0,1,0,0,0,0,1,1,"S_WAIT_READY",0,1,0,0,0,0,0,1
3831,3831,0,0,1,00,1,0,0,1,0,0,0,0,1,1,"S_WAIT_READY",0,1,0,0,0,0,0,1
3832,3832,0,0,1,00,1,0,0,1,0,0,0,0,1,1,"S_WAIT_READY",0,1,0,0,0,0,0,1
3833,3833,0,0,1,00,1,0,0,1,0,0,0,0,1,1,"S_WAIT_READY",0,1,0,0,0,0,0,1
3834,3834,0,0,1,00,1,0,0,1,0,0,0,0,1,1,"S_WAIT_READY",0,1,0,0,0,0,0,1
3835,3835,0,0,1,00,1,0,0,1,0,0,0,0,1,1,"S_WAIT_READY",0,1,0,0,0,0,0,1
3836,3836,0,0,1,00,1,0,0,1,0,0,0,0,1,1,"S_WAIT_READY",0,1,0,0,0,0,0,1
3837,3837,0,0,1,00,1,0,0,1,0,0,0,0,1,1,"S_WAIT_READY",0,1,0,0,0,0,0,1
3838,3838,0,0,1,00,1,0,0,1,0,0,0,0,1,1,"S_WAIT_READY",0,1,0,0,0,0,0,1
3839,3839,0,0,1,00,1,0,0,1,0,0,0,0,1,1,"S_WAIT_READY",0,1,0,0,0,0,0,1
3840,3840,0,0,1,00,1,0,0,1,0,0,0,0,1,1,"S_WAIT_READY",0,1,0,0,0,0,0,1
3841,3841,0,0,1,00,1,0,0,1,0,0,0,0,1,1,"S_WAIT_READY",0,1,0,0,0,0,0,1
3842,3842,0,0,1,00,1,0,0,1,0,0,0,0,1,1,"S_WAIT_READY",0,1,0,0,0,0,0,1
3843,3843,0,0,1,00,1,0,0,1,0,0,0,0,1,1,"S_WAIT_READY",0,1,0,0,0,0,0,1
3844,3844,0,0,1,00,1,0,0,1,0,0,0,0,1,1,"S_WAIT_READY",0,1,0,0,0,0,0,1
3845,3845,0,0,1,00,1,0,0,1,0,0,0,0,1,1,"S_WAIT_READY",0,1,0,0,0,0,0,1
3846,3846,0,0,1,00,1,0,0,1,0,0,0,0,1,1,"S_WAIT_READY",0,1,0,0,0,0,0,1
3847,3847,0,0,1,00,1,0,0,1,0,0,0,0,1,1,"S_WAIT_READY",0,1,0,0,0,0,0,1
3848,3848,0,0,1,00,1,0,0,1,0,0,0,0,1,1,"S_WAIT_READY",0,1,0,0,0,0,0,1
3849,3849,0,0,1,00,1,0,0,1,0,0,0,0,1,1,"S_WAIT_READY",0,1,0,0,0,0,0,1
3850,3850,0,0,1,00,1,0,0,1,0,0,0,0,1,1,"S_WAIT_READY",0,1,0,0,0,0,0,1
3851,3851,0,0,1,00,1,0,0,1,0,0,0,0,1,1,"S_WAIT_READY",0,1,0,0,0,0,0,1
3852,3852,0,0,1,00,1,0,0,1,0,0,0,0,1,1,"S_WAIT_READY",0,1,0,0,0,0,0,1
3853,3853,0,0,1,00,1,0,0,1,0,0,0,0,1,1,"S_WAIT_READY",0,1,0,0,0,0,0,1
3854,3854,0,0,1,00,1,0,0,1,0,0,0,0,1,1,"S_WAIT_READY",0,1,0,0,0,0,0,1
3855,3855,0,0,1,00,1,0,0,1,0,0,0,0,1,1,"S_WAIT_READY",0,1,0,0,0,0,0,1
3856,3856,0,0,1,00,1,0,0,1,0,0,0,0,1,1,"S_WAIT_READY",0,1,0,0,0,0,0,1
3857,3857,0,0,1,00,1,0,0,1,0,0,0,0,1,1,"S_WAIT_READY",0,1,0,0,0,0,0,1
3858,3858,0,0,1,00,1,0,0,1,0,0,0,0,1,1,"S_WAIT_READY",0,1,0,0,0,0,0,1
3859,3859,0,0,1,00,1,0,0,1,0,0,0,0,1,1,"S_WAIT_READY",0,1,0,0,0,0,0,1
3860,3860,0,0,1,00,1,0,0,1,0,0,0,0,1,1,"S_WAIT_READY",0,1,0,0,0,0,0,1
3861,3861,0,0,1,00,1,0,0,1,0,0,0,0,1,1,"S_WAIT_READY",0,1,0,0,0,0,0,1
3862,3862,0,0,1,00,1,0,0,1,0,0,0,0,1,1,"S_WAIT_READY",0,1,0,0,0,0,0,1
3863,3863,0,0,1,00,1,0,0,1,0,0,0,0,1,1,"S_WAIT_READY",0,1,0,0,0,0,0,1
3864,3864,0,0,1,00,1,0,0,1,0,0,0,0,1,1,"S_WAIT_READY",0,1,0,0,0,0,0,1
3865,3865,0,0,1,00,1,0,0,1,0,0,0,0,1,1,"S_WAIT_READY",0,1,0,0,0,0,0,1
3866,3866,0,0,1,00,1,0,0,1,0,0,0,0,1,1,"S_WAIT_READY",0,1,0,0,0,0,0,1
3867,3867,0,0,1,00,1,0,0,1,0,0,0,0,1,1,"S_WAIT_READY",0,1,0,0,0,0,0,1
3868,3868,0,0,1,00,1,0,0,1,0,0,0,0,1,1,"S_WAIT_READY",0,1,0,0,0,0,0,1
3869,3869,0,0,1,00,1,0,0,1,0,0,0,0,1,1,"S_WAIT_READY",0,1,0,0,0,0,0,1
3870,3870,0,0,1,00,1,0,0,1,0,0,0,0,1,1,"S_WAIT_READY",0,1,0,0,0,0,0,1
3871,3871,0,0,1,00,1,0,0,1,0,0,0,0,1,1,"S_WAIT_READY",0,1,0,0,0,0,0,1
3872,3872,0,0,1,00,1,0,0,1,0,0,0,0,1,1,"S_WAIT_READY",0,1,0,0,0,0,0,1
3873,3873,0,0,1,00,1,0,0,1,0,0,0,0,1,1,"S_WAIT_READY",0,1,0,0,0,0,0,1
3874,3874,0,0,1,00,1,0,0,1,0,0,0,0,1,1,"S_WAIT_READY",0,1,0,0,0,0,0,1
3875,3875,0,0,1,00,1,0,0,1,0,0,0,0,1,1,"S_WAIT_READY",0,1,0,0,0,0,0,1
3876,3876,0,0,1,00,1,0,0,1,0,0,0,0,1,1,"S_WAIT_READY",0,1,0,0,0,0,0,1
3877,3877,0,0,1,00,1,0,0,1,0,0,0,0,1,1,"S_WAIT_READY",0,1,0,0,0,0,0,1
3878,3878,0,0,1,00,1,0,0,1,0,0,0,0,1,1,"S_WAIT_READY",0,1,0,0,0,0,0,1
3879,3879,0,0,1,00,1,0,0,1,0,0,0,0,1,1,"S_WAIT_READY",0,1,0,0,0,0,0,1
3880,3880,0,0,1,00,1,0,0,1,0,0,0,0,1,1,"S_WAIT_READY",0,1,0,0,0,0,0,1
3881,3881,0,0,1,00,1,0,0,1,0,0,0,0,1,1,"S_WAIT_READY",0,1,0,0,0,0,0,1
3882,3882,0,0,1,00,1,0,0,1,0,0,0,0,1,1,"S_WAIT_READY",0,1,0,0,0,0,0,1
3883,3883,0,0,1,00,1,0,0,1,0,0,0,0,1,1,"S_WAIT_READY",0,1,0,0,0,0,0,1
3884,3884,0,0,1,00,1,0,0,1,0,0,0,0,1,1,"S_WAIT_READY",0,1,0,0,0,0,0,1
3885,3885,0,0,1,00,1,0,0,1,0,0,0,0,1,1,"S_WAIT_READY",0,1,0,0,0,0,0,1
3886,3886,0,0,1,00,1,0,0,1,0,0,0,0,1,1,"S_WAIT_READY",0,1,0,0,0,0,0,1
3887,3887,0,0,1,00,1,0,0,1,0,0,0,0,1,1,"S_WAIT_READY",0,1,0,0,0,0,0,1
3888,3888,0,0,1,00,1,0,0,1,0,0,0,0,1,1,"S_WAIT_READY",0,1,0,0,0,0,0,1
3889,3889,0,0,1,00,1,0,0,1,0,0,0,0,1,1,"S_WAIT_READY",0,1,0,0,0,0,0,1
3890,3890,0,0,1,00,1,0,0,1,0,0,0,0,1,1,"S_WAIT_READY",0,1,0,0,0,0,0,1
3891,3891,0,0,1,00,1,0,0,1,0,0,0,0,1,1,"S_WAIT_READY",0,1,0,0,0,0,0,1
3892,3892,0,0,1,00,1,0,0,1,0,0,0,0,1,1,"S_WAIT_READY",0,1,0,0,0,0,0,1
3893,3893,0,0,1,00,1,0,0,1,0,0,0,0,1,1,"S_WAIT_READY",0,1,0,0,0,0,0,1
3894,3894,0,0,1,00,1,0,0,1,0,0,0,0,1,1,"S_WAIT_READY",0,1,0,0,0,0,0,1
3895,3895,0,0,1,00,1,0,0,1,0,0,0,0,1,1,"S_WAIT_READY",0,1,0,0,0,0,0,1
3896,3896,0,0,1,00,1,0,0,1,0,0,0,0,1,1,"S_WAIT_READY",0,1,0,0,0,0,0,1
3897,3897,0,0,1,00,1,0,0,1,0,0,0,0,1,1,"S_WAIT_READY",0,1,0,0,0,0,0,1
3898,3898,0,0,1,00,1,0,0,1,0,0,0,0,1,1,"S_WAIT_READY",0,1,0,0,0,0,0,1
3899,3899,0,0,1,00,1,0,0,1,0,0,0,0,1,1,"S_WAIT_READY",0,1,0,0,0,0,0,1
3900,3900,0,0,1,00,1,0,0,1,0,0,0,0,1,1,"S_WAIT_READY",0,1,0,0,0,0,0,1
3901,3901,0,0,1,00,1,0,0,1,0,0,0,0,1,1,"S_WAIT_READY",0,1,0,0,0,0,0,1
3902,3902,0,0,1,00,1,0,0,1,0,0,0,0,1,1,"S_WAIT_READY",0,1,0,0,0,0,0,1
3903,3903,0,0,1,00,1,0,0,1,0,0,0,0,1,1,"S_WAIT_READY",0,1,0,0,0,0,0,1
3904,3904,0,0,1,00,1,0,0,1,0,0,0,0,1,1,"S_WAIT_READY",0,1,0,0,0,0,0,1
3905,3905,0,0,1,00,1,0,0,1,0,0,0,0,1,1,"S_WAIT_READY",0,1,0,0,0,0,0,1
3906,3906,0,0,1,00,1,0,0,1,0,0,0,0,1,1,"S_WAIT_READY",0,1,0,0,0,0,0,1
3907,3907,0,0,1,00,1,0,0,1,0,0,0,0,1,1,"S_WAIT_READY",0,1,0,0,0,0,0,1
3908,3908,0,0,1,00,1,0,0,1,0,0,0,0,1,1,"S_WAIT_READY",0,1,0,0,0,0,0,1
3909,3909,0,0,1,00,1,0,0,1,0,0,0,0,1,1,"S_WAIT_READY",0,1,0,0,0,0,0,1
3910,3910,0,0,1,00,1,0,0,1,0,0,0,0,1,1,"S_WAIT_READY",0,1,0,0,0,0,0,1
3911,3911,0,0,1,00,1,0,0,1,0,0,0,0,1,1,"S_WAIT_READY",0,1,0,0,0,0,0,1
3912,3912,0,0,1,00,1,0,0,1,0,0,0,0,1,1,"S_WAIT_READY",0,1,0,0,0,0,0,1
3913,3913,0,0,1,00,1,0,0,1,0,0,0,0,1,1,"S_WAIT_READY",0,1,0,0,0,0,0,1
3914,3914,0,0,1,00,1,0,0,1,0,0,0,0,1,1,"S_WAIT_READY",0,1,0,0,0,0,0,1
3915,3915,0,0,1,00,1,0,0,1,0,0,0,0,1,1,"S_WAIT_READY",0,1,0,0,0,0,0,1
3916,3916,0,0,1,00,1,0,0,1,0,0,0,0,1,1,"S_WAIT_READY",0,1,0,0,0,0,0,1
3917,3917,0,0,1,00,1,0,0,1,0,0,0,0,1,1,"S_WAIT_READY",0,1,0,0,0,0,0,1
3918,3918,0,0,1,00,1,0,0,1,0,0,0,0,1,1,"S_WAIT_READY",0,1,0,0,0,0,0,1
3919,3919,0,0,1,00,1,0,0,1,0,0,0,0,1,1,"S_WAIT_READY",0,1,0,0,0,0,0,1
3920,3920,0,0,1,00,1,0,0,1,0,0,0,0,1,1,"S_WAIT_READY",0,1,0,0,0,0,0,1
3921,3921,0,0,1,00,1,0,0,1,0,0,0,0,1,1,"S_WAIT_READY",0,1,0,0,0,0,0,1
3922,3922,0,0,1,00,1,0,0,1,0,0,0,0,1,1,"S_WAIT_READY",0,1,0,0,0,0,0,1
3923,3923,0,0,1,00,1,0,0,1,0,0,0,0,1,1,"S_WAIT_READY",0,1,0,0,0,0,0,1
3924,3924,0,0,1,00,1,0,0,1,0,0,0,0,1,1,"S_WAIT_READY",0,1,0,0,0,0,0,1
3925,3925,0,0,1,00,1,0,0,1,0,0,0,0,1,1,"S_WAIT_READY",0,1,0,0,0,0,0,1
3926,3926,0,0,1,00,1,0,0,1,0,0,0,0,1,1,"S_WAIT_READY",0,1,0,0,0,0,0,1
3927,3927,0,0,1,00,1,0,0,1,0,0,0,0,1,1,"S_WAIT_READY",0,1,0,0,0,0,0,1
3928,3928,0,0,1,00,1,0,0,1,0,0,0,0,1,1,"S_WAIT_READY",0,1,0,0,0,0,0,1
3929,3929,0,0,1,00,1,0,0,1,0,0,0,0,1,1,"S_WAIT_READY",0,1,0,0,0,0,0,1
3930,3930,0,0,1,00,1,0,0,1,0,0,0,0,1,1,"S_WAIT_READY",0,1,0,0,0,0,0,1
3931,3931,0,0,1,00,1,0,0,1,0,0,0,0,1,1,"S_WAIT_READY",0,1,0,0,0,0,0,1
3932,3932,0,0,1,00,1,0,0,1,0,0,0,0,1,1,"S_WAIT_READY",0,1,0,0,0,0,0,1
3933,3933,0,0,1,00,1,0,0,1,0,0,0,0,1,1,"S_WAIT_READY",0,1,0,0,0,0,0,1
3934,3934,0,0,1,00,1,0,0,1,0,0,0,0,1,1,"S_WAIT_READY",0,1,0,0,0,0,0,1
3935,3935,0,0,1,00,1,0,0,1,0,0,0,0,1,1,"S_WAIT_READY",0,1,0,0,0,0,0,1
3936,3936,0,0,1,00,1,0,0,1,0,0,0,0,1,1,"S_WAIT_READY",0,1,0,0,0,0,0,1
3937,3937,0,0,1,00,1,0,0,1,0,0,0,0,1,1,"S_WAIT_READY",0,1,0,0,0,0,0,1
3938,3938,0,0,1,00,1,0,0,1,0,0,0,0,1,1,"S_WAIT_READY",0,1,0,0,0,0,0,1
3939,3939,0,0,1,00,1,0,0,1,0,0,0,0,1,1,"S_WAIT_READY",0,1,0,0,0,0,0,1
3940,3940,0,0,1,00,1,0,0,1,0,0,0,0,1,1,"S_WAIT_READY",0,1,0,0,0,0,0,1
3941,3941,0,0,1,00,1,0,0,1,0,0,0,0,1,1,"S_WAIT_READY",0,1,0,0,0,0,0,1
3942,3942,0,0,1,00,1,0,0,1,0,0,0,0,1,1,"S_WAIT_READY",0,1,0,0,0,0,0,1
3943,3943,0,0,1,00,1,0,0,1,0,0,0,0,1,1,"S_WAIT_READY",0,1,0,0,0,0,0,1
3944,3944,0,0,1,00,1,0,0,1,0,0,0,0,1,1,"S_WAIT_READY",0,1,0,0,0,0,0,1
3945,3945,0,0,1,00,1,0,0,1,0,0,0,0,1,1,"S_WAIT_READY",0,1,0,0,0,0,0,1
3946,3946,0,0,1,00,1,0,0,1,0,0,0,0,1,1,"S_WAIT_READY",0,1,0,0,0,0,0,1
3947,3947,0,0,1,00,1,0,0,1,0,0,0,0,1,1,"S_WAIT_READY",0,1,0,0,0,0,0,1
3948,3948,0,0,1,00,1,0,0,1,0,0,0,0,1,1,"S_WAIT_READY",0,1,0,0,0,0,0,1
3949,3949,0,0,1,00,1,0,0,1,0,0,0,0,1,1,"S_WAIT_READY",0,1,0,0,0,0,0,1
3950,3950,0,0,1,00,1,0,0,1,0,0,0,0,1,1,"S_WAIT_READY",0,1,0,0,0,0,0,1
3951,3951,0,0,1,00,1,0,0,1,0,0,0,0,1,1,"S_WAIT_READY",0,1,0,0,0,0,0,1
3952,3952,0,0,1,00,1,0,0,1,0,0,0,0,1,1,"S_WAIT_READY",0,1,0,0,0,0,0,1
3953,3953,0,0,1,00,1,0,0,1,0,0,0,0,1,1,"S_WAIT_READY",0,1,0,0,0,0,0,1
3954,3954,0,0,1,00,1,0,0,1,0,0,0,0,1,1,"S_WAIT_READY",0,1,0,0,0,0,0,1
3955,3955,0,0,1,00,1,0,0,1,0,0,0,0,1,1,"S_WAIT_READY",0,1,0,0,0,0,0,1
3956,3956,0,0,1,00,1,0,0,1,0,0,0,0,1,1,"S_WAIT_READY",0,1,0,0,0,0,0,1
3957,3957,0,0,1,00,1,0,0,1,0,0,0,0,1,1,"S_WAIT_READY",0,1,0,0,0,0,0,1
3958,3958,0,0,1,00,1,0,0,1,0,0,0,0,1,1,"S_WAIT_READY",0,1,0,0,0,0,0,1
3959,3959,0,0,1,00,1,0,0,1,0,0,0,0,1,1,"S_WAIT_READY",0,1,0,0,0,0,0,1
3960,3960,0,0,1,00,1,0,0,1,0,0,0,0,1,1,"S_WAIT_READY",0,1,0,0,0,0,0,1
3961,3961,0,0,1,00,1,0,0,1,0,0,0,0,1,1,"S_WAIT_READY",0,1,0,0,0,0,0,1
3962,3962,0,0,1,00,1,0,0,1,0,0,0,0,1,1,"S_WAIT_READY",0,1,0,0,0,0,0,1
3963,3963,0,0,1,00,1,0,0,1,0,0,0,0,1,1,"S_WAIT_READY",0,1,0,0,0,0,0,1
3964,3964,0,0,1,00,1,0,0,1,0,0,0,0,1,1,"S_WAIT_READY",0,1,0,0,0,0,0,1
3965,3965,0,0,1,00,1,0,0,1,0,0,0,0,1,1,"S_WAIT_READY",0,1,0,0,0,0,0,1
3966,3966,0,0,1,00,1,0,0,1,0,0,0,0,1,1,"S_WAIT_READY",0,1,0,0,0,0,0,1
3967,3967,0,0,1,00,1,0,0,1,0,0,0,0,1,1,"S_WAIT_READY",0,1,0,0,0,0,0,1
3968,3968,0,0,1,00,1,0,0,1,0,0,0,0,1,1,"S_WAIT_READY",0,1,0,0,0,0,0,1
3969,3969,0,0,1,00,1,0,0,1,0,0,0,0,1,1,"S_WAIT_READY",0,1,0,0,0,0,0,1
3970,3970,0,0,1,00,1,0,0,1,0,0,0,0,1,1,"S_WAIT_READY",0,1,0,0,0,0,0,1
3971,3971,0,0,1,00,1,0,0,1,0,0,0,0,1,1,"S_WAIT_READY",0,1,0,0,0,0,0,1
3972,3972,0,0,1,00,1,0,0,1,0,0,0,0,1,1,"S_WAIT_READY",0,1,0,0,0,0,0,1
3973,3973,0,0,1,00,1,0,0,1,0,0,0,0,1,1,"S_WAIT_READY",0,1,0,0,0,0,0,1
3974,3974,0,0,1,00,1,0,0,1,0,0,0,0,1,1,"S_WAIT_READY",0,1,0,0,0,0,0,1
3975,3975,0,0,1,00,1,0,0,1,0,0,0,0,1,1,"S_WAIT_READY",0,1,0,0,0,0,0,1
3976,3976,0,0,1,00,1,0,0,1,0,0,0,0,1,1,"S_WAIT_READY",0,1,0,0,0,0,0,1
3977,3977,0,0,1,00,1,0,0,1,0,0,0,0,1,1,"S_WAIT_READY",0,1,0,0,0,0,0,1
3978,3978,0,0,1,00,1,0,0,1,0,0,0,0,1,1,"S_WAIT_READY",0,1,0,0,0,0,0,1
3979,3979,0,0,1,00,1,0,0,1,0,0,0,0,1,1,"S_WAIT_READY",0,1,0,0,0,0,0,1
3980,3980,0,0,1,00,1,0,0,1,0,0,0,0,1,1,"S_WAIT_READY",0,1,0,0,0,0,0,1
3981,3981,0,0,1,00,1,0,0,1,0,0,0,0,1,1,"S_WAIT_READY",0,1,0,0,0,0,0,1
3982,3982,0,0,1,00,1,0,0,1,0,0,0,0,1,1,"S_WAIT_READY",0,1,0,0,0,0,0,1
3983,3983,0,0,1,00,1,0,0,1,0,0,0,0,1,1,"S_WAIT_READY",0,1,0,0,0,0,0,1
3984,3984,0,0,1,00,1,0,0,1,0,0,0,0,1,1,"S_WAIT_READY",0,1,0,0,0,0,0,1
3985,3985,0,0,1,00,1,0,0,1,0,0,0,0,1,1,"S_WAIT_READY",0,1,0,0,0,0,0,1
3986,3986,0,0,1,00,1,0,0,1,0,0,0,0,1,1,"S_WAIT_READY",0,1,0,0,0,0,0,1
3987,3987,0,0,1,00,1,0,0,1,0,0,0,0,1,1,"S_WAIT_READY",0,1,0,0,0,0,0,1
3988,3988,0,0,1,00,1,0,0,1,0,0,0,0,1,1,"S_WAIT_READY",0,1,0,0,0,0,0,1
3989,3989,0,0,1,00,1,0,0,1,0,0,0,0,1,1,"S_WAIT_READY",0,1,0,0,0,0,0,1
3990,3990,0,0,1,00,1,0,0,1,0,0,0,0,1,1,"S_WAIT_READY",0,1,0,0,0,0,0,1
3991,3991,0,0,1,00,1,0,0,1,0,0,0,0,1,1,"S_WAIT_READY",0,1,0,0,0,0,0,1
3992,3992,0,0,1,00,1,0,0,1,0,0,0,0,1,1,"S_WAIT_READY",0,1,0,0,0,0,0,1
3993,3993,0,0,1,00,1,0,0,1,0,0,0,0,1,1,"S_WAIT_READY",0,1,0,0,0,0,0,1
3994,3994,0,0,1,00,1,0,0,1,0,0,0,0,1,1,"S_WAIT_READY",0,1,0,0,0,0,0,1
3995,3995,0,0,1,00,1,0,0,1,0,0,0,0,1,1,"S_WAIT_READY",0,1,0,0,0,0,0,1
3996,3996,0,0,1,00,1,0,0,1,0,0,0,0,1,1,"S_WAIT_READY",0,1,0,0,0,0,0,1
3997,3997,0,0,1,00,1,0,0,1,0,0,0,0,1,1,"S_WAIT_READY",0,1,0,0,0,0,0,1
3998,3998,0,0,1,00,1,0,0,1,0,0,0,0,1,1,"S_WAIT_READY",0,1,0,0,0,0,0,1
3999,3999,0,0,1,00,1,0,0,1,0,0,0,0,1,1,"S_WAIT_READY",0,1,0,0,0,0,0,1
4000,4000,0,0,1,00,1,0,0,1,0,0,0,0,1,1,"S_WAIT_READY",0,1,0,0,0,0,0,1
4001,4001,0,0,1,00,1,0,0,1,0,0,0,0,1,1,"S_WAIT_READY",0,1,0,0,0,0,0,1
4002,4002,0,0,1,00,1,0,0,1,0,0,0,0,1,1,"S_WAIT_READY",0,1,0,0,0,0,0,1
4003,4003,0,0,1,00,1,0,0,1,0,0,0,0,1,1,"S_WAIT_READY",0,1,0,0,0,0,0,1
4004,4004,0,0,1,00,1,0,0,1,0,0,0,0,1,1,"S_WAIT_READY",0,1,0,0,0,0,0,1
4005,4005,0,0,1,00,1,0,0,1,0,0,0,0,1,1,"S_WAIT_READY",0,1,0,0,0,0,0,1
4006,4006,0,0,1,00,1,0,0,1,0,0,0,0,1,1,"S_WAIT_READY",0,1,0,0,0,0,0,1
4007,4007,0,0,1,00,1,0,0,1,0,0,0,0,1,1,"S_WAIT_READY",0,1,0,0,0,0,0,1
4008,4008,0,0,1,00,1,0,0,1,0,0,0,0,1,1,"S_WAIT_READY",0,1,0,0,0,0,0,1
4009,4009,0,0,1,00,1,0,0,1,0,0,0,0,1,1,"S_WAIT_READY",0,1,0,0,0,0,0,1
4010,4010,0,0,1,00,1,0,0,1,0,0,0,0,1,1,"S_WAIT_READY",0,1,0,0,0,0,0,1
4011,4011,0,0,1,00,1,0,0,1,0,0,0,0,1,1,"S_WAIT_READY",0,1,0,0,0,0,0,1
4012,4012,0,0,1,00,1,0,0,1,0,0,0,0,1,1,"S_WAIT_READY",0,1,0,0,0,0,0,1
4013,4013,0,0,1,00,1,0,0,1,0,0,0,0,1,1,"S_WAIT_READY",0,1,0,0,0,0,0,1
4014,4014,0,0,1,00,1,0,0,1,0,0,0,0,1,1,"S_WAIT_READY",0,1,0,0,0,0,0,1
4015,4015,0,0,1,00,1,0,0,1,0,0,0,0,1,1,"S_WAIT_READY",0,1,0,0,0,0,0,1
4016,4016,0,0,1,00,1,0,0,1,0,0,0,0,1,1,"S_WAIT_READY",0,1,0,0,0,0,0,1
4017,4017,0,0,1,00,1,0,0,1,0,0,0,0,1,1,"S_WAIT_READY",0,1,0,0,0,0,0,1
4018,4018,0,0,1,00,1,0,0,1,0,0,0,0,1,1,"S_WAIT_READY",0,1,0,0,0,0,0,1
4019,4019,0,0,1,00,1,0,0,1,0,0,0,0,1,1,"S_WAIT_READY",0,1,0,0,0,0,0,1
4020,4020,0,0,1,00,1,0,0,1,0,0,0,0,1,1,"S_WAIT_READY",0,1,0,0,0,0,0,1
4021,4021,0,0,1,00,1,0,0,1,0,0,0,0,1,1,"S_WAIT_READY",0,1,0,0,0,0,0,1
4022,4022,0,0,1,00,1,0,0,1,0,0,0,0,1,1,"S_WAIT_READY",0,1,0,0,0,0,0,1
4023,4023,0,0,1,00,1,0,0,1,0,0,0,0,1,1,"S_WAIT_READY",0,1,0,0,0,0,0,1
4024,4024,0,0,1,00,1,0,0,1,0,0,0,0,1,1,"S_WAIT_READY",0,1,0,0,0,0,0,1
4025,4025,0,0,1,00,1,0,0,1,0,0,0,0,1,1,"S_WAIT_READY",0,1,0,0,0,0,0,1
4026,4026,0,0,1,00,1,0,0,1,0,0,0,0,1,1,"S_WAIT_READY",0,1,0,0,0,0,0,1
4027,4027,0,0,1,00,1,0,0,1,0,0,0,0,1,1,"S_WAIT_READY",0,1,0,0,0,0,0,1
4028,4028,0,0,1,00,1,0,0,1,0,0,0,0,1,1,"S_WAIT_READY",0,1,0,0,0,0,0,1
4029,4029,0,0,1,00,1,0,0,1,0,0,0,0,1,1,"S_WAIT_READY",0,1,0,0,0,0,0,1
4030,4030,0,0,1,00,1,0,0,1,0,0,0,0,1,1,"S_WAIT_READY",0,1,0,0,0,0,0,1
4031,4031,0,0,1,00,1,0,0,1,0,0,0,0,1,1,"S_WAIT_READY",0,1,0,0,0,0,0,1
4032,4032,0,0,1,00,1,0,0,1,0,0,0,0,1,1,"S_WAIT_READY",0,1,0,0,0,0,0,1
4033,4033,0,0,1,00,1,0,0,1,0,0,0,0,1,1,"S_WAIT_READY",0,1,0,0,0,0,0,1
4034,4034,0,0,1,00,1,0,0,1,0,0,0,0,1,1,"S_WAIT_READY",0,1,0,0,0,0,0,1
4035,4035,0,0,1,00,1,0,0,1,0,0,0,0,1,1,"S_WAIT_READY",0,1,0,0,0,0,0,1
4036,4036,0,0,1,00,1,0,0,1,0,0,0,0,1,1,"S_WAIT_READY",0,1,0,0,0,0,0,1
4037,4037,0,0,1,00,1,0,0,1,0,0,0,0,1,1,"S_WAIT_READY",0,1,0,0,0,0,0,1
4038,4038,0,0,1,00,1,0,0,1,0,0,0,0,1,1,"S_WAIT_READY",0,1,0,0,0,0,0,1
4039,4039,0,0,1,00,1,0,0,1,0,0,0,0,1,1,"S_WAIT_READY",0,1,0,0,0,0,0,1
4040,4040,0,0,1,00,1,0,0,1,0,0,0,0,1,1,"S_WAIT_READY",0,1,0,0,0,0,0,1
4041,4041,0,0,1,00,1,0,0,1,0,0,0,0,1,1,"S_WAIT_READY",0,1,0,0,0,0,0,1
4042,4042,0,0,1,00,1,0,0,1,0,0,0,0,1,1,"S_WAIT_READY",0,1,0,0,0,0,0,1
4043,4043,0,0,1,00,1,0,0,1,0,0,0,0,1,1,"S_WAIT_READY",0,1,0,0,0,0,0,1
4044,4044,0,0,1,00,1,0,0,1,0,0,0,0,1,1,"S_WAIT_READY",0,1,0,0,0,0,0,1
4045,4045,0,0,1,00,1,0,0,1,0,0,0,0,1,1,"S_WAIT_READY",0,1,0,0,0,0,0,1
4046,4046,0,0,1,00,1,0,0,1,0,0,0,0,1,1,"S_WAIT_READY",0,1,0,0,0,0,0,1
4047,4047,0,0,1,00,1,0,0,1,0,0,0,0,1,1,"S_WAIT_READY",0,1,0,0,0,0,0,1
4048,4048,0,0,1,00,1,0,0,1,0,0,0,0,1,1,"S_WAIT_READY",0,1,0,0,0,0,0,1
4049,4049,0,0,1,00,1,0,0,1,0,0,0,0,1,1,"S_WAIT_READY",0,1,0,0,0,0,0,1
4050,4050,0,0,1,00,1,0,0,1,0,0,0,0,1,1,"S_WAIT_READY",0,1,0,0,0,0,0,1
4051,4051,0,0,1,00,1,0,0,1,0,0,0,0,1,1,"S_WAIT_READY",0,1,0,0,0,0,0,1
4052,4052,0,0,1,00,1,0,0,1,0,0,0,0,1,1,"S_WAIT_READY",0,1,0,0,0,0,0,1
4053,4053,0,0,1,00,1,0,0,1,0,0,0,0,1,1,"S_WAIT_READY",0,1,0,0,0,0,0,1
4054,4054,0,0,1,00,1,0,0,1,0,0,0,0,1,1,"S_WAIT_READY",0,1,0,0,0,0,0,1
4055,4055,0,0,1,00,1,0,0,1,0,0,0,0,1,1,"S_WAIT_READY",0,1,0,0,0,0,0,1
4056,4056,0,0,1,00,1,0,0,1,0,0,0,0,1,1,"S_WAIT_READY",0,1,0,0,0,0,0,1
4057,4057,0,0,1,00,1,0,0,1,0,0,0,0,1,1,"S_WAIT_READY",0,1,0,0,0,0,0,1
4058,4058,0,0,1,00,1,0,0,1,0,0,0,0,1,1,"S_WAIT_READY",0,1,0,0,0,0,0,1
4059,4059,0,0,1,00,1,0,0,1,0,0,0,0,1,1,"S_WAIT_READY",0,1,0,0,0,0,0,1
4060,4060,0,0,1,00,1,0,0,1,0,0,0,0,1,1,"S_WAIT_READY",0,1,0,0,0,0,0,1
4061,4061,0,0,1,00,1,0,0,1,0,0,0,0,1,1,"S_WAIT_READY",0,1,0,0,0,0,0,1
4062,4062,0,0,1,00,1,0,0,1,0,0,0,0,1,1,"S_WAIT_READY",0,1,0,0,0,0,0,1
4063,4063,0,0,1,00,1,0,0,1,0,0,0,0,1,1,"S_WAIT_READY",0,1,0,0,0,0,0,1
4064,4064,0,0,1,00,1,0,0,1,0,0,0,0,1,1,"S_WAIT_READY",0,1,0,0,0,0,0,1
4065,4065,0,0,1,00,1,0,0,1,0,0,0,0,1,1,"S_WAIT_READY",0,1,0,0,0,0,0,1
4066,4066,0,0,1,00,1,0,0,1,0,0,0,0,1,1,"S_WAIT_READY",0,1,0,0,0,0,0,1
4067,4067,0,0,1,00,1,0,0,1,0,0,0,0,1,1,"S_WAIT_READY",0,1,0,0,0,0,0,1
4068,4068,0,0,1,00,1,0,0,1,0,0,0,0,1,1,"S_WAIT_READY",0,1,0,0,0,0,0,1
4069,4069,0,0,1,00,1,0,0,1,0,0,0,0,1,1,"S_WAIT_READY",0,1,0,0,0,0,0,1
4070,4070,0,0,1,00,1,0,0,1,0,0,0,0,1,1,"S_WAIT_READY",0,1,0,0,0,0,0,1
4071,4071,0,0,1,00,1,0,0,1,0,0,0,0,1,1,"S_WAIT_READY",0,1,0,0,0,0,0,1
4072,4072,0,0,1,00,1,0,0,1,0,0,0,0,1,1,"S_WAIT_READY",0,1,0,0,0,0,0,1
4073,4073,0,0,1,00,1,0,0,1,0,0,0,0,1,1,"S_WAIT_READY",0,1,0,0,0,0,0,1
4074,4074,0,0,1,00,1,0,0,1,0,0,0,0,1,1,"S_WAIT_READY",0,1,0,0,0,0,0,1
4075,4075,0,0,1,00,1,0,0,1,0,0,0,0,1,1,"S_WAIT_READY",0,1,0,0,0,0,0,1
4076,4076,0,0,1,00,1,0,0,1,0,0,0,0,1,1,"S_WAIT_READY",0,1,0,0,0,0,0,1
4077,4077,0,0,1,00,1,0,0,1,0,0,0,0,1,1,"S_WAIT_READY",0,1,0,0,0,0,0,1
4078,4078,0,0,1,00,1,0,0,1,0,0,0,0,1,1,"S_WAIT_READY",0,1,0,0,0,0,0,1
4079,4079,0,0,1,00,1,0,0,1,0,0,0,0,1,1,"S_WAIT_READY",0,1,0,0,0,0,0,1
4080,4080,0,0,1,00,1,0,0,1,0,0,0,0,1,1,"S_WAIT_READY",0,1,0,0,0,0,0,1
4081,4081,0,0,1,00,1,0,0,1,0,0,0,0,1,1,"S_WAIT_READY",0,1,0,0,0,0,0,1
4082,4082,0,0,1,00,1,0,0,1,0,0,0,0,1,1,"S_WAIT_READY",0,1,0,0,0,0,0,1
4083,4083,0,0,1,00,1,0,0,1,0,0,0,0,1,1,"S_WAIT_READY",0,1,0,0,0,0,0,1
4084,4084,0,0,1,00,1,0,0,1,0,0,0,0,1,1,"S_WAIT_READY",0,1,0,0,0,0,0,1
4085,4085,0,0,1,00,1,0,0,1,0,0,0,0,1,1,"S_WAIT_READY",0,1,0,0,0,0,0,1
4086,4086,0,0,1,00,1,0,0,1,0,0,0,0,1,1,"S_WAIT_READY",0,1,0,0,0,0,0,1
4087,4087,0,0,1,00,1,0,0,1,0,0,0,0,1,1,"S_WAIT_READY",0,1,0,0,0,0,0,1
4088,4088,0,0,1,00,1,0,0,1,0,0,0,0,1,1,"S_WAIT_READY",0,1,0,0,0,0,0,1
4089,4089,0,0,1,00,1,0,0,1,0,0,0,0,1,1,"S_WAIT_READY",0,1,0,0,0,0,0,1
4090,4090,0,0,1,00,1,0,0,1,0,0,0,0,1,1,"S_WAIT_READY",0,1,0,0,0,0,0,1
4091,4091,0,0,1,00,1,0,0,1,0,0,0,0,1,1,"S_WAIT_READY",0,1,0,0,0,0,0,1
4092,4092,0,0,1,00,1,0,0,1,0,0,0,0,1,1,"S_WAIT_READY",0,1,0,0,0,0,0,1
4093,4093,0,0,1,00,1,0,0,1,0,0,0,0,1,1,"S_WAIT_READY",0,1,0,0,0,0,0,1
4094,4094,0,0,1,00,1,0,0,1,0,0,0,0,1,1,"S_WAIT_READY",0,1,0,0,0,0,0,1
4095,4095,0,0,1,00,1,0,0,1,0,0,0,0,1,1,"S_WAIT_READY",0,1,0,0,0,0,0,1
4096,0,0,2,0,03,0,0,0,0,0,0,0,0,1,1,"S_GEN3_WAIT",1,1,1,0,0,1,0,0
4097,1,0,2,0,03,0,0,0,0,0,0,0,0,1,1,"S_GEN3_WAIT",1,1,1,0,0,1,0,0
4098,2,0,2,0,03,0,0,0,0,0,0,0,0,1,1,"S_GEN3_WAIT",1,1,1,0,0,1,0,0
4099,3,0,2,0,03,0,0,0,0,0,0,0,0,1,1,"S_GEN3_WAIT",1,1,1,0,0,1,0,0
4100,4,0,2,0,03,0,0,0,0,0,0,0,0,1,1,"S_GEN3_WAIT",1,1,1,0,0,1,0,0
4101,5,0,2,0,03,0,0,0,0,0,0,0,0,1,1,"S_GEN3_WAIT",1,1,1,0,0,1,0,0
4102,6,0,2,0,03,0,0,0,0,0,0,0,0,1,1,"S_GEN3_WAIT",1,1,1,0,0,1,0,0
4103,7,0,2,0,03,0,0,0,0,0,0,0,0,1,1,"S_GEN3_WAIT",1,1,1,0,0,1,0,0
4104,8,0,2,0,03,0,0,0,0,0,0,0,0,1,1,"S_GEN3_WAIT",1,1,1,0,0,1,0,0
4105,9,0,2,0,03,0,0,0,0,0,0,0,0,1,1,"S_GEN3_WAIT",1,1,1,0,0,1,0,0
4106,10,0,2,0,03,0,0,0,0,0,0,0,0,1,1,"S_GEN3_WAIT",1,1,1,0,0,1,0,0
4107,11,0,2,0,03,0,0,0,0,0,0,0,0,1,1,"S_GEN3_WAIT",1,1,1,0,0,1,0,0
4108,12,0,2,0,03,0,0,0,0,0,0,0,0,1,1,"S_GEN3_WAIT",1,1,1,0,0,1,0,0
4109,13,0,2,0,03,0,0,0,0,0,0,0,0,1,1,"S_GEN3_WAIT",1,1,1,0,0,1,0,0
4110,14,0,2,0,03,0,0,0,0,0,0,0,0,1,1,"S_GEN3_WAIT",1,1,1,0,0,1,0,0
4111,15,0,2,0,03,0,0,0,0,0,0,0,0,1,1,"S_GEN3_WAIT",1,1,1,0,0,1,0,0
4112,16,0,2,0,03,0,0,0,0,0,0,0,0,1,1,"S_GEN3_WAIT",1,1,1,0,0,1,0,0
4113,17,0,2,0,03,0,0,0,0,0,0,0,0,1,1,"S_GEN3_WAIT",1,1,1,0,0,1,0,0
4114,18,0,2,0,03,0,0,0,0,0,0,0,0,1,1,"S_GEN3_WAIT",1,1,1,0,0,1,0,0
4115,19,0,2,0,03,0,0,0,0,0,0,0,0,1,1,"S_GEN3_WAIT",1,1,1,0,0,1,0,0
4116,20,0,2,0,03,0,0,0,0,0,0,0,0,1,1,"S_GEN3_WAIT",1,1,1,0,0,1,0,0
4117,21,0,2,0,03,0,0,0,0,0,0,0,0,1,1,"S_GEN3_WAIT",1,1,1,0,0,1,0,0
4118,22,0,2,0,03,0,0,0,0,0,0,0,0,1,1,"S_GEN3_WAIT",1,1,1,0,0,1,0,0
4119,23,0,2,0,03,0,0,0,0,0,0,0,0,1,1,"S_GEN3_WAIT",1,1,1,0,0,1,0,0
4120,24,0,2,0,03,0,0,0,0,0,0,0,0,1,1,"S_GEN3_WAIT",1,1,1,0,0,1,0,0
4121,25,0,2,0,03,0,0,0,0,0,0,0,0,1,1,"S_GEN3_WAIT",1,1,1,0,0,1,0,0
4122,26,0,2,0,03,0,0,0,0,0,0,0,0,1,1,"S_GEN3_WAIT",1,1,1,0,0,1,0,0
4123,27,0,2,0,03,0,0,0,0,0,0,0,0,1,1,"S_GEN3_WAIT",1,1,1,0,0,1,0,0
4124,28,0,2,0,03,0,0,0,0,0,0,0,0,1,1,"S_GEN3_WAIT",1,1,1,0,0,1,0,0
4125,29,0,2,0,03,0,0,0,0,0,0,0,0,1,1,"S_GEN3_WAIT",1,1,1,0,0,1,0,0
4126,30,0,2,0,03,0,0,0,0,0,0,0,0,1,1,"S_GEN3_WAIT",1,1,1,0,0,1,0,0
4127,31,0,2,0,03,0,0,0,0,0,0,0,0,1,1,"S_GEN3_WAIT",1,1,1,0,0,1,0,0
4128,32,0,2,0,03,0,0,0,0,0,0,0,0,1,1,"S_GEN3_WAIT",1,1,1,0,0,1,0,0
4129,33,0,2,0,03,0,0,0,0,0,0,0,0,1,1,"S_GEN3_WAIT",1,1,1,0,0,1,0,0
4130,34,0,2,0,03,0,0,0,0,0,0,0,0,1,1,"S_GEN3_WAIT",1,1,1,0,0,1,0,0
4131,35,0,2,0,03,0,0,0,0,0,0,0,0,1,1,"S_GEN3_WAIT",1,1,1,0,0,1,0,0
4132,36,0,2,0,03,0,0,0,0,0,0,0,0,1,1,"S_GEN3_WAIT",1,1,1,0,0,1,0,0
4133,37,0,2,0,03,0,0,0,0,0,0,0,0,1,1,"S_GEN3_WAIT",1,1,1,0,0,1,0,0
4134,38,0,2,0,03,0,0,0,0,0,0,0,0,1,1,"S_GEN3_WAIT",1,1,1,0,0,1,0,0
4135,39,0,2,0,03,0,0,0,0,0,0,0,0,1,1,"S_GEN3_WAIT",1,1,1,0,0,1,0,0
4136,40,0,2,0,03,0,0,0,0,0,0,0,0,1,1,"S_GEN3_WAIT",1,1,1,0,0,1,0,0
4137,41,0,2,0,03,0,0,0,0,0,0,0,0,1,1,"S_GEN3_WAIT",1,1,1,0,0,1,0,0
4138,42,0,2,0,03,0,0,0,0,0,0,0,0,1,1,"S_GEN3_WAIT",1,1,1,0,0,1,0,0
4139,43,0,2,0,03,0,0,0,0,0,0,0,0,1,1,"S_GEN3_WAIT",1,1,1,0,0,1,0,0
4140,44,0,2,0,03,0,0,0,0,0,0,0,0,1,1,"S_GEN3_WAIT",1,1,1,0,0,1,0,0
4141,45,0,2,0,03,0,0,0,0,0,0,0,0,1,1,"S_GEN3_WAIT",1,1,1,0,0,1,0,0
4142,46,0,2,0,03,0,0,0,0,0,0,0,0,1,1,"S_GEN3_WAIT",1,1,1,0,0,1,0,0
4143,47,0,2,0,03,0,0,0,0,0,0,0,0,1,1,"S_GEN3_WAIT",1,1,1,0,0,1,0,0
4144,48,0,2,0,03,0,0,0,0,0,0,0,0,1,1,"S_GEN3_WAIT",1,1,1,0,0,1,0,0
4145,49,0,2,0,03,0,0,0,0,0,0,0,0,1,1,"S_GEN3_WAIT",1,1,1,0,0,1,0,0
4146,50,0,2,0,03,0,0,0,0,0,0,0,0,1,1,"S_GEN3_WAIT",1,1,1,0,0,1,0,0
4147,51,0,2,0,03,0,0,0,0,0,0,0,0,1,1,"S_GEN3_WAIT",1,1,1,0,0,1,0,0
4148,52,0,2,0,03,0,0,0,0,0,0,0,0,1,1,"S_GEN3_WAIT",1,1,1,0,0,1,0,0
4149,53,0,2,0,03,0,0,0,0,0,0,0,0,1,1,"S_GEN3_WAIT",1,1,1,0,0,1,0,0
4150,54,0,2,0,03,0,0,0,0,0,0,0,0,1,1,"S_GEN3_WAIT",1,1,1,0,0,1,0,0
4151,55,0,2,0,03,0,0,0,0,0,0,0,0,1,1,"S_GEN3_WAIT",1,1,1,0,0,1,0,0
4152,56,0,2,0,03,0,0,0,0,0,0,0,0,1,1,"S_GEN3_WAIT",1,1,1,0,0,1,0,0
4153,57,0,2,0,03,0,0,0,0,0,0,0,0,1,1,"S_GEN3_WAIT",1,1,1,0,0,1,0,0
4154,58,0,2,0,03,0,0,0,0,0,0,0,0,1,1,"S_GEN3_WAIT",1,1,1,0,0,1,0,0
4155,59,0,2,0,03,0,0,0,0,0,0,0,0,1,1,"S_GEN3_WAIT",1,1,1,0,0,1,0,0
4156,60,0,2,0,03,0,0,0,0,0,0,0,0,1,1,"S_GEN3_WAIT",1,1,1,0,0,1,0,0
4157,61,0,2,0,03,0,0,0,0,0,0,0,0,1,1,"S_GEN3_WAIT",1,1,1,0,0,1,0,0
4158,62,0,2,0,03,0,0,0,0,0,0,0,0,1,1,"S_GEN3_WAIT",1,1,1,0,0,1,0,0
4159,63,0,2,0,03,0,0,0,0,0,0,0,0,1,1,"S_GEN3_WAIT",1,1,1,0,0,1,0,0
4160,64,0,2,0,03,0,0,0,0,0,0,0,0,1,1,"S_GEN3_WAIT",1,1,1,0,0,1,0,0
4161,65,0,2,0,03,0,0,0,0,0,0,0,0,1,1,"S_GEN3_WAIT",1,1,1,0,0,1,0,0
4162,66,0,2,0,03,0,0,0,0,0,0,0,0,1,1,"S_GEN3_WAIT",1,1,1,0,0,1,0,0
4163,67,0,2,0,03,0,0,0,0,0,0,0,0,1,1,"S_GEN3_WAIT",1,1,1,0,0,1,0,0
4164,68,0,2,0,03,0,0,0,0,0,0,0,0,1,1,"S_GEN3_WAIT",1,1,1,0,0,1,0,0
4165,69,0,2,0,03,0,0,0,0,0,0,0,0,1,1,"S_GEN3_WAIT",1,1,1,0,0,1,0,0
4166,70,0,2,0,03,0,0,0,0,0,0,0,0,1,1,"S_GEN3_WAIT",1,1,1,0,0,1,0,0
4167,71,0,2,0,03,0,0,0,0,0,0,0,0,1,1,"S_GEN3_WAIT",1,1,1,0,0,1,0,0
4168,72,0,2,0,03,0,0,0,0,0,0,0,0,1,1,"S_GEN3_WAIT",1,1,1,0,0,1,0,0
4169,73,0,2,0,03,0,0,0,0,0,0,0,0,1,1,"S_GEN3_WAIT",1,1,1,0,0,1,0,0
4170,74,0,2,0,03,0,0,0,0,0,0,0,0,1,1,"S_GEN3_WAIT",1,1,1,0,0,1,0,0
4171,75,0,2,0,03,0,0,0,0,0,0,0,0,1,1,"S_GEN3_WAIT",1,1,1,0,0,1,0,0
4172,76,0,2,0,03,0,0,0,0,0,0,0,0,1,1,"S_GEN3_WAIT",1,1,1,0,0,1,0,0
4173,77,0,2,0,03,0,0,0,0,0,0,0,0,1,1,"S_GEN3_WAIT",1,1,1,0,0,1,0,0
4174,78,0,2,0,03,0,0,0,0,0,0,0,0,1,1,"S_GEN3_WAIT",1,1,1,0,0,1,0,0
4175,79,0,2,0,03,0,0,0,0,0,0,0,0,1,1,"S_GEN3_WAIT",1,1,1,0,0,1,0,0
4176,80,0,2,0,03,0,0,0,0,0,0,0,0,1,1,"S_GEN3_WAIT",1,1,1,0,0,1,0,0
4177,81,0,2,0,03,0,0,0,0,0,0,0,0,1,1,"S_GEN3_WAIT",1,1,1,0,0,1,0,0
4178,82,0,2,0,03,0,0,0,0,0,0,0,0,1,1,"S_GEN3_WAIT",1,1,1,0,0,1,0,0
4179,83,0,2,0,03,0,0,0,0,0,0,0,0,1,1,"S_GEN3_WAIT",1,1,1,0,0,1,0,0
4180,84,0,2,0,03,0,0,0,0,0,0,0,0,1,1,"S_GEN3_WAIT",1,1,1,0,0,1,0,0
4181,85,0,2,0,03,0,0,0,0,0,0,0,0,1,1,"S_GEN3_WAIT",1,1,1,0,0,1,0,0
4182,86,0,2,0,03,0,0,0,0,0,0,0,0,1,1,"S_GEN3_WAIT",1,1,1,0,0,1,0,0
4183,87,0,2,0,03,0,0,0,0,0,0,0,0,1,1,"S_GEN3_WAIT",1,1,1,0,0,1,0,0
4184,88,0,2,0,03,0,0,0,0,0,0,0,0,1,1,"S_GEN3_WAIT",1,1,1,0,0,1,0,0
4185,89,0,2,0,03,0,0,0,0,0,0,0,0,1,1,"S_GEN3_WAIT",1,1,1,0,0,1,0,0
4186,90,0,2,0,03,0,0,0,0,0,0,0,0,1,1,"S_GEN3_WAIT",1,1,1,0,0,1,0,0
4187,91,0,2,0,03,0,0,0,0,0,0,0,0,1,1,"S_GEN3_WAIT",1,1,1,0,0,1,0,0
4188,92,0,2,0,03,0,0,0,0,0,0,0,0,1,1,"S_GEN3_WAIT",1,1,1,0,0,1,0,0
4189,93,0,2,0,03,0,0,0,0,0,0,0,0,1,1,"S_GEN3_WAIT",1,1,1,0,0,1,0,0
4190,94,0,2,0,03,0,0,0,0,0,0,0,0,1,1,"S_GEN3_WAIT",1,1,1,0,0,1,0,0
4191,95,0,2,0,03,0,0,0,0,0,0,0,0,1,1,"S_GEN3_WAIT",1,1,1,0,0,1,0,0
4192,96,0,2,0,03,0,0,0,0,0,0,0,0,1,1,"S_GEN3_WAIT",1,1,1,0,0,1,0,0
4193,97,0,2,0,03,0,0,0,0,0,0,0,0,1,1,"S_GEN3_WAIT",1,1,1,0,0,1,0,0
4194,98,0,2,0,03,0,0,0,0,0,0,0,0,1,1,"S_GEN3_WAIT",1,1,1,0,0,1,0,0
4195,99,0,2,0,03,0,0,0,0,0,0,0,0,1,1,"S_GEN3_WAIT",1,1,1,0,0,1,0,0
4196,100,0,2,0,03,0,0,0,0,0,0,0,0,1,1,"S_GEN3_WAIT",1,1,1,0,0,1,0,0
4197,101,0,2,0,03,0,0,0,0,0,0,0,0,1,1,"S_GEN3_WAIT",1,1,1,0,0,1,0,0
4198,102,0,2,0,03,0,0,0,0,0,0,0,0,1,1,"S_GEN3_WAIT",1,1,1,0,0,1,0,0
4199,103,0,2,0,03,0,0,0,0,0,0,0,0,1,1,"S_GEN3_WAIT",1,1,1,0,0,1,0,0
4200,104,0,2,0,03,0,0,0,0,0,0,0,0,1,1,"S_GEN3_WAIT",1,1,1,0,0,1,0,0
4201,105,0,2,0,03,0,0,0,0,0,0,0,0,1,1,"S_GEN3_WAIT",1,1,1,0,0,1,0,0
4202,106,0,2,0,03,0,0,0,0,0,0,0,0,1,1,"S_GEN3_WAIT",1,1,1,0,0,1,0,0
4203,107,0,2,0,03,0,0,0,0,0,0,0,0,1,1,"S_GEN3_WAIT",1,1,1,0,0,1,0,0
4204,108,0,2,0,03,0,0,0,0,0,0,0,0,1,1,"S_GEN3_WAIT",1,1,1,0,0,1,0,0
4205,109,0,2,0,03,0,0,0,0,0,0,0,0,1,1,"S_GEN3_WAIT",1,1,1,0,0,1,0,0
4206,110,0,2,0,03,0,0,0,0,0,0,0,0,1,1,"S_GEN3_WAIT",1,1,1,0,0,1,0,0
4207,111,0,2,0,03,0,0,0,0,0,0,0,0,1,1,"S_GEN3_WAIT",1,1,1,0,0,1,0,0
4208,112,0,2,0,03,0,0,0,0,0,0,0,0,1,1,"S_GEN3_WAIT",1,1,1,0,0,1,0,0
4209,113,0,2,0,03,0,0,0,0,0,0,0,0,1,1,"S_GEN3_WAIT",1,1,1,0,0,1,0,0
4210,114,0,2,0,03,0,0,0,0,0,0,0,0,1,1,"S_GEN3_WAIT",1,1,1,0,0,1,0,0
4211,115,0,2,0,03,0,0,0,0,0,0,0,0,1,1,"S_GEN3_WAIT",1,1,1,0,0,1,0,0
4212,116,0,2,0,03,0,0,0,0,0,0,0,0,1,1,"S_GEN3_WAIT",1,1,1,0,0,1,0,0
4213,117,0,2,0,03,0,0,0,0,0,0,0,0,1,1,"S_GEN3_WAIT",1,1,1,0,0,1,0,0
4214,118,0,2,0,03,0,0,0,0,0,0,0,0,1,1,"S_GEN3_WAIT",1,1,1,0,0,1,0,0
4215,119,0,2,0,03,0,0,0,0,0,0,0,0,1,1,"S_GEN3_WAIT",1,1,1,0,0,1,0,0
4216,120,0,2,0,03,0,0,0,0,0,0,0,0,1,1,"S_GEN3_WAIT",1,1,1,0,0,1,0,0
4217,121,0,2,0,03,0,0,0,0,0,0,0,0,1,1,"S_GEN3_WAIT",1,1,1,0,0,1,0,0
4218,122,0,2,0,03,0,0,0,0,0,0,0,0,1,1,"S_GEN3_WAIT",1,1,1,0,0,1,0,0
4219,123,0,2,0,03,0,0,0,0,0,0,0,0,1,1,"S_GEN3_WAIT",1,1,1,0,0,1,0,0
4220,124,0,2,0,03,0,0,0,0,0,0,0,0,1,1,"S_GEN3_WAIT",1,1,1,0,0,1,0,0
4221,125,0,2,0,03,0,0,0,0,0,0,0,0,1,1,"S_GEN3_WAIT",1,1,1,0,0,1,0,0
4222,126,0,2,0,03,0,0,0,0,0,0,0,0,1,1,"S_GEN3_WAIT",1,1,1,0,0,1,0,0
4223,127,0,2,0,03,0,0,0,0,0,0,0,0,1,1,"S_GEN3_WAIT",1,1,1,0,0,1,0,0
4224,128,0,2,0,03,0,0,0,0,0,0,0,0,1,1,"S_GEN3_WAIT",1,1,1,0,0,1,0,0
4225,129,0,2,0,03,0,0,0,0,0,0,0,0,1,1,"S_GEN3_WAIT",1,1,1,0,0,1,0,0
4226,130,0,2,0,03,0,0,0,0,0,0,0,0,1,1,"S_GEN3_WAIT",1,1,1,0,0,1,0,0
4227,131,0,2,0,03,0,0,0,0,0,0,0,0,1,1,"S_GEN3_WAIT",1,1,1,0,0,1,0,0
4228,132,0,2,0,03,0,0,0,0,0,0,0,0,1,1,"S_GEN3_WAIT",1,1,1,0,0,1,0,0
4229,133,0,2,0,03,0,0,0,0,0,0,0,0,1,1,"S_GEN3_WAIT",1,1,1,0,0,1,0,0
4230,134,0,2,0,03,0,0,0,0,0,0,0,0,1,1,"S_GEN3_WAIT",1,1,1,0,0,1,0,0
4231,135,0,2,0,03,0,0,0,0,0,0,0,0,1,1,"S_GEN3_WAIT",1,1,1,0,0,1,0,0
4232,136,0,2,0,03,0,0,0,0,0,0,0,0,1,1,"S_GEN3_WAIT",1,1,1,0,0,1,0,0
4233,137,0,2,0,03,0,0,0,0,0,0,0,0,1,1,"S_GEN3_WAIT",1,1,1,0,0,1,0,0
4234,138,0,2,0,03,0,0,0,0,0,0,0,0,1,1,"S_GEN3_WAIT",1,1,1,0,0,1,0,0
4235,139,0,2,0,03,0,0,0,0,0,0,0,0,1,1,"S_GEN3_WAIT",1,1,1,0,0,1,0,0
4236,140,0,2,0,03,0,0,0,0,0,0,0,0,1,1,"S_GEN3_WAIT",1,1,1,0,0,1,0,0
4237,141,0,2,0,03,0,0,0,0,0,0,0,0,1,1,"S_GEN3_WAIT",1,1,1,0,0,1,0,0
4238,142,0,2,0,03,0,0,0,0,0,0,0,0,1,1,"S_GEN3_WAIT",1,1,1,0,0,1,0,0
4239,143,0,2,0,03,0,0,0,0,0,0,0,0,1,1,"S_GEN3_WAIT",1,1,1,0,0,1,0,0
4240,144,0,2,0,03,0,0,0,0,0,0,0,0,1,1,"S_GEN3_WAIT",1,1,1,0,0,1,0,0
4241,145,0,2,0,03,0,0,0,0,0,0,0,0,1,1,"S_GEN3_WAIT",1,1,1,0,0,1,0,0
4242,146,0,2,0,03,0,0,0,0,0,0,0,0,1,1,"S_GEN3_WAIT",1,1,1,0,0,1,0,0
4243,147,0,2,0,03,0,0,0,0,0,0,0,0,1,1,"S_GEN3_WAIT",1,1,1,0,0,1,0,0
4244,148,0,2,0,03,0,0,0,0,0,0,0,0,1,1,"S_GEN3_WAIT",1,1,1,0,0,1,0,0
4245,149,0,2,0,03,0,0,0,0,0,0,0,0,1,1,"S_GEN3_WAIT",1,1,1,0,0,1,0,0
4246,150,0,2,0,03,0,0,0,0,0,0,0,0,1,1,"S_GEN3_WAIT",1,1,1,0,0,1,0,0
4247,151,0,2,0,03,0,0,0,0,0,0,0,0,1,1,"S_GEN3_WAIT",1,1,1,0,0,1,0,0
4248,152,0,2,0,03,0,0,0,0,0,0,0,0,1,1,"S_GEN3_WAIT",1,1,1,0,0,1,0,0
4249,153,0,2,0,03,0,0,0,0,0,0,0,0,1,1,"S_GEN3_WAIT",1,1,1,0,0,1,0,0
4250,154,0,2,0,03,0,0,0,0,0,0,0,0,1,1,"S_GEN3_WAIT",1,1,1,0,0,1,0,0
4251,155,0,2,0,03,0,0,0,0,0,0,0,0,1,1,"S_GEN3_WAIT",1,1,1,0,0,1,0,0
4252,156,0,2,0,03,0,0,0,0,0,0,0,0,1,1,"S_GEN3_WAIT",1,1,1,0,0,1,0,0
4253,157,0,2,0,03,0,0,0,0,0,0,0,0,1,1,"S_GEN3_WAIT",1,1,1,0,0,1,0,0
4254,158,0,2,0,03,0,0,0,0,0,0,0,0,1,1,"S_GEN3_WAIT",1,1,1,0,0,1,0,0
4255,159,0,2,0,03,0,0,0,0,0,0,0,0,1,1,"S_GEN3_WAIT",1,1,1,0,0,1,0,0
4256,160,0,2,0,03,0,0,0,0,0,0,0,0,1,1,"S_GEN3_WAIT",1,1,1,0,0,1,0,0
4257,161,0,2,0,03,0,0,0,0,0,0,0,0,1,1,"S_GEN3_WAIT",1,1,1,0,0,1,0,0
4258,162,0,2,0,03,0,0,0,0,0,0,0,0,1,1,"S_GEN3_WAIT",1,1,1,0,0,1,0,0
4259,163,0,2,0,03,0,0,0,0,0,0,0,0,1,1,"S_GEN3_WAIT",1,1,1,0,0,1,0,0
4260,164,0,2,0,03,0,0,0,0,0,0,0,0,1,1,"S_GEN3_WAIT",1,1,1,0,0,1,0,0
4261,165,0,2,0,03,0,0,0,0,0,0,0,0,1,1,"S_GEN3_WAIT",1,1,1,0,0,1,0,0
4262,166,0,2,0,03,0,0,0,0,0,0,0,0,1,1,"S_GEN3_WAIT",1,1,1,0,0,1,0,0
4263,167,0,2,0,03,0,0,0,0,0,0,0,0,1,1,"S_GEN3_WAIT",1,1,1,0,0,1,0,0
4264,168,0,2,0,03,0,0,0,0,0,0,0,0,1,1,"S_GEN3_WAIT",1,1,1,0,0,1,0,0
4265,169,0,2,0,03,0,0,0,0,0,0,0,0,1,1,"S_GEN3_WAIT",1,1,1,0,0,1,0,0
4266,170,0,2,0,03,0,0,0,0,0,0,0,0,1,1,"S_GEN3_WAIT",1,1,1,0,0,1,0,0
4267,171,0,2,0,03,0,0,0,0,0,0,0,0,1,1,"S_GEN3_WAIT",1,1,1,0,0,1,0,0
4268,172,0,2,0,03,0,0,0,0,0,0,0,0,1,1,"S_GEN3_WAIT",1,1,1,0,0,1,0,0
4269,173,0,2,0,03,0,0,0,0,0,0,0,0,1,1,"S_GEN3_WAIT",1,1,1,0,0,1,0,0
4270,174,0,2,0,03,0,0,0,0,0,0,0,0,1,1,"S_GEN3_WAIT",1,1,1,0,0,1,0,0
4271,175,0,2,0,03,0,0,0,0,0,0,0,0,1,1,"S_GEN3_WAIT",1,1,1,0,0,1,0,0
4272,176,0,2,0,03,0,0,0,0,0,0,0,0,1,1,"S_GEN3_WAIT",1,1,1,0,0,1,0,0
4273,177,0,2,0,03,0,0,0,0,0,0,0,0,1,1,"S_GEN3_WAIT",1,1,1,0,0,1,0,0
4274,178,0,2,0,03,0,0,0,0,0,0,0,0,1,1,"S_GEN3_WAIT",1,1,1,0,0,1,0,0
4275,179,0,2,0,03,0,0,0,0,0,0,0,0,1,1,"S_GEN3_WAIT",1,1,1,0,0,1,0,0
4276,180,0,2,0,03,0,0,0,0,0,0,0,0,1,1,"S_GEN3_WAIT",1,1,1,0,0,1,0,0
4277,181,0,2,0,03,0,0,0,0,0,0,0,0,1,1,"S_GEN3_WAIT",1,1,1,0,0,1,0,0
4278,182,0,2,0,03,0,0,0,0,0,0,0,0,1,1,"S_GEN3_WAIT",1,1,1,0,0,1,0,0
4279,183,0,2,0,03,0,0,0,0,0,0,0,0,1,1,"S_GEN3_WAIT",1,1,1,0,0,1,0,0
4280,184,0,2,0,03,0,0,0,0,0,0,0,0,1,1,"S_GEN3_WAIT",1,1,1,0,0,1,0,0
4281,185,0,2,0,03,0,0,0,0,0,0,0,0,1,1,"S_GEN3_WAIT",1,1,1,0,0,1,0,0
4282,186,0,2,0,03,0,0,0,0,0,0,0,0,1,1,"S_GEN3_WAIT",1,1,1,0,0,1,0,0
4283,187,0,2,0,03,0,0,0,0,0,0,0,0,1,1,"S_GEN3_WAIT",1,1,1,0,0,1,0,0
4284,188,0,2,0,03,0,0,0,0,0,0,0,0,1,1,"S_GEN3_WAIT",1,1,1,0,0,1,0,0
4285,189,0,2,0,03,0,0,0,0,0,0,0,0,1,1,"S_GEN3_WAIT",1,1,1,0,0,1,0,0
4286,190,0,2,0,03,0,0,0,0,0,0,0,0,1,1,"S_GEN3_WAIT",1,1,1,0,0,1,0,0
4287,191,0,2,0,03,0,0,0,0,0,0,0,0,1,1,"S_GEN3_WAIT",1,1,1,0,0,1,0,0
4288,192,0,2,0,03,0,0,0,0,0,0,0,0,1,1,"S_GEN3_WAIT",1,1,1,0,0,1,0,0
4289,193,0,2,0,03,0,0,0,0,0,0,0,0,1,1,"S_GEN3_WAIT",1,1,1,0,0,1,0,0
4290,194,0,2,0,03,0,0,0,0,0,0,0,0,1,1,"S_GEN3_WAIT",1,1,1,0,0,1,0,0
4291,195,0,2,0,03,0,0,0,0,0,0,0,0,1,1,"S_GEN3_WAIT",1,1,1,0,0,1,0,0
4292,196,0,2,0,03,0,0,0,0,0,0,0,0,1,1,"S_GEN3_WAIT",1,1,1,0,0,1,0,0
4293,197,0,2,0,03,0,0,0,0,0,0,0,0,1,1,"S_GEN3_WAIT",1,1,1,0,0,1,0,0
4294,198,0,2,0,03,0,0,0,0,0,0,0,0,1,1,"S_GEN3_WAIT",1,1,1,0,0,1,0,0
4295,199,0,2,0,03,0,0,0,0,0,0,0,0,1,1,"S_GEN3_WAIT",1,1,1,0,0,1,0,0
4296,200,0,2,0,03,0,0,0,0,0,0,0,0,1,1,"S_GEN3_WAIT",1,1,1,0,0,1,0,0
4297,201,0,2,0,03,0,0,0,0,0,0,0,0,1,1,"S_GEN3_WAIT",1,1,1,0,0,1,0,0
4298,202,0,2,0,03,0,0,0,0,0,0,0,0,1,1,"S_GEN3_WAIT",1,1,1,0,0,1,0,0
4299,203,0,2,0,03,0,0,0,0,0,0,0,0,1,1,"S_GEN3_WAIT",1,1,1,0,0,1,0,0
4300,204,0,2,0,03,0,0,0,0,0,0,0,0,1,1,"S_GEN3_WAIT",1,1,1,0,0,1,0,0
4301,205,0,2,0,03,0,0,0,0,0,0,0,0,1,1,"S_GEN3_WAIT",1,1,1,0,0,1,0,0
4302,206,0,2,0,03,0,0,0,0,0,0,0,0,1,1,"S_GEN3_WAIT",1,1,1,0,0,1,0,0
4303,207,0,2,0,03,0,0,0,0,0,0,0,0,1,1,"S_GEN3_WAIT",1,1,1,0,0,1,0,0
4304,208,0,2,0,03,0,0,0,0,0,0,0,0,1,1,"S_GEN3_WAIT",1,1,1,0,0,1,0,0
4305,209,0,2,0,03,0,0,0,0,0,0,0,0,1,1,"S_GEN3_WAIT",1,1,1,0,0,1,0,0
4306,210,0,2,0,03,0,0,0,0,0,0,0,0,1,1,"S_GEN3_WAIT",1,1,1,0,0,1,0,0
4307,211,0,2,0,03,0,0,0,0,0,0,0,0,1,1,"S_GEN3_WAIT",1,1,1,0,0,1,0,0
4308,212,0,2,0,03,0,0,0,0,0,0,0,0,1,1,"S_GEN3_WAIT",1,1,1,0,0,1,0,0
4309,213,0,2,0,03,0,0,0,0,0,0,0,0,1,1,"S_GEN3_WAIT",1,1,1,0,0,1,0,0
4310,214,0,2,0,03,0,0,0,0,0,0,0,0,1,1,"S_GEN3_WAIT",1,1,1,0,0,1,0,0
4311,215,0,2,0,03,0,0,0,0,0,0,0,0,1,1,"S_GEN3_WAIT",1,1,1,0,0,1,0,0
4312,216,0,2,0,03,0,0,0,0,0,0,0,0,1,1,"S_GEN3_WAIT",1,1,1,0,0,1,0,0
4313,217,0,2,0,03,0,0,0,0,0,0,0,0,1,1,"S_GEN3_WAIT",1,1,1,0,0,1,0,0
4314,218,0,2,0,03,0,0,0,0,0,0,0,0,1,1,"S_GEN3_WAIT",1,1,1,0,0,1,0,0
4315,219,0,2,0,03,0,0,0,0,0,0,0,0,1,1,"S_GEN3_WAIT",1,1,1,0,0,1,0,0
4316,220,0,2,0,03,0,0,0,0,0,0,0,0,1,1,"S_GEN3_WAIT",1,1,1,0,0,1,0,0
4317,221,0,2,0,03,0,0,0,0,0,0,0,0,1,1,"S_GEN3_WAIT",1,1,1,0,0,1,0,0
4318,222,0,2,0,03,0,0,0,0,0,0,0,0,1,1,"S_GEN3_WAIT",1,1,1,0,0,1,0,0
4319,223,0,2,0,03,0,0,0,0,0,0,0,0,1,1,"S_GEN3_WAIT",1,1,1,0,0,1,0,0
4320,224,0,2,0,03,0,0,0,0,0,0,0,0,1,1,"S_GEN3_WAIT",1,1,1,0,0,1,0,0
4321,225,0,2,0,03,0,0,0,0,0,0,0,0,1,1,"S_GEN3_WAIT",1,1,1,0,0,1,0,0
4322,226,0,2,0,03,0,0,0,0,0,0,0,0,1,1,"S_GEN3_WAIT",1,1,1,0,0,1,0,0
4323,227,0,2,0,03,0,0,0,0,0,0,0,0,1,1,"S_GEN3_WAIT",1,1,1,0,0,1,0,0
4324,228,0,2,0,03,0,0,0,0,0,0,0,0,1,1,"S_GEN3_WAIT",1,1,1,0,0,1,0,0
4325,229,0,2,0,03,0,0,0,0,0,0,0,0,1,1,"S_GEN3_WAIT",1,1,1,0,0,1,0,0
4326,230,0,2,0,03,0,0,0,0,0,0,0,0,1,1,"S_GEN3_WAIT",1,1,1,0,0,1,0,0
4327,231,0,2,0,03,0,0,0,0,0,0,0,0,1,1,"S_GEN3_WAIT",1,1,1,0,0,1,0,0
4328,232,0,2,0,03,0,0,0,0,0,0,0,0,1,1,"S_GEN3_WAIT",1,1,1,0,0,1,0,0
4329,233,0,2,0,03,0,0,0,0,0,0,0,0,1,1,"S_GEN3_WAIT",1,1,1,0,0,1,0,0
4330,234,0,2,0,03,0,0,0,0,0,0,0,0,1,1,"S_GEN3_WAIT",1,1,1,0,0,1,0,0
4331,235,0,2,0,03,0,0,0,0,0,0,0,0,1,1,"S_GEN3_WAIT",1,1,1,0,0,1,0,0
4332,236,0,2,0,03,0,0,0,0,0,0,0,0,1,1,"S_GEN3_WAIT",1,1,1,0,0,1,0,0
4333,237,0,2,0,03,0,0,0,0,0,0,0,0,1,1,"S_GEN3_WAIT",1,1,1,0,0,1,0,0
4334,238,0,2,0,03,0,0,0,0,0,0,0,0,1,1,"S_GEN3_WAIT",1,1,1,0,0,1,0,0
4335,239,0,2,0,03,0,0,0,0,0,0,0,0,1,1,"S_GEN3_WAIT",1,1,1,0,0,1,0,0
4336,240,0,2,0,03,0,0,0,0,0,0,0,0,1,1,"S_GEN3_WAIT",1,1,1,0,0,1,0,0
4337,241,0,2,0,03,0,0,0,0,0,0,0,0,1,1,"S_GEN3_WAIT",1,1,1,0,0,1,0,0
4338,242,0,2,0,03,0,0,0,0,0,0,0,0,1,1,"S_GEN3_WAIT",1,1,1,0,0,1,0,0
4339,243,0,2,0,03,0,0,0,0,0,0,0,0,1,1,"S_GEN3_WAIT",1,1,1,0,0,1,0,0
4340,244,0,2,0,03,0,0,0,0,0,0,0,0,1,1,"S_GEN3_WAIT",1,1,1,0,0,1,0,0
4341,245,0,2,0,03,0,0,0,0,0,0,0,0,1,1,"S_GEN3_WAIT",1,1,1,0,0,1,0,0
4342,246,0,2,0,03,0,0,0,0,0,0,0,0,1,1,"S_GEN3_WAIT",1,1,1,0,0,1,0,0
4343,247,0,2,0,03,0,0,0,0,0,0,0,0,1,1,"S_GEN3_WAIT",1,1,1,0,0,1,0,0
4344,248,0,2,0,03,0,0,0,0,0,0,0,0,1,1,"S_GEN3_WAIT",1,1,1,0,0,1,0,0
4345,249,0,2,0,03,0,0,0,0,0,0,0,0,1,1,"S_GEN3_WAIT",1,1,1,0,0,1,0,0
4346,250,0,2,0,03,0,0,0,0,0,0,0,0,1,1,"S_GEN3_WAIT",1,1,1,0,0,1,0,0
4347,251,0,2,0,03,0,0,0,0,0,0,0,0,1,1,"S_GEN3_WAIT",1,1,1,0,0,1,0,0
4348,252,0,2,0,03,0,0,0,0,0,0,0,0,1,1,"S_GEN3_WAIT",1,1,1,0,0,1,0,0
4349,253,0,2,0,03,0,0,0,0,0,0,0,0,1,1,"S_GEN3_WAIT",1,1,1,0,0,1,0,0
4350,254,0,2,0,03,0,0,0,0,0,0,0,0,1,1,"S_GEN3_WAIT",1,1,1,0,0,1,0,0
4351,255,0,2,0,03,0,0,0,0,0,0,0,0,1,1,"S_GEN3_WAIT",1,1,1,0,0,1,0,0
4352,256,0,2,0,03,0,0,0,0,0,0,0,0,1,1,"S_GEN3_WAIT",1,1,1,0,0,1,0,0
4353,257,0,2,0,03,0,0,0,0,0,0,0,0,1,1,"S_GEN3_WAIT",1,1,1,0,0,1,0,0
4354,258,0,2,0,03,0,0,0,0,0,0,0,0,1,1,"S_GEN3_WAIT",1,1,1,0,0,1,0,0
4355,259,0,2,0,03,0,0,0,0,0,0,0,0,1,1,"S_GEN3_WAIT",1,1,1,0,0,1,0,0
4356,260,0,2,0,03,0,0,0,0,0,0,0,0,1,1,"S_GEN3_WAIT",1,1,1,0,0,1,0,0
4357,261,0,2,0,03,0,0,0,0,0,0,0,0,1,1,"S_GEN3_WAIT",1,1,1,0,0,1,0,0
4358,262,0,2,0,03,0,0,0,0,0,0,0,0,1,1,"S_GEN3_WAIT",1,1,1,0,0,1,0,0
4359,263,0,2,0,03,0,0,0,0,0,0,0,0,1,1,"S_GEN3_WAIT",1,1,1,0,0,1,0,0
4360,264,0,2,0,03,0,0,0,0,0,0,0,0,1,1,"S_GEN3_WAIT",1,1,1,0,0,1,0,0
4361,265,0,2,0,03,0,0,0,0,0,0,0,0,1,1,"S_GEN3_WAIT",1,1,1,0,0,1,0,0
4362,266,0,2,0,03,0,0,0,0,0,0,0,0,1,1,"S_GEN3_WAIT",1,1,1,0,0,1,0,0
4363,267,0,2,0,03,0,0,0,0,0,0,0,0,1,1,"S_GEN3_WAIT",1,1,1,0,0,1,0,0
4364,268,0,2,0,03,0,0,0,0,0,0,0,0,1,1,"S_GEN3_WAIT",1,1,1,0,0,1,0,0
4365,269,0,2,0,03,0,0,0,0,0,0,0,0,1,1,"S_GEN3_WAIT",1,1,1,0,0,1,0,0
4366,270,0,2,0,03,0,0,0,0,0,0,0,0,1,1,"S_GEN3_WAIT",1,1,1,0,0,1,0,0
4367,271,0,2,0,03,0,0,0,0,0,0,0,0,1,1,"S_GEN3_WAIT",1,1,1,0,0,1,0,0
4368,272,0,2,0,03,0,0,0,0,0,0,0,0,1,1,"S_GEN3_WAIT",1,1,1,0,0,1,0,0
4369,273,0,2,0,03,0,0,0,0,0,0,0,0,1,1,"S_GEN3_WAIT",1,1,1,0,0,1,0,0
4370,274,0,2,0,03,0,0,0,0,0,0,0,0,1,1,"S_GEN3_WAIT",1,1,1,0,0,1,0,0
4371,275,0,2,0,03,0,0,0,0,0,0,0,0,1,1,"S_GEN3_WAIT",1,1,1,0,0,1,0,0
4372,276,0,2,0,03,0,0,0,0,0,0,0,0,1,1,"S_GEN3_WAIT",1,1,1,0,0,1,0,0
4373,277,0,2,0,03,0,0,0,0,0,0,0,0,1,1,"S_GEN3_WAIT",1,1,1,0,0,1,0,0
4374,278,0,2,0,03,0,0,0,0,0,0,0,0,1,1,"S_GEN3_WAIT",1,1,1,0,0,1,0,0
4375,279,0,2,0,03,0,0,0,0,0,0,0,0,1,1,"S_GEN3_WAIT",1,1,1,0,0,1,0,0
4376,280,0,2,0,03,0,0,0,0,0,0,0,0,1,1,"S_GEN3_WAIT",1,1,1,0,0,1,0,0
4377,281,0,2,0,03,0,0,0,0,0,0,0,0,1,1,"S_GEN3_WAIT",1,1,1,0,0,1,0,0
4378,282,0,2,0,03,0,0,0,0,0,0,0,0,1,1,"S_GEN3_WAIT",1,1,1,0,0,1,0,0
4379,283,0,2,0,03,0,0,0,0,0,0,0,0,1,1,"S_GEN3_WAIT",1,1,1,0,0,1,0,0
4380,284,0,2,0,03,0,0,0,0,0,0,0,0,1,1,"S_GEN3_WAIT",1,1,1,0,0,1,0,0
4381,285,0,2,0,03,0,0,0,0,0,0,0,0,1,1,"S_GEN3_WAIT",1,1,1,0,0,1,0,0
4382,286,0,2,0,03,0,0,0,0,0,0,0,0,1,1,"S_GEN3_WAIT",1,1,1,0,0,1,0,0
4383,287,0,2,0,03,0,0,0,0,0,0,0,0,1,1,"S_GEN3_WAIT",1,1,1,0,0,1,0,0
4384,288,0,2,0,03,0,0,0,0,0,0,0,0,1,1,"S_GEN3_WAIT",1,1,1,0,0,1,0,0
4385,289,0,2,0,03,0,0,0,0,0,0,0,0,1,1,"S_GEN3_WAIT",1,1,1,0,0,1,0,0
4386,290,0,2,0,03,0,0,0,0,0,0,0,0,1,1,"S_GEN3_WAIT",1,1,1,0,0,1,0,0
4387,291,0,2,0,03,0,0,0,0,0,0,0,0,1,1,"S_GEN3_WAIT",1,1,1,0,0,1,0,0
4388,292,0,2,0,03,0,0,0,0,0,0,0,0,1,1,"S_GEN3_WAIT",1,1,1,0,0,1,0,0
4389,293,0,2,0,03,0,0,0,0,0,0,0,0,1,1,"S_GEN3_WAIT",1,1,1,0,0,1,0,0
4390,294,0,2,0,03,0,0,0,0,0,0,0,0,1,1,"S_GEN3_WAIT",1,1,1,0,0,1,0,0
4391,295,0,2,0,03,0,0,0,0,0,0,0,0,1,1,"S_GEN3_WAIT",1,1,1,0,0,1,0,0
4392,296,0,2,0,03,0,0,0,0,0,0,0,0,1,1,"S_GEN3_WAIT",1,1,1,0,0,1,0,0
4393,297,0,2,0,03,0,0,0,0,0,0,0,0,1,1,"S_GEN3_WAIT",1,1,1,0,0,1,0,0
4394,298,0,2,0,03,0,0,0,0,0,0,0,0,1,1,"S_GEN3_WAIT",1,1,1,0,0,1,0,0
4395,299,0,2,0,03,0,0,0,0,0,0,0,0,1,1,"S_GEN3_WAIT",1,1,1,0,0,1,0,0
4396,300,0,2,0,03,0,0,0,0,0,0,0,0,1,1,"S_GEN3_WAIT",1,1,1,0,0,1,0,0
4397,301,0,2,0,03,0,0,0,0,0,0,0,0,1,1,"S_GEN3_WAIT",1,1,1,0,0,1,0,0
4398,302,0,2,0,03,0,0,0,0,0,0,0,0,1,1,"S_GEN3_WAIT",1,1,1,0,0,1,0,0
4399,303,0,2,0,03,0,0,0,0,0,0,0,0,1,1,"S_GEN3_WAIT",1,1,1,0,0,1,0,0
4400,304,0,2,0,03,0,0,0,0,0,0,0,0,1,1,"S_GEN3_WAIT",1,1,1,0,0,1,0,0
4401,305,0,2,0,03,0,0,0,0,0,0,0,0,1,1,"S_GEN3_WAIT",1,1,1,0,0,1,0,0
4402,306,0,2,0,03,0,0,0,0,0,0,0,0,1,1,"S_GEN3_WAIT",1,1,1,0,0,1,0,0
4403,307,0,2,0,03,0,0,0,0,0,0,0,0,1,1,"S_GEN3_WAIT",1,1,1,0,0,1,0,0
4404,308,0,2,0,03,0,0,0,0,0,0,0,0,1,1,"S_GEN3_WAIT",1,1,1,0,0,1,0,0
4405,309,0,2,0,03,0,0,0,0,0,0,0,0,1,1,"S_GEN3_WAIT",1,1,1,0,0,1,0,0
4406,310,0,2,0,03,0,0,0,0,0,0,0,0,1,1,"S_GEN3_WAIT",1,1,1,0,0,1,0,0
4407,311,0,2,0,03,0,0,0,0,0,0,0,0,1,1,"S_GEN3_WAIT",1,1,1,0,0,1,0,0
4408,312,0,2,0,03,0,0,0,0,0,0,0,0,1,1,"S_GEN3_WAIT",1,1,1,0,0,1,0,0
4409,313,0,2,0,03,0,0,0,0,0,0,0,0,1,1,"S_GEN3_WAIT",1,1,1,0,0,1,0,0
4410,314,0,2,0,03,0,0,0,0,0,0,0,0,1,1,"S_GEN3_WAIT",1,1,1,0,0,1,0,0
4411,315,0,2,0,03,0,0,0,0,0,0,0,0,1,1,"S_GEN3_WAIT",1,1,1,0,0,1,0,0
4412,316,0,2,0,03,0,0,0,0,0,0,0,0,1,1,"S_GEN3_WAIT",1,1,1,0,0,1,0,0
4413,317,0,2,0,03,0,0,0,0,0,0,0,0,1,1,"S_GEN3_WAIT",1,1,1,0,0,1,0,0
4414,318,0,2,0,03,0,0,0,0,0,0,0,0,1,1,"S_GEN3_WAIT",1,1,1,0,0,1,0,0
4415,319,0,2,0,03,0,0,0,0,0,0,0,0,1,1,"S_GEN3_WAIT",1,1,1,0,0,1,0,0
4416,320,0,2,0,03,0,0,0,0,0,0,0,0,1,1,"S_GEN3_WAIT",1,1,1,0,0,1,0,0
4417,321,0,2,0,03,0,0,0,0,0,0,0,0,1,1,"S_GEN3_WAIT",1,1,1,0,0,1,0,0
4418,322,0,2,0,03,0,0,0,0,0,0,0,0,1,1,"S_GEN3_WAIT",1,1,1,0,0,1,0,0
4419,323,0,2,0,03,0,0,0,0,0,0,0,0,1,1,"S_GEN3_WAIT",1,1,1,0,0,1,0,0
4420,324,0,2,0,03,0,0,0,0,0,0,0,0,1,1,"S_GEN3_WAIT",1,1,1,0,0,1,0,0
4421,325,0,2,0,03,0,0,0,0,0,0,0,0,1,1,"S_GEN3_WAIT",1,1,1,0,0,1,0,0
4422,326,0,2,0,03,0,0,0,0,0,0,0,0,1,1,"S_GEN3_WAIT",1,1,1,0,0,1,0,0
4423,327,0,2,0,03,0,0,0,0,0,0,0,0,1,1,"S_GEN3_WAIT",1,1,1,0,0,1,0,0
4424,328,0,2,0,03,0,0,0,0,0,0,0,0,1,1,"S_GEN3_WAIT",1,1,1,0,0,1,0,0
4425,329,0,2,0,03,0,0,0,0,0,0,0,0,1,1,"S_GEN3_WAIT",1,1,1,0,0,1,0,0
4426,330,0,2,0,03,0,0,0,0,0,0,0,0,1,1,"S_GEN3_WAIT",1,1,1,0,0,1,0,0
4427,331,0,2,0,03,0,0,0,0,0,0,0,0,1,1,"S_GEN3_WAIT",1,1,1,0,0,1,0,0
4428,332,0,2,0,03,0,0,0,0,0,0,0,0,1,1,"S_GEN3_WAIT",1,1,1,0,0,1,0,0
4429,333,0,2,0,03,0,0,0,0,0,0,0,0,1,1,"S_GEN3_WAIT",1,1,1,0,0,1,0,0
4430,334,0,2,0,03,0,0,0,0,0,0,0,0,1,1,"S_GEN3_WAIT",1,1,1,0,0,1,0,0
4431,335,0,2,0,03,0,0,0,0,0,0,0,0,1,1,"S_GEN3_WAIT",1,1,1,0,0,1,0,0
4432,336,0,2,0,03,0,0,0,0,0,0,0,0,1,1,"S_GEN3_WAIT",1,1,1,0,0,1,0,0
4433,337,0,2,0,03,0,0,0,0,0,0,0,0,1,1,"S_GEN3_WAIT",1,1,1,0,0,1,0,0
4434,338,0,2,0,03,0,0,0,0,0,0,0,0,1,1,"S_GEN3_WAIT",1,1,1,0,0,1,0,0
4435,339,0,2,0,03,0,0,0,0,0,0,0,0,1,1,"S_GEN3_WAIT",1,1,1,0,0,1,0,0
4436,340,0,2,0,03,0,0,0,0,0,0,0,0,1,1,"S_GEN3_WAIT",1,1,1,0,0,1,0,0
4437,341,0,2,0,03,0,0,0,0,0,0,0,0,1,1,"S_GEN3_WAIT",1,1,1,0,0,1,0,0
4438,342,0,2,0,03,0,0,0,0,0,0,0,0,1,1,"S_GEN3_WAIT",1,1,1,0,0,1,0,0
4439,343,0,2,0,03,0,0,0,0,0,0,0,0,1,1,"S_GEN3_WAIT",1,1,1,0,0,1,0,0
4440,344,0,2,0,03,0,0,0,0,0,0,0,0,1,1,"S_GEN3_WAIT",1,1,1,0,0,1,0,0
4441,345,0,2,0,03,0,0,0,0,0,0,0,0,1,1,"S_GEN3_WAIT",1,1,1,0,0,1,0,0
4442,346,0,2,0,03,0,0,0,0,0,0,0,0,1,1,"S_GEN3_WAIT",1,1,1,0,0,1,0,0
4443,347,0,2,0,03,0,0,0,0,0,0,0,0,1,1,"S_GEN3_WAIT",1,1,1,0,0,1,0,0
4444,348,0,2,0,03,0,0,0,0,0,0,0,0,1,1,"S_GEN3_WAIT",1,1,1,0,0,1,0,0
4445,349,0,2,0,03,0,0,0,0,0,0,0,0,1,1,"S_GEN3_WAIT",1,1,1,0,0,1,0,0
4446,350,0,2,0,03,0,0,0,0,0,0,0,0,1,1,"S_GEN3_WAIT",1,1,1,0,0,1,0,0
4447,351,0,2,0,03,0,0,0,0,0,0,0,0,1,1,"S_GEN3_WAIT",1,1,1,0,0,1,0,0
4448,352,0,2,0,03,0,0,0,0,0,0,0,0,1,1,"S_GEN3_WAIT",1,1,1,0,0,1,0,0
4449,353,0,2,0,03,0,0,0,0,0,0,0,0,1,1,"S_GEN3_WAIT",1,1,1,0,0,1,0,0
4450,354,0,2,0,03,0,0,0,0,0,0,0,0,1,1,"S_GEN3_WAIT",1,1,1,0,0,1,0,0
4451,355,0,2,0,03,0,0,0,0,0,0,0,0,1,1,"S_GEN3_WAIT",1,1,1,0,0,1,0,0
4452,356,0,2,0,03,0,0,0,0,0,0,0,0,1,1,"S_GEN3_WAIT",1,1,1,0,0,1,0,0
4453,357,0,2,0,03,0,0,0,0,0,0,0,0,1,1,"S_GEN3_WAIT",1,1,1,0,0,1,0,0
4454,358,0,2,0,03,0,0,0,0,0,0,0,0,1,1,"S_GEN3_WAIT",1,1,1,0,0,1,0,0
4455,359,0,2,0,03,0,0,0,0,0,0,0,0,1,1,"S_GEN3_WAIT",1,1,1,0,0,1,0,0
4456,360,0,2,0,03,0,0,0,0,0,0,0,0,1,1,"S_GEN3_WAIT",1,1,1,0,0,1,0,0
4457,361,0,2,0,03,0,0,0,0,0,0,0,0,1,1,"S_GEN3_WAIT",1,1,1,0,0,1,0,0
4458,362,0,2,0,03,0,0,0,0,0,0,0,0,1,1,"S_GEN3_WAIT",1,1,1,0,0,1,0,0
4459,363,0,2,0,03,0,0,0,0,0,0,0,0,1,1,"S_GEN3_WAIT",1,1,1,0,0,1,0,0
4460,364,0,2,0,03,0,0,0,0,0,0,0,0,1,1,"S_GEN3_WAIT",1,1,1,0,0,1,0,0
4461,365,0,2,0,03,0,0,0,0,0,0,0,0,1,1,"S_GEN3_WAIT",1,1,1,0,0,1,0,0
4462,366,0,2,0,03,0,0,0,0,0,0,0,0,1,1,"S_GEN3_WAIT",1,1,1,0,0,1,0,0
4463,367,0,2,0,03,0,0,0,0,0,0,0,0,1,1,"S_GEN3_WAIT",1,1,1,0,0,1,0,0
4464,368,0,2,0,03,0,0,0,0,0,0,0,0,1,1,"S_GEN3_WAIT",1,1,1,0,0,1,0,0
4465,369,0,2,0,03,0,0,0,0,0,0,0,0,1,1,"S_GEN3_WAIT",1,1,1,0,0,1,0,0
4466,370,0,2,0,03,0,0,0,0,0,0,0,0,1,1,"S_GEN3_WAIT",1,1,1,0,0,1,0,0
4467,371,0,2,0,03,0,0,0,0,0,0,0,0,1,1,"S_GEN3_WAIT",1,1,1,0,0,1,0,0
4468,372,0,2,0,03,0,0,0,0,0,0,0,0,1,1,"S_GEN3_WAIT",1,1,1,0,0,1,0,0
4469,373,0,2,0,03,0,0,0,0,0,0,0,0,1,1,"S_GEN3_WAIT",1,1,1,0,0,1,0,0
4470,374,0,2,0,03,0,0,0,0,0,0,0,0,1,1,"S_GEN3_WAIT",1,1,1,0,0,1,0,0
4471,375,0,2,0,03,0,0,0,0,0,0,0,0,1,1,"S_GEN3_WAIT",1,1,1,0,0,1,0,0
4472,376,0,2,0,03,0,0,0,0,0,0,0,0,1,1,"S_GEN3_WAIT",1,1,1,0,0,1,0,0
4473,377,0,2,0,03,0,0,0,0,0,0,0,0,1,1,"S_GEN3_WAIT",1,1,1,0,0,1,0,0
4474,378,0,2,0,03,0,0,0,0,0,0,0,0,1,1,"S_GEN3_WAIT",1,1,1,0,0,1,0,0
4475,379,0,2,0,03,0,0,0,0,0,0,0,0,1,1,"S_GEN3_WAIT",1,1,1,0,0,1,0,0
4476,380,0,2,0,03,0,0,0,0,0,0,0,0,1,1,"S_GEN3_WAIT",1,1,1,0,0,1,0,0
4477,381,0,2,0,03,0,0,0,0,0,0,0,0,1,1,"S_GEN3_WAIT",1,1,1,0,0,1,0,0
4478,382,0,2,0,03,0,0,0,0,0,0,0,0,1,1,"S_GEN3_WAIT",1,1,1,0,0,1,0,0
4479,383,0,2,0,03,0,0,0,0,0,0,0,0,1,1,"S_GEN3_WAIT",1,1,1,0,0,1,0,0
4480,384,0,2,0,03,0,0,0,0,0,0,0,0,1,1,"S_GEN3_WAIT",1,1,1,0,0,1,0,0
4481,385,0,2,0,03,0,0,0,0,0,0,0,0,1,1,"S_GEN3_WAIT",1,1,1,0,0,1,0,0
4482,386,0,2,0,03,0,0,0,0,0,0,0,0,1,1,"S_GEN3_WAIT",1,1,1,0,0,1,0,0
4483,387,0,2,0,03,0,0,0,0,0,0,0,0,1,1,"S_GEN3_WAIT",1,1,1,0,0,1,0,0
4484,388,0,2,0,03,0,0,0,0,0,0,0,0,1,1,"S_GEN3_WAIT",1,1,1,0,0,1,0,0
4485,389,0,2,0,03,0,0,0,0,0,0,0,0,1,1,"S_GEN3_WAIT",1,1,1,0,0,1,0,0
4486,390,0,2,0,03,0,0,0,0,0,0,0,0,1,1,"S_GEN3_WAIT",1,1,1,0,0,1,0,0
4487,391,0,2,0,03,0,0,0,0,0,0,0,0,1,1,"S_GEN3_WAIT",1,1,1,0,0,1,0,0
4488,392,0,2,0,03,0,0,0,0,0,0,0,0,1,1,"S_GEN3_WAIT",1,1,1,0,0,1,0,0
4489,393,0,2,0,03,0,0,0,0,0,0,0,0,1,1,"S_GEN3_WAIT",1,1,1,0,0,1,0,0
4490,394,0,2,0,03,0,0,0,0,0,0,0,0,1,1,"S_GEN3_WAIT",1,1,1,0,0,1,0,0
4491,395,0,2,0,03,0,0,0,0,0,0,0,0,1,1,"S_GEN3_WAIT",1,1,1,0,0,1,0,0
4492,396,0,2,0,03,0,0,0,0,0,0,0,0,1,1,"S_GEN3_WAIT",1,1,1,0,0,1,0,0
4493,397,0,2,0,03,0,0,0,0,0,0,0,0,1,1,"S_GEN3_WAIT",1,1,1,0,0,1,0,0
4494,398,0,2,0,03,0,0,0,0,0,0,0,0,1,1,"S_GEN3_WAIT",1,1,1,0,0,1,0,0
4495,399,0,2,0,03,0,0,0,0,0,0,0,0,1,1,"S_GEN3_WAIT",1,1,1,0,0,1,0,0
4496,400,0,2,0,03,0,0,0,0,0,0,0,0,1,1,"S_GEN3_WAIT",1,1,1,0,0,1,0,0
4497,401,0,2,0,03,0,0,0,0,0,0,0,0,1,1,"S_GEN3_WAIT",1,1,1,0,0,1,0,0
4498,402,0,2,0,03,0,0,0,0,0,0,0,0,1,1,"S_GEN3_WAIT",1,1,1,0,0,1,0,0
4499,403,0,2,0,03,0,0,0,0,0,0,0,0,1,1,"S_GEN3_WAIT",1,1,1,0,0,1,0,0
4500,404,0,2,0,03,0,0,0,0,0,0,0,0,1,1,"S_GEN3_WAIT",1,1,1,0,0,1,0,0
4501,405,0,2,0,03,0,0,0,0,0,0,0,0,1,1,"S_GEN3_WAIT",1,1,1,0,0,1,0,0
4502,406,0,2,0,03,0,0,0,0,0,0,0,0,1,1,"S_GEN3_WAIT",1,1,1,0,0,1,0,0
4503,407,0,2,0,03,0,0,0,0,0,0,0,0,1,1,"S_GEN3_WAIT",1,1,1,0,0,1,0,0
4504,408,0,2,0,03,0,0,0,0,0,0,0,0,1,1,"S_GEN3_WAIT",1,1,1,0,0,1,0,0
4505,409,0,2,0,03,0,0,0,0,0,0,0,0,1,1,"S_GEN3_WAIT",1,1,1,0,0,1,0,0
4506,410,0,2,0,03,0,0,0,0,0,0,0,0,1,1,"S_GEN3_WAIT",1,1,1,0,0,1,0,0
4507,411,0,2,0,03,0,0,0,0,0,0,0,0,1,1,"S_GEN3_WAIT",1,1,1,0,0,1,0,0
4508,412,0,2,0,03,0,0,0,0,0,0,0,0,1,1,"S_GEN3_WAIT",1,1,1,0,0,1,0,0
4509,413,0,2,0,03,0,0,0,0,0,0,0,0,1,1,"S_GEN3_WAIT",1,1,1,0,0,1,0,0
4510,414,0,2,0,03,0,0,0,0,0,0,0,0,1,1,"S_GEN3_WAIT",1,1,1,0,0,1,0,0
4511,415,0,2,0,03,0,0,0,0,0,0,0,0,1,1,"S_GEN3_WAIT",1,1,1,0,0,1,0,0
4512,416,0,2,0,03,0,0,0,0,0,0,0,0,1,1,"S_GEN3_WAIT",1,1,1,0,0,1,0,0
4513,417,0,2,0,03,0,0,0,0,0,0,0,0,1,1,"S_GEN3_WAIT",1,1,1,0,0,1,0,0
4514,418,0,2,0,03,0,0,0,0,0,0,0,0,1,1,"S_GEN3_WAIT",1,1,1,0,0,1,0,0
4515,419,0,2,0,03,0,0,0,0,0,0,0,0,1,1,"S_GEN3_WAIT",1,1,1,0,0,1,0,0
4516,420,0,2,0,03,0,0,0,0,0,0,0,0,1,1,"S_GEN3_WAIT",1,1,1,0,0,1,0,0
4517,421,0,2,0,03,0,0,0,0,0,0,0,0,1,1,"S_GEN3_WAIT",1,1,1,0,0,1,0,0
4518,422,0,2,0,03,0,0,0,0,0,0,0,0,1,1,"S_GEN3_WAIT",1,1,1,0,0,1,0,0
4519,423,0,2,0,03,0,0,0,0,0,0,0,0,1,1,"S_GEN3_WAIT",1,1,1,0,0,1,0,0
4520,424,0,2,0,03,0,0,0,0,0,0,0,0,1,1,"S_GEN3_WAIT",1,1,1,0,0,1,0,0
4521,425,0,2,0,03,0,0,0,0,0,0,0,0,1,1,"S_GEN3_WAIT",1,1,1,0,0,1,0,0
4522,426,0,2,0,03,0,0,0,0,0,0,0,0,1,1,"S_GEN3_WAIT",1,1,1,0,0,1,0,0
4523,427,0,2,0,03,0,0,0,0,0,0,0,0,1,1,"S_GEN3_WAIT",1,1,1,0,0,1,0,0
4524,428,0,2,0,03,0,0,0,0,0,0,0,0,1,1,"S_GEN3_WAIT",1,1,1,0,0,1,0,0
4525,429,0,2,0,03,0,0,0,0,0,0,0,0,1,1,"S_GEN3_WAIT",1,1,1,0,0,1,0,0
4526,430,0,2,0,03,0,0,0,0,0,0,0,0,1,1,"S_GEN3_WAIT",1,1,1,0,0,1,0,0
4527,431,0,2,0,03,0,0,0,0,0,0,0,0,1,1,"S_GEN3_WAIT",1,1,1,0,0,1,0,0
4528,432,0,2,0,03,0,0,0,0,0,0,0,0,1,1,"S_GEN3_WAIT",1,1,1,0,0,1,0,0
4529,433,0,2,0,03,0,0,0,0,0,0,0,0,1,1,"S_GEN3_WAIT",1,1,1,0,0,1,0,0
4530,434,0,2,0,03,0,0,0,0,0,0,0,0,1,1,"S_GEN3_WAIT",1,1,1,0,0,1,0,0
4531,435,0,2,0,03,0,0,0,0,0,0,0,0,1,1,"S_GEN3_WAIT",1,1,1,0,0,1,0,0
4532,436,0,2,0,03,0,0,0,0,0,0,0,0,1,1,"S_GEN3_WAIT",1,1,1,0,0,1,0,0
4533,437,0,2,0,03,0,0,0,0,0,0,0,0,1,1,"S_GEN3_WAIT",1,1,1,0,0,1,0,0
4534,438,0,2,0,03,0,0,0,0,0,0,0,0,1,1,"S_GEN3_WAIT",1,1,1,0,0,1,0,0
4535,439,0,2,0,03,0,0,0,0,0,0,0,0,1,1,"S_GEN3_WAIT",1,1,1,0,0,1,0,0
4536,440,0,2,0,03,0,0,0,0,0,0,0,0,1,1,"S_GEN3_WAIT",1,1,1,0,0,1,0,0
4537,441,0,2,0,03,0,0,0,0,0,0,0,0,1,1,"S_GEN3_WAIT",1,1,1,0,0,1,0,0
4538,442,0,2,0,03,0,0,0,0,0,0,0,0,1,1,"S_GEN3_WAIT",1,1,1,0,0,1,0,0
4539,443,0,2,0,03,0,0,0,0,0,0,0,0,1,1,"S_GEN3_WAIT",1,1,1,0,0,1,0,0
4540,444,0,2,0,03,0,0,0,0,0,0,0,0,1,1,"S_GEN3_WAIT",1,1,1,0,0,1,0,0
4541,445,0,2,0,03,0,0,0,0,0,0,0,0,1,1,"S_GEN3_WAIT",1,1,1,0,0,1,0,0
4542,446,0,2,0,03,0,0,0,0,0,0,0,0,1,1,"S_GEN3_WAIT",1,1,1,0,0,1,0,0
4543,447,0,2,0,03,0,0,0,0,0,0,0,0,1,1,"S_GEN3_WAIT",1,1,1,0,0,1,0,0
4544,448,0,2,0,03,0,0,0,0,0,0,0,0,1,1,"S_GEN3_WAIT",1,1,1,0,0,1,0,0
4545,449,0,2,0,03,0,0,0,0,0,0,0,0,1,1,"S_GEN3_WAIT",1,1,1,0,0,1,0,0
4546,450,0,2,0,03,0,0,0,0,0,0,0,0,1,1,"S_GEN3_WAIT",1,1,1,0,0,1,0,0
4547,451,0,2,0,03,0,0,0,0,0,0,0,0,1,1,"S_GEN3_WAIT",1,1,1,0,0,1,0,0
4548,452,0,2,0,03,0,0,0,0,0,0,0,0,1,1,"S_GEN3_WAIT",1,1,1,0,0,1,0,0
4549,453,0,2,0,03,0,0,0,0,0,0,0,0,1,1,"S_GEN3_WAIT",1,1,1,0,0,1,0,0
4550,454,0,2,0,03,0,0,0,0,0,0,0,0,1,1,"S_GEN3_WAIT",1,1,1,0,0,1,0,0
4551,455,0,2,0,03,0,0,0,0,0,0,0,0,1,1,"S_GEN3_WAIT",1,1,1,0,0,1,0,0
4552,456,0,2,0,03,0,0,0,0,0,0,0,0,1,1,"S_GEN3_WAIT",1,1,1,0,0,1,0,0
4553,457,0,2,0,03,0,0,0,0,0,0,0,0,1,1,"S_GEN3_WAIT",1,1,1,0,0,1,0,0
4554,458,0,2,0,03,0,0,0,0,0,0,0,0,1,1,"S_GEN3_WAIT",1,1,1,0,0,1,0,0
4555,459,0,2,0,03,0,0,0,0,0,0,0,0,1,1,"S_GEN3_WAIT",1,1,1,0,0,1,0,0
4556,460,0,2,0,03,0,0,0,0,0,0,0,0,1,1,"S_GEN3_WAIT",1,1,1,0,0,1,0,0
4557,461,0,2,0,03,0,0,0,0,0,0,0,0,1,1,"S_GEN3_WAIT",1,1,1,0,0,1,0,0
4558,462,0,2,0,03,0,0,0,0,0,0,0,0,1,1,"S_GEN3_WAIT",1,1,1,0,0,1,0,0
4559,463,0,2,0,03,0,0,0,0,0,0,0,0,1,1,"S_GEN3_WAIT",1,1,1,0,0,1,0,0
4560,464,0,2,0,03,0,0,0,0,0,0,0,0,1,1,"S_GEN3_WAIT",1,1,1,0,0,1,0,0
4561,465,0,2,0,03,0,0,0,0,0,0,0,0,1,1,"S_GEN3_WAIT",1,1,1,0,0,1,0,0
4562,466,0,2,0,03,0,0,0,0,0,0,0,0,1,1,"S_GEN3_WAIT",1,1,1,0,0,1,0,0
4563,467,0,2,0,03,0,0,0,0,0,0,0,0,1,1,"S_GEN3_WAIT",1,1,1,0,0,1,0,0
4564,468,0,2,0,03,0,0,0,0,0,0,0,0,1,1,"S_GEN3_WAIT",1,1,1,0,0,1,0,0
4565,469,0,2,0,03,0,0,0,0,0,0,0,0,1,1,"S_GEN3_WAIT",1,1,1,0,0,1,0,0
4566,470,0,2,0,03,0,0,0,0,0,0,0,0,1,1,"S_GEN3_WAIT",1,1,1,0,0,1,0,0
4567,471,0,2,0,03,0,0,0,0,0,0,0,0,1,1,"S_GEN3_WAIT",1,1,1,0,0,1,0,0
4568,472,0,2,0,03,0,0,0,0,0,0,0,0,1,1,"S_GEN3_WAIT",1,1,1,0,0,1,0,0
4569,473,0,2,0,03,0,0,0,0,0,0,0,0,1,1,"S_GEN3_WAIT",1,1,1,0,0,1,0,0
4570,474,0,2,0,03,0,0,0,0,0,0,0,0,1,1,"S_GEN3_WAIT",1,1,1,0,0,1,0,0
4571,475,0,2,0,03,0,0,0,0,0,0,0,0,1,1,"S_GEN3_WAIT",1,1,1,0,0,1,0,0
4572,476,0,2,0,03,0,0,0,0,0,0,0,0,1,1,"S_GEN3_WAIT",1,1,1,0,0,1,0,0
4573,477,0,2,0,03,0,0,0,0,0,0,0,0,1,1,"S_GEN3_WAIT",1,1,1,0,0,1,0,0
4574,478,0,2,0,03,0,0,0,0,0,0,0,0,1,1,"S_GEN3_WAIT",1,1,1,0,0,1,0,0
4575,479,0,2,0,03,0,0,0,0,0,0,0,0,1,1,"S_GEN3_WAIT",1,1,1,0,0,1,0,0
4576,480,0,2,0,03,0,0,0,0,0,0,0,0,1,1,"S_GEN3_WAIT",1,1,1,0,0,1,0,0
4577,481,0,2,0,03,0,0,0,0,0,0,0,0,1,1,"S_GEN3_WAIT",1,1,1,0,0,1,0,0
4578,482,0,2,0,03,0,0,0,0,0,0,0,0,1,1,"S_GEN3_WAIT",1,1,1,0,0,1,0,0
4579,483,0,2,0,03,0,0,0,0,0,0,0,0,1,1,"S_GEN3_WAIT",1,1,1,0,0,1,0,0
4580,484,0,2,0,03,0,0,0,0,0,0,0,0,1,1,"S_GEN3_WAIT",1,1,1,0,0,1,0,0
4581,485,0,2,0,03,0,0,0,0,0,0,0,0,1,1,"S_GEN3_WAIT",1,1,1,0,0,1,0,0
4582,486,0,2,0,03,0,0,0,0,0,0,0,0,1,1,"S_GEN3_WAIT",1,1,1,0,0,1,0,0
4583,487,0,2,0,03,0,0,0,0,0,0,0,0,1,1,"S_GEN3_WAIT",1,1,1,0,0,1,0,0
4584,488,0,2,0,03,0,0,0,0,0,0,0,0,1,1,"S_GEN3_WAIT",1,1,1,0,0,1,0,0
4585,489,0,2,0,03,0,0,0,0,0,0,0,0,1,1,"S_GEN3_WAIT",1,1,1,0,0,1,0,0
4586,490,0,2,0,03,0,0,0,0,0,0,0,0,1,1,"S_GEN3_WAIT",1,1,1,0,0,1,0,0
4587,491,0,2,0,03,0,0,0,0,0,0,0,0,1,1,"S_GEN3_WAIT",1,1,1,0,0,1,0,0
4588,492,0,2,0,03,0,0,0,0,0,0,0,0,1,1,"S_GEN3_WAIT",1,1,1,0,0,1,0,0
4589,493,0,2,0,03,0,0,0,0,0,0,0,0,1,1,"S_GEN3_WAIT",1,1,1,0,0,1,0,0
4590,494,0,2,0,03,0,0,0,0,0,0,0,0,1,1,"S_GEN3_WAIT",1,1,1,0,0,1,0,0
4591,495,0,2,0,03,0,0,0,0,0,0,0,0,1,1,"S_GEN3_WAIT",1,1,1,0,0,1,0,0
4592,496,0,2,0,03,0,0,0,0,0,0,0,0,1,1,"S_GEN3_WAIT",1,1,1,0,0,1,0,0
4593,497,0,2,0,03,0,0,0,0,0,0,0,0,1,1,"S_GEN3_WAIT",1,1,1,0,0,1,0,0
4594,498,0,2,0,03,0,0,0,0,0,0,0,0,1,1,"S_GEN3_WAIT",1,1,1,0,0,1,0,0
4595,499,0,2,0,03,0,0,0,0,0,0,0,0,1,1,"S_GEN3_WAIT",1,1,1,0,0,1,0,0
4596,500,0,2,0,03,0,0,0,0,0,0,0,0,1,1,"S_GEN3_WAIT",1,1,1,0,0,1,0,0
4597,501,0,2,0,03,0,0,0,0,0,0,0,0,1,1,"S_GEN3_WAIT",1,1,1,0,0,1,0,0
4598,502,0,2,0,03,0,0,0,0,0,0,0,0,1,1,"S_GEN3_WAIT",1,1,1,0,0,1,0,0
4599,503,0,2,0,03,0,0,0,0,0,0,0,0,1,1,"S_GEN3_WAIT",1,1,1,0,0,1,0,0
4600,504,0,2,0,03,0,0,0,0,0,0,0,0,1,1,"S_GEN3_WAIT",1,1,1,0,0,1,0,0
4601,505,0,2,0,03,0,0,0,0,0,0,0,0,1,1,"S_GEN3_WAIT",1,1,1,0,0,1,0,0
4602,506,0,2,0,03,0,0,0,0,0,0,0,0,1,1,"S_GEN3_WAIT",1,1,1,0,0,1,0,0
4603,507,0,2,0,03,0,0,0,0,0,0,0,0,1,1,"S_GEN3_WAIT",1,1,1,0,0,1,0,0
4604,508,0,2,0,03,0,0,0,0,0,0,0,0,1,1,"S_GEN3_WAIT",1,1,1,0,0,1,0,0
4605,509,0,2,0,03,0,0,0,0,0,0,0,0,1,1,"S_GEN3_WAIT",1,1,1,0,0,1,0,0
4606,510,0,2,0,03,0,0,0,0,0,0,0,0,1,1,"S_GEN3_WAIT",1,1,1,0,0,1,0,0
4607,511,0,2,0,03,0,0,0,0,0,0,0,0,1,1,"S_GEN3_WAIT",1,1,1,0,0,1,0,0
4608,512,0,2,0,03,0,0,0,0,0,0,0,0,1,1,"S_GEN3_WAIT",1,1,1,0,0,1,0,0
4609,513,0,2,0,03,0,0,0,0,0,0,0,0,1,1,"S_GEN3_WAIT",1,1,1,0,0,1,0,0
4610,514,0,2,0,03,0,0,0,0,0,0,0,0,1,1,"S_GEN3_WAIT",1,1,1,0,0,1,0,0
4611,515,0,2,0,03,0,0,0,0,0,0,0,0,1,1,"S_GEN3_WAIT",1,1,1,0,0,1,0,0
4612,516,0,2,0,03,0,0,0,0,0,0,0,0,1,1,"S_GEN3_WAIT",1,1,1,0,0,1,0,0
4613,517,0,2,0,03,0,0,0,0,0,0,0,0,1,1,"S_GEN3_WAIT",1,1,1,0,0,1,0,0
4614,518,0,2,0,03,0,0,0,0,0,0,0,0,1,1,"S_GEN3_WAIT",1,1,1,0,0,1,0,0
4615,519,0,2,0,03,0,0,0,0,0,0,0,0,1,1,"S_GEN3_WAIT",1,1,1,0,0,1,0,0
4616,520,0,2,0,03,0,0,0,0,0,0,0,0,1,1,"S_GEN3_WAIT",1,1,1,0,0,1,0,0
4617,521,0,2,0,03,0,0,0,0,0,0,0,0,1,1,"S_GEN3_WAIT",1,1,1,0,0,1,0,0
4618,522,0,2,0,03,0,0,0,0,0,0,0,0,1,1,"S_GEN3_WAIT",1,1,1,0,0,1,0,0
4619,523,0,2,0,03,0,0,0,0,0,0,0,0,1,1,"S_GEN3_WAIT",1,1,1,0,0,1,0,0
4620,524,0,2,0,03,0,0,0,0,0,0,0,0,1,1,"S_GEN3_WAIT",1,1,1,0,0,1,0,0
4621,525,0,2,0,03,0,0,0,0,0,0,0,0,1,1,"S_GEN3_WAIT",1,1,1,0,0,1,0,0
4622,526,0,2,0,03,0,0,0,0,0,0,0,0,1,1,"S_GEN3_WAIT",1,1,1,0,0,1,0,0
4623,527,0,2,0,03,0,0,0,0,0,0,0,0,1,1,"S_GEN3_WAIT",1,1,1,0,0,1,0,0
4624,528,0,2,0,03,0,0,0,0,0,0,0,0,1,1,"S_GEN3_WAIT",1,1,1,0,0,1,0,0
4625,529,0,2,0,03,0,0,0,0,0,0,0,0,1,1,"S_GEN3_WAIT",1,1,1,0,0,1,0,0
4626,530,0,2,0,03,0,0,0,0,0,0,0,0,1,1,"S_GEN3_WAIT",1,1,1,0,0,1,0,0
4627,531,0,2,0,03,0,0,0,0,0,0,0,0,1,1,"S_GEN3_WAIT",1,1,1,0,0,1,0,0
4628,532,0,2,0,03,0,0,0,0,0,0,0,0,1,1,"S_GEN3_WAIT",1,1,1,0,0,1,0,0
4629,533,0,2,0,03,0,0,0,0,0,0,0,0,1,1,"S_GEN3_WAIT",1,1,1,0,0,1,0,0
4630,534,0,2,0,03,0,0,0,0,0,0,0,0,1,1,"S_GEN3_WAIT",1,1,1,0,0,1,0,0
4631,535,0,2,0,03,0,0,0,0,0,0,0,0,1,1,"S_GEN3_WAIT",1,1,1,0,0,1,0,0
4632,536,0,2,0,03,0,0,0,0,0,0,0,0,1,1,"S_GEN3_WAIT",1,1,1,0,0,1,0,0
4633,537,0,2,0,03,0,0,0,0,0,0,0,0,1,1,"S_GEN3_WAIT",1,1,1,0,0,1,0,0
4634,538,0,2,0,03,0,0,0,0,0,0,0,0,1,1,"S_GEN3_WAIT",1,1,1,0,0,1,0,0
4635,539,0,2,0,03,0,0,0,0,0,0,0,0,1,1,"S_GEN3_WAIT",1,1,1,0,0,1,0,0
4636,540,0,2,0,03,0,0,0,0,0,0,0,0,1,1,"S_GEN3_WAIT",1,1,1,0,0,1,0,0
4637,541,0,2,0,03,0,0,0,0,0,0,0,0,1,1,"S_GEN3_WAIT",1,1,1,0,0,1,0,0
4638,542,0,2,0,03,0,0,0,0,0,0,0,0,1,1,"S_GEN3_WAIT",1,1,1,0,0,1,0,0
4639,543,0,2,0,03,0,0,0,0,0,0,0,0,1,1,"S_GEN3_WAIT",1,1,1,0,0,1,0,0
4640,544,0,2,0,03,0,0,0,0,0,0,0,0,1,1,"S_GEN3_WAIT",1,1,1,0,0,1,0,0
4641,545,0,2,0,03,0,0,0,0,0,0,0,0,1,1,"S_GEN3_WAIT",1,1,1,0,0,1,0,0
4642,546,0,2,0,03,0,0,0,0,0,0,0,0,1,1,"S_GEN3_WAIT",1,1,1,0,0,1,0,0
4643,547,0,2,0,03,0,0,0,0,0,0,0,0,1,1,"S_GEN3_WAIT",1,1,1,0,0,1,0,0
4644,548,0,2,0,03,0,0,0,0,0,0,0,0,1,1,"S_GEN3_WAIT",1,1,1,0,0,1,0,0
4645,549,0,2,0,03,0,0,0,0,0,0,0,0,1,1,"S_GEN3_WAIT",1,1,1,0,0,1,0,0
4646,550,0,2,0,03,0,0,0,0,0,0,0,0,1,1,"S_GEN3_WAIT",1,1,1,0,0,1,0,0
4647,551,0,2,0,03,0,0,0,0,0,0,0,0,1,1,"S_GEN3_WAIT",1,1,1,0,0,1,0,0
4648,552,0,2,0,03,0,0,0,0,0,0,0,0,1,1,"S_GEN3_WAIT",1,1,1,0,0,1,0,0
4649,553,0,2,0,03,0,0,0,0,0,0,0,0,1,1,"S_GEN3_WAIT",1,1,1,0,0,1,0,0
4650,554,0,2,0,03,0,0,0,0,0,0,0,0,1,1,"S_GEN3_WAIT",1,1,1,0,0,1,0,0
4651,555,0,2,0,03,0,0,0,0,0,0,0,0,1,1,"S_GEN3_WAIT",1,1,1,0,0,1,0,0
4652,556,0,2,0,03,0,0,0,0,0,0,0,0,1,1,"S_GEN3_WAIT",1,1,1,0,0,1,0,0
4653,557,0,2,0,03,0,0,0,0,0,0,0,0,1,1,"S_GEN3_WAIT",1,1,1,0,0,1,0,0
4654,558,0,2,0,03,0,0,0,0,0,0,0,0,1,1,"S_GEN3_WAIT",1,1,1,0,0,1,0,0
4655,559,0,2,0,03,0,0,0,0,0,0,0,0,1,1,"S_GEN3_WAIT",1,1,1,0,0,1,0,0
4656,560,0,2,0,03,0,0,0,0,0,0,0,0,1,1,"S_GEN3_WAIT",1,1,1,0,0,1,0,0
4657,561,0,2,0,03,0,0,0,0,0,0,0,0,1,1,"S_GEN3_WAIT",1,1,1,0,0,1,0,0
4658,562,0,2,0,03,0,0,0,0,0,0,0,0,1,1,"S_GEN3_WAIT",1,1,1,0,0,1,0,0
4659,563,0,2,0,03,0,0,0,0,0,0,0,0,1,1,"S_GEN3_WAIT",1,1,1,0,0,1,0,0
4660,564,0,2,0,03,0,0,0,0,0,0,0,0,1,1,"S_GEN3_WAIT",1,1,1,0,0,1,0,0
4661,565,0,2,0,03,0,0,0,0,0,0,0,0,1,1,"S_GEN3_WAIT",1,1,1,0,0,1,0,0
4662,566,0,2,0,03,0,0,0,0,0,0,0,0,1,1,"S_GEN3_WAIT",1,1,1,0,0,1,0,0
4663,567,0,2,0,03,0,0,0,0,0,0,0,0,1,1,"S_GEN3_WAIT",1,1,1,0,0,1,0,0
4664,568,0,2,0,03,0,0,0,0,0,0,0,0,1,1,"S_GEN3_WAIT",1,1,1,0,0,1,0,0
4665,569,0,2,0,03,0,0,0,0,0,0,0,0,1,1,"S_GEN3_WAIT",1,1,1,0,0,1,0,0
4666,570,0,2,0,03,0,0,0,0,0,0,0,0,1,1,"S_GEN3_WAIT",1,1,1,0,0,1,0,0
4667,571,0,2,0,03,0,0,0,0,0,0,0,0,1,1,"S_GEN3_WAIT",1,1,1,0,0,1,0,0
4668,572,0,2,0,03,0,0,0,0,0,0,0,0,1,1,"S_GEN3_WAIT",1,1,1,0,0,1,0,0
4669,573,0,2,0,03,0,0,0,0,0,0,0,0,1,1,"S_GEN3_WAIT",1,1,1,0,0,1,0,0
4670,574,0,2,0,03,0,0,0,0,0,0,0,0,1,1,"S_GEN3_WAIT",1,1,1,0,0,1,0,0
4671,575,0,2,0,03,0,0,0,0,0,0,0,0,1,1,"S_GEN3_WAIT",1,1,1,0,0,1,0,0
4672,576,0,2,0,03,0,0,0,0,0,0,0,0,1,1,"S_GEN3_WAIT",1,1,1,0,0,1,0,0
4673,577,0,2,0,03,0,0,0,0,0,0,0,0,1,1,"S_GEN3_WAIT",1,1,1,0,0,1,0,0
4674,578,0,2,0,03,0,0,0,0,0,0,0,0,1,1,"S_GEN3_WAIT",1,1,1,0,0,1,0,0
4675,579,0,2,0,03,0,0,0,0,0,0,0,0,1,1,"S_GEN3_WAIT",1,1,1,0,0,1,0,0
4676,580,0,2,0,03,0,0,0,0,0,0,0,0,1,1,"S_GEN3_WAIT",1,1,1,0,0,1,0,0
4677,581,0,2,0,03,0,0,0,0,0,0,0,0,1,1,"S_GEN3_WAIT",1,1,1,0,0,1,0,0
4678,582,0,2,0,03,0,0,0,0,0,0,0,0,1,1,"S_GEN3_WAIT",1,1,1,0,0,1,0,0
4679,583,0,2,0,03,0,0,0,0,0,0,0,0,1,1,"S_GEN3_WAIT",1,1,1,0,0,1,0,0
4680,584,0,2,0,03,0,0,0,0,0,0,0,0,1,1,"S_GEN3_WAIT",1,1,1,0,0,1,0,0
4681,585,0,2,0,03,0,0,0,0,0,0,0,0,1,1,"S_GEN3_WAIT",1,1,1,0,0,1,0,0
4682,586,0,2,0,03,0,0,0,0,0,0,0,0,1,1,"S_GEN3_WAIT",1,1,1,0,0,1,0,0
4683,587,0,2,0,03,0,0,0,0,0,0,0,0,1,1,"S_GEN3_WAIT",1,1,1,0,0,1,0,0
4684,588,0,2,0,03,0,0,0,0,0,0,0,0,1,1,"S_GEN3_WAIT",1,1,1,0,0,1,0,0
4685,589,0,2,0,03,0,0,0,0,0,0,0,0,1,1,"S_GEN3_WAIT",1,1,1,0,0,1,0,0
4686,590,0,2,0,03,0,0,0,0,0,0,0,0,1,1,"S_GEN3_WAIT",1,1,1,0,0,1,0,0
4687,591,0,2,0,03,0,0,0,0,0,0,0,0,1,1,"S_GEN3_WAIT",1,1,1,0,0,1,0,0
4688,592,0,2,0,03,0,0,0,0,0,0,0,0,1,1,"S_GEN3_WAIT",1,1,1,0,0,1,0,0
4689,593,0,2,0,03,0,0,0,0,0,0,0,0,1,1,"S_GEN3_WAIT",1,1,1,0,0,1,0,0
4690,594,0,2,0,03,0,0,0,0,0,0,0,0,1,1,"S_GEN3_WAIT",1,1,1,0,0,1,0,0
4691,595,0,2,0,03,0,0,0,0,0,0,0,0,1,1,"S_GEN3_WAIT",1,1,1,0,0,1,0,0
4692,596,0,2,0,03,0,0,0,0,0,0,0,0,1,1,"S_GEN3_WAIT",1,1,1,0,0,1,0,0
4693,597,0,2,0,03,0,0,0,0,0,0,0,0,1,1,"S_GEN3_WAIT",1,1,1,0,0,1,0,0
4694,598,0,2,0,03,0,0,0,0,0,0,0,0,1,1,"S_GEN3_WAIT",1,1,1,0,0,1,0,0
4695,599,0,2,0,03,0,0,0,0,0,0,0,0,1,1,"S_GEN3_WAIT",1,1,1,0,0,1,0,0
4696,600,0,2,0,03,0,0,0,0,0,0,0,0,1,1,"S_GEN3_WAIT",1,1,1,0,0,1,0,0
4697,601,0,2,0,03,0,0,0,0,0,0,0,0,1,1,"S_GEN3_WAIT",1,1,1,0,0,1,0,0
4698,602,0,2,0,03,0,0,0,0,0,0,0,0,1,1,"S_GEN3_WAIT",1,1,1,0,0,1,0,0
4699,603,0,2,0,03,0,0,0,0,0,0,0,0,1,1,"S_GEN3_WAIT",1,1,1,0,0,1,0,0
4700,604,0,2,0,03,0,0,0,0,0,0,0,0,1,1,"S_GEN3_WAIT",1,1,1,0,0,1,0,0
4701,605,0,2,0,03,0,0,0,0,0,0,0,0,1,1,"S_GEN3_WAIT",1,1,1,0,0,1,0,0
4702,606,0,2,0,03,0,0,0,0,0,0,0,0,1,1,"S_GEN3_WAIT",1,1,1,0,0,1,0,0
4703,607,0,2,0,03,0,0,0,0,0,0,0,0,1,1,"S_GEN3_WAIT",1,1,1,0,0,1,0,0
4704,608,0,2,0,03,0,0,0,0,0,0,0,0,1,1,"S_GEN3_WAIT",1,1,1,0,0,1,0,0
4705,609,0,2,0,03,0,0,0,0,0,0,0,0,1,1,"S_GEN3_WAIT",1,1,1,0,0,1,0,0
4706,610,0,2,0,03,0,0,0,0,0,0,0,0,1,1,"S_GEN3_WAIT",1,1,1,0,0,1,0,0
4707,611,0,2,0,03,0,0,0,0,0,0,0,0,1,1,"S_GEN3_WAIT",1,1,1,0,0,1,0,0
4708,612,0,2,0,03,0,0,0,0,0,0,0,0,1,1,"S_GEN3_WAIT",1,1,1,0,0,1,0,0
4709,613,0,2,0,03,0,0,0,0,0,0,0,0,1,1,"S_GEN3_WAIT",1,1,1,0,0,1,0,0
4710,614,0,2,0,03,0,0,0,0,0,0,0,0,1,1,"S_GEN3_WAIT",1,1,1,0,0,1,0,0
4711,615,0,2,0,03,0,0,0,0,0,0,0,0,1,1,"S_GEN3_WAIT",1,1,1,0,0,1,0,0
4712,616,0,2,0,03,0,0,0,0,0,0,0,0,1,1,"S_GEN3_WAIT",1,1,1,0,0,1,0,0
4713,617,0,2,0,03,0,0,0,0,0,0,0,0,1,1,"S_GEN3_WAIT",1,1,1,0,0,1,0,0
4714,618,0,2,0,03,0,0,0,0,0,0,0,0,1,1,"S_GEN3_WAIT",1,1,1,0,0,1,0,0
4715,619,0,2,0,03,0,0,0,0,0,0,0,0,1,1,"S_GEN3_WAIT",1,1,1,0,0,1,0,0
4716,620,0,2,0,03,0,0,0,0,0,0,0,0,1,1,"S_GEN3_WAIT",1,1,1,0,0,1,0,0
4717,621,0,2,0,03,0,0,0,0,0,0,0,0,1,1,"S_GEN3_WAIT",1,1,1,0,0,1,0,0
4718,622,0,2,0,03,0,0,0,0,0,0,0,0,1,1,"S_GEN3_WAIT",1,1,1,0,0,1,0,0
4719,623,0,2,0,03,0,0,0,0,0,0,0,0,1,1,"S_GEN3_WAIT",1,1,1,0,0,1,0,0
4720,624,0,2,0,03,0,0,0,0,0,0,0,0,1,1,"S_GEN3_WAIT",1,1,1,0,0,1,0,0
4721,625,0,2,0,03,0,0,0,0,0,0,0,0,1,1,"S_GEN3_WAIT",1,1,1,0,0,1,0,0
4722,626,0,2,0,03,0,0,0,0,0,0,0,0,1,1,"S_GEN3_WAIT",1,1,1,0,0,1,0,0
4723,627,0,2,0,03,0,0,0,0,0,0,0,0,1,1,"S_GEN3_WAIT",1,1,1,0,0,1,0,0
4724,628,0,2,0,03,0,0,0,0,0,0,0,0,1,1,"S_GEN3_WAIT",1,1,1,0,0,1,0,0
4725,629,0,2,0,03,0,0,0,0,0,0,0,0,1,1,"S_GEN3_WAIT",1,1,1,0,0,1,0,0
4726,630,0,2,0,03,0,0,0,0,0,0,0,0,1,1,"S_GEN3_WAIT",1,1,1,0,0,1,0,0
4727,631,0,2,0,03,0,0,0,0,0,0,0,0,1,1,"S_GEN3_WAIT",1,1,1,0,0,1,0,0
4728,632,0,2,0,03,0,0,0,0,0,0,0,0,1,1,"S_GEN3_WAIT",1,1,1,0,0,1,0,0
4729,633,0,2,0,03,0,0,0,0,0,0,0,0,1,1,"S_GEN3_WAIT",1,1,1,0,0,1,0,0
4730,634,0,2,0,03,0,0,0,0,0,0,0,0,1,1,"S_GEN3_WAIT",1,1,1,0,0,1,0,0
4731,635,0,2,0,03,0,0,0,0,0,0,0,0,1,1,"S_GEN3_WAIT",1,1,1,0,0,1,0,0
4732,636,0,2,0,03,0,0,0,0,0,0,0,0,1,1,"S_GEN3_WAIT",1,1,1,0,0,1,0,0
4733,637,0,2,0,03,0,0,0,0,0,0,0,0,1,1,"S_GEN3_WAIT",1,1,1,0,0,1,0,0
4734,638,0,2,0,03,0,0,0,0,0,0,0,0,1,1,"S_GEN3_WAIT",1,1,1,0,0,1,0,0
4735,639,0,2,0,03,0,0,0,0,0,0,0,0,1,1,"S_GEN3_WAIT",1,1,1,0,0,1,0,0
4736,640,0,2,0,03,0,0,0,0,0,0,0,0,1,1,"S_GEN3_WAIT",1,1,1,0,0,1,0,0
4737,641,0,2,0,03,0,0,0,0,0,0,0,0,1,1,"S_GEN3_WAIT",1,1,1,0,0,1,0,0
4738,642,0,2,0,03,0,0,0,0,0,0,0,0,1,1,"S_GEN3_WAIT",1,1,1,0,0,1,0,0
4739,643,0,2,0,03,0,0,0,0,0,0,0,0,1,1,"S_GEN3_WAIT",1,1,1,0,0,1,0,0
4740,644,0,2,0,03,0,0,0,0,0,0,0,0,1,1,"S_GEN3_WAIT",1,1,1,0,0,1,0,0
4741,645,0,2,0,03,0,0,0,0,0,0,0,0,1,1,"S_GEN3_WAIT",1,1,1,0,0,1,0,0
4742,646,0,2,0,03,0,0,0,0,0,0,0,0,1,1,"S_GEN3_WAIT",1,1,1,0,0,1,0,0
4743,647,0,2,0,03,0,0,0,0,0,0,0,0,1,1,"S_GEN3_WAIT",1,1,1,0,0,1,0,0
4744,648,0,2,0,03,0,0,0,0,0,0,0,0,1,1,"S_GEN3_WAIT",1,1,1,0,0,1,0,0
4745,649,0,2,0,03,0,0,0,0,0,0,0,0,1,1,"S_GEN3_WAIT",1,1,1,0,0,1,0,0
4746,650,0,2,0,03,0,0,0,0,0,0,0,0,1,1,"S_GEN3_WAIT",1,1,1,0,0,1,0,0
4747,651,0,2,0,03,0,0,0,0,0,0,0,0,1,1,"S_GEN3_WAIT",1,1,1,0,0,1,0,0
4748,652,0,2,0,03,0,0,0,0,0,0,0,0,1,1,"S_GEN3_WAIT",1,1,1,0,0,1,0,0
4749,653,0,2,0,03,0,0,0,0,0,0,0,0,1,1,"S_GEN3_WAIT",1,1,1,0,0,1,0,0
4750,654,0,2,0,03,0,0,0,0,0,0,0,0,1,1,"S_GEN3_WAIT",1,1,1,0,0,1,0,0
4751,655,0,2,0,03,0,0,0,0,0,0,0,0,1,1,"S_GEN3_WAIT",1,1,1,0,0,1,0,0
4752,656,0,2,0,03,0,0,0,0,0,0,0,0,1,1,"S_GEN3_WAIT",1,1,1,0,0,1,0,0
4753,657,0,2,0,03,0,0,0,0,0,0,0,0,1,1,"S_GEN3_WAIT",1,1,1,0,0,1,0,0
4754,658,0,2,0,03,0,0,0,0,0,0,0,0,1,1,"S_GEN3_WAIT",1,1,1,0,0,1,0,0
4755,659,0,2,0,03,0,0,0,0,0,0,0,0,1,1,"S_GEN3_WAIT",1,1,1,0,0,1,0,0
4756,660,0,2,0,03,0,0,0,0,0,0,0,0,1,1,"S_GEN3_WAIT",1,1,1,0,0,1,0,0
4757,661,0,2,0,03,0,0,0,0,0,0,0,0,1,1,"S_GEN3_WAIT",1,1,1,0,0,1,0,0
4758,662,0,2,0,03,0,0,0,0,0,0,0,0,1,1,"S_GEN3_WAIT",1,1,1,0,0,1,0,0
4759,663,0,2,0,03,0,0,0,0,0,0,0,0,1,1,"S_GEN3_WAIT",1,1,1,0,0,1,0,0
4760,664,0,2,0,03,0,0,0,0,0,0,0,0,1,1,"S_GEN3_WAIT",1,1,1,0,0,1,0,0
4761,665,0,2,0,03,0,0,0,0,0,0,0,0,1,1,"S_GEN3_WAIT",1,1,1,0,0,1,0,0
4762,666,0,2,0,03,0,0,0,0,0,0,0,0,1,1,"S_GEN3_WAIT",1,1,1,0,0,1,0,0
4763,667,0,2,0,03,0,0,0,0,0,0,0,0,1,1,"S_GEN3_WAIT",1,1,1,0,0,1,0,0
4764,668,0,2,0,03,0,0,0,0,0,0,0,0,1,1,"S_GEN3_WAIT",1,1,1,0,0,1,0,0
4765,669,0,2,0,03,0,0,0,0,0,0,0,0,1,1,"S_GEN3_WAIT",1,1,1,0,0,1,0,0
4766,670,0,2,0,03,0,0,0,0,0,0,0,0,1,1,"S_GEN3_WAIT",1,1,1,0,0,1,0,0
4767,671,0,2,0,03,0,0,0,0,0,0,0,0,1,1,"S_GEN3_WAIT",1,1,1,0,0,1,0,0
4768,672,0,2,0,03,0,0,0,0,0,0,0,0,1,1,"S_GEN3_WAIT",1,1,1,0,0,1,0,0
4769,673,0,2,0,03,0,0,0,0,0,0,0,0,1,1,"S_GEN3_WAIT",1,1,1,0,0,1,0,0
4770,674,0,2,0,03,0,0,0,0,0,0,0,0,1,1,"S_GEN3_WAIT",1,1,1,0,0,1,0,0
4771,675,0,2,0,03,0,0,0,0,0,0,0,0,1,1,"S_GEN3_WAIT",1,1,1,0,0,1,0,0
4772,676,0,2,0,03,0,0,0,0,0,0,0,0,1,1,"S_GEN3_WAIT",1,1,1,0,0,1,0,0
4773,677,0,2,0,03,0,0,0,0,0,0,0,0,1,1,"S_GEN3_WAIT",1,1,1,0,0,1,0,0
4774,678,0,2,0,03,0,0,0,0,0,0,0,0,1,1,"S_GEN3_WAIT",1,1,1,0,0,1,0,0
4775,679,0,2,0,03,0,0,0,0,0,0,0,0,1,1,"S_GEN3_WAIT",1,1,1,0,0,1,0,0
4776,680,0,2,0,03,0,0,0,0,0,0,0,0,1,1,"S_GEN3_WAIT",1,1,1,0,0,1,0,0
4777,681,0,2,0,03,0,0,0,0,0,0,0,0,1,1,"S_GEN3_WAIT",1,1,1,0,0,1,0,0
4778,682,0,2,0,03,0,0,0,0,0,0,0,0,1,1,"S_GEN3_WAIT",1,1,1,0,0,1,0,0
4779,683,0,2,0,03,0,0,0,0,0,0,0,0,1,1,"S_GEN3_WAIT",1,1,1,0,0,1,0,0
4780,684,0,2,0,03,0,0,0,0,0,0,0,0,1,1,"S_GEN3_WAIT",1,1,1,0,0,1,0,0
4781,685,0,2,0,03,0,0,0,0,0,0,0,0,1,1,"S_GEN3_WAIT",1,1,1,0,0,1,0,0
4782,686,0,2,0,03,0,0,0,0,0,0,0,0,1,1,"S_GEN3_WAIT",1,1,1,0,0,1,0,0
4783,687,0,2,0,03,0,0,0,0,0,0,0,0,1,1,"S_GEN3_WAIT",1,1,1,0,0,1,0,0
4784,688,0,2,0,03,0,0,0,0,0,0,0,0,1,1,"S_GEN3_WAIT",1,1,1,0,0,1,0,0
4785,689,0,2,0,03,0,0,0,0,0,0,0,0,1,1,"S_GEN3_WAIT",1,1,1,0,0,1,0,0
4786,690,0,2,0,03,0,0,0,0,0,0,0,0,1,1,"S_GEN3_WAIT",1,1,1,0,0,1,0,0
4787,691,0,2,0,03,0,0,0,0,0,0,0,0,1,1,"S_GEN3_WAIT",1,1,1,0,0,1,0,0
4788,692,0,2,0,03,0,0,0,0,0,0,0,0,1,1,"S_GEN3_WAIT",1,1,1,0,0,1,0,0
4789,693,0,2,0,03,0,0,0,0,0,0,0,0,1,1,"S_GEN3_WAIT",1,1,1,0,0,1,0,0
4790,694,0,2,0,03,0,0,0,0,0,0,0,0,1,1,"S_GEN3_WAIT",1,1,1,0,0,1,0,0
4791,695,0,2,0,03,0,0,0,0,0,0,0,0,1,1,"S_GEN3_WAIT",1,1,1,0,0,1,0,0
4792,696,0,2,0,03,0,0,0,0,0,0,0,0,1,1,"S_GEN3_WAIT",1,1,1,0,0,1,0,0
4793,697,0,2,0,03,0,0,0,0,0,0,0,0,1,1,"S_GEN3_WAIT",1,1,1,0,0,1,0,0
4794,698,0,2,0,03,0,0,0,0,0,0,0,0,1,1,"S_GEN3_WAIT",1,1,1,0,0,1,0,0
4795,699,0,2,0,03,0,0,0,0,0,0,0,0,1,1,"S_GEN3_WAIT",1,1,1,0,0,1,0,0
4796,700,0,2,0,03,0,0,0,0,0,0,0,0,1,1,"S_GEN3_WAIT",1,1,1,0,0,1,0,0
4797,701,0,2,0,03,0,0,0,0,0,0,0,0,1,1,"S_GEN3_WAIT",1,1,1,0,0,1,0,0
4798,702,0,2,0,03,0,0,0,0,0,0,0,0,1,1,"S_GEN3_WAIT",1,1,1,0,0,1,0,0
4799,703,0,2,0,03,0,0,0,0,0,0,0,0,1,1,"S_GEN3_WAIT",1,1,1,0,0,1,0,0
4800,704,0,2,0,03,0,0,0,0,0,0,0,0,1,1,"S_GEN3_WAIT",1,1,1,0,0,1,0,0
4801,705,0,2,0,03,0,0,0,0,0,0,0,0,1,1,"S_GEN3_WAIT",1,1,1,0,0,1,0,0
4802,706,0,2,0,03,0,0,0,0,0,0,0,0,1,1,"S_GEN3_WAIT",1,1,1,0,0,1,0,0
4803,707,0,2,0,03,0,0,0,0,0,0,0,0,1,1,"S_GEN3_WAIT",1,1,1,0,0,1,0,0
4804,708,0,2,0,03,0,0,0,0,0,0,0,0,1,1,"S_GEN3_WAIT",1,1,1,0,0,1,0,0
4805,709,0,2,0,03,0,0,0,0,0,0,0,0,1,1,"S_GEN3_WAIT",1,1,1,0,0,1,0,0
4806,710,0,2,0,03,0,0,0,0,0,0,0,0,1,1,"S_GEN3_WAIT",1,1,1,0,0,1,0,0
4807,711,0,2,0,03,0,0,0,0,0,0,0,0,1,1,"S_GEN3_WAIT",1,1,1,0,0,1,0,0
4808,712,0,2,0,03,0,0,0,0,0,0,0,0,1,1,"S_GEN3_WAIT",1,1,1,0,0,1,0,0
4809,713,0,2,0,03,0,0,0,0,0,0,0,0,1,1,"S_GEN3_WAIT",1,1,1,0,0,1,0,0
4810,714,0,2,0,03,0,0,0,0,0,0,0,0,1,1,"S_GEN3_WAIT",1,1,1,0,0,1,0,0
4811,715,0,2,0,03,0,0,0,0,0,0,0,0,1,1,"S_GEN3_WAIT",1,1,1,0,0,1,0,0
4812,716,0,2,0,03,0,0,0,0,0,0,0,0,1,1,"S_GEN3_WAIT",1,1,1,0,0,1,0,0
4813,717,0,2,0,03,0,0,0,0,0,0,0,0,1,1,"S_GEN3_WAIT",1,1,1,0,0,1,0,0
4814,718,0,2,0,03,0,0,0,0,0,0,0,0,1,1,"S_GEN3_WAIT",1,1,1,0,0,1,0,0
4815,719,0,2,0,03,0,0,0,0,0,0,0,0,1,1,"S_GEN3_WAIT",1,1,1,0,0,1,0,0
4816,720,0,2,0,03,0,0,0,0,0,0,0,0,1,1,"S_GEN3_WAIT",1,1,1,0,0,1,0,0
4817,721,0,2,0,03,0,0,0,0,0,0,0,0,1,1,"S_GEN3_WAIT",1,1,1,0,0,1,0,0
4818,722,0,2,0,03,0,0,0,0,0,0,0,0,1,1,"S_GEN3_WAIT",1,1,1,0,0,1,0,0
4819,723,0,2,0,03,0,0,0,0,0,0,0,0,1,1,"S_GEN3_WAIT",1,1,1,0,0,1,0,0
4820,724,0,2,0,03,0,0,0,0,0,0,0,0,1,1,"S_GEN3_WAIT",1,1,1,0,0,1,0,0
4821,725,0,2,0,03,0,0,0,0,0,0,0,0,1,1,"S_GEN3_WAIT",1,1,1,0,0,1,0,0
4822,726,0,2,0,03,0,0,0,0,0,0,0,0,1,1,"S_GEN3_WAIT",1,1,1,0,0,1,0,0
4823,727,0,2,0,03,0,0,0,0,0,0,0,0,1,1,"S_GEN3_WAIT",1,1,1,0,0,1,0,0
4824,728,0,2,0,03,0,0,0,0,0,0,0,0,1,1,"S_GEN3_WAIT",1,1,1,0,0,1,0,0
4825,729,0,2,0,03,0,0,0,0,0,0,0,0,1,1,"S_GEN3_WAIT",1,1,1,0,0,1,0,0
4826,730,0,2,0,03,0,0,0,0,0,0,0,0,1,1,"S_GEN3_WAIT",1,1,1,0,0,1,0,0
4827,731,0,2,0,03,0,0,0,0,0,0,0,0,1,1,"S_GEN3_WAIT",1,1,1,0,0,1,0,0
4828,732,0,2,0,03,0,0,0,0,0,0,0,0,1,1,"S_GEN3_WAIT",1,1,1,0,0,1,0,0
4829,733,0,2,0,03,0,0,0,0,0,0,0,0,1,1,"S_GEN3_WAIT",1,1,1,0,0,1,0,0
4830,734,0,2,0,03,0,0,0,0,0,0,0,0,1,1,"S_GEN3_WAIT",1,1,1,0,0,1,0,0
4831,735,0,2,0,03,0,0,0,0,0,0,0,0,1,1,"S_GEN3_WAIT",1,1,1,0,0,1,0,0
4832,736,0,2,0,03,0,0,0,0,0,0,0,0,1,1,"S_GEN3_WAIT",1,1,1,0,0,1,0,0
4833,737,0,2,0,03,0,0,0,0,0,0,0,0,1,1,"S_GEN3_WAIT",1,1,1,0,0,1,0,0
4834,738,0,2,0,03,0,0,0,0,0,0,0,0,1,1,"S_GEN3_WAIT",1,1,1,0,0,1,0,0
4835,739,0,2,0,03,0,0,0,0,0,0,0,0,1,1,"S_GEN3_WAIT",1,1,1,0,0,1,0,0
4836,740,0,2,0,03,0,0,0,0,0,0,0,0,1,1,"S_GEN3_WAIT",1,1,1,0,0,1,0,0
4837,741,0,2,0,03,0,0,0,0,0,0,0,0,1,1,"S_GEN3_WAIT",1,1,1,0,0,1,0,0
4838,742,0,2,0,03,0,0,0,0,0,0,0,0,1,1,"S_GEN3_WAIT",1,1,1,0,0,1,0,0
4839,743,0,2,0,03,0,0,0,0,0,0,0,0,1,1,"S_GEN3_WAIT",1,1,1,0,0,1,0,0
4840,744,0,2,0,03,0,0,0,0,0,0,0,0,1,1,"S_GEN3_WAIT",1,1,1,0,0,1,0,0
4841,745,0,2,0,03,0,0,0,0,0,0,0,0,1,1,"S_GEN3_WAIT",1,1,1,0,0,1,0,0
4842,746,0,2,0,03,0,0,0,0,0,0,0,0,1,1,"S_GEN3_WAIT",1,1,1,0,0,1,0,0
4843,747,0,2,0,03,0,0,0,0,0,0,0,0,1,1,"S_GEN3_WAIT",1,1,1,0,0,1,0,0
4844,748,0,2,0,03,0,0,0,0,0,0,0,0,1,1,"S_GEN3_WAIT",1,1,1,0,0,1,0,0
4845,749,0,2,0,03,0,0,0,0,0,0,0,0,1,1,"S_GEN3_WAIT",1,1,1,0,0,1,0,0
4846,750,0,2,0,03,0,0,0,0,0,0,0,0,1,1,"S_GEN3_WAIT",1,1,1,0,0,1,0,0
4847,751,0,2,0,03,0,0,0,0,0,0,0,0,1,1,"S_GEN3_WAIT",1,1,1,0,0,1,0,0
4848,752,0,2,0,03,0,0,0,0,0,0,0,0,1,1,"S_GEN3_WAIT",1,1,1,0,0,1,0,0
4849,753,0,2,0,03,0,0,0,0,0,0,0,0,1,1,"S_GEN3_WAIT",1,1,1,0,0,1,0,0
4850,754,0,2,0,03,0,0,0,0,0,0,0,0,1,1,"S_GEN3_WAIT",1,1,1,0,0,1,0,0
4851,755,0,2,0,03,0,0,0,0,0,0,0,0,1,1,"S_GEN3_WAIT",1,1,1,0,0,1,0,0
4852,756,0,2,0,03,0,0,0,0,0,0,0,0,1,1,"S_GEN3_WAIT",1,1,1,0,0,1,0,0
4853,757,0,2,0,03,0,0,0,0,0,0,0,0,1,1,"S_GEN3_WAIT",1,1,1,0,0,1,0,0
4854,758,0,2,0,03,0,0,0,0,0,0,0,0,1,1,"S_GEN3_WAIT",1,1,1,0,0,1,0,0
4855,759,0,2,0,03,0,0,0,0,0,0,0,0,1,1,"S_GEN3_WAIT",1,1,1,0,0,1,0,0
4856,760,0,2,0,03,0,0,0,0,0,0,0,0,1,1,"S_GEN3_WAIT",1,1,1,0,0,1,0,0
4857,761,0,2,0,03,0,0,0,0,0,0,0,0,1,1,"S_GEN3_WAIT",1,1,1,0,0,1,0,0
4858,762,0,2,0,03,0,0,0,0,0,0,0,0,1,1,"S_GEN3_WAIT",1,1,1,0,0,1,0,0
4859,763,0,2,0,03,0,0,0,0,0,0,0,0,1,1,"S_GEN3_WAIT",1,1,1,0,0,1,0,0
4860,764,0,2,0,03,0,0,0,0,0,0,0,0,1,1,"S_GEN3_WAIT",1,1,1,0,0,1,0,0
4861,765,0,2,0,03,0,0,0,0,0,0,0,0,1,1,"S_GEN3_WAIT",1,1,1,0,0,1,0,0
4862,766,0,2,0,03,0,0,0,0,0,0,0,0,1,1,"S_GEN3_WAIT",1,1,1,0,0,1,0,0
4863,767,0,2,0,03,0,0,0,0,0,0,0,0,1,1,"S_GEN3_WAIT",1,1,1,0,0,1,0,0
4864,768,0,2,0,03,0,0,0,0,0,0,0,0,1,1,"S_GEN3_WAIT",1,1,1,0,0,1,0,0
4865,769,0,2,0,03,0,0,0,0,0,0,0,0,1,1,"S_GEN3_WAIT",1,1,1,0,0,1,0,0
4866,770,0,2,0,03,0,0,0,0,0,0,0,0,1,1,"S_GEN3_WAIT",1,1,1,0,0,1,0,0
4867,771,0,2,0,03,0,0,0,0,0,0,0,0,1,1,"S_GEN3_WAIT",1,1,1,0,0,1,0,0
4868,772,0,2,0,03,0,0,0,0,0,0,0,0,1,1,"S_GEN3_WAIT",1,1,1,0,0,1,0,0
4869,773,0,2,0,03,0,0,0,0,0,0,0,0,1,1,"S_GEN3_WAIT",1,1,1,0,0,1,0,0
4870,774,0,2,0,03,0,0,0,0,0,0,0,0,1,1,"S_GEN3_WAIT",1,1,1,0,0,1,0,0
4871,775,0,2,0,03,0,0,0,0,0,0,0,0,1,1,"S_GEN3_WAIT",1,1,1,0,0,1,0,0
4872,776,0,2,0,03,0,0,0,0,0,0,0,0,1,1,"S_GEN3_WAIT",1,1,1,0,0,1,0,0
4873,777,0,2,0,03,0,0,0,0,0,0,0,0,1,1,"S_GEN3_WAIT",1,1,1,0,0,1,0,0
4874,778,0,2,0,03,0,0,0,0,0,0,0,0,1,1,"S_GEN3_WAIT",1,1,1,0,0,1,0,0
4875,779,0,2,0,03,0,0,0,0,0,0,0,0,1,1,"S_GEN3_WAIT",1,1,1,0,0,1,0,0
4876,780,0,2,0,03,0,0,0,0,0,0,0,0,1,1,"S_GEN3_WAIT",1,1,1,0,0,1,0,0
4877,781,0,2,0,03,0,0,0,0,0,0,0,0,1,1,"S_GEN3_WAIT",1,1,1,0,0,1,0,0
4878,782,0,2,0,03,0,0,0,0,0,0,0,0,1,1,"S_GEN3_WAIT",1,1,1,0,0,1,0,0
4879,783,0,2,0,03,0,0,0,0,0,0,0,0,1,1,"S_GEN3_WAIT",1,1,1,0,0,1,0,0
4880,784,0,2,0,03,0,0,0,0,0,0,0,0,1,1,"S_GEN3_WAIT",1,1,1,0,0,1,0,0
4881,785,0,2,0,03,0,0,0,0,0,0,0,0,1,1,"S_GEN3_WAIT",1,1,1,0,0,1,0,0
4882,786,0,2,0,03,0,0,0,0,0,0,0,0,1,1,"S_GEN3_WAIT",1,1,1,0,0,1,0,0
4883,787,0,2,0,03,0,0,0,0,0,0,0,0,1,1,"S_GEN3_WAIT",1,1,1,0,0,1,0,0
4884,788,0,2,0,03,0,0,0,0,0,0,0,0,1,1,"S_GEN3_WAIT",1,1,1,0,0,1,0,0
4885,789,0,2,0,03,0,0,0,0,0,0,0,0,1,1,"S_GEN3_WAIT",1,1,1,0,0,1,0,0
4886,790,0,2,0,03,0,0,0,0,0,0,0,0,1,1,"S_GEN3_WAIT",1,1,1,0,0,1,0,0
4887,791,0,2,0,03,0,0,0,0,0,0,0,0,1,1,"S_GEN3_WAIT",1,1,1,0,0,1,0,0
4888,792,0,2,0,03,0,0,0,0,0,0,0,0,1,1,"S_GEN3_WAIT",1,1,1,0,0,1,0,0
4889,793,0,2,0,03,0,0,0,0,0,0,0,0,1,1,"S_GEN3_WAIT",1,1,1,0,0,1,0,0
4890,794,0,2,0,03,0,0,0,0,0,0,0,0,1,1,"S_GEN3_WAIT",1,1,1,0,0,1,0,0
4891,795,0,2,0,03,0,0,0,0,0,0,0,0,1,1,"S_GEN3_WAIT",1,1,1,0,0,1,0,0
4892,796,0,2,0,03,0,0,0,0,0,0,0,0,1,1,"S_GEN3_WAIT",1,1,1,0,0,1,0,0
4893,797,0,2,0,03,0,0,0,0,0,0,0,0,1,1,"S_GEN3_WAIT",1,1,1,0,0,1,0,0
4894,798,0,2,0,03,0,0,0,0,0,0,0,0,1,1,"S_GEN3_WAIT",1,1,1,0,0,1,0,0
4895,799,0,2,0,03,0,0,0,0,0,0,0,0,1,1,"S_GEN3_WAIT",1,1,1,0,0,1,0,0
4896,800,0,2,0,03,0,0,0,0,0,0,0,0,1,1,"S_GEN3_WAIT",1,1,1,0,0,1,0,0
4897,801,0,2,0,03,0,0,0,0,0,0,0,0,1,1,"S_GEN3_WAIT",1,1,1,0,0,1,0,0
4898,802,0,2,0,03,0,0,0,0,0,0,0,0,1,1,"S_GEN3_WAIT",1,1,1,0,0,1,0,0
4899,803,0,2,0,03,0,0,0,0,0,0,0,0,1,1,"S_GEN3_WAIT",1,1,1,0,0,1,0,0
4900,804,0,2,0,03,0,0,0,0,0,0,0,0,1,1,"S_GEN3_WAIT",1,1,1,0,0,1,0,0
4901,805,0,2,0,03,0,0,0,0,0,0,0,0,1,1,"S_GEN3_WAIT",1,1,1,0,0,1,0,0
4902,806,0,2,0,03,0,0,0,0,0,0,0,0,1,1,"S_GEN3_WAIT",1,1,1,0,0,1,0,0
4903,807,0,2,0,03,0,0,0,0,0,0,0,0,1,1,"S_GEN3_WAIT",1,1,1,0,0,1,0,0
4904,808,0,2,0,03,0,0,0,0,0,0,0,0,1,1,"S_GEN3_WAIT",1,1,1,0,0,1,0,0
4905,809,0,2,0,03,0,0,0,0,0,0,0,0,1,1,"S_GEN3_WAIT",1,1,1,0,0,1,0,0
4906,810,0,2,0,03,0,0,0,0,0,0,0,0,1,1,"S_GEN3_WAIT",1,1,1,0,0,1,0,0
4907,811,0,2,0,03,0,0,0,0,0,0,0,0,1,1,"S_GEN3_WAIT",1,1,1,0,0,1,0,0
4908,812,0,2,0,03,0,0,0,0,0,0,0,0,1,1,"S_GEN3_WAIT",1,1,1,0,0,1,0,0
4909,813,0,2,0,03,0,0,0,0,0,0,0,0,1,1,"S_GEN3_WAIT",1,1,1,0,0,1,0,0
4910,814,0,2,0,03,0,0,0,0,0,0,0,0,1,1,"S_GEN3_WAIT",1,1,1,0,0,1,0,0
4911,815,0,2,0,03,0,0,0,0,0,0,0,0,1,1,"S_GEN3_WAIT",1,1,1,0,0,1,0,0
4912,816,0,2,0,03,0,0,0,0,0,0,0,0,1,1,"S_GEN3_WAIT",1,1,1,0,0,1,0,0
4913,817,0,2,0,03,0,0,0,0,0,0,0,0,1,1,"S_GEN3_WAIT",1,1,1,0,0,1,0,0
4914,818,0,2,0,03,0,0,0,0,0,0,0,0,1,1,"S_GEN3_WAIT",1,1,1,0,0,1,0,0
4915,819,0,2,0,03,0,0,0,0,0,0,0,0,1,1,"S_GEN3_WAIT",1,1,1,0,0,1,0,0
4916,820,0,2,0,03,0,0,0,0,0,0,0,0,1,1,"S_GEN3_WAIT",1,1,1,0,0,1,0,0
4917,821,0,2,0,03,0,0,0,0,0,0,0,0,1,1,"S_GEN3_WAIT",1,1,1,0,0,1,0,0
4918,822,0,2,0,03,0,0,0,0,0,0,0,0,1,1,"S_GEN3_WAIT",1,1,1,0,0,1,0,0
4919,823,0,2,0,03,0,0,0,0,0,0,0,0,1,1,"S_GEN3_WAIT",1,1,1,0,0,1,0,0
4920,824,0,2,0,03,0,0,0,0,0,0,0,0,1,1,"S_GEN3_WAIT",1,1,1,0,0,1,0,0
4921,825,0,2,0,03,0,0,0,0,0,0,0,0,1,1,"S_GEN3_WAIT",1,1,1,0,0,1,0,0
4922,826,0,2,0,03,0,0,0,0,0,0,0,0,1,1,"S_GEN3_WAIT",1,1,1,0,0,1,0,0
4923,827,0,2,0,03,0,0,0,0,0,0,0,0,1,1,"S_GEN3_WAIT",1,1,1,0,0,1,0,0
4924,828,0,2,0,03,0,0,0,0,0,0,0,0,1,1,"S_GEN3_WAIT",1,1,1,0,0,1,0,0
4925,829,0,2,0,03,0,0,0,0,0,0,0,0,1,1,"S_GEN3_WAIT",1,1,1,0,0,1,0,0
4926,830,0,2,0,03,0,0,0,0,0,0,0,0,1,1,"S_GEN3_WAIT",1,1,1,0,0,1,0,0
4927,831,0,2,0,03,0,0,0,0,0,0,0,0,1,1,"S_GEN3_WAIT",1,1,1,0,0,1,0,0
4928,832,0,2,0,03,0,0,0,0,0,0,0,0,1,1,"S_GEN3_WAIT",1,1,1,0,0,1,0,0
4929,833,0,2,0,03,0,0,0,0,0,0,0,0,1,1,"S_GEN3_WAIT",1,1,1,0,0,1,0,0
4930,834,0,2,0,03,0,0,0,0,0,0,0,0,1,1,"S_GEN3_WAIT",1,1,1,0,0,1,0,0
4931,835,0,2,0,03,0,0,0,0,0,0,0,0,1,1,"S_GEN3_WAIT",1,1,1,0,0,1,0,0
4932,836,0,2,0,03,0,0,0,0,0,0,0,0,1,1,"S_GEN3_WAIT",1,1,1,0,0,1,0,0
4933,837,0,2,0,03,0,0,0,0,0,0,0,0,1,1,"S_GEN3_WAIT",1,1,1,0,0,1,0,0
4934,838,0,2,0,03,0,0,0,0,0,0,0,0,1,1,"S_GEN3_WAIT",1,1,1,0,0,1,0,0
4935,839,0,2,0,03,0,0,0,0,0,0,0,0,1,1,"S_GEN3_WAIT",1,1,1,0,0,1,0,0
4936,840,0,2,0,03,0,0,0,0,0,0,0,0,1,1,"S_GEN3_WAIT",1,1,1,0,0,1,0,0
4937,841,0,2,0,03,0,0,0,0,0,0,0,0,1,1,"S_GEN3_WAIT",1,1,1,0,0,1,0,0
4938,842,0,2,0,03,0,0,0,0,0,0,0,0,1,1,"S_GEN3_WAIT",1,1,1,0,0,1,0,0
4939,843,0,2,0,03,0,0,0,0,0,0,0,0,1,1,"S_GEN3_WAIT",1,1,1,0,0,1,0,0
4940,844,0,2,0,03,0,0,0,0,0,0,0,0,1,1,"S_GEN3_WAIT",1,1,1,0,0,1,0,0
4941,845,0,2,0,03,0,0,0,0,0,0,0,0,1,1,"S_GEN3_WAIT",1,1,1,0,0,1,0,0
4942,846,0,2,0,03,0,0,0,0,0,0,0,0,1,1,"S_GEN3_WAIT",1,1,1,0,0,1,0,0
4943,847,0,2,0,03,0,0,0,0,0,0,0,0,1,1,"S_GEN3_WAIT",1,1,1,0,0,1,0,0
4944,848,0,2,0,03,0,0,0,0,0,0,0,0,1,1,"S_GEN3_WAIT",1,1,1,0,0,1,0,0
4945,849,0,2,0,03,0,0,0,0,0,0,0,0,1,1,"S_GEN3_WAIT",1,1,1,0,0,1,0,0
4946,850,0,2,0,03,0,0,0,0,0,0,0,0,1,1,"S_GEN3_WAIT",1,1,1,0,0,1,0,0
4947,851,0,2,0,03,0,0,0,0,0,0,0,0,1,1,"S_GEN3_WAIT",1,1,1,0,0,1,0,0
4948,852,0,2,0,03,0,0,0,0,0,0,0,0,1,1,"S_GEN3_WAIT",1,1,1,0,0,1,0,0
4949,853,0,2,0,03,0,0,0,0,0,0,0,0,1,1,"S_GEN3_WAIT",1,1,1,0,0,1,0,0
4950,854,0,2,0,03,0,0,0,0,0,0,0,0,1,1,"S_GEN3_WAIT",1,1,1,0,0,1,0,0
4951,855,0,2,0,03,0,0,0,0,0,0,0,0,1,1,"S_GEN3_WAIT",1,1,1,0,0,1,0,0
4952,856,0,2,0,03,0,0,0,0,0,0,0,0,1,1,"S_GEN3_WAIT",1,1,1,0,0,1,0,0
4953,857,0,2,0,03,0,0,0,0,0,0,0,0,1,1,"S_GEN3_WAIT",1,1,1,0,0,1,0,0
4954,858,0,2,0,03,0,0,0,0,0,0,0,0,1,1,"S_GEN3_WAIT",1,1,1,0,0,1,0,0
4955,859,0,2,0,03,0,0,0,0,0,0,0,0,1,1,"S_GEN3_WAIT",1,1,1,0,0,1,0,0
4956,860,0,2,0,03,0,0,0,0,0,0,0,0,1,1,"S_GEN3_WAIT",1,1,1,0,0,1,0,0
4957,861,0,2,0,03,0,0,0,0,0,0,0,0,1,1,"S_GEN3_WAIT",1,1,1,0,0,1,0,0
4958,862,0,2,0,03,0,0,0,0,0,0,0,0,1,1,"S_GEN3_WAIT",1,1,1,0,0,1,0,0
4959,863,0,2,0,03,0,0,0,0,0,0,0,0,1,1,"S_GEN3_WAIT",1,1,1,0,0,1,0,0
4960,864,0,2,0,03,0,0,0,0,0,0,0,0,1,1,"S_GEN3_WAIT",1,1,1,0,0,1,0,0
4961,865,0,2,0,03,0,0,0,0,0,0,0,0,1,1,"S_GEN3_WAIT",1,1,1,0,0,1,0,0
4962,866,0,2,0,03,0,0,0,0,0,0,0,0,1,1,"S_GEN3_WAIT",1,1,1,0,0,1,0,0
4963,867,0,2,0,03,0,0,0,0,0,0,0,0,1,1,"S_GEN3_WAIT",1,1,1,0,0,1,0,0
4964,868,0,2,0,03,0,0,0,0,0,0,0,0,1,1,"S_GEN3_WAIT",1,1,1,0,0,1,0,0
4965,869,0,2,0,03,0,0,0,0,0,0,0,0,1,1,"S_GEN3_WAIT",1,1,1,0,0,1,0,0
4966,870,0,2,0,03,0,0,0,0,0,0,0,0,1,1,"S_GEN3_WAIT",1,1,1,0,0,1,0,0
4967,871,0,2,0,03,0,0,0,0,0,0,0,0,1,1,"S_GEN3_WAIT",1,1,1,0,0,1,0,0
4968,872,0,2,0,03,0,0,0,0,0,0,0,0,1,1,"S_GEN3_WAIT",1,1,1,0,0,1,0,0
4969,873,0,2,0,03,0,0,0,0,0,0,0,0,1,1,"S_GEN3_WAIT",1,1,1,0,0,1,0,0
4970,874,0,2,0,03,0,0,0,0,0,0,0,0,1,1,"S_GEN3_WAIT",1,1,1,0,0,1,0,0
4971,875,0,2,0,03,0,0,0,0,0,0,0,0,1,1,"S_GEN3_WAIT",1,1,1,0,0,1,0,0
4972,876,0,2,0,03,0,0,0,0,0,0,0,0,1,1,"S_GEN3_WAIT",1,1,1,0,0,1,0,0
4973,877,0,2,0,03,0,0,0,0,0,0,0,0,1,1,"S_GEN3_WAIT",1,1,1,0,0,1,0,0
4974,878,0,2,0,03,0,0,0,0,0,0,0,0,1,1,"S_GEN3_WAIT",1,1,1,0,0,1,0,0
4975,879,0,2,0,03,0,0,0,0,0,0,0,0,1,1,"S_GEN3_WAIT",1,1,1,0,0,1,0,0
4976,880,0,2,0,03,0,0,0,0,0,0,0,0,1,1,"S_GEN3_WAIT",1,1,1,0,0,1,0,0
4977,881,0,2,0,03,0,0,0,0,0,0,0,0,1,1,"S_GEN3_WAIT",1,1,1,0,0,1,0,0
4978,882,0,2,0,03,0,0,0,0,0,0,0,0,1,1,"S_GEN3_WAIT",1,1,1,0,0,1,0,0
4979,883,0,2,0,03,0,0,0,0,0,0,0,0,1,1,"S_GEN3_WAIT",1,1,1,0,0,1,0,0
4980,884,0,2,0,03,0,0,0,0,0,0,0,0,1,1,"S_GEN3_WAIT",1,1,1,0,0,1,0,0
4981,885,0,2,0,03,0,0,0,0,0,0,0,0,1,1,"S_GEN3_WAIT",1,1,1,0,0,1,0,0
4982,886,0,2,0,03,0,0,0,0,0,0,0,0,1,1,"S_GEN3_WAIT",1,1,1,0,0,1,0,0
4983,887,0,2,0,03,0,0,0,0,0,0,0,0,1,1,"S_GEN3_WAIT",1,1,1,0,0,1,0,0
4984,888,0,2,0,03,0,0,0,0,0,0,0,0,1,1,"S_GEN3_WAIT",1,1,1,0,0,1,0,0
4985,889,0,2,0,03,0,0,0,0,0,0,0,0,1,1,"S_GEN3_WAIT",1,1,1,0,0,1,0,0
4986,890,0,2,0,03,0,0,0,0,0,0,0,0,1,1,"S_GEN3_WAIT",1,1,1,0,0,1,0,0
4987,891,0,2,0,03,0,0,0,0,0,0,0,0,1,1,"S_GEN3_WAIT",1,1,1,0,0,1,0,0
4988,892,0,2,0,03,0,0,0,0,0,0,0,0,1,1,"S_GEN3_WAIT",1,1,1,0,0,1,0,0
4989,893,0,2,0,03,0,0,0,0,0,0,0,0,1,1,"S_GEN3_WAIT",1,1,1,0,0,1,0,0
4990,894,0,2,0,03,0,0,0,0,0,0,0,0,1,1,"S_GEN3_WAIT",1,1,1,0,0,1,0,0
4991,895,0,2,0,03,0,0,0,0,0,0,0,0,1,1,"S_GEN3_WAIT",1,1,1,0,0,1,0,0
4992,896,0,2,0,03,0,0,0,0,0,0,0,0,1,1,"S_GEN3_WAIT",1,1,1,0,0,1,0,0
4993,897,0,2,0,03,0,0,0,0,0,0,0,0,1,1,"S_GEN3_WAIT",1,1,1,0,0,1,0,0
4994,898,0,2,0,03,0,0,0,0,0,0,0,0,1,1,"S_GEN3_WAIT",1,1,1,0,0,1,0,0
4995,899,0,2,0,03,0,0,0,0,0,0,0,0,1,1,"S_GEN3_WAIT",1,1,1,0,0,1,0,0
4996,900,0,2,0,03,0,0,0,0,0,0,0,0,1,1,"S_GEN3_WAIT",1,1,1,0,0,1,0,0
4997,901,0,2,0,03,0,0,0,0,0,0,0,0,1,1,"S_GEN3_WAIT",1,1,1,0,0,1,0,0
4998,902,0,2,0,03,0,0,0,0,0,0,0,0,1,1,"S_GEN3_WAIT",1,1,1,0,0,1,0,0
4999,903,0,2,0,03,0,0,0,0,0,0,0,0,1,1,"S_GEN3_WAIT",1,1,1,0,0,1,0,0
5000,904,0,2,0,03,0,0,0,0,0,0,0,0,1,1,"S_GEN3_WAIT",1,1,1,0,0,1,0,0
5001,905,0,2,0,03,0,0,0,0,0,0,0,0,1,1,"S_GEN3_WAIT",1,1,1,0,0,1,0,0
5002,906,0,2,0,03,0,0,0,0,0,0,0,0,1,1,"S_GEN3_WAIT",1,1,1,0,0,1,0,0
5003,907,0,2,0,03,0,0,0,0,0,0,0,0,1,1,"S_GEN3_WAIT",1,1,1,0,0,1,0,0
5004,908,0,2,0,03,0,0,0,0,0,0,0,0,1,1,"S_GEN3_WAIT",1,1,1,0,0,1,0,0
5005,909,0,2,0,03,0,0,0,0,0,0,0,0,1,1,"S_GEN3_WAIT",1,1,1,0,0,1,0,0
5006,910,0,2,0,03,0,0,0,0,0,0,0,0,1,1,"S_GEN3_WAIT",1,1,1,0,0,1,0,0
5007,911,0,2,0,03,0,0,0,0,0,0,0,0,1,1,"S_GEN3_WAIT",1,1,1,0,0,1,0,0
5008,912,0,2,0,03,0,0,0,0,0,0,0,0,1,1,"S_GEN3_WAIT",1,1,1,0,0,1,0,0
5009,913,0,2,0,03,0,0,0,0,0,0,0,0,1,1,"S_GEN3_WAIT",1,1,1,0,0,1,0,0
5010,914,0,2,0,03,0,0,0,0,0,0,0,0,1,1,"S_GEN3_WAIT",1,1,1,0,0,1,0,0
5011,915,0,2,0,03,0,0,0,0,0,0,0,0,1,1,"S_GEN3_WAIT",1,1,1,0,0,1,0,0
5012,916,0,2,0,03,0,0,0,0,0,0,0,0,1,1,"S_GEN3_WAIT",1,1,1,0,0,1,0,0
5013,917,0,2,0,03,0,0,0,0,0,0,0,0,1,1,"S_GEN3_WAIT",1,1,1,0,0,1,0,0
5014,918,0,2,0,03,0,0,0,0,0,0,0,0,1,1,"S_GEN3_WAIT",1,1,1,0,0,1,0,0
5015,919,0,2,0,03,0,0,0,0,0,0,0,0,1,1,"S_GEN3_WAIT",1,1,1,0,0,1,0,0
5016,920,0,2,0,03,0,0,0,0,0,0,0,0,1,1,"S_GEN3_WAIT",1,1,1,0,0,1,0,0
5017,921,0,2,0,03,0,0,0,0,0,0,0,0,1,1,"S_GEN3_WAIT",1,1,1,0,0,1,0,0
5018,922,0,2,0,03,0,0,0,0,0,0,0,0,1,1,"S_GEN3_WAIT",1,1,1,0,0,1,0,0
5019,923,0,2,0,03,0,0,0,0,0,0,0,0,1,1,"S_GEN3_WAIT",1,1,1,0,0,1,0,0
5020,924,0,2,0,03,0,0,0,0,0,0,0,0,1,1,"S_GEN3_WAIT",1,1,1,0,0,1,0,0
5021,925,0,2,0,03,0,0,0,0,0,0,0,0,1,1,"S_GEN3_WAIT",1,1,1,0,0,1,0,0
5022,926,0,2,0,03,0,0,0,0,0,0,0,0,1,1,"S_GEN3_WAIT",1,1,1,0,0,1,0,0
5023,927,0,2,0,03,0,0,0,0,0,0,0,0,1,1,"S_GEN3_WAIT",1,1,1,0,0,1,0,0
5024,928,0,2,0,03,0,0,0,0,0,0,0,0,1,1,"S_GEN3_WAIT",1,1,1,0,0,1,0,0
5025,929,0,2,0,03,0,0,0,0,0,0,0,0,1,1,"S_GEN3_WAIT",1,1,1,0,0,1,0,0
5026,930,0,2,0,03,0,0,0,0,0,0,0,0,1,1,"S_GEN3_WAIT",1,1,1,0,0,1,0,0
5027,931,0,2,0,03,0,0,0,0,0,0,0,0,1,1,"S_GEN3_WAIT",1,1,1,0,0,1,0,0
5028,932,0,2,0,03,0,0,0,0,0,0,0,0,1,1,"S_GEN3_WAIT",1,1,1,0,0,1,0,0
5029,933,0,2,0,03,0,0,0,0,0,0,0,0,1,1,"S_GEN3_WAIT",1,1,1,0,0,1,0,0
5030,934,0,2,0,03,0,0,0,0,0,0,0,0,1,1,"S_GEN3_WAIT",1,1,1,0,0,1,0,0
5031,935,0,2,0,03,0,0,0,0,0,0,0,0,1,1,"S_GEN3_WAIT",1,1,1,0,0,1,0,0
5032,936,0,2,0,03,0,0,0,0,0,0,0,0,1,1,"S_GEN3_WAIT",1,1,1,0,0,1,0,0
5033,937,0,2,0,03,0,0,0,0,0,0,0,0,1,1,"S_GEN3_WAIT",1,1,1,0,0,1,0,0
5034,938,0,2,0,03,0,0,0,0,0,0,0,0,1,1,"S_GEN3_WAIT",1,1,1,0,0,1,0,0
5035,939,0,2,0,03,0,0,0,0,0,0,0,0,1,1,"S_GEN3_WAIT",1,1,1,0,0,1,0,0
5036,940,0,2,0,03,0,0,0,0,0,0,0,0,1,1,"S_GEN3_WAIT",1,1,1,0,0,1,0,0
5037,941,0,2,0,03,0,0,0,0,0,0,0,0,1,1,"S_GEN3_WAIT",1,1,1,0,0,1,0,0
5038,942,0,2,0,03,0,0,0,0,0,0,0,0,1,1,"S_GEN3_WAIT",1,1,1,0,0,1,0,0
5039,943,0,2,0,03,0,0,0,0,0,0,0,0,1,1,"S_GEN3_WAIT",1,1,1,0,0,1,0,0
5040,944,0,2,0,03,0,0,0,0,0,0,0,0,1,1,"S_GEN3_WAIT",1,1,1,0,0,1,0,0
5041,945,0,2,0,03,0,0,0,0,0,0,0,0,1,1,"S_GEN3_WAIT",1,1,1,0,0,1,0,0
5042,946,0,2,0,03,0,0,0,0,0,0,0,0,1,1,"S_GEN3_WAIT",1,1,1,0,0,1,0,0
5043,947,0,2,0,03,0,0,0,0,0,0,0,0,1,1,"S_GEN3_WAIT",1,1,1,0,0,1,0,0
5044,948,0,2,0,03,0,0,0,0,0,0,0,0,1,1,"S_GEN3_WAIT",1,1,1,0,0,1,0,0
5045,949,0,2,0,03,0,0,0,0,0,0,0,0,1,1,"S_GEN3_WAIT",1,1,1,0,0,1,0,0
5046,950,0,2,0,03,0,0,0,0,0,0,0,0,1,1,"S_GEN3_WAIT",1,1,1,0,0,1,0,0
5047,951,0,2,0,03,0,0,0,0,0,0,0,0,1,1,"S_GEN3_WAIT",1,1,1,0,0,1,0,0
5048,952,0,2,0,03,0,0,0,0,0,0,0,0,1,1,"S_GEN3_WAIT",1,1,1,0,0,1,0,0
5049,953,0,2,0,03,0,0,0,0,0,0,0,0,1,1,"S_GEN3_WAIT",1,1,1,0,0,1,0,0
5050,954,0,2,0,03,0,0,0,0,0,0,0,0,1,1,"S_GEN3_WAIT",1,1,1,0,0,1,0,0
5051,955,0,2,0,03,0,0,0,0,0,0,0,0,1,1,"S_GEN3_WAIT",1,1,1,0,0,1,0,0
5052,956,0,2,0,03,0,0,0,0,0,0,0,0,1,1,"S_GEN3_WAIT",1,1,1,0,0,1,0,0
5053,957,0,2,0,03,0,0,0,0,0,0,0,0,1,1,"S_GEN3_WAIT",1,1,1,0,0,1,0,0
5054,958,0,2,0,03,0,0,0,0,0,0,0,0,1,1,"S_GEN3_WAIT",1,1,1,0,0,1,0,0
5055,959,0,2,0,03,0,0,0,0,0,0,0,0,1,1,"S_GEN3_WAIT",1,1,1,0,0,1,0,0
5056,960,0,2,0,03,0,0,0,0,0,0,0,0,1,1,"S_GEN3_WAIT",1,1,1,0,0,1,0,0
5057,961,0,2,0,03,0,0,0,0,0,0,0,0,1,1,"S_GEN3_WAIT",1,1,1,0,0,1,0,0
5058,962,0,2,0,03,0,0,0,0,0,0,0,0,1,1,"S_GEN3_WAIT",1,1,1,0,0,1,0,0
5059,963,0,2,0,03,0,0,0,0,0,0,0,0,1,1,"S_GEN3_WAIT",1,1,1,0,0,1,0,0
5060,964,0,2,0,03,0,0,0,0,0,0,0,0,1,1,"S_GEN3_WAIT",1,1,1,0,0,1,0,0
5061,965,0,2,0,03,0,0,0,0,0,0,0,0,1,1,"S_GEN3_WAIT",1,1,1,0,0,1,0,0
5062,966,0,2,0,03,0,0,0,0,0,0,0,0,1,1,"S_GEN3_WAIT",1,1,1,0,0,1,0,0
5063,967,0,2,0,03,0,0,0,0,0,0,0,0,1,1,"S_GEN3_WAIT",1,1,1,0,0,1,0,0
5064,968,0,2,0,03,0,0,0,0,0,0,0,0,1,1,"S_GEN3_WAIT",1,1,1,0,0,1,0,0
5065,969,0,2,0,03,0,0,0,0,0,0,0,0,1,1,"S_GEN3_WAIT",1,1,1,0,0,1,0,0
5066,970,0,2,0,03,0,0,0,0,0,0,0,0,1,1,"S_GEN3_WAIT",1,1,1,0,0,1,0,0
5067,971,0,2,0,03,0,0,0,0,0,0,0,0,1,1,"S_GEN3_WAIT",1,1,1,0,0,1,0,0
5068,972,0,2,0,03,0,0,0,0,0,0,0,0,1,1,"S_GEN3_WAIT",1,1,1,0,0,1,0,0
5069,973,0,2,0,03,0,0,0,0,0,0,0,0,1,1,"S_GEN3_WAIT",1,1,1,0,0,1,0,0
5070,974,0,2,0,03,0,0,0,0,0,0,0,0,1,1,"S_GEN3_WAIT",1,1,1,0,0,1,0,0
5071,975,0,2,0,03,0,0,0,0,0,0,0,0,1,1,"S_GEN3_WAIT",1,1,1,0,0,1,0,0
5072,976,0,2,0,03,0,0,0,0,0,0,0,0,1,1,"S_GEN3_WAIT",1,1,1,0,0,1,0,0
5073,977,0,2,0,03,0,0,0,0,0,0,0,0,1,1,"S_GEN3_WAIT",1,1,1,0,0,1,0,0
5074,978,0,2,0,03,0,0,0,0,0,0,0,0,1,1,"S_GEN3_WAIT",1,1,1,0,0,1,0,0
5075,979,0,2,0,03,0,0,0,0,0,0,0,0,1,1,"S_GEN3_WAIT",1,1,1,0,0,1,0,0
5076,980,0,2,0,03,0,0,0,0,0,0,0,0,1,1,"S_GEN3_WAIT",1,1,1,0,0,1,0,0
5077,981,0,2,0,03,0,0,0,0,0,0,0,0,1,1,"S_GEN3_WAIT",1,1,1,0,0,1,0,0
5078,982,0,2,0,03,0,0,0,0,0,0,0,0,1,1,"S_GEN3_WAIT",1,1,1,0,0,1,0,0
5079,983,0,2,0,03,0,0,0,0,0,0,0,0,1,1,"S_GEN3_WAIT",1,1,1,0,0,1,0,0
5080,984,0,2,0,03,0,0,0,0,0,0,0,0,1,1,"S_GEN3_WAIT",1,1,1,0,0,1,0,0
5081,985,0,2,0,03,0,0,0,0,0,0,0,0,1,1,"S_GEN3_WAIT",1,1,1,0,0,1,0,0
5082,986,0,2,0,03,0,0,0,0,0,0,0,0,1,1,"S_GEN3_WAIT",1,1,1,0,0,1,0,0
5083,987,0,2,0,03,0,0,0,0,0,0,0,0,1,1,"S_GEN3_WAIT",1,1,1,0,0,1,0,0
5084,988,0,2,0,03,0,0,0,0,0,0,0,0,1,1,"S_GEN3_WAIT",1,1,1,0,0,1,0,0
5085,989,0,2,0,03,0,0,0,0,0,0,0,0,1,1,"S_GEN3_WAIT",1,1,1,0,0,1,0,0
5086,990,0,2,0,03,0,0,0,0,0,0,0,0,1,1,"S_GEN3_WAIT",1,1,1,0,0,1,0,0
5087,991,0,2,0,03,0,0,0,0,0,0,0,0,1,1,"S_GEN3_WAIT",1,1,1,0,0,1,0,0
5088,992,0,2,0,03,0,0,0,0,0,0,0,0,1,1,"S_GEN3_WAIT",1,1,1,0,0,1,0,0
5089,993,0,2,0,03,0,0,0,0,0,0,0,0,1,1,"S_GEN3_WAIT",1,1,1,0,0,1,0,0
5090,994,0,2,0,03,0,0,0,0,0,0,0,0,1,1,"S_GEN3_WAIT",1,1,1,0,0,1,0,0
5091,995,0,2,0,03,0,0,0,0,0,0,0,0,1,1,"S_GEN3_WAIT",1,1,1,0,0,1,0,0
5092,996,0,2,0,03,0,0,0,0,0,0,0,0,1,1,"S_GEN3_WAIT",1,1,1,0,0,1,0,0
5093,997,0,2,0,03,0,0,0,0,0,0,0,0,1,1,"S_GEN3_WAIT",1,1,1,0,0,1,0,0
5094,998,0,2,0,03,0,0,0,0,0,0,0,0,1,1,"S_GEN3_WAIT",1,1,1,0,0,1,0,0
5095,999,0,2,0,03,0,0,0,0,0,0,0,0,1,1,"S_GEN3_WAIT",1,1,1,0,0,1,0,0
5096,1000,0,2,0,03,0,0,0,0,0,0,0,0,1,1,"S_GEN3_WAIT",1,1,1,0,0,1,0,0
5097,1001,0,2,0,03,0,0,0,0,0,0,0,0,1,1,"S_GEN3_WAIT",1,1,1,0,0,1,0,0
5098,1002,0,2,0,03,0,0,0,0,0,0,0,0,1,1,"S_GEN3_WAIT",1,1,1,0,0,1,0,0
5099,1003,0,2,0,03,0,0,0,0,0,0,0,0,1,1,"S_GEN3_WAIT",1,1,1,0,0,1,0,0
5100,1004,0,2,0,03,0,0,0,0,0,0,0,0,1,1,"S_GEN3_WAIT",1,1,1,0,0,1,0,0
5101,1005,0,2,0,03,0,0,0,0,0,0,0,0,1,1,"S_GEN3_WAIT",1,1,1,0,0,1,0,0
5102,1006,0,2,0,03,0,0,0,0,0,0,0,0,1,1,"S_GEN3_WAIT",1,1,1,0,0,1,0,0
5103,1007,0,2,0,03,0,0,0,0,0,0,0,0,1,1,"S_GEN3_WAIT",1,1,1,0,0,1,0,0
5104,1008,0,2,0,03,0,0,0,0,0,0,0,0,1,1,"S_GEN3_WAIT",1,1,1,0,0,1,0,0
5105,1009,0,2,0,03,0,0,0,0,0,0,0,0,1,1,"S_GEN3_WAIT",1,1,1,0,0,1,0,0
5106,1010,0,2,0,03,0,0,0,0,0,0,0,0,1,1,"S_GEN3_WAIT",1,1,1,0,0,1,0,0
5107,1011,0,2,0,03,0,0,0,0,0,0,0,0,1,1,"S_GEN3_WAIT",1,1,1,0,0,1,0,0
5108,1012,0,2,0,03,0,0,0,0,0,0,0,0,1,1,"S_GEN3_WAIT",1,1,1,0,0,1,0,0
5109,1013,0,2,0,03,0,0,0,0,0,0,0,0,1,1,"S_GEN3_WAIT",1,1,1,0,0,1,0,0
5110,1014,0,2,0,03,0,0,0,0,0,0,0,0,1,1,"S_GEN3_WAIT",1,1,1,0,0,1,0,0
5111,1015,0,2,0,03,0,0,0,0,0,0,0,0,1,1,"S_GEN3_WAIT",1,1,1,0,0,1,0,0
5112,1016,0,2,0,03,0,0,0,0,0,0,0,0,1,1,"S_GEN3_WAIT",1,1,1,0,0,1,0,0
5113,1017,0,2,0,03,0,0,0,0,0,0,0,0,1,1,"S_GEN3_WAIT",1,1,1,0,0,1,0,0
5114,1018,0,2,0,03,0,0,0,0,0,0,0,0,1,1,"S_GEN3_WAIT",1,1,1,0,0,1,0,0
5115,1019,0,2,0,03,0,0,0,0,0,0,0,0,1,1,"S_GEN3_WAIT",1,1,1,0,0,1,0,0
5116,1020,0,2,0,03,0,0,0,0,0,0,0,0,1,1,"S_GEN3_WAIT",1,1,1,0,0,1,0,0
5117,1021,0,2,0,03,0,0,0,0,0,0,0,0,1,1,"S_GEN3_WAIT",1,1,1,0,0,1,0,0
5118,1022,0,2,0,03,0,0,0,0,0,0,0,0,1,1,"S_GEN3_WAIT",1,1,1,0,0,1,0,0
5119,1023,0,2,0,03,0,0,0,0,0,0,0,0,1,1,"S_GEN3_WAIT",1,1,1,0,0,1,0,0
5120,1024,0,2,0,03,0,0,0,0,0,0,0,0,1,1,"S_GEN3_WAIT",1,1,1,0,0,1,0,0
5121,1025,0,2,0,03,0,0,0,0,0,0,0,0,1,1,"S_GEN3_WAIT",1,1,1,0,0,1,0,0
5122,1026,0,2,0,03,0,0,0,0,0,0,0,0,1,1,"S_GEN3_WAIT",1,1,1,0,0,1,0,0
5123,1027,0,2,0,03,0,0,0,0,0,0,0,0,1,1,"S_GEN3_WAIT",1,1,1,0,0,1,0,0
5124,1028,0,2,0,03,0,0,0,0,0,0,0,0,1,1,"S_GEN3_WAIT",1,1,1,0,0,1,0,0
5125,1029,0,2,0,03,0,0,0,0,0,0,0,0,1,1,"S_GEN3_WAIT",1,1,1,0,0,1,0,0
5126,1030,0,2,0,03,0,0,0,0,0,0,0,0,1,1,"S_GEN3_WAIT",1,1,1,0,0,1,0,0
5127,1031,0,2,0,03,0,0,0,0,0,0,0,0,1,1,"S_GEN3_WAIT",1,1,1,0,0,1,0,0
5128,1032,0,2,0,03,0,0,0,0,0,0,0,0,1,1,"S_GEN3_WAIT",1,1,1,0,0,1,0,0
5129,1033,0,2,0,03,0,0,0,0,0,0,0,0,1,1,"S_GEN3_WAIT",1,1,1,0,0,1,0,0
5130,1034,0,2,0,03,0,0,0,0,0,0,0,0,1,1,"S_GEN3_WAIT",1,1,1,0,0,1,0,0
5131,1035,0,2,0,03,0,0,0,0,0,0,0,0,1,1,"S_GEN3_WAIT",1,1,1,0,0,1,0,0
5132,1036,0,2,0,03,0,0,0,0,0,0,0,0,1,1,"S_GEN3_WAIT",1,1,1,0,0,1,0,0
5133,1037,0,2,0,03,0,0,0,0,0,0,0,0,1,1,"S_GEN3_WAIT",1,1,1,0,0,1,0,0
5134,1038,0,2,0,03,0,0,0,0,0,0,0,0,1,1,"S_GEN3_WAIT",1,1,1,0,0,1,0,0
5135,1039,0,2,0,03,0,0,0,0,0,0,0,0,1,1,"S_GEN3_WAIT",1,1,1,0,0,1,0,0
5136,1040,0,2,0,03,0,0,0,0,0,0,0,0,1,1,"S_GEN3_WAIT",1,1,1,0,0,1,0,0
5137,1041,0,2,0,03,0,0,0,0,0,0,0,0,1,1,"S_GEN3_WAIT",1,1,1,0,0,1,0,0
5138,1042,0,2,0,03,0,0,0,0,0,0,0,0,1,1,"S_GEN3_WAIT",1,1,1,0,0,1,0,0
5139,1043,0,2,0,03,0,0,0,0,0,0,0,0,1,1,"S_GEN3_WAIT",1,1,1,0,0,1,0,0
5140,1044,0,2,0,03,0,0,0,0,0,0,0,0,1,1,"S_GEN3_WAIT",1,1,1,0,0,1,0,0
5141,1045,0,2,0,03,0,0,0,0,0,0,0,0,1,1,"S_GEN3_WAIT",1,1,1,0,0,1,0,0
5142,1046,0,2,0,03,0,0,0,0,0,0,0,0,1,1,"S_GEN3_WAIT",1,1,1,0,0,1,0,0
5143,1047,0,2,0,03,0,0,0,0,0,0,0,0,1,1,"S_GEN3_WAIT",1,1,1,0,0,1,0,0
5144,1048,0,2,0,03,0,0,0,0,0,0,0,0,1,1,"S_GEN3_WAIT",1,1,1,0,0,1,0,0
5145,1049,0,2,0,03,0,0,0,0,0,0,0,0,1,1,"S_GEN3_WAIT",1,1,1,0,0,1,0,0
5146,1050,0,2,0,03,0,0,0,0,0,0,0,0,1,1,"S_GEN3_WAIT",1,1,1,0,0,1,0,0
5147,1051,0,2,0,03,0,0,0,0,0,0,0,0,1,1,"S_GEN3_WAIT",1,1,1,0,0,1,0,0
5148,1052,0,2,0,03,0,0,0,0,0,0,0,0,1,1,"S_GEN3_WAIT",1,1,1,0,0,1,0,0
5149,1053,0,2,0,03,0,0,0,0,0,0,0,0,1,1,"S_GEN3_WAIT",1,1,1,0,0,1,0,0
5150,1054,0,2,0,03,0,0,0,0,0,0,0,0,1,1,"S_GEN3_WAIT",1,1,1,0,0,1,0,0
5151,1055,0,2,0,03,0,0,0,0,0,0,0,0,1,1,"S_GEN3_WAIT",1,1,1,0,0,1,0,0
5152,1056,0,2,0,03,0,0,0,0,0,0,0,0,1,1,"S_GEN3_WAIT",1,1,1,0,0,1,0,0
5153,1057,0,2,0,03,0,0,0,0,0,0,0,0,1,1,"S_GEN3_WAIT",1,1,1,0,0,1,0,0
5154,1058,0,2,0,03,0,0,0,0,0,0,0,0,1,1,"S_GEN3_WAIT",1,1,1,0,0,1,0,0
5155,1059,0,2,0,03,0,0,0,0,0,0,0,0,1,1,"S_GEN3_WAIT",1,1,1,0,0,1,0,0
5156,1060,0,2,0,03,0,0,0,0,0,0,0,0,1,1,"S_GEN3_WAIT",1,1,1,0,0,1,0,0
5157,1061,0,2,0,03,0,0,0,0,0,0,0,0,1,1,"S_GEN3_WAIT",1,1,1,0,0,1,0,0
5158,1062,0,2,0,03,0,0,0,0,0,0,0,0,1,1,"S_GEN3_WAIT",1,1,1,0,0,1,0,0
5159,1063,0,2,0,03,0,0,0,0,0,0,0,0,1,1,"S_GEN3_WAIT",1,1,1,0,0,1,0,0
5160,1064,0,2,0,03,0,0,0,0,0,0,0,0,1,1,"S_GEN3_WAIT",1,1,1,0,0,1,0,0
5161,1065,0,2,0,03,0,0,0,0,0,0,0,0,1,1,"S_GEN3_WAIT",1,1,1,0,0,1,0,0
5162,1066,0,2,0,03,0,0,0,0,0,0,0,0,1,1,"S_GEN3_WAIT",1,1,1,0,0,1,0,0
5163,1067,0,2,0,03,0,0,0,0,0,0,0,0,1,1,"S_GEN3_WAIT",1,1,1,0,0,1,0,0
5164,1068,0,2,0,03,0,0,0,0,0,0,0,0,1,1,"S_GEN3_WAIT",1,1,1,0,0,1,0,0
5165,1069,0,2,0,03,0,0,0,0,0,0,0,0,1,1,"S_GEN3_WAIT",1,1,1,0,0,1,0,0
5166,1070,0,2,0,03,0,0,0,0,0,0,0,0,1,1,"S_GEN3_WAIT",1,1,1,0,0,1,0,0
5167,1071,0,2,0,03,0,0,0,0,0,0,0,0,1,1,"S_GEN3_WAIT",1,1,1,0,0,1,0,0
5168,1072,0,2,0,03,0,0,0,0,0,0,0,0,1,1,"S_GEN3_WAIT",1,1,1,0,0,1,0,0
5169,1073,0,2,0,03,0,0,0,0,0,0,0,0,1,1,"S_GEN3_WAIT",1,1,1,0,0,1,0,0
5170,1074,0,2,0,03,0,0,0,0,0,0,0,0,1,1,"S_GEN3_WAIT",1,1,1,0,0,1,0,0
5171,1075,0,2,0,03,0,0,0,0,0,0,0,0,1,1,"S_GEN3_WAIT",1,1,1,0,0,1,0,0
5172,1076,0,2,0,03,0,0,0,0,0,0,0,0,1,1,"S_GEN3_WAIT",1,1,1,0,0,1,0,0
5173,1077,0,2,0,03,0,0,0,0,0,0,0,0,1,1,"S_GEN3_WAIT",1,1,1,0,0,1,0,0
5174,1078,0,2,0,03,0,0,0,0,0,0,0,0,1,1,"S_GEN3_WAIT",1,1,1,0,0,1,0,0
5175,1079,0,2,0,03,0,0,0,0,0,0,0,0,1,1,"S_GEN3_WAIT",1,1,1,0,0,1,0,0
5176,1080,0,2,0,03,0,0,0,0,0,0,0,0,1,1,"S_GEN3_WAIT",1,1,1,0,0,1,0,0
5177,1081,0,2,0,03,0,0,0,0,0,0,0,0,1,1,"S_GEN3_WAIT",1,1,1,0,0,1,0,0
5178,1082,0,2,0,03,0,0,0,0,0,0,0,0,1,1,"S_GEN3_WAIT",1,1,1,0,0,1,0,0
5179,1083,0,2,0,03,0,0,0,0,0,0,0,0,1,1,"S_GEN3_WAIT",1,1,1,0,0,1,0,0
5180,1084,0,2,0,03,0,0,0,0,0,0,0,0,1,1,"S_GEN3_WAIT",1,1,1,0,0,1,0,0
5181,1085,0,2,0,03,0,0,0,0,0,0,0,0,1,1,"S_GEN3_WAIT",1,1,1,0,0,1,0,0
5182,1086,0,2,0,03,0,0,0,0,0,0,0,0,1,1,"S_GEN3_WAIT",1,1,1,0,0,1,0,0
5183,1087,0,2,0,03,0,0,0,0,0,0,0,0,1,1,"S_GEN3_WAIT",1,1,1,0,0,1,0,0
5184,1088,0,2,0,03,0,0,0,0,0,0,0,0,1,1,"S_GEN3_WAIT",1,1,1,0,0,1,0,0
5185,1089,0,2,0,03,0,0,0,0,0,0,0,0,1,1,"S_GEN3_WAIT",1,1,1,0,0,1,0,0
5186,1090,0,2,0,03,0,0,0,0,0,0,0,0,1,1,"S_GEN3_WAIT",1,1,1,0,0,1,0,0
5187,1091,0,2,0,03,0,0,0,0,0,0,0,0,1,1,"S_GEN3_WAIT",1,1,1,0,0,1,0,0
5188,1092,0,2,0,03,0,0,0,0,0,0,0,0,1,1,"S_GEN3_WAIT",1,1,1,0,0,1,0,0
5189,1093,0,2,0,03,0,0,0,0,0,0,0,0,1,1,"S_GEN3_WAIT",1,1,1,0,0,1,0,0
5190,1094,0,2,0,03,0,0,0,0,0,0,0,0,1,1,"S_GEN3_WAIT",1,1,1,0,0,1,0,0
5191,1095,0,2,0,03,0,0,0,0,0,0,0,0,1,1,"S_GEN3_WAIT",1,1,1,0,0,1,0,0
5192,1096,0,2,0,03,0,0,0,0,0,0,0,0,1,1,"S_GEN3_WAIT",1,1,1,0,0,1,0,0
5193,1097,0,2,0,03,0,0,0,0,0,0,0,0,1,1,"S_GEN3_WAIT",1,1,1,0,0,1,0,0
5194,1098,0,2,0,03,0,0,0,0,0,0,0,0,1,1,"S_GEN3_WAIT",1,1,1,0,0,1,0,0
5195,1099,0,2,0,03,0,0,0,0,0,0,0,0,1,1,"S_GEN3_WAIT",1,1,1,0,0,1,0,0
5196,1100,0,2,0,03,0,0,0,0,0,0,0,0,1,1,"S_GEN3_WAIT",1,1,1,0,0,1,0,0
5197,1101,0,2,0,03,0,0,0,0,0,0,0,0,1,1,"S_GEN3_WAIT",1,1,1,0,0,1,0,0
5198,1102,0,2,0,03,0,0,0,0,0,0,0,0,1,1,"S_GEN3_WAIT",1,1,1,0,0,1,0,0
5199,1103,0,2,0,03,0,0,0,0,0,0,0,0,1,1,"S_GEN3_WAIT",1,1,1,0,0,1,0,0
5200,1104,0,2,0,03,0,0,0,0,0,0,0,0,1,1,"S_GEN3_WAIT",1,1,1,0,0,1,0,0
5201,1105,0,2,0,03,0,0,0,0,0,0,0,0,1,1,"S_GEN3_WAIT",1,1,1,0,0,1,0,0
5202,1106,0,2,0,03,0,0,0,0,0,0,0,0,1,1,"S_GEN3_WAIT",1,1,1,0,0,1,0,0
5203,1107,0,2,0,03,0,0,0,0,0,0,0,0,1,1,"S_GEN3_WAIT",1,1,1,0,0,1,0,0
5204,1108,0,2,0,03,0,0,0,0,0,0,0,0,1,1,"S_GEN3_WAIT",1,1,1,0,0,1,0,0
5205,1109,0,2,0,03,0,0,0,0,0,0,0,0,1,1,"S_GEN3_WAIT",1,1,1,0,0,1,0,0
5206,1110,0,2,0,03,0,0,0,0,0,0,0,0,1,1,"S_GEN3_WAIT",1,1,1,0,0,1,0,0
5207,1111,0,2,0,03,0,0,0,0,0,0,0,0,1,1,"S_GEN3_WAIT",1,1,1,0,0,1,0,0
5208,1112,0,2,0,03,0,0,0,0,0,0,0,0,1,1,"S_GEN3_WAIT",1,1,1,0,0,1,0,0
5209,1113,0,2,0,03,0,0,0,0,0,0,0,0,1,1,"S_GEN3_WAIT",1,1,1,0,0,1,0,0
5210,1114,0,2,0,03,0,0,0,0,0,0,0,0,1,1,"S_GEN3_WAIT",1,1,1,0,0,1,0,0
5211,1115,0,2,0,03,0,0,0,0,0,0,0,0,1,1,"S_GEN3_WAIT",1,1,1,0,0,1,0,0
5212,1116,0,2,0,03,0,0,0,0,0,0,0,0,1,1,"S_GEN3_WAIT",1,1,1,0,0,1,0,0
5213,1117,0,2,0,03,0,0,0,0,0,0,0,0,1,1,"S_GEN3_WAIT",1,1,1,0,0,1,0,0
5214,1118,0,2,0,03,0,0,0,0,0,0,0,0,1,1,"S_GEN3_WAIT",1,1,1,0,0,1,0,0
5215,1119,0,2,0,03,0,0,0,0,0,0,0,0,1,1,"S_GEN3_WAIT",1,1,1,0,0,1,0,0
5216,1120,0,2,0,03,0,0,0,0,0,0,0,0,1,1,"S_GEN3_WAIT",1,1,1,0,0,1,0,0
5217,1121,0,2,0,03,0,0,0,0,0,0,0,0,1,1,"S_GEN3_WAIT",1,1,1,0,0,1,0,0
5218,1122,0,2,0,03,0,0,0,0,0,0,0,0,1,1,"S_GEN3_WAIT",1,1,1,0,0,1,0,0
5219,1123,0,2,0,03,0,0,0,0,0,0,0,0,1,1,"S_GEN3_WAIT",1,1,1,0,0,1,0,0
5220,1124,0,2,0,03,0,0,0,0,0,0,0,0,1,1,"S_GEN3_WAIT",1,1,1,0,0,1,0,0
5221,1125,0,2,0,03,0,0,0,0,0,0,0,0,1,1,"S_GEN3_WAIT",1,1,1,0,0,1,0,0
5222,1126,0,2,0,03,0,0,0,0,0,0,0,0,1,1,"S_GEN3_WAIT",1,1,1,0,0,1,0,0
5223,1127,0,2,0,03,0,0,0,0,0,0,0,0,1,1,"S_GEN3_WAIT",1,1,1,0,0,1,0,0
5224,1128,0,2,0,03,0,0,0,0,0,0,0,0,1,1,"S_GEN3_WAIT",1,1,1,0,0,1,0,0
5225,1129,0,2,0,03,0,0,0,0,0,0,0,0,1,1,"S_GEN3_WAIT",1,1,1,0,0,1,0,0
5226,1130,0,2,0,03,0,0,0,0,0,0,0,0,1,1,"S_GEN3_WAIT",1,1,1,0,0,1,0,0
5227,1131,0,2,0,03,0,0,0,0,0,0,0,0,1,1,"S_GEN3_WAIT",1,1,1,0,0,1,0,0
5228,1132,0,2,0,03,0,0,0,0,0,0,0,0,1,1,"S_GEN3_WAIT",1,1,1,0,0,1,0,0
5229,1133,0,2,0,03,0,0,0,0,0,0,0,0,1,1,"S_GEN3_WAIT",1,1,1,0,0,1,0,0
5230,1134,0,2,0,03,0,0,0,0,0,0,0,0,1,1,"S_GEN3_WAIT",1,1,1,0,0,1,0,0
5231,1135,0,2,0,03,0,0,0,0,0,0,0,0,1,1,"S_GEN3_WAIT",1,1,1,0,0,1,0,0
5232,1136,0,2,0,03,0,0,0,0,0,0,0,0,1,1,"S_GEN3_WAIT",1,1,1,0,0,1,0,0
5233,1137,0,2,0,03,0,0,0,0,0,0,0,0,1,1,"S_GEN3_WAIT",1,1,1,0,0,1,0,0
5234,1138,0,2,0,03,0,0,0,0,0,0,0,0,1,1,"S_GEN3_WAIT",1,1,1,0,0,1,0,0
5235,1139,0,2,0,03,0,0,0,0,0,0,0,0,1,1,"S_GEN3_WAIT",1,1,1,0,0,1,0,0
5236,1140,0,2,0,03,0,0,0,0,0,0,0,0,1,1,"S_GEN3_WAIT",1,1,1,0,0,1,0,0
5237,1141,0,2,0,03,0,0,0,0,0,0,0,0,1,1,"S_GEN3_WAIT",1,1,1,0,0,1,0,0
5238,1142,0,2,0,03,0,0,0,0,0,0,0,0,1,1,"S_GEN3_WAIT",1,1,1,0,0,1,0,0
5239,1143,0,2,0,03,0,0,0,0,0,0,0,0,1,1,"S_GEN3_WAIT",1,1,1,0,0,1,0,0
5240,1144,0,2,0,03,0,0,0,0,0,0,0,0,1,1,"S_GEN3_WAIT",1,1,1,0,0,1,0,0
5241,1145,0,2,0,03,0,0,0,0,0,0,0,0,1,1,"S_GEN3_WAIT",1,1,1,0,0,1,0,0
5242,1146,0,2,0,03,0,0,0,0,0,0,0,0,1,1,"S_GEN3_WAIT",1,1,1,0,0,1,0,0
5243,1147,0,2,0,03,0,0,0,0,0,0,0,0,1,1,"S_GEN3_WAIT",1,1,1,0,0,1,0,0
5244,1148,0,2,0,03,0,0,0,0,0,0,0,0,1,1,"S_GEN3_WAIT",1,1,1,0,0,1,0,0
5245,1149,0,2,0,03,0,0,0,0,0,0,0,0,1,1,"S_GEN3_WAIT",1,1,1,0,0,1,0,0
5246,1150,0,2,0,03,0,0,0,0,0,0,0,0,1,1,"S_GEN3_WAIT",1,1,1,0,0,1,0,0
5247,1151,0,2,0,03,0,0,0,0,0,0,0,0,1,1,"S_GEN3_WAIT",1,1,1,0,0,1,0,0
5248,1152,0,2,0,03,0,0,0,0,0,0,0,0,1,1,"S_GEN3_WAIT",1,1,1,0,0,1,0,0
5249,1153,0,2,0,03,0,0,0,0,0,0,0,0,1,1,"S_GEN3_WAIT",1,1,1,0,0,1,0,0
5250,1154,0,2,0,03,0,0,0,0,0,0,0,0,1,1,"S_GEN3_WAIT",1,1,1,0,0,1,0,0
5251,1155,0,2,0,03,0,0,0,0,0,0,0,0,1,1,"S_GEN3_WAIT",1,1,1,0,0,1,0,0
5252,1156,0,2,0,03,0,0,0,0,0,0,0,0,1,1,"S_GEN3_WAIT",1,1,1,0,0,1,0,0
5253,1157,0,2,0,03,0,0,0,0,0,0,0,0,1,1,"S_GEN3_WAIT",1,1,1,0,0,1,0,0
5254,1158,0,2,0,03,0,0,0,0,0,0,0,0,1,1,"S_GEN3_WAIT",1,1,1,0,0,1,0,0
5255,1159,0,2,0,03,0,0,0,0,0,0,0,0,1,1,"S_GEN3_WAIT",1,1,1,0,0,1,0,0
5256,1160,0,2,0,03,0,0,0,0,0,0,0,0,1,1,"S_GEN3_WAIT",1,1,1,0,0,1,0,0
5257,1161,0,2,0,03,0,0,0,0,0,0,0,0,1,1,"S_GEN3_WAIT",1,1,1,0,0,1,0,0
5258,1162,0,2,0,03,0,0,0,0,0,0,0,0,1,1,"S_GEN3_WAIT",1,1,1,0,0,1,0,0
5259,1163,0,2,0,03,0,0,0,0,0,0,0,0,1,1,"S_GEN3_WAIT",1,1,1,0,0,1,0,0
5260,1164,0,2,0,03,0,0,0,0,0,0,0,0,1,1,"S_GEN3_WAIT",1,1,1,0,0,1,0,0
5261,1165,0,2,0,03,0,0,0,0,0,0,0,0,1,1,"S_GEN3_WAIT",1,1,1,0,0,1,0,0
5262,1166,0,2,0,03,0,0,0,0,0,0,0,0,1,1,"S_GEN3_WAIT",1,1,1,0,0,1,0,0
5263,1167,0,2,0,03,0,0,0,0,0,0,0,0,1,1,"S_GEN3_WAIT",1,1,1,0,0,1,0,0
5264,1168,0,2,0,03,0,0,0,0,0,0,0,0,1,1,"S_GEN3_WAIT",1,1,1,0,0,1,0,0
5265,1169,0,2,0,03,0,0,0,0,0,0,0,0,1,1,"S_GEN3_WAIT",1,1,1,0,0,1,0,0
5266,1170,0,2,0,03,0,0,0,0,0,0,0,0,1,1,"S_GEN3_WAIT",1,1,1,0,0,1,0,0
5267,1171,0,2,0,03,0,0,0,0,0,0,0,0,1,1,"S_GEN3_WAIT",1,1,1,0,0,1,0,0
5268,1172,0,2,0,03,0,0,0,0,0,0,0,0,1,1,"S_GEN3_WAIT",1,1,1,0,0,1,0,0
5269,1173,0,2,0,03,0,0,0,0,0,0,0,0,1,1,"S_GEN3_WAIT",1,1,1,0,0,1,0,0
5270,1174,0,2,0,03,0,0,0,0,0,0,0,0,1,1,"S_GEN3_WAIT",1,1,1,0,0,1,0,0
5271,1175,0,2,0,03,0,0,0,0,0,0,0,0,1,1,"S_GEN3_WAIT",1,1,1,0,0,1,0,0
5272,1176,0,2,0,03,0,0,0,0,0,0,0,0,1,1,"S_GEN3_WAIT",1,1,1,0,0,1,0,0
5273,1177,0,2,0,03,0,0,0,0,0,0,0,0,1,1,"S_GEN3_WAIT",1,1,1,0,0,1,0,0
5274,1178,0,2,0,03,0,0,0,0,0,0,0,0,1,1,"S_GEN3_WAIT",1,1,1,0,0,1,0,0
5275,1179,0,2,0,03,0,0,0,0,0,0,0,0,1,1,"S_GEN3_WAIT",1,1,1,0,0,1,0,0
5276,1180,0,2,0,03,0,0,0,0,0,0,0,0,1,1,"S_GEN3_WAIT",1,1,1,0,0,1,0,0
5277,1181,0,2,0,03,0,0,0,0,0,0,0,0,1,1,"S_GEN3_WAIT",1,1,1,0,0,1,0,0
5278,1182,0,2,0,03,0,0,0,0,0,0,0,0,1,1,"S_GEN3_WAIT",1,1,1,0,0,1,0,0
5279,1183,0,2,0,03,0,0,0,0,0,0,0,0,1,1,"S_GEN3_WAIT",1,1,1,0,0,1,0,0
5280,1184,0,2,0,03,0,0,0,0,0,0,0,0,1,1,"S_GEN3_WAIT",1,1,1,0,0,1,0,0
5281,1185,0,2,0,03,0,0,0,0,0,0,0,0,1,1,"S_GEN3_WAIT",1,1,1,0,0,1,0,0
5282,1186,0,2,0,03,0,0,0,0,0,0,0,0,1,1,"S_GEN3_WAIT",1,1,1,0,0,1,0,0
5283,1187,0,2,0,03,0,0,0,0,0,0,0,0,1,1,"S_GEN3_WAIT",1,1,1,0,0,1,0,0
5284,1188,0,2,0,03,0,0,0,0,0,0,0,0,1,1,"S_GEN3_WAIT",1,1,1,0,0,1,0,0
5285,1189,0,2,0,03,0,0,0,0,0,0,0,0,1,1,"S_GEN3_WAIT",1,1,1,0,0,1,0,0
5286,1190,0,2,0,03,0,0,0,0,0,0,0,0,1,1,"S_GEN3_WAIT",1,1,1,0,0,1,0,0
5287,1191,0,2,0,03,0,0,0,0,0,0,0,0,1,1,"S_GEN3_WAIT",1,1,1,0,0,1,0,0
5288,1192,0,2,0,03,0,0,0,0,0,0,0,0,1,1,"S_GEN3_WAIT",1,1,1,0,0,1,0,0
5289,1193,0,2,0,03,0,0,0,0,0,0,0,0,1,1,"S_GEN3_WAIT",1,1,1,0,0,1,0,0
5290,1194,0,2,0,03,0,0,0,0,0,0,0,0,1,1,"S_GEN3_WAIT",1,1,1,0,0,1,0,0
5291,1195,0,2,0,03,0,0,0,0,0,0,0,0,1,1,"S_GEN3_WAIT",1,1,1,0,0,1,0,0
5292,1196,0,2,0,03,0,0,0,0,0,0,0,0,1,1,"S_GEN3_WAIT",1,1,1,0,0,1,0,0
5293,1197,0,2,0,03,0,0,0,0,0,0,0,0,1,1,"S_GEN3_WAIT",1,1,1,0,0,1,0,0
5294,1198,0,2,0,03,0,0,0,0,0,0,0,0,1,1,"S_GEN3_WAIT",1,1,1,0,0,1,0,0
5295,1199,0,2,0,03,0,0,0,0,0,0,0,0,1,1,"S_GEN3_WAIT",1,1,1,0,0,1,0,0
5296,1200,0,2,0,03,0,0,0,0,0,0,0,0,1,1,"S_GEN3_WAIT",1,1,1,0,0,1,0,0
5297,1201,0,2,0,03,0,0,0,0,0,0,0,0,1,1,"S_GEN3_WAIT",1,1,1,0,0,1,0,0
5298,1202,0,2,0,03,0,0,0,0,0,0,0,0,1,1,"S_GEN3_WAIT",1,1,1,0,0,1,0,0
5299,1203,0,2,0,03,0,0,0,0,0,0,0,0,1,1,"S_GEN3_WAIT",1,1,1,0,0,1,0,0
5300,1204,0,2,0,03,0,0,0,0,0,0,0,0,1,1,"S_GEN3_WAIT",1,1,1,0,0,1,0,0
5301,1205,0,2,0,03,0,0,0,0,0,0,0,0,1,1,"S_GEN3_WAIT",1,1,1,0,0,1,0,0
5302,1206,0,2,0,03,0,0,0,0,0,0,0,0,1,1,"S_GEN3_WAIT",1,1,1,0,0,1,0,0
5303,1207,0,2,0,03,0,0,0,0,0,0,0,0,1,1,"S_GEN3_WAIT",1,1,1,0,0,1,0,0
5304,1208,0,2,0,03,0,0,0,0,0,0,0,0,1,1,"S_GEN3_WAIT",1,1,1,0,0,1,0,0
5305,1209,0,2,0,03,0,0,0,0,0,0,0,0,1,1,"S_GEN3_WAIT",1,1,1,0,0,1,0,0
5306,1210,0,2,0,03,0,0,0,0,0,0,0,0,1,1,"S_GEN3_WAIT",1,1,1,0,0,1,0,0
5307,1211,0,2,0,03,0,0,0,0,0,0,0,0,1,1,"S_GEN3_WAIT",1,1,1,0,0,1,0,0
5308,1212,0,2,0,03,0,0,0,0,0,0,0,0,1,1,"S_GEN3_WAIT",1,1,1,0,0,1,0,0
5309,1213,0,2,0,03,0,0,0,0,0,0,0,0,1,1,"S_GEN3_WAIT",1,1,1,0,0,1,0,0
5310,1214,0,2,0,03,0,0,0,0,0,0,0,0,1,1,"S_GEN3_WAIT",1,1,1,0,0,1,0,0
5311,1215,0,2,0,03,0,0,0,0,0,0,0,0,1,1,"S_GEN3_WAIT",1,1,1,0,0,1,0,0
5312,1216,0,2,0,03,0,0,0,0,0,0,0,0,1,1,"S_GEN3_WAIT",1,1,1,0,0,1,0,0
5313,1217,0,2,0,03,0,0,0,0,0,0,0,0,1,1,"S_GEN3_WAIT",1,1,1,0,0,1,0,0
5314,1218,0,2,0,03,0,0,0,0,0,0,0,0,1,1,"S_GEN3_WAIT",1,1,1,0,0,1,0,0
5315,1219,0,2,0,03,0,0,0,0,0,0,0,0,1,1,"S_GEN3_WAIT",1,1,1,0,0,1,0,0
5316,1220,0,2,0,03,0,0,0,0,0,0,0,0,1,1,"S_GEN3_WAIT",1,1,1,0,0,1,0,0
5317,1221,0,2,0,03,0,0,0,0,0,0,0,0,1,1,"S_GEN3_WAIT",1,1,1,0,0,1,0,0
5318,1222,0,2,0,03,0,0,0,0,0,0,0,0,1,1,"S_GEN3_WAIT",1,1,1,0,0,1,0,0
5319,1223,0,2,0,03,0,0,0,0,0,0,0,0,1,1,"S_GEN3_WAIT",1,1,1,0,0,1,0,0
5320,1224,0,2,0,03,0,0,0,0,0,0,0,0,1,1,"S_GEN3_WAIT",1,1,1,0,0,1,0,0
5321,1225,0,2,0,03,0,0,0,0,0,0,0,0,1,1,"S_GEN3_WAIT",1,1,1,0,0,1,0,0
5322,1226,0,2,0,03,0,0,0,0,0,0,0,0,1,1,"S_GEN3_WAIT",1,1,1,0,0,1,0,0
5323,1227,0,2,0,03,0,0,0,0,0,0,0,0,1,1,"S_GEN3_WAIT",1,1,1,0,0,1,0,0
5324,1228,0,2,0,03,0,0,0,0,0,0,0,0,1,1,"S_GEN3_WAIT",1,1,1,0,0,1,0,0
5325,1229,0,2,0,03,0,0,0,0,0,0,0,0,1,1,"S_GEN3_WAIT",1,1,1,0,0,1,0,0
5326,1230,0,2,0,03,0,0,0,0,0,0,0,0,1,1,"S_GEN3_WAIT",1,1,1,0,0,1,0,0
5327,1231,0,2,0,03,0,0,0,0,0,0,0,0,1,1,"S_GEN3_WAIT",1,1,1,0,0,1,0,0
5328,1232,0,2,0,03,0,0,0,0,0,0,0,0,1,1,"S_GEN3_WAIT",1,1,1,0,0,1,0,0
5329,1233,0,2,0,03,0,0,0,0,0,0,0,0,1,1,"S_GEN3_WAIT",1,1,1,0,0,1,0,0
5330,1234,0,2,0,03,0,0,0,0,0,0,0,0,1,1,"S_GEN3_WAIT",1,1,1,0,0,1,0,0
5331,1235,0,2,0,03,0,0,0,0,0,0,0,0,1,1,"S_GEN3_WAIT",1,1,1,0,0,1,0,0
5332,1236,0,2,0,03,0,0,0,0,0,0,0,0,1,1,"S_GEN3_WAIT",1,1,1,0,0,1,0,0
5333,1237,0,2,0,03,0,0,0,0,0,0,0,0,1,1,"S_GEN3_WAIT",1,1,1,0,0,1,0,0
5334,1238,0,2,0,03,0,0,0,0,0,0,0,0,1,1,"S_GEN3_WAIT",1,1,1,0,0,1,0,0
5335,1239,0,2,0,03,0,0,0,0,0,0,0,0,1,1,"S_GEN3_WAIT",1,1,1,0,0,1,0,0
5336,1240,0,2,0,03,0,0,0,0,0,0,0,0,1,1,"S_GEN3_WAIT",1,1,1,0,0,1,0,0
5337,1241,0,2,0,03,0,0,0,0,0,0,0,0,1,1,"S_GEN3_WAIT",1,1,1,0,0,1,0,0
5338,1242,0,2,0,03,0,0,0,0,0,0,0,0,1,1,"S_GEN3_WAIT",1,1,1,0,0,1,0,0
5339,1243,0,2,0,03,0,0,0,0,0,0,0,0,1,1,"S_GEN3_WAIT",1,1,1,0,0,1,0,0
5340,1244,0,2,0,03,0,0,0,0,0,0,0,0,1,1,"S_GEN3_WAIT",1,1,1,0,0,1,0,0
5341,1245,0,2,0,03,0,0,0,0,0,0,0,0,1,1,"S_GEN3_WAIT",1,1,1,0,0,1,0,0
5342,1246,0,2,0,03,0,0,0,0,0,0,0,0,1,1,"S_GEN3_WAIT",1,1,1,0,0,1,0,0
5343,1247,0,2,0,03,0,0,0,0,0,0,0,0,1,1,"S_GEN3_WAIT",1,1,1,0,0,1,0,0
5344,1248,0,2,0,03,0,0,0,0,0,0,0,0,1,1,"S_GEN3_WAIT",1,1,1,0,0,1,0,0
5345,1249,0,2,0,03,0,0,0,0,0,0,0,0,1,1,"S_GEN3_WAIT",1,1,1,0,0,1,0,0
5346,1250,0,2,0,03,0,0,0,0,0,0,0,0,1,1,"S_GEN3_WAIT",1,1,1,0,0,1,0,0
5347,1251,0,2,0,03,0,0,0,0,0,0,0,0,1,1,"S_GEN3_WAIT",1,1,1,0,0,1,0,0
5348,1252,0,2,0,03,0,0,0,0,0,0,0,0,1,1,"S_GEN3_WAIT",1,1,1,0,0,1,0,0
5349,1253,0,2,0,03,0,0,0,0,0,0,0,0,1,1,"S_GEN3_WAIT",1,1,1,0,0,1,0,0
5350,1254,0,2,0,03,0,0,0,0,0,0,0,0,1,1,"S_GEN3_WAIT",1,1,1,0,0,1,0,0
5351,1255,0,2,0,03,0,0,0,0,0,0,0,0,1,1,"S_GEN3_WAIT",1,1,1,0,0,1,0,0
5352,1256,0,2,0,03,0,0,0,0,0,0,0,0,1,1,"S_GEN3_WAIT",1,1,1,0,0,1,0,0
5353,1257,0,2,0,03,0,0,0,0,0,0,0,0,1,1,"S_GEN3_WAIT",1,1,1,0,0,1,0,0
5354,1258,0,2,0,03,0,0,0,0,0,0,0,0,1,1,"S_GEN3_WAIT",1,1,1,0,0,1,0,0
5355,1259,0,2,0,03,0,0,0,0,0,0,0,0,1,1,"S_GEN3_WAIT",1,1,1,0,0,1,0,0
5356,1260,0,2,0,03,0,0,0,0,0,0,0,0,1,1,"S_GEN3_WAIT",1,1,1,0,0,1,0,0
5357,1261,0,2,0,03,0,0,0,0,0,0,0,0,1,1,"S_GEN3_WAIT",1,1,1,0,0,1,0,0
5358,1262,0,2,0,03,0,0,0,0,0,0,0,0,1,1,"S_GEN3_WAIT",1,1,1,0,0,1,0,0
5359,1263,0,2,0,03,0,0,0,0,0,0,0,0,1,1,"S_GEN3_WAIT",1,1,1,0,0,1,0,0
5360,1264,0,2,0,03,0,0,0,0,0,0,0,0,1,1,"S_GEN3_WAIT",1,1,1,0,0,1,0,0
5361,1265,0,2,0,03,0,0,0,0,0,0,0,0,1,1,"S_GEN3_WAIT",1,1,1,0,0,1,0,0
5362,1266,0,2,0,03,0,0,0,0,0,0,0,0,1,1,"S_GEN3_WAIT",1,1,1,0,0,1,0,0
5363,1267,0,2,0,03,0,0,0,0,0,0,0,0,1,1,"S_GEN3_WAIT",1,1,1,0,0,1,0,0
5364,1268,0,2,0,03,0,0,0,0,0,0,0,0,1,1,"S_GEN3_WAIT",1,1,1,0,0,1,0,0
5365,1269,0,2,0,03,0,0,0,0,0,0,0,0,1,1,"S_GEN3_WAIT",1,1,1,0,0,1,0,0
5366,1270,0,2,0,03,0,0,0,0,0,0,0,0,1,1,"S_GEN3_WAIT",1,1,1,0,0,1,0,0
5367,1271,0,2,0,03,0,0,0,0,0,0,0,0,1,1,"S_GEN3_WAIT",1,1,1,0,0,1,0,0
5368,1272,0,2,0,03,0,0,0,0,0,0,0,0,1,1,"S_GEN3_WAIT",1,1,1,0,0,1,0,0
5369,1273,0,2,0,03,0,0,0,0,0,0,0,0,1,1,"S_GEN3_WAIT",1,1,1,0,0,1,0,0
5370,1274,0,2,0,03,0,0,0,0,0,0,0,0,1,1,"S_GEN3_WAIT",1,1,1,0,0,1,0,0
5371,1275,0,2,0,03,0,0,0,0,0,0,0,0,1,1,"S_GEN3_WAIT",1,1,1,0,0,1,0,0
5372,1276,0,2,0,03,0,0,0,0,0,0,0,0,1,1,"S_GEN3_WAIT",1,1,1,0,0,1,0,0
5373,1277,0,2,0,03,0,0,0,0,0,0,0,0,1,1,"S_GEN3_WAIT",1,1,1,0,0,1,0,0
5374,1278,0,2,0,03,0,0,0,0,0,0,0,0,1,1,"S_GEN3_WAIT",1,1,1,0,0,1,0,0
5375,1279,0,2,0,03,0,0,0,0,0,0,0,0,1,1,"S_GEN3_WAIT",1,1,1,0,0,1,0,0
5376,1280,0,2,0,03,0,0,0,0,0,0,0,0,1,1,"S_GEN3_WAIT",1,1,1,0,0,1,0,0
5377,1281,0,2,0,03,0,0,0,0,0,0,0,0,1,1,"S_GEN3_WAIT",1,1,1,0,0,1,0,0
5378,1282,0,2,0,03,0,0,0,0,0,0,0,0,1,1,"S_GEN3_WAIT",1,1,1,0,0,1,0,0
5379,1283,0,2,0,03,0,0,0,0,0,0,0,0,1,1,"S_GEN3_WAIT",1,1,1,0,0,1,0,0
5380,1284,0,2,0,03,0,0,0,0,0,0,0,0,1,1,"S_GEN3_WAIT",1,1,1,0,0,1,0,0
5381,1285,0,2,0,03,0,0,0,0,0,0,0,0,1,1,"S_GEN3_WAIT",1,1,1,0,0,1,0,0
5382,1286,0,2,0,03,0,0,0,0,0,0,0,0,1,1,"S_GEN3_WAIT",1,1,1,0,0,1,0,0
5383,1287,0,2,0,03,0,0,0,0,0,0,0,0,1,1,"S_GEN3_WAIT",1,1,1,0,0,1,0,0
5384,1288,0,2,0,03,0,0,0,0,0,0,0,0,1,1,"S_GEN3_WAIT",1,1,1,0,0,1,0,0
5385,1289,0,2,0,03,0,0,0,0,0,0,0,0,1,1,"S_GEN3_WAIT",1,1,1,0,0,1,0,0
5386,1290,0,2,0,03,0,0,0,0,0,0,0,0,1,1,"S_GEN3_WAIT",1,1,1,0,0,1,0,0
5387,1291,0,2,0,03,0,0,0,0,0,0,0,0,1,1,"S_GEN3_WAIT",1,1,1,0,0,1,0,0
5388,1292,0,2,0,03,0,0,0,0,0,0,0,0,1,1,"S_GEN3_WAIT",1,1,1,0,0,1,0,0
5389,1293,0,2,0,03,0,0,0,0,0,0,0,0,1,1,"S_GEN3_WAIT",1,1,1,0,0,1,0,0
5390,1294,0,2,0,03,0,0,0,0,0,0,0,0,1,1,"S_GEN3_WAIT",1,1,1,0,0,1,0,0
5391,1295,0,2,0,03,0,0,0,0,0,0,0,0,1,1,"S_GEN3_WAIT",1,1,1,0,0,1,0,0
5392,1296,0,2,0,03,0,0,0,0,0,0,0,0,1,1,"S_GEN3_WAIT",1,1,1,0,0,1,0,0
5393,1297,0,2,0,03,0,0,0,0,0,0,0,0,1,1,"S_GEN3_WAIT",1,1,1,0,0,1,0,0
5394,1298,0,2,0,03,0,0,0,0,0,0,0,0,1,1,"S_GEN3_WAIT",1,1,1,0,0,1,0,0
5395,1299,0,2,0,03,0,0,0,0,0,0,0,0,1,1,"S_GEN3_WAIT",1,1,1,0,0,1,0,0
5396,1300,0,2,0,03,0,0,0,0,0,0,0,0,1,1,"S_GEN3_WAIT",1,1,1,0,0,1,0,0
5397,1301,0,2,0,03,0,0,0,0,0,0,0,0,1,1,"S_GEN3_WAIT",1,1,1,0,0,1,0,0
5398,1302,0,2,0,03,0,0,0,0,0,0,0,0,1,1,"S_GEN3_WAIT",1,1,1,0,0,1,0,0
5399,1303,0,2,0,03,0,0,0,0,0,0,0,0,1,1,"S_GEN3_WAIT",1,1,1,0,0,1,0,0
5400,1304,0,2,0,03,0,0,0,0,0,0,0,0,1,1,"S_GEN3_WAIT",1,1,1,0,0,1,0,0
5401,1305,0,2,0,03,0,0,0,0,0,0,0,0,1,1,"S_GEN3_WAIT",1,1,1,0,0,1,0,0
5402,1306,0,2,0,03,0,0,0,0,0,0,0,0,1,1,"S_GEN3_WAIT",1,1,1,0,0,1,0,0
5403,1307,0,2,0,03,0,0,0,0,0,0,0,0,1,1,"S_GEN3_WAIT",1,1,1,0,0,1,0,0
5404,1308,0,2,0,03,0,0,0,0,0,0,0,0,1,1,"S_GEN3_WAIT",1,1,1,0,0,1,0,0
5405,1309,0,2,0,03,0,0,0,0,0,0,0,0,1,1,"S_GEN3_WAIT",1,1,1,0,0,1,0,0
5406,1310,0,2,0,03,0,0,0,0,0,0,0,0,1,1,"S_GEN3_WAIT",1,1,1,0,0,1,0,0
5407,1311,0,2,0,03,0,0,0,0,0,0,0,0,1,1,"S_GEN3_WAIT",1,1,1,0,0,1,0,0
5408,1312,0,2,0,03,0,0,0,0,0,0,0,0,1,1,"S_GEN3_WAIT",1,1,1,0,0,1,0,0
5409,1313,0,2,0,03,0,0,0,0,0,0,0,0,1,1,"S_GEN3_WAIT",1,1,1,0,0,1,0,0
5410,1314,0,2,0,03,0,0,0,0,0,0,0,0,1,1,"S_GEN3_WAIT",1,1,1,0,0,1,0,0
5411,1315,0,2,0,03,0,0,0,0,0,0,0,0,1,1,"S_GEN3_WAIT",1,1,1,0,0,1,0,0
5412,1316,0,2,0,03,0,0,0,0,0,0,0,0,1,1,"S_GEN3_WAIT",1,1,1,0,0,1,0,0
5413,1317,0,2,0,03,0,0,0,0,0,0,0,0,1,1,"S_GEN3_WAIT",1,1,1,0,0,1,0,0
5414,1318,0,2,0,03,0,0,0,0,0,0,0,0,1,1,"S_GEN3_WAIT",1,1,1,0,0,1,0,0
5415,1319,0,2,0,03,0,0,0,0,0,0,0,0,1,1,"S_GEN3_WAIT",1,1,1,0,0,1,0,0
5416,1320,0,2,0,03,0,0,0,0,0,0,0,0,1,1,"S_GEN3_WAIT",1,1,1,0,0,1,0,0
5417,1321,0,2,0,03,0,0,0,0,0,0,0,0,1,1,"S_GEN3_WAIT",1,1,1,0,0,1,0,0
5418,1322,0,2,0,03,0,0,0,0,0,0,0,0,1,1,"S_GEN3_WAIT",1,1,1,0,0,1,0,0
5419,1323,0,2,0,03,0,0,0,0,0,0,0,0,1,1,"S_GEN3_WAIT",1,1,1,0,0,1,0,0
5420,1324,0,2,0,03,0,0,0,0,0,0,0,0,1,1,"S_GEN3_WAIT",1,1,1,0,0,1,0,0
5421,1325,0,2,0,03,0,0,0,0,0,0,0,0,1,1,"S_GEN3_WAIT",1,1,1,0,0,1,0,0
5422,1326,0,2,0,03,0,0,0,0,0,0,0,0,1,1,"S_GEN3_WAIT",1,1,1,0,0,1,0,0
5423,1327,0,2,0,03,0,0,0,0,0,0,0,0,1,1,"S_GEN3_WAIT",1,1,1,0,0,1,0,0
5424,1328,0,2,0,03,0,0,0,0,0,0,0,0,1,1,"S_GEN3_WAIT",1,1,1,0,0,1,0,0
5425,1329,0,2,0,03,0,0,0,0,0,0,0,0,1,1,"S_GEN3_WAIT",1,1,1,0,0,1,0,0
5426,1330,0,2,0,03,0,0,0,0,0,0,0,0,1,1,"S_GEN3_WAIT",1,1,1,0,0,1,0,0
5427,1331,0,2,0,03,0,0,0,0,0,0,0,0,1,1,"S_GEN3_WAIT",1,1,1,0,0,1,0,0
5428,1332,0,2,0,03,0,0,0,0,0,0,0,0,1,1,"S_GEN3_WAIT",1,1,1,0,0,1,0,0
5429,1333,0,2,0,03,0,0,0,0,0,0,0,0,1,1,"S_GEN3_WAIT",1,1,1,0,0,1,0,0
5430,1334,0,2,0,03,0,0,0,0,0,0,0,0,1,1,"S_GEN3_WAIT",1,1,1,0,0,1,0,0
5431,1335,0,2,0,03,0,0,0,0,0,0,0,0,1,1,"S_GEN3_WAIT",1,1,1,0,0,1,0,0
5432,1336,0,2,0,03,0,0,0,0,0,0,0,0,1,1,"S_GEN3_WAIT",1,1,1,0,0,1,0,0
5433,1337,0,2,0,03,0,0,0,0,0,0,0,0,1,1,"S_GEN3_WAIT",1,1,1,0,0,1,0,0
5434,1338,0,2,0,03,0,0,0,0,0,0,0,0,1,1,"S_GEN3_WAIT",1,1,1,0,0,1,0,0
5435,1339,0,2,0,03,0,0,0,0,0,0,0,0,1,1,"S_GEN3_WAIT",1,1,1,0,0,1,0,0
5436,1340,0,2,0,03,0,0,0,0,0,0,0,0,1,1,"S_GEN3_WAIT",1,1,1,0,0,1,0,0
5437,1341,0,2,0,03,0,0,0,0,0,0,0,0,1,1,"S_GEN3_WAIT",1,1,1,0,0,1,0,0
5438,1342,0,2,0,03,0,0,0,0,0,0,0,0,1,1,"S_GEN3_WAIT",1,1,1,0,0,1,0,0
5439,1343,0,2,0,03,0,0,0,0,0,0,0,0,1,1,"S_GEN3_WAIT",1,1,1,0,0,1,0,0
5440,1344,0,2,0,03,0,0,0,0,0,0,0,0,1,1,"S_GEN3_WAIT",1,1,1,0,0,1,0,0
5441,1345,0,2,0,03,0,0,0,0,0,0,0,0,1,1,"S_GEN3_WAIT",1,1,1,0,0,1,0,0
5442,1346,0,2,0,03,0,0,0,0,0,0,0,0,1,1,"S_GEN3_WAIT",1,1,1,0,0,1,0,0
5443,1347,0,2,0,03,0,0,0,0,0,0,0,0,1,1,"S_GEN3_WAIT",1,1,1,0,0,1,0,0
5444,1348,0,2,0,03,0,0,0,0,0,0,0,0,1,1,"S_GEN3_WAIT",1,1,1,0,0,1,0,0
5445,1349,0,2,0,03,0,0,0,0,0,0,0,0,1,1,"S_GEN3_WAIT",1,1,1,0,0,1,0,0
5446,1350,0,2,0,03,0,0,0,0,0,0,0,0,1,1,"S_GEN3_WAIT",1,1,1,0,0,1,0,0
5447,1351,0,2,0,03,0,0,0,0,0,0,0,0,1,1,"S_GEN3_WAIT",1,1,1,0,0,1,0,0
5448,1352,0,2,0,03,0,0,0,0,0,0,0,0,1,1,"S_GEN3_WAIT",1,1,1,0,0,1,0,0
5449,1353,0,2,0,03,0,0,0,0,0,0,0,0,1,1,"S_GEN3_WAIT",1,1,1,0,0,1,0,0
5450,1354,0,2,0,03,0,0,0,0,0,0,0,0,1,1,"S_GEN3_WAIT",1,1,1,0,0,1,0,0
5451,1355,0,2,0,03,0,0,0,0,0,0,0,0,1,1,"S_GEN3_WAIT",1,1,1,0,0,1,0,0
5452,1356,0,2,0,03,0,0,0,0,0,0,0,0,1,1,"S_GEN3_WAIT",1,1,1,0,0,1,0,0
5453,1357,0,2,0,03,0,0,0,0,0,0,0,0,1,1,"S_GEN3_WAIT",1,1,1,0,0,1,0,0
5454,1358,0,2,0,03,0,0,0,0,0,0,0,0,1,1,"S_GEN3_WAIT",1,1,1,0,0,1,0,0
5455,1359,0,2,0,03,0,0,0,0,0,0,0,0,1,1,"S_GEN3_WAIT",1,1,1,0,0,1,0,0
5456,1360,0,2,0,03,0,0,0,0,0,0,0,0,1,1,"S_GEN3_WAIT",1,1,1,0,0,1,0,0
5457,1361,0,2,0,03,0,0,0,0,0,0,0,0,1,1,"S_GEN3_WAIT",1,1,1,0,0,1,0,0
5458,1362,0,2,0,03,0,0,0,0,0,0,0,0,1,1,"S_GEN3_WAIT",1,1,1,0,0,1,0,0
5459,1363,0,2,0,03,0,0,0,0,0,0,0,0,1,1,"S_GEN3_WAIT",1,1,1,0,0,1,0,0
5460,1364,0,2,0,03,0,0,0,0,0,0,0,0,1,1,"S_GEN3_WAIT",1,1,1,0,0,1,0,0
5461,1365,0,2,0,03,0,0,0,0,0,0,0,0,1,1,"S_GEN3_WAIT",1,1,1,0,0,1,0,0
5462,1366,0,2,0,03,0,0,0,0,0,0,0,0,1,1,"S_GEN3_WAIT",1,1,1,0,0,1,0,0
5463,1367,0,2,0,03,0,0,0,0,0,0,0,0,1,1,"S_GEN3_WAIT",1,1,1,0,0,1,0,0
5464,1368,0,2,0,03,0,0,0,0,0,0,0,0,1,1,"S_GEN3_WAIT",1,1,1,0,0,1,0,0
5465,1369,0,2,0,03,0,0,0,0,0,0,0,0,1,1,"S_GEN3_WAIT",1,1,1,0,0,1,0,0
5466,1370,0,2,0,03,0,0,0,0,0,0,0,0,1,1,"S_GEN3_WAIT",1,1,1,0,0,1,0,0
5467,1371,0,2,0,03,0,0,0,0,0,0,0,0,1,1,"S_GEN3_WAIT",1,1,1,0,0,1,0,0
5468,1372,0,2,0,03,0,0,0,0,0,0,0,0,1,1,"S_GEN3_WAIT",1,1,1,0,0,1,0,0
5469,1373,0,2,0,03,0,0,0,0,0,0,0,0,1,1,"S_GEN3_WAIT",1,1,1,0,0,1,0,0
5470,1374,0,2,0,03,0,0,0,0,0,0,0,0,1,1,"S_GEN3_WAIT",1,1,1,0,0,1,0,0
5471,1375,0,2,0,03,0,0,0,0,0,0,0,0,1,1,"S_GEN3_WAIT",1,1,1,0,0,1,0,0
5472,1376,0,2,0,03,0,0,0,0,0,0,0,0,1,1,"S_GEN3_WAIT",1,1,1,0,0,1,0,0
5473,1377,0,2,0,03,0,0,0,0,0,0,0,0,1,1,"S_GEN3_WAIT",1,1,1,0,0,1,0,0
5474,1378,0,2,0,03,0,0,0,0,0,0,0,0,1,1,"S_GEN3_WAIT",1,1,1,0,0,1,0,0
5475,1379,0,2,0,03,0,0,0,0,0,0,0,0,1,1,"S_GEN3_WAIT",1,1,1,0,0,1,0,0
5476,1380,0,2,0,03,0,0,0,0,0,0,0,0,1,1,"S_GEN3_WAIT",1,1,1,0,0,1,0,0
5477,1381,0,2,0,03,0,0,0,0,0,0,0,0,1,1,"S_GEN3_WAIT",1,1,1,0,0,1,0,0
5478,1382,0,2,0,03,0,0,0,0,0,0,0,0,1,1,"S_GEN3_WAIT",1,1,1,0,0,1,0,0
5479,1383,0,2,0,03,0,0,0,0,0,0,0,0,1,1,"S_GEN3_WAIT",1,1,1,0,0,1,0,0
5480,1384,0,2,0,03,0,0,0,0,0,0,0,0,1,1,"S_GEN3_WAIT",1,1,1,0,0,1,0,0
5481,1385,0,2,0,03,0,0,0,0,0,0,0,0,1,1,"S_GEN3_WAIT",1,1,1,0,0,1,0,0
5482,1386,0,2,0,03,0,0,0,0,0,0,0,0,1,1,"S_GEN3_WAIT",1,1,1,0,0,1,0,0
5483,1387,0,2,0,03,0,0,0,0,0,0,0,0,1,1,"S_GEN3_WAIT",1,1,1,0,0,1,0,0
5484,1388,0,2,0,03,0,0,0,0,0,0,0,0,1,1,"S_GEN3_WAIT",1,1,1,0,0,1,0,0
5485,1389,0,2,0,03,0,0,0,0,0,0,0,0,1,1,"S_GEN3_WAIT",1,1,1,0,0,1,0,0
5486,1390,0,2,0,03,0,0,0,0,0,0,0,0,1,1,"S_GEN3_WAIT",1,1,1,0,0,1,0,0
5487,1391,0,2,0,03,0,0,0,0,0,0,0,0,1,1,"S_GEN3_WAIT",1,1,1,0,0,1,0,0
5488,1392,0,2,0,03,0,0,0,0,0,0,0,0,1,1,"S_GEN3_WAIT",1,1,1,0,0,1,0,0
5489,1393,0,2,0,03,0,0,0,0,0,0,0,0,1,1,"S_GEN3_WAIT",1,1,1,0,0,1,0,0
5490,1394,0,2,0,03,0,0,0,0,0,0,0,0,1,1,"S_GEN3_WAIT",1,1,1,0,0,1,0,0
5491,1395,0,2,0,03,0,0,0,0,0,0,0,0,1,1,"S_GEN3_WAIT",1,1,1,0,0,1,0,0
5492,1396,0,2,0,03,0,0,0,0,0,0,0,0,1,1,"S_GEN3_WAIT",1,1,1,0,0,1,0,0
5493,1397,0,2,0,03,0,0,0,0,0,0,0,0,1,1,"S_GEN3_WAIT",1,1,1,0,0,1,0,0
5494,1398,0,2,0,03,0,0,0,0,0,0,0,0,1,1,"S_GEN3_WAIT",1,1,1,0,0,1,0,0
5495,1399,0,2,0,03,0,0,0,0,0,0,0,0,1,1,"S_GEN3_WAIT",1,1,1,0,0,1,0,0
5496,1400,0,2,0,03,0,0,0,0,0,0,0,0,1,1,"S_GEN3_WAIT",1,1,1,0,0,1,0,0
5497,1401,0,2,0,03,0,0,0,0,0,0,0,0,1,1,"S_GEN3_WAIT",1,1,1,0,0,1,0,0
5498,1402,0,2,0,03,0,0,0,0,0,0,0,0,1,1,"S_GEN3_WAIT",1,1,1,0,0,1,0,0
5499,1403,0,2,0,03,0,0,0,0,0,0,0,0,1,1,"S_GEN3_WAIT",1,1,1,0,0,1,0,0
5500,1404,0,2,0,03,0,0,0,0,0,0,0,0,1,1,"S_GEN3_WAIT",1,1,1,0,0,1,0,0
5501,1405,0,2,0,03,0,0,0,0,0,0,0,0,1,1,"S_GEN3_WAIT",1,1,1,0,0,1,0,0
5502,1406,0,2,0,03,0,0,0,0,0,0,0,0,1,1,"S_GEN3_WAIT",1,1,1,0,0,1,0,0
5503,1407,0,2,0,03,0,0,0,0,0,0,0,0,1,1,"S_GEN3_WAIT",1,1,1,0,0,1,0,0
5504,1408,0,2,0,03,0,0,0,0,0,0,0,0,1,1,"S_GEN3_WAIT",1,1,1,0,0,1,0,0
5505,1409,0,2,0,03,0,0,0,0,0,0,0,0,1,1,"S_GEN3_WAIT",1,1,1,0,0,1,0,0
5506,1410,0,2,0,03,0,0,0,0,0,0,0,0,1,1,"S_GEN3_WAIT",1,1,1,0,0,1,0,0
5507,1411,0,2,0,03,0,0,0,0,0,0,0,0,1,1,"S_GEN3_WAIT",1,1,1,0,0,1,0,0
5508,1412,0,2,0,03,0,0,0,0,0,0,0,0,1,1,"S_GEN3_WAIT",1,1,1,0,0,1,0,0
5509,1413,0,2,0,03,0,0,0,0,0,0,0,0,1,1,"S_GEN3_WAIT",1,1,1,0,0,1,0,0
5510,1414,0,2,0,03,0,0,0,0,0,0,0,0,1,1,"S_GEN3_WAIT",1,1,1,0,0,1,0,0
5511,1415,0,2,0,03,0,0,0,0,0,0,0,0,1,1,"S_GEN3_WAIT",1,1,1,0,0,1,0,0
5512,1416,0,2,0,03,0,0,0,0,0,0,0,0,1,1,"S_GEN3_WAIT",1,1,1,0,0,1,0,0
5513,1417,0,2,0,03,0,0,0,0,0,0,0,0,1,1,"S_GEN3_WAIT",1,1,1,0,0,1,0,0
5514,1418,0,2,0,03,0,0,0,0,0,0,0,0,1,1,"S_GEN3_WAIT",1,1,1,0,0,1,0,0
5515,1419,0,2,0,03,0,0,0,0,0,0,0,0,1,1,"S_GEN3_WAIT",1,1,1,0,0,1,0,0
5516,1420,0,2,0,03,0,0,0,0,0,0,0,0,1,1,"S_GEN3_WAIT",1,1,1,0,0,1,0,0
5517,1421,0,2,0,03,0,0,0,0,0,0,0,0,1,1,"S_GEN3_WAIT",1,1,1,0,0,1,0,0
5518,1422,0,2,0,03,0,0,0,0,0,0,0,0,1,1,"S_GEN3_WAIT",1,1,1,0,0,1,0,0
5519,1423,0,2,0,03,0,0,0,0,0,0,0,0,1,1,"S_GEN3_WAIT",1,1,1,0,0,1,0,0
5520,1424,0,2,0,03,0,0,0,0,0,0,0,0,1,1,"S_GEN3_WAIT",1,1,1,0,0,1,0,0
5521,1425,0,2,0,03,0,0,0,0,0,0,0,0,1,1,"S_GEN3_WAIT",1,1,1,0,0,1,0,0
5522,1426,0,2,0,03,0,0,0,0,0,0,0,0,1,1,"S_GEN3_WAIT",1,1,1,0,0,1,0,0
5523,1427,0,2,0,03,0,0,0,0,0,0,0,0,1,1,"S_GEN3_WAIT",1,1,1,0,0,1,0,0
5524,1428,0,2,0,03,0,0,0,0,0,0,0,0,1,1,"S_GEN3_WAIT",1,1,1,0,0,1,0,0
5525,1429,0,2,0,03,0,0,0,0,0,0,0,0,1,1,"S_GEN3_WAIT",1,1,1,0,0,1,0,0
5526,1430,0,2,0,03,0,0,0,0,0,0,0,0,1,1,"S_GEN3_WAIT",1,1,1,0,0,1,0,0
5527,1431,0,2,0,03,0,0,0,0,0,0,0,0,1,1,"S_GEN3_WAIT",1,1,1,0,0,1,0,0
5528,1432,0,2,0,03,0,0,0,0,0,0,0,0,1,1,"S_GEN3_WAIT",1,1,1,0,0,1,0,0
5529,1433,0,2,0,03,0,0,0,0,0,0,0,0,1,1,"S_GEN3_WAIT",1,1,1,0,0,1,0,0
5530,1434,0,2,0,03,0,0,0,0,0,0,0,0,1,1,"S_GEN3_WAIT",1,1,1,0,0,1,0,0
5531,1435,0,2,0,03,0,0,0,0,0,0,0,0,1,1,"S_GEN3_WAIT",1,1,1,0,0,1,0,0
5532,1436,0,2,0,03,0,0,0,0,0,0,0,0,1,1,"S_GEN3_WAIT",1,1,1,0,0,1,0,0
5533,1437,0,2,0,03,0,0,0,0,0,0,0,0,1,1,"S_GEN3_WAIT",1,1,1,0,0,1,0,0
5534,1438,0,2,0,03,0,0,0,0,0,0,0,0,1,1,"S_GEN3_WAIT",1,1,1,0,0,1,0,0
5535,1439,0,2,0,03,0,0,0,0,0,0,0,0,1,1,"S_GEN3_WAIT",1,1,1,0,0,1,0,0
5536,1440,0,2,0,03,0,0,0,0,0,0,0,0,1,1,"S_GEN3_WAIT",1,1,1,0,0,1,0,0
5537,1441,0,2,0,03,0,0,0,0,0,0,0,0,1,1,"S_GEN3_WAIT",1,1,1,0,0,1,0,0
5538,1442,0,2,0,03,0,0,0,0,0,0,0,0,1,1,"S_GEN3_WAIT",1,1,1,0,0,1,0,0
5539,1443,0,2,0,03,0,0,0,0,0,0,0,0,1,1,"S_GEN3_WAIT",1,1,1,0,0,1,0,0
5540,1444,0,2,0,03,0,0,0,0,0,0,0,0,1,1,"S_GEN3_WAIT",1,1,1,0,0,1,0,0
5541,1445,0,2,0,03,0,0,0,0,0,0,0,0,1,1,"S_GEN3_WAIT",1,1,1,0,0,1,0,0
5542,1446,0,2,0,03,0,0,0,0,0,0,0,0,1,1,"S_GEN3_WAIT",1,1,1,0,0,1,0,0
5543,1447,0,2,0,03,0,0,0,0,0,0,0,0,1,1,"S_GEN3_WAIT",1,1,1,0,0,1,0,0
5544,1448,0,2,0,03,0,0,0,0,0,0,0,0,1,1,"S_GEN3_WAIT",1,1,1,0,0,1,0,0
5545,1449,0,2,0,03,0,0,0,0,0,0,0,0,1,1,"S_GEN3_WAIT",1,1,1,0,0,1,0,0
5546,1450,0,2,0,03,0,0,0,0,0,0,0,0,1,1,"S_GEN3_WAIT",1,1,1,0,0,1,0,0
5547,1451,0,2,0,03,0,0,0,0,0,0,0,0,1,1,"S_GEN3_WAIT",1,1,1,0,0,1,0,0
5548,1452,0,2,0,03,0,0,0,0,0,0,0,0,1,1,"S_GEN3_WAIT",1,1,1,0,0,1,0,0
5549,1453,0,2,0,03,0,0,0,0,0,0,0,0,1,1,"S_GEN3_WAIT",1,1,1,0,0,1,0,0
5550,1454,0,2,0,03,0,0,0,0,0,0,0,0,1,1,"S_GEN3_WAIT",1,1,1,0,0,1,0,0
5551,1455,0,2,0,03,0,0,0,0,0,0,0,0,1,1,"S_GEN3_WAIT",1,1,1,0,0,1,0,0
5552,1456,0,2,0,03,0,0,0,0,0,0,0,0,1,1,"S_GEN3_WAIT",1,1,1,0,0,1,0,0
5553,1457,0,2,0,03,0,0,0,0,0,0,0,0,1,1,"S_GEN3_WAIT",1,1,1,0,0,1,0,0
5554,1458,0,2,0,03,0,0,0,0,0,0,0,0,1,1,"S_GEN3_WAIT",1,1,1,0,0,1,0,0
5555,1459,0,2,0,03,0,0,0,0,0,0,0,0,1,1,"S_GEN3_WAIT",1,1,1,0,0,1,0,0
5556,1460,0,2,0,03,0,0,0,0,0,0,0,0,1,1,"S_GEN3_WAIT",1,1,1,0,0,1,0,0
5557,1461,0,2,0,03,0,0,0,0,0,0,0,0,1,1,"S_GEN3_WAIT",1,1,1,0,0,1,0,0
5558,1462,0,2,0,03,0,0,0,0,0,0,0,0,1,1,"S_GEN3_WAIT",1,1,1,0,0,1,0,0
5559,1463,0,2,0,03,0,0,0,0,0,0,0,0,1,1,"S_GEN3_WAIT",1,1,1,0,0,1,0,0
5560,1464,0,2,0,03,0,0,0,0,0,0,0,0,1,1,"S_GEN3_WAIT",1,1,1,0,0,1,0,0
5561,1465,0,2,0,03,0,0,0,0,0,0,0,0,1,1,"S_GEN3_WAIT",1,1,1,0,0,1,0,0
5562,1466,0,2,0,03,0,0,0,0,0,0,0,0,1,1,"S_GEN3_WAIT",1,1,1,0,0,1,0,0
5563,1467,0,2,0,03,0,0,0,0,0,0,0,0,1,1,"S_GEN3_WAIT",1,1,1,0,0,1,0,0
5564,1468,0,2,0,03,0,0,0,0,0,0,0,0,1,1,"S_GEN3_WAIT",1,1,1,0,0,1,0,0
5565,1469,0,2,0,03,0,0,0,0,0,0,0,0,1,1,"S_GEN3_WAIT",1,1,1,0,0,1,0,0
5566,1470,0,2,0,03,0,0,0,0,0,0,0,0,1,1,"S_GEN3_WAIT",1,1,1,0,0,1,0,0
5567,1471,0,2,0,03,0,0,0,0,0,0,0,0,1,1,"S_GEN3_WAIT",1,1,1,0,0,1,0,0
5568,1472,0,2,0,03,0,0,0,0,0,0,0,0,1,1,"S_GEN3_WAIT",1,1,1,0,0,1,0,0
5569,1473,0,2,0,03,0,0,0,0,0,0,0,0,1,1,"S_GEN3_WAIT",1,1,1,0,0,1,0,0
5570,1474,0,2,0,03,0,0,0,0,0,0,0,0,1,1,"S_GEN3_WAIT",1,1,1,0,0,1,0,0
5571,1475,0,2,0,03,0,0,0,0,0,0,0,0,1,1,"S_GEN3_WAIT",1,1,1,0,0,1,0,0
5572,1476,0,2,0,03,0,0,0,0,0,0,0,0,1,1,"S_GEN3_WAIT",1,1,1,0,0,1,0,0
5573,1477,0,2,0,03,0,0,0,0,0,0,0,0,1,1,"S_GEN3_WAIT",1,1,1,0,0,1,0,0
5574,1478,0,2,0,03,0,0,0,0,0,0,0,0,1,1,"S_GEN3_WAIT",1,1,1,0,0,1,0,0
5575,1479,0,2,0,03,0,0,0,0,0,0,0,0,1,1,"S_GEN3_WAIT",1,1,1,0,0,1,0,0
5576,1480,0,2,0,03,0,0,0,0,0,0,0,0,1,1,"S_GEN3_WAIT",1,1,1,0,0,1,0,0
5577,1481,0,2,0,03,0,0,0,0,0,0,0,0,1,1,"S_GEN3_WAIT",1,1,1,0,0,1,0,0
5578,1482,0,2,0,03,0,0,0,0,0,0,0,0,1,1,"S_GEN3_WAIT",1,1,1,0,0,1,0,0
5579,1483,0,2,0,03,0,0,0,0,0,0,0,0,1,1,"S_GEN3_WAIT",1,1,1,0,0,1,0,0
5580,1484,0,2,0,03,0,0,0,0,0,0,0,0,1,1,"S_GEN3_WAIT",1,1,1,0,0,1,0,0
5581,1485,0,2,0,03,0,0,0,0,0,0,0,0,1,1,"S_GEN3_WAIT",1,1,1,0,0,1,0,0
5582,1486,0,2,0,03,0,0,0,0,0,0,0,0,1,1,"S_GEN3_WAIT",1,1,1,0,0,1,0,0
5583,1487,0,2,0,03,0,0,0,0,0,0,0,0,1,1,"S_GEN3_WAIT",1,1,1,0,0,1,0,0
5584,1488,0,2,0,03,0,0,0,0,0,0,0,0,1,1,"S_GEN3_WAIT",1,1,1,0,0,1,0,0
5585,1489,0,2,0,03,0,0,0,0,0,0,0,0,1,1,"S_GEN3_WAIT",1,1,1,0,0,1,0,0
5586,1490,0,2,0,03,0,0,0,0,0,0,0,0,1,1,"S_GEN3_WAIT",1,1,1,0,0,1,0,0
5587,1491,0,2,0,03,0,0,0,0,0,0,0,0,1,1,"S_GEN3_WAIT",1,1,1,0,0,1,0,0
5588,1492,0,2,0,03,0,0,0,0,0,0,0,0,1,1,"S_GEN3_WAIT",1,1,1,0,0,1,0,0
5589,1493,0,2,0,03,0,0,0,0,0,0,0,0,1,1,"S_GEN3_WAIT",1,1,1,0,0,1,0,0
5590,1494,0,2,0,03,0,0,0,0,0,0,0,0,1,1,"S_GEN3_WAIT",1,1,1,0,0,1,0,0
5591,1495,0,2,0,03,0,0,0,0,0,0,0,0,1,1,"S_GEN3_WAIT",1,1,1,0,0,1,0,0
5592,1496,0,2,0,03,0,0,0,0,0,0,0,0,1,1,"S_GEN3_WAIT",1,1,1,0,0,1,0,0
5593,1497,0,2,0,03,0,0,0,0,0,0,0,0,1,1,"S_GEN3_WAIT",1,1,1,0,0,1,0,0
5594,1498,0,2,0,03,0,0,0,0,0,0,0,0,1,1,"S_GEN3_WAIT",1,1,1,0,0,1,0,0
5595,1499,0,2,0,03,0,0,0,0,0,0,0,0,1,1,"S_GEN3_WAIT",1,1,1,0,0,1,0,0
5596,1500,0,2,0,03,0,0,0,0,0,0,0,0,1,1,"S_GEN3_WAIT",1,1,1,0,0,1,0,0
5597,1501,0,2,0,03,0,0,0,0,0,0,0,0,1,1,"S_GEN3_WAIT",1,1,1,0,0,1,0,0
5598,1502,0,2,0,03,0,0,0,0,0,0,0,0,1,1,"S_GEN3_WAIT",1,1,1,0,0,1,0,0
5599,1503,0,2,0,03,0,0,0,0,0,0,0,0,1,1,"S_GEN3_WAIT",1,1,1,0,0,1,0,0
5600,1504,0,2,0,03,0,0,0,0,0,0,0,0,1,1,"S_GEN3_WAIT",1,1,1,0,0,1,0,0
5601,1505,0,2,0,03,0,0,0,0,0,0,0,0,1,1,"S_GEN3_WAIT",1,1,1,0,0,1,0,0
5602,1506,0,2,0,03,0,0,0,0,0,0,0,0,1,1,"S_GEN3_WAIT",1,1,1,0,0,1,0,0
5603,1507,0,2,0,03,0,0,0,0,0,0,0,0,1,1,"S_GEN3_WAIT",1,1,1,0,0,1,0,0
5604,1508,0,2,0,03,0,0,0,0,0,0,0,0,1,1,"S_GEN3_WAIT",1,1,1,0,0,1,0,0
5605,1509,0,2,0,03,0,0,0,0,0,0,0,0,1,1,"S_GEN3_WAIT",1,1,1,0,0,1,0,0
5606,1510,0,2,0,03,0,0,0,0,0,0,0,0,1,1,"S_GEN3_WAIT",1,1,1,0,0,1,0,0
5607,1511,0,2,0,03,0,0,0,0,0,0,0,0,1,1,"S_GEN3_WAIT",1,1,1,0,0,1,0,0
5608,1512,0,2,0,03,0,0,0,0,0,0,0,0,1,1,"S_GEN3_WAIT",1,1,1,0,0,1,0,0
5609,1513,0,2,0,03,0,0,0,0,0,0,0,0,1,1,"S_GEN3_WAIT",1,1,1,0,0,1,0,0
5610,1514,0,2,0,03,0,0,0,0,0,0,0,0,1,1,"S_GEN3_WAIT",1,1,1,0,0,1,0,0
5611,1515,0,2,0,03,0,0,0,0,0,0,0,0,1,1,"S_GEN3_WAIT",1,1,1,0,0,1,0,0
5612,1516,0,2,0,03,0,0,0,0,0,0,0,0,1,1,"S_GEN3_WAIT",1,1,1,0,0,1,0,0
5613,1517,0,2,0,03,0,0,0,0,0,0,0,0,1,1,"S_GEN3_WAIT",1,1,1,0,0,1,0,0
5614,1518,0,2,0,03,0,0,0,0,0,0,0,0,1,1,"S_GEN3_WAIT",1,1,1,0,0,1,0,0
5615,1519,0,2,0,03,0,0,0,0,0,0,0,0,1,1,"S_GEN3_WAIT",1,1,1,0,0,1,0,0
5616,1520,0,2,0,03,0,0,0,0,0,0,0,0,1,1,"S_GEN3_WAIT",1,1,1,0,0,1,0,0
5617,1521,0,2,0,03,0,0,0,0,0,0,0,0,1,1,"S_GEN3_WAIT",1,1,1,0,0,1,0,0
5618,1522,0,2,0,03,0,0,0,0,0,0,0,0,1,1,"S_GEN3_WAIT",1,1,1,0,0,1,0,0
5619,1523,0,2,0,03,0,0,0,0,0,0,0,0,1,1,"S_GEN3_WAIT",1,1,1,0,0,1,0,0
5620,1524,0,2,0,03,0,0,0,0,0,0,0,0,1,1,"S_GEN3_WAIT",1,1,1,0,0,1,0,0
5621,1525,0,2,0,03,0,0,0,0,0,0,0,0,1,1,"S_GEN3_WAIT",1,1,1,0,0,1,0,0
5622,1526,0,2,0,03,0,0,0,0,0,0,0,0,1,1,"S_GEN3_WAIT",1,1,1,0,0,1,0,0
5623,1527,0,2,0,03,0,0,0,0,0,0,0,0,1,1,"S_GEN3_WAIT",1,1,1,0,0,1,0,0
5624,1528,0,2,0,03,0,0,0,0,0,0,0,0,1,1,"S_GEN3_WAIT",1,1,1,0,0,1,0,0
5625,1529,0,2,0,03,0,0,0,0,0,0,0,0,1,1,"S_GEN3_WAIT",1,1,1,0,0,1,0,0
5626,1530,0,2,0,03,0,0,0,0,0,0,0,0,1,1,"S_GEN3_WAIT",1,1,1,0,0,1,0,0
5627,1531,0,2,0,03,0,0,0,0,0,0,0,0,1,1,"S_GEN3_WAIT",1,1,1,0,0,1,0,0
5628,1532,0,2,0,03,0,0,0,0,0,0,0,0,1,1,"S_GEN3_WAIT",1,1,1,0,0,1,0,0
5629,1533,0,2,0,03,0,0,0,0,0,0,0,0,1,1,"S_GEN3_WAIT",1,1,1,0,0,1,0,0
5630,1534,0,2,0,03,0,0,0,0,0,0,0,0,1,1,"S_GEN3_WAIT",1,1,1,0,0,1,0,0
5631,1535,0,2,0,03,0,0,0,0,0,0,0,0,1,1,"S_GEN3_WAIT",1,1,1,0,0,1,0,0
5632,1536,0,2,0,03,0,0,0,0,0,0,0,0,1,1,"S_GEN3_WAIT",1,1,1,0,0,1,0,0
5633,1537,0,2,0,03,0,0,0,0,0,0,0,0,1,1,"S_GEN3_WAIT",1,1,1,0,0,1,0,0
5634,1538,0,2,0,03,0,0,0,0,0,0,0,0,1,1,"S_GEN3_WAIT",1,1,1,0,0,1,0,0
5635,1539,0,2,0,03,0,0,0,0,0,0,0,0,1,1,"S_GEN3_WAIT",1,1,1,0,0,1,0,0
5636,1540,0,2,0,03,0,0,0,0,0,0,0,0,1,1,"S_GEN3_WAIT",1,1,1,0,0,1,0,0
5637,1541,0,2,0,03,0,0,0,0,0,0,0,0,1,1,"S_GEN3_WAIT",1,1,1,0,0,1,0,0
5638,1542,0,2,0,03,0,0,0,0,0,0,0,0,1,1,"S_GEN3_WAIT",1,1,1,0,0,1,0,0
5639,1543,0,2,0,03,0,0,0,0,0,0,0,0,1,1,"S_GEN3_WAIT",1,1,1,0,0,1,0,0
5640,1544,0,2,0,03,0,0,0,0,0,0,0,0,1,1,"S_GEN3_WAIT",1,1,1,0,0,1,0,0
5641,1545,0,2,0,03,0,0,0,0,0,0,0,0,1,1,"S_GEN3_WAIT",1,1,1,0,0,1,0,0
5642,1546,0,2,0,03,0,0,0,0,0,0,0,0,1,1,"S_GEN3_WAIT",1,1,1,0,0,1,0,0
5643,1547,0,2,0,03,0,0,0,0,0,0,0,0,1,1,"S_GEN3_WAIT",1,1,1,0,0,1,0,0
5644,1548,0,2,0,03,0,0,0,0,0,0,0,0,1,1,"S_GEN3_WAIT",1,1,1,0,0,1,0,0
5645,1549,0,2,0,03,0,0,0,0,0,0,0,0,1,1,"S_GEN3_WAIT",1,1,1,0,0,1,0,0
5646,1550,0,2,0,03,0,0,0,0,0,0,0,0,1,1,"S_GEN3_WAIT",1,1,1,0,0,1,0,0
5647,1551,0,2,0,03,0,0,0,0,0,0,0,0,1,1,"S_GEN3_WAIT",1,1,1,0,0,1,0,0
5648,1552,0,2,0,03,0,0,0,0,0,0,0,0,1,1,"S_GEN3_WAIT",1,1,1,0,0,1,0,0
5649,1553,0,2,0,03,0,0,0,0,0,0,0,0,1,1,"S_GEN3_WAIT",1,1,1,0,0,1,0,0
5650,1554,0,2,0,03,0,0,0,0,0,0,0,0,1,1,"S_GEN3_WAIT",1,1,1,0,0,1,0,0
5651,1555,0,2,0,03,0,0,0,0,0,0,0,0,1,1,"S_GEN3_WAIT",1,1,1,0,0,1,0,0
5652,1556,0,2,0,03,0,0,0,0,0,0,0,0,1,1,"S_GEN3_WAIT",1,1,1,0,0,1,0,0
5653,1557,0,2,0,03,0,0,0,0,0,0,0,0,1,1,"S_GEN3_WAIT",1,1,1,0,0,1,0,0
5654,1558,0,2,0,03,0,0,0,0,0,0,0,0,1,1,"S_GEN3_WAIT",1,1,1,0,0,1,0,0
5655,1559,0,2,0,03,0,0,0,0,0,0,0,0,1,1,"S_GEN3_WAIT",1,1,1,0,0,1,0,0
5656,1560,0,2,0,03,0,0,0,0,0,0,0,0,1,1,"S_GEN3_WAIT",1,1,1,0,0,1,0,0
5657,1561,0,2,0,03,0,0,0,0,0,0,0,0,1,1,"S_GEN3_WAIT",1,1,1,0,0,1,0,0
5658,1562,0,2,0,03,0,0,0,0,0,0,0,0,1,1,"S_GEN3_WAIT",1,1,1,0,0,1,0,0
5659,1563,0,2,0,03,0,0,0,0,0,0,0,0,1,1,"S_GEN3_WAIT",1,1,1,0,0,1,0,0
5660,1564,0,2,0,03,0,0,0,0,0,0,0,0,1,1,"S_GEN3_WAIT",1,1,1,0,0,1,0,0
5661,1565,0,2,0,03,0,0,0,0,0,0,0,0,1,1,"S_GEN3_WAIT",1,1,1,0,0,1,0,0
5662,1566,0,2,0,03,0,0,0,0,0,0,0,0,1,1,"S_GEN3_WAIT",1,1,1,0,0,1,0,0
5663,1567,0,2,0,03,0,0,0,0,0,0,0,0,1,1,"S_GEN3_WAIT",1,1,1,0,0,1,0,0
5664,1568,0,2,0,03,0,0,0,0,0,0,0,0,1,1,"S_GEN3_WAIT",1,1,1,0,0,1,0,0
5665,1569,0,2,0,03,0,0,0,0,0,0,0,0,1,1,"S_GEN3_WAIT",1,1,1,0,0,1,0,0
5666,1570,0,2,0,03,0,0,0,0,0,0,0,0,1,1,"S_GEN3_WAIT",1,1,1,0,0,1,0,0
5667,1571,0,2,0,03,0,0,0,0,0,0,0,0,1,1,"S_GEN3_WAIT",1,1,1,0,0,1,0,0
5668,1572,0,2,0,03,0,0,0,0,0,0,0,0,1,1,"S_GEN3_WAIT",1,1,1,0,0,1,0,0
5669,1573,0,2,0,03,0,0,0,0,0,0,0,0,1,1,"S_GEN3_WAIT",1,1,1,0,0,1,0,0
5670,1574,0,2,0,03,0,0,0,0,0,0,0,0,1,1,"S_GEN3_WAIT",1,1,1,0,0,1,0,0
5671,1575,0,2,0,03,0,0,0,0,0,0,0,0,1,1,"S_GEN3_WAIT",1,1,1,0,0,1,0,0
5672,1576,0,2,0,03,0,0,0,0,0,0,0,0,1,1,"S_GEN3_WAIT",1,1,1,0,0,1,0,0
5673,1577,0,2,0,03,0,0,0,0,0,0,0,0,1,1,"S_GEN3_WAIT",1,1,1,0,0,1,0,0
5674,1578,0,2,0,03,0,0,0,0,0,0,0,0,1,1,"S_GEN3_WAIT",1,1,1,0,0,1,0,0
5675,1579,0,2,0,03,0,0,0,0,0,0,0,0,1,1,"S_GEN3_WAIT",1,1,1,0,0,1,0,0
5676,1580,0,2,0,03,0,0,0,0,0,0,0,0,1,1,"S_GEN3_WAIT",1,1,1,0,0,1,0,0
5677,1581,0,2,0,03,0,0,0,0,0,0,0,0,1,1,"S_GEN3_WAIT",1,1,1,0,0,1,0,0
5678,1582,0,2,0,03,0,0,0,0,0,0,0,0,1,1,"S_GEN3_WAIT",1,1,1,0,0,1,0,0
5679,1583,0,2,0,03,0,0,0,0,0,0,0,0,1,1,"S_GEN3_WAIT",1,1,1,0,0,1,0,0
5680,1584,0,2,0,03,0,0,0,0,0,0,0,0,1,1,"S_GEN3_WAIT",1,1,1,0,0,1,0,0
5681,1585,0,2,0,03,0,0,0,0,0,0,0,0,1,1,"S_GEN3_WAIT",1,1,1,0,0,1,0,0
5682,1586,0,2,0,03,0,0,0,0,0,0,0,0,1,1,"S_GEN3_WAIT",1,1,1,0,0,1,0,0
5683,1587,0,2,0,03,0,0,0,0,0,0,0,0,1,1,"S_GEN3_WAIT",1,1,1,0,0,1,0,0
5684,1588,0,2,0,03,0,0,0,0,0,0,0,0,1,1,"S_GEN3_WAIT",1,1,1,0,0,1,0,0
5685,1589,0,2,0,03,0,0,0,0,0,0,0,0,1,1,"S_GEN3_WAIT",1,1,1,0,0,1,0,0
5686,1590,0,2,0,03,0,0,0,0,0,0,0,0,1,1,"S_GEN3_WAIT",1,1,1,0,0,1,0,0
5687,1591,0,2,0,03,0,0,0,0,0,0,0,0,1,1,"S_GEN3_WAIT",1,1,1,0,0,1,0,0
5688,1592,0,2,0,03,0,0,0,0,0,0,0,0,1,1,"S_GEN3_WAIT",1,1,1,0,0,1,0,0
5689,1593,0,2,0,03,0,0,0,0,0,0,0,0,1,1,"S_GEN3_WAIT",1,1,1,0,0,1,0,0
5690,1594,0,2,0,03,0,0,0,0,0,0,0,0,1,1,"S_GEN3_WAIT",1,1,1,0,0,1,0,0
5691,1595,0,2,0,03,0,0,0,0,0,0,0,0,1,1,"S_GEN3_WAIT",1,1,1,0,0,1,0,0
5692,1596,0,2,0,03,0,0,0,0,0,0,0,0,1,1,"S_GEN3_WAIT",1,1,1,0,0,1,0,0
5693,1597,0,2,0,03,0,0,0,0,0,0,0,0,1,1,"S_GEN3_WAIT",1,1,1,0,0,1,0,0
5694,1598,0,2,0,03,0,0,0,0,0,0,0,0,1,1,"S_GEN3_WAIT",1,1,1,0,0,1,0,0
5695,1599,0,2,0,03,0,0,0,0,0,0,0,0,1,1,"S_GEN3_WAIT",1,1,1,0,0,1,0,0
5696,1600,0,2,0,03,0,0,0,0,0,0,0,0,1,1,"S_GEN3_WAIT",1,1,1,0,0,1,0,0
5697,1601,0,2,0,03,0,0,0,0,0,0,0,0,1,1,"S_GEN3_WAIT",1,1,1,0,0,1,0,0
5698,1602,0,2,0,03,0,0,0,0,0,0,0,0,1,1,"S_GEN3_WAIT",1,1,1,0,0,1,0,0
5699,1603,0,2,0,03,0,0,0,0,0,0,0,0,1,1,"S_GEN3_WAIT",1,1,1,0,0,1,0,0
5700,1604,0,2,0,03,0,0,0,0,0,0,0,0,1,1,"S_GEN3_WAIT",1,1,1,0,0,1,0,0
5701,1605,0,2,0,03,0,0,0,0,0,0,0,0,1,1,"S_GEN3_WAIT",1,1,1,0,0,1,0,0
5702,1606,0,2,0,03,0,0,0,0,0,0,0,0,1,1,"S_GEN3_WAIT",1,1,1,0,0,1,0,0
5703,1607,0,2,0,03,0,0,0,0,0,0,0,0,1,1,"S_GEN3_WAIT",1,1,1,0,0,1,0,0
5704,1608,0,2,0,03,0,0,0,0,0,0,0,0,1,1,"S_GEN3_WAIT",1,1,1,0,0,1,0,0
5705,1609,0,2,0,03,0,0,0,0,0,0,0,0,1,1,"S_GEN3_WAIT",1,1,1,0,0,1,0,0
5706,1610,0,2,0,03,0,0,0,0,0,0,0,0,1,1,"S_GEN3_WAIT",1,1,1,0,0,1,0,0
5707,1611,0,2,0,03,0,0,0,0,0,0,0,0,1,1,"S_GEN3_WAIT",1,1,1,0,0,1,0,0
5708,1612,0,2,0,03,0,0,0,0,0,0,0,0,1,1,"S_GEN3_WAIT",1,1,1,0,0,1,0,0
5709,1613,0,2,0,03,0,0,0,0,0,0,0,0,1,1,"S_GEN3_WAIT",1,1,1,0,0,1,0,0
5710,1614,0,2,0,03,0,0,0,0,0,0,0,0,1,1,"S_GEN3_WAIT",1,1,1,0,0,1,0,0
5711,1615,0,2,0,03,0,0,0,0,0,0,0,0,1,1,"S_GEN3_WAIT",1,1,1,0,0,1,0,0
5712,1616,0,2,0,03,0,0,0,0,0,0,0,0,1,1,"S_GEN3_WAIT",1,1,1,0,0,1,0,0
5713,1617,0,2,0,03,0,0,0,0,0,0,0,0,1,1,"S_GEN3_WAIT",1,1,1,0,0,1,0,0
5714,1618,0,2,0,03,0,0,0,0,0,0,0,0,1,1,"S_GEN3_WAIT",1,1,1,0,0,1,0,0
5715,1619,0,2,0,03,0,0,0,0,0,0,0,0,1,1,"S_GEN3_WAIT",1,1,1,0,0,1,0,0
5716,1620,0,2,0,03,0,0,0,0,0,0,0,0,1,1,"S_GEN3_WAIT",1,1,1,0,0,1,0,0
5717,1621,0,2,0,03,0,0,0,0,0,0,0,0,1,1,"S_GEN3_WAIT",1,1,1,0,0,1,0,0
5718,1622,0,2,0,03,0,0,0,0,0,0,0,0,1,1,"S_GEN3_WAIT",1,1,1,0,0,1,0,0
5719,1623,0,2,0,03,0,0,0,0,0,0,0,0,1,1,"S_GEN3_WAIT",1,1,1,0,0,1,0,0
5720,1624,0,2,0,03,0,0,0,0,0,0,0,0,1,1,"S_GEN3_WAIT",1,1,1,0,0,1,0,0
5721,1625,0,2,0,03,0,0,0,0,0,0,0,0,1,1,"S_GEN3_WAIT",1,1,1,0,0,1,0,0
5722,1626,0,2,0,03,0,0,0,0,0,0,0,0,1,1,"S_GEN3_WAIT",1,1,1,0,0,1,0,0
5723,1627,0,2,0,03,0,0,0,0,0,0,0,0,1,1,"S_GEN3_WAIT",1,1,1,0,0,1,0,0
5724,1628,0,2,0,03,0,0,0,0,0,0,0,0,1,1,"S_GEN3_WAIT",1,1,1,0,0,1,0,0
5725,1629,0,2,0,03,0,0,0,0,0,0,0,0,1,1,"S_GEN3_WAIT",1,1,1,0,0,1,0,0
5726,1630,0,2,0,03,0,0,0,0,0,0,0,0,1,1,"S_GEN3_WAIT",1,1,1,0,0,1,0,0
5727,1631,0,2,0,03,0,0,0,0,0,0,0,0,1,1,"S_GEN3_WAIT",1,1,1,0,0,1,0,0
5728,1632,0,2,0,03,0,0,0,0,0,0,0,0,1,1,"S_GEN3_WAIT",1,1,1,0,0,1,0,0
5729,1633,0,2,0,03,0,0,0,0,0,0,0,0,1,1,"S_GEN3_WAIT",1,1,1,0,0,1,0,0
5730,1634,0,2,0,03,0,0,0,0,0,0,0,0,1,1,"S_GEN3_WAIT",1,1,1,0,0,1,0,0
5731,1635,0,2,0,03,0,0,0,0,0,0,0,0,1,1,"S_GEN3_WAIT",1,1,1,0,0,1,0,0
5732,1636,0,2,0,03,0,0,0,0,0,0,0,0,1,1,"S_GEN3_WAIT",1,1,1,0,0,1,0,0
5733,1637,0,2,0,03,0,0,0,0,0,0,0,0,1,1,"S_GEN3_WAIT",1,1,1,0,0,1,0,0
5734,1638,0,2,0,03,0,0,0,0,0,0,0,0,1,1,"S_GEN3_WAIT",1,1,1,0,0,1,0,0
5735,1639,0,2,0,03,0,0,0,0,0,0,0,0,1,1,"S_GEN3_WAIT",1,1,1,0,0,1,0,0
5736,1640,0,2,0,03,0,0,0,0,0,0,0,0,1,1,"S_GEN3_WAIT",1,1,1,0,0,1,0,0
5737,1641,0,2,0,03,0,0,0,0,0,0,0,0,1,1,"S_GEN3_WAIT",1,1,1,0,0,1,0,0
5738,1642,0,2,0,03,0,0,0,0,0,0,0,0,1,1,"S_GEN3_WAIT",1,1,1,0,0,1,0,0
5739,1643,0,2,0,03,0,0,0,0,0,0,0,0,1,1,"S_GEN3_WAIT",1,1,1,0,0,1,0,0
5740,1644,0,2,0,03,0,0,0,0,0,0,0,0,1,1,"S_GEN3_WAIT",1,1,1,0,0,1,0,0
5741,1645,0,2,0,03,0,0,0,0,0,0,0,0,1,1,"S_GEN3_WAIT",1,1,1,0,0,1,0,0
5742,1646,0,2,0,03,0,0,0,0,0,0,0,0,1,1,"S_GEN3_WAIT",1,1,1,0,0,1,0,0
5743,1647,0,2,0,03,0,0,0,0,0,0,0,0,1,1,"S_GEN3_WAIT",1,1,1,0,0,1,0,0
5744,1648,0,2,0,03,0,0,0,0,0,0,0,0,1,1,"S_GEN3_WAIT",1,1,1,0,0,1,0,0
5745,1649,0,2,0,03,0,0,0,0,0,0,0,0,1,1,"S_GEN3_WAIT",1,1,1,0,0,1,0,0
5746,1650,0,2,0,03,0,0,0,0,0,0,0,0,1,1,"S_GEN3_WAIT",1,1,1,0,0,1,0,0
5747,1651,0,2,0,03,0,0,0,0,0,0,0,0,1,1,"S_GEN3_WAIT",1,1,1,0,0,1,0,0
5748,1652,0,2,0,03,0,0,0,0,0,0,0,0,1,1,"S_GEN3_WAIT",1,1,1,0,0,1,0,0
5749,1653,0,2,0,03,0,0,0,0,0,0,0,0,1,1,"S_GEN3_WAIT",1,1,1,0,0,1,0,0
5750,1654,0,2,0,03,0,0,0,0,0,0,0,0,1,1,"S_GEN3_WAIT",1,1,1,0,0,1,0,0
5751,1655,0,2,0,03,0,0,0,0,0,0,0,0,1,1,"S_GEN3_WAIT",1,1,1,0,0,1,0,0
5752,1656,0,2,0,03,0,0,0,0,0,0,0,0,1,1,"S_GEN3_WAIT",1,1,1,0,0,1,0,0
5753,1657,0,2,0,03,0,0,0,0,0,0,0,0,1,1,"S_GEN3_WAIT",1,1,1,0,0,1,0,0
5754,1658,0,2,0,03,0,0,0,0,0,0,0,0,1,1,"S_GEN3_WAIT",1,1,1,0,0,1,0,0
5755,1659,0,2,0,03,0,0,0,0,0,0,0,0,1,1,"S_GEN3_WAIT",1,1,1,0,0,1,0,0
5756,1660,0,2,0,03,0,0,0,0,0,0,0,0,1,1,"S_GEN3_WAIT",1,1,1,0,0,1,0,0
5757,1661,0,2,0,03,0,0,0,0,0,0,0,0,1,1,"S_GEN3_WAIT",1,1,1,0,0,1,0,0
5758,1662,0,2,0,03,0,0,0,0,0,0,0,0,1,1,"S_GEN3_WAIT",1,1,1,0,0,1,0,0
5759,1663,0,2,0,03,0,0,0,0,0,0,0,0,1,1,"S_GEN3_WAIT",1,1,1,0,0,1,0,0
5760,1664,0,2,0,03,0,0,0,0,0,0,0,0,1,1,"S_GEN3_WAIT",1,1,1,0,0,1,0,0
5761,1665,0,2,0,03,0,0,0,0,0,0,0,0,1,1,"S_GEN3_WAIT",1,1,1,0,0,1,0,0
5762,1666,0,2,0,03,0,0,0,0,0,0,0,0,1,1,"S_GEN3_WAIT",1,1,1,0,0,1,0,0
5763,1667,0,2,0,03,0,0,0,0,0,0,0,0,1,1,"S_GEN3_WAIT",1,1,1,0,0,1,0,0
5764,1668,0,2,0,03,0,0,0,0,0,0,0,0,1,1,"S_GEN3_WAIT",1,1,1,0,0,1,0,0
5765,1669,0,2,0,03,0,0,0,0,0,0,0,0,1,1,"S_GEN3_WAIT",1,1,1,0,0,1,0,0
5766,1670,0,2,0,03,0,0,0,0,0,0,0,0,1,1,"S_GEN3_WAIT",1,1,1,0,0,1,0,0
5767,1671,0,2,0,03,0,0,0,0,0,0,0,0,1,1,"S_GEN3_WAIT",1,1,1,0,0,1,0,0
5768,1672,0,2,0,03,0,0,0,0,0,0,0,0,1,1,"S_GEN3_WAIT",1,1,1,0,0,1,0,0
5769,1673,0,2,0,03,0,0,0,0,0,0,0,0,1,1,"S_GEN3_WAIT",1,1,1,0,0,1,0,0
5770,1674,0,2,0,03,0,0,0,0,0,0,0,0,1,1,"S_GEN3_WAIT",1,1,1,0,0,1,0,0
5771,1675,0,2,0,03,0,0,0,0,0,0,0,0,1,1,"S_GEN3_WAIT",1,1,1,0,0,1,0,0
5772,1676,0,2,0,03,0,0,0,0,0,0,0,0,1,1,"S_GEN3_WAIT",1,1,1,0,0,1,0,0
5773,1677,0,2,0,03,0,0,0,0,0,0,0,0,1,1,"S_GEN3_WAIT",1,1,1,0,0,1,0,0
5774,1678,0,2,0,03,0,0,0,0,0,0,0,0,1,1,"S_GEN3_WAIT",1,1,1,0,0,1,0,0
5775,1679,0,2,0,03,0,0,0,0,0,0,0,0,1,1,"S_GEN3_WAIT",1,1,1,0,0,1,0,0
5776,1680,0,2,0,03,0,0,0,0,0,0,0,0,1,1,"S_GEN3_WAIT",1,1,1,0,0,1,0,0
5777,1681,0,2,0,03,0,0,0,0,0,0,0,0,1,1,"S_GEN3_WAIT",1,1,1,0,0,1,0,0
5778,1682,0,2,0,03,0,0,0,0,0,0,0,0,1,1,"S_GEN3_WAIT",1,1,1,0,0,1,0,0
5779,1683,0,2,0,03,0,0,0,0,0,0,0,0,1,1,"S_GEN3_WAIT",1,1,1,0,0,1,0,0
5780,1684,0,2,0,03,0,0,0,0,0,0,0,0,1,1,"S_GEN3_WAIT",1,1,1,0,0,1,0,0
5781,1685,0,2,0,03,0,0,0,0,0,0,0,0,1,1,"S_GEN3_WAIT",1,1,1,0,0,1,0,0
5782,1686,0,2,0,03,0,0,0,0,0,0,0,0,1,1,"S_GEN3_WAIT",1,1,1,0,0,1,0,0
5783,1687,0,2,0,03,0,0,0,0,0,0,0,0,1,1,"S_GEN3_WAIT",1,1,1,0,0,1,0,0
5784,1688,0,2,0,03,0,0,0,0,0,0,0,0,1,1,"S_GEN3_WAIT",1,1,1,0,0,1,0,0
5785,1689,0,2,0,03,0,0,0,0,0,0,0,0,1,1,"S_GEN3_WAIT",1,1,1,0,0,1,0,0
5786,1690,0,2,0,03,0,0,0,0,0,0,0,0,1,1,"S_GEN3_WAIT",1,1,1,0,0,1,0,0
5787,1691,0,2,0,03,0,0,0,0,0,0,0,0,1,1,"S_GEN3_WAIT",1,1,1,0,0,1,0,0
5788,1692,0,2,0,03,0,0,0,0,0,0,0,0,1,1,"S_GEN3_WAIT",1,1,1,0,0,1,0,0
5789,1693,0,2,0,03,0,0,0,0,0,0,0,0,1,1,"S_GEN3_WAIT",1,1,1,0,0,1,0,0
5790,1694,0,2,0,03,0,0,0,0,0,0,0,0,1,1,"S_GEN3_WAIT",1,1,1,0,0,1,0,0
5791,1695,0,2,0,03,0,0,0,0,0,0,0,0,1,1,"S_GEN3_WAIT",1,1,1,0,0,1,0,0
5792,1696,0,2,0,03,0,0,0,0,0,0,0,0,1,1,"S_GEN3_WAIT",1,1,1,0,0,1,0,0
5793,1697,0,2,0,03,0,0,0,0,0,0,0,0,1,1,"S_GEN3_WAIT",1,1,1,0,0,1,0,0
5794,1698,0,2,0,03,0,0,0,0,0,0,0,0,1,1,"S_GEN3_WAIT",1,1,1,0,0,1,0,0
5795,1699,0,2,0,03,0,0,0,0,0,0,0,0,1,1,"S_GEN3_WAIT",1,1,1,0,0,1,0,0
5796,1700,0,2,0,03,0,0,0,0,0,0,0,0,1,1,"S_GEN3_WAIT",1,1,1,0,0,1,0,0
5797,1701,0,2,0,03,0,0,0,0,0,0,0,0,1,1,"S_GEN3_WAIT",1,1,1,0,0,1,0,0
5798,1702,0,2,0,03,0,0,0,0,0,0,0,0,1,1,"S_GEN3_WAIT",1,1,1,0,0,1,0,0
5799,1703,0,2,0,03,0,0,0,0,0,0,0,0,1,1,"S_GEN3_WAIT",1,1,1,0,0,1,0,0
5800,1704,0,2,0,03,0,0,0,0,0,0,0,0,1,1,"S_GEN3_WAIT",1,1,1,0,0,1,0,0
5801,1705,0,2,0,03,0,0,0,0,0,0,0,0,1,1,"S_GEN3_WAIT",1,1,1,0,0,1,0,0
5802,1706,0,2,0,03,0,0,0,0,0,0,0,0,1,1,"S_GEN3_WAIT",1,1,1,0,0,1,0,0
5803,1707,0,2,0,03,0,0,0,0,0,0,0,0,1,1,"S_GEN3_WAIT",1,1,1,0,0,1,0,0
5804,1708,0,2,0,03,0,0,0,0,0,0,0,0,1,1,"S_GEN3_WAIT",1,1,1,0,0,1,0,0
5805,1709,0,2,0,03,0,0,0,0,0,0,0,0,1,1,"S_GEN3_WAIT",1,1,1,0,0,1,0,0
5806,1710,0,2,0,03,0,0,0,0,0,0,0,0,1,1,"S_GEN3_WAIT",1,1,1,0,0,1,0,0
5807,1711,0,2,0,03,0,0,0,0,0,0,0,0,1,1,"S_GEN3_WAIT",1,1,1,0,0,1,0,0
5808,1712,0,2,0,03,0,0,0,0,0,0,0,0,1,1,"S_GEN3_WAIT",1,1,1,0,0,1,0,0
5809,1713,0,2,0,03,0,0,0,0,0,0,0,0,1,1,"S_GEN3_WAIT",1,1,1,0,0,1,0,0
5810,1714,0,2,0,03,0,0,0,0,0,0,0,0,1,1,"S_GEN3_WAIT",1,1,1,0,0,1,0,0
5811,1715,0,2,0,03,0,0,0,0,0,0,0,0,1,1,"S_GEN3_WAIT",1,1,1,0,0,1,0,0
5812,1716,0,2,0,03,0,0,0,0,0,0,0,0,1,1,"S_GEN3_WAIT",1,1,1,0,0,1,0,0
5813,1717,0,2,0,03,0,0,0,0,0,0,0,0,1,1,"S_GEN3_WAIT",1,1,1,0,0,1,0,0
5814,1718,0,2,0,03,0,0,0,0,0,0,0,0,1,1,"S_GEN3_WAIT",1,1,1,0,0,1,0,0
5815,1719,0,2,0,03,0,0,0,0,0,0,0,0,1,1,"S_GEN3_WAIT",1,1,1,0,0,1,0,0
5816,1720,0,2,0,03,0,0,0,0,0,0,0,0,1,1,"S_GEN3_WAIT",1,1,1,0,0,1,0,0
5817,1721,0,2,0,03,0,0,0,0,0,0,0,0,1,1,"S_GEN3_WAIT",1,1,1,0,0,1,0,0
5818,1722,0,2,0,03,0,0,0,0,0,0,0,0,1,1,"S_GEN3_WAIT",1,1,1,0,0,1,0,0
5819,1723,0,2,0,03,0,0,0,0,0,0,0,0,1,1,"S_GEN3_WAIT",1,1,1,0,0,1,0,0
5820,1724,0,2,0,03,0,0,0,0,0,0,0,0,1,1,"S_GEN3_WAIT",1,1,1,0,0,1,0,0
5821,1725,0,2,0,03,0,0,0,0,0,0,0,0,1,1,"S_GEN3_WAIT",1,1,1,0,0,1,0,0
5822,1726,0,2,0,03,0,0,0,0,0,0,0,0,1,1,"S_GEN3_WAIT",1,1,1,0,0,1,0,0
5823,1727,0,2,0,03,0,0,0,0,0,0,0,0,1,1,"S_GEN3_WAIT",1,1,1,0,0,1,0,0
5824,1728,0,2,0,03,0,0,0,0,0,0,0,0,1,1,"S_GEN3_WAIT",1,1,1,0,0,1,0,0
5825,1729,0,2,0,03,0,0,0,0,0,0,0,0,1,1,"S_GEN3_WAIT",1,1,1,0,0,1,0,0
5826,1730,0,2,0,03,0,0,0,0,0,0,0,0,1,1,"S_GEN3_WAIT",1,1,1,0,0,1,0,0
5827,1731,0,2,0,03,0,0,0,0,0,0,0,0,1,1,"S_GEN3_WAIT",1,1,1,0,0,1,0,0
5828,1732,0,2,0,03,0,0,0,0,0,0,0,0,1,1,"S_GEN3_WAIT",1,1,1,0,0,1,0,0
5829,1733,0,2,0,03,0,0,0,0,0,0,0,0,1,1,"S_GEN3_WAIT",1,1,1,0,0,1,0,0
5830,1734,0,2,0,03,0,0,0,0,0,0,0,0,1,1,"S_GEN3_WAIT",1,1,1,0,0,1,0,0
5831,1735,0,2,0,03,0,0,0,0,0,0,0,0,1,1,"S_GEN3_WAIT",1,1,1,0,0,1,0,0
5832,1736,0,2,0,03,0,0,0,0,0,0,0,0,1,1,"S_GEN3_WAIT",1,1,1,0,0,1,0,0
5833,1737,0,2,0,03,0,0,0,0,0,0,0,0,1,1,"S_GEN3_WAIT",1,1,1,0,0,1,0,0
5834,1738,0,2,0,03,0,0,0,0,0,0,0,0,1,1,"S_GEN3_WAIT",1,1,1,0,0,1,0,0
5835,1739,0,2,0,03,0,0,0,0,0,0,0,0,1,1,"S_GEN3_WAIT",1,1,1,0,0,1,0,0
5836,1740,0,2,0,03,0,0,0,0,0,0,0,0,1,1,"S_GEN3_WAIT",1,1,1,0,0,1,0,0
5837,1741,0,2,0,03,0,0,0,0,0,0,0,0,1,1,"S_GEN3_WAIT",1,1,1,0,0,1,0,0
5838,1742,0,2,0,03,0,0,0,0,0,0,0,0,1,1,"S_GEN3_WAIT",1,1,1,0,0,1,0,0
5839,1743,0,2,0,03,0,0,0,0,0,0,0,0,1,1,"S_GEN3_WAIT",1,1,1,0,0,1,0,0
5840,1744,0,2,0,03,0,0,0,0,0,0,0,0,1,1,"S_GEN3_WAIT",1,1,1,0,0,1,0,0
5841,1745,0,2,0,03,0,0,0,0,0,0,0,0,1,1,"S_GEN3_WAIT",1,1,1,0,0,1,0,0
5842,1746,0,2,0,03,0,0,0,0,0,0,0,0,1,1,"S_GEN3_WAIT",1,1,1,0,0,1,0,0
5843,1747,0,2,0,03,0,0,0,0,0,0,0,0,1,1,"S_GEN3_WAIT",1,1,1,0,0,1,0,0
5844,1748,0,2,0,03,0,0,0,0,0,0,0,0,1,1,"S_GEN3_WAIT",1,1,1,0,0,1,0,0
5845,1749,0,2,0,03,0,0,0,0,0,0,0,0,1,1,"S_GEN3_WAIT",1,1,1,0,0,1,0,0
5846,1750,0,2,0,03,0,0,0,0,0,0,0,0,1,1,"S_GEN3_WAIT",1,1,1,0,0,1,0,0
5847,1751,0,2,0,03,0,0,0,0,0,0,0,0,1,1,"S_GEN3_WAIT",1,1,1,0,0,1,0,0
5848,1752,0,2,0,03,0,0,0,0,0,0,0,0,1,1,"S_GEN3_WAIT",1,1,1,0,0,1,0,0
5849,1753,0,2,0,03,0,0,0,0,0,0,0,0,1,1,"S_GEN3_WAIT",1,1,1,0,0,1,0,0
5850,1754,0,2,0,03,0,0,0,0,0,0,0,0,1,1,"S_GEN3_WAIT",1,1,1,0,0,1,0,0
5851,1755,0,2,0,03,0,0,0,0,0,0,0,0,1,1,"S_GEN3_WAIT",1,1,1,0,0,1,0,0
5852,1756,0,2,0,03,0,0,0,0,0,0,0,0,1,1,"S_GEN3_WAIT",1,1,1,0,0,1,0,0
5853,1757,0,2,0,03,0,0,0,0,0,0,0,0,1,1,"S_GEN3_WAIT",1,1,1,0,0,1,0,0
5854,1758,0,2,0,03,0,0,0,0,0,0,0,0,1,1,"S_GEN3_WAIT",1,1,1,0,0,1,0,0
5855,1759,0,2,0,03,0,0,0,0,0,0,0,0,1,1,"S_GEN3_WAIT",1,1,1,0,0,1,0,0
5856,1760,0,2,0,03,0,0,0,0,0,0,0,0,1,1,"S_GEN3_WAIT",1,1,1,0,0,1,0,0
5857,1761,0,2,0,03,0,0,0,0,0,0,0,0,1,1,"S_GEN3_WAIT",1,1,1,0,0,1,0,0
5858,1762,0,2,0,03,0,0,0,0,0,0,0,0,1,1,"S_GEN3_WAIT",1,1,1,0,0,1,0,0
5859,1763,0,2,0,03,0,0,0,0,0,0,0,0,1,1,"S_GEN3_WAIT",1,1,1,0,0,1,0,0
5860,1764,0,2,0,03,0,0,0,0,0,0,0,0,1,1,"S_GEN3_WAIT",1,1,1,0,0,1,0,0
5861,1765,0,2,0,03,0,0,0,0,0,0,0,0,1,1,"S_GEN3_WAIT",1,1,1,0,0,1,0,0
5862,1766,0,2,0,03,0,0,0,0,0,0,0,0,1,1,"S_GEN3_WAIT",1,1,1,0,0,1,0,0
5863,1767,0,2,0,03,0,0,0,0,0,0,0,0,1,1,"S_GEN3_WAIT",1,1,1,0,0,1,0,0
5864,1768,0,2,0,03,0,0,0,0,0,0,0,0,1,1,"S_GEN3_WAIT",1,1,1,0,0,1,0,0
5865,1769,0,2,0,03,0,0,0,0,0,0,0,0,1,1,"S_GEN3_WAIT",1,1,1,0,0,1,0,0
5866,1770,0,2,0,03,0,0,0,0,0,0,0,0,1,1,"S_GEN3_WAIT",1,1,1,0,0,1,0,0
5867,1771,0,2,0,03,0,0,0,0,0,0,0,0,1,1,"S_GEN3_WAIT",1,1,1,0,0,1,0,0
5868,1772,0,2,0,03,0,0,0,0,0,0,0,0,1,1,"S_GEN3_WAIT",1,1,1,0,0,1,0,0
5869,1773,0,2,0,03,0,0,0,0,0,0,0,0,1,1,"S_GEN3_WAIT",1,1,1,0,0,1,0,0
5870,1774,0,2,0,03,0,0,0,0,0,0,0,0,1,1,"S_GEN3_WAIT",1,1,1,0,0,1,0,0
5871,1775,0,2,0,03,0,0,0,0,0,0,0,0,1,1,"S_GEN3_WAIT",1,1,1,0,0,1,0,0
5872,1776,0,2,0,03,0,0,0,0,0,0,0,0,1,1,"S_GEN3_WAIT",1,1,1,0,0,1,0,0
5873,1777,0,2,0,03,0,0,0,0,0,0,0,0,1,1,"S_GEN3_WAIT",1,1,1,0,0,1,0,0
5874,1778,0,2,0,03,0,0,0,0,0,0,0,0,1,1,"S_GEN3_WAIT",1,1,1,0,0,1,0,0
5875,1779,0,2,0,03,0,0,0,0,0,0,0,0,1,1,"S_GEN3_WAIT",1,1,1,0,0,1,0,0
5876,1780,0,2,0,03,0,0,0,0,0,0,0,0,1,1,"S_GEN3_WAIT",1,1,1,0,0,1,0,0
5877,1781,0,2,0,03,0,0,0,0,0,0,0,0,1,1,"S_GEN3_WAIT",1,1,1,0,0,1,0,0
5878,1782,0,2,0,03,0,0,0,0,0,0,0,0,1,1,"S_GEN3_WAIT",1,1,1,0,0,1,0,0
5879,1783,0,2,0,03,0,0,0,0,0,0,0,0,1,1,"S_GEN3_WAIT",1,1,1,0,0,1,0,0
5880,1784,0,2,0,03,0,0,0,0,0,0,0,0,1,1,"S_GEN3_WAIT",1,1,1,0,0,1,0,0
5881,1785,0,2,0,03,0,0,0,0,0,0,0,0,1,1,"S_GEN3_WAIT",1,1,1,0,0,1,0,0
5882,1786,0,2,0,03,0,0,0,0,0,0,0,0,1,1,"S_GEN3_WAIT",1,1,1,0,0,1,0,0
5883,1787,0,2,0,03,0,0,0,0,0,0,0,0,1,1,"S_GEN3_WAIT",1,1,1,0,0,1,0,0
5884,1788,0,2,0,03,0,0,0,0,0,0,0,0,1,1,"S_GEN3_WAIT",1,1,1,0,0,1,0,0
5885,1789,0,2,0,03,0,0,0,0,0,0,0,0,1,1,"S_GEN3_WAIT",1,1,1,0,0,1,0,0
5886,1790,0,2,0,03,0,0,0,0,0,0,0,0,1,1,"S_GEN3_WAIT",1,1,1,0,0,1,0,0
5887,1791,0,2,0,03,0,0,0,0,0,0,0,0,1,1,"S_GEN3_WAIT",1,1,1,0,0,1,0,0
5888,1792,0,2,0,03,0,0,0,0,0,0,0,0,1,1,"S_GEN3_WAIT",1,1,1,0,0,1,0,0
5889,1793,0,2,0,03,0,0,0,0,0,0,0,0,1,1,"S_GEN3_WAIT",1,1,1,0,0,1,0,0
5890,1794,0,2,0,03,0,0,0,0,0,0,0,0,1,1,"S_GEN3_WAIT",1,1,1,0,0,1,0,0
5891,1795,0,2,0,03,0,0,0,0,0,0,0,0,1,1,"S_GEN3_WAIT",1,1,1,0,0,1,0,0
5892,1796,0,2,0,03,0,0,0,0,0,0,0,0,1,1,"S_GEN3_WAIT",1,1,1,0,0,1,0,0
5893,1797,0,2,0,03,0,0,0,0,0,0,0,0,1,1,"S_GEN3_WAIT",1,1,1,0,0,1,0,0
5894,1798,0,2,0,03,0,0,0,0,0,0,0,0,1,1,"S_GEN3_WAIT",1,1,1,0,0,1,0,0
5895,1799,0,2,0,03,0,0,0,0,0,0,0,0,1,1,"S_GEN3_WAIT",1,1,1,0,0,1,0,0
5896,1800,0,2,0,03,0,0,0,0,0,0,0,0,1,1,"S_GEN3_WAIT",1,1,1,0,0,1,0,0
5897,1801,0,2,0,03,0,0,0,0,0,0,0,0,1,1,"S_GEN3_WAIT",1,1,1,0,0,1,0,0
5898,1802,0,2,0,03,0,0,0,0,0,0,0,0,1,1,"S_GEN3_WAIT",1,1,1,0,0,1,0,0
5899,1803,0,2,0,03,0,0,0,0,0,0,0,0,1,1,"S_GEN3_WAIT",1,1,1,0,0,1,0,0
5900,1804,0,2,0,03,0,0,0,0,0,0,0,0,1,1,"S_GEN3_WAIT",1,1,1,0,0,1,0,0
5901,1805,0,2,0,03,0,0,0,0,0,0,0,0,1,1,"S_GEN3_WAIT",1,1,1,0,0,1,0,0
5902,1806,0,2,0,03,0,0,0,0,0,0,0,0,1,1,"S_GEN3_WAIT",1,1,1,0,0,1,0,0
5903,1807,0,2,0,03,0,0,0,0,0,0,0,0,1,1,"S_GEN3_WAIT",1,1,1,0,0,1,0,0
5904,1808,0,2,0,03,0,0,0,0,0,0,0,0,1,1,"S_GEN3_WAIT",1,1,1,0,0,1,0,0
5905,1809,0,2,0,03,0,0,0,0,0,0,0,0,1,1,"S_GEN3_WAIT",1,1,1,0,0,1,0,0
5906,1810,0,2,0,03,0,0,0,0,0,0,0,0,1,1,"S_GEN3_WAIT",1,1,1,0,0,1,0,0
5907,1811,0,2,0,03,0,0,0,0,0,0,0,0,1,1,"S_GEN3_WAIT",1,1,1,0,0,1,0,0
5908,1812,0,2,0,03,0,0,0,0,0,0,0,0,1,1,"S_GEN3_WAIT",1,1,1,0,0,1,0,0
5909,1813,0,2,0,03,0,0,0,0,0,0,0,0,1,1,"S_GEN3_WAIT",1,1,1,0,0,1,0,0
5910,1814,0,2,0,03,0,0,0,0,0,0,0,0,1,1,"S_GEN3_WAIT",1,1,1,0,0,1,0,0
5911,1815,0,2,0,03,0,0,0,0,0,0,0,0,1,1,"S_GEN3_WAIT",1,1,1,0,0,1,0,0
5912,1816,0,2,0,03,0,0,0,0,0,0,0,0,1,1,"S_GEN3_WAIT",1,1,1,0,0,1,0,0
5913,1817,0,2,0,03,0,0,0,0,0,0,0,0,1,1,"S_GEN3_WAIT",1,1,1,0,0,1,0,0
5914,1818,0,2,0,03,0,0,0,0,0,0,0,0,1,1,"S_GEN3_WAIT",1,1,1,0,0,1,0,0
5915,1819,0,2,0,03,0,0,0,0,0,0,0,0,1,1,"S_GEN3_WAIT",1,1,1,0,0,1,0,0
5916,1820,0,2,0,03,0,0,0,0,0,0,0,0,1,1,"S_GEN3_WAIT",1,1,1,0,0,1,0,0
5917,1821,0,2,0,03,0,0,0,0,0,0,0,0,1,1,"S_GEN3_WAIT",1,1,1,0,0,1,0,0
5918,1822,0,2,0,03,0,0,0,0,0,0,0,0,1,1,"S_GEN3_WAIT",1,1,1,0,0,1,0,0
5919,1823,0,2,0,03,0,0,0,0,0,0,0,0,1,1,"S_GEN3_WAIT",1,1,1,0,0,1,0,0
5920,1824,0,2,0,03,0,0,0,0,0,0,0,0,1,1,"S_GEN3_WAIT",1,1,1,0,0,1,0,0
5921,1825,0,2,0,03,0,0,0,0,0,0,0,0,1,1,"S_GEN3_WAIT",1,1,1,0,0,1,0,0
5922,1826,0,2,0,03,0,0,0,0,0,0,0,0,1,1,"S_GEN3_WAIT",1,1,1,0,0,1,0,0
5923,1827,0,2,0,03,0,0,0,0,0,0,0,0,1,1,"S_GEN3_WAIT",1,1,1,0,0,1,0,0
5924,1828,0,2,0,03,0,0,0,0,0,0,0,0,1,1,"S_GEN3_WAIT",1,1,1,0,0,1,0,0
5925,1829,0,2,0,03,0,0,0,0,0,0,0,0,1,1,"S_GEN3_WAIT",1,1,1,0,0,1,0,0
5926,1830,0,2,0,03,0,0,0,0,0,0,0,0,1,1,"S_GEN3_WAIT",1,1,1,0,0,1,0,0
5927,1831,0,2,0,03,0,0,0,0,0,0,0,0,1,1,"S_GEN3_WAIT",1,1,1,0,0,1,0,0
5928,1832,0,2,0,03,0,0,0,0,0,0,0,0,1,1,"S_GEN3_WAIT",1,1,1,0,0,1,0,0
5929,1833,0,2,0,03,0,0,0,0,0,0,0,0,1,1,"S_GEN3_WAIT",1,1,1,0,0,1,0,0
5930,1834,0,2,0,03,0,0,0,0,0,0,0,0,1,1,"S_GEN3_WAIT",1,1,1,0,0,1,0,0
5931,1835,0,2,0,03,0,0,0,0,0,0,0,0,1,1,"S_GEN3_WAIT",1,1,1,0,0,1,0,0
5932,1836,0,2,0,03,0,0,0,0,0,0,0,0,1,1,"S_GEN3_WAIT",1,1,1,0,0,1,0,0
5933,1837,0,2,0,03,0,0,0,0,0,0,0,0,1,1,"S_GEN3_WAIT",1,1,1,0,0,1,0,0
5934,1838,0,2,0,03,0,0,0,0,0,0,0,0,1,1,"S_GEN3_WAIT",1,1,1,0,0,1,0,0
5935,1839,0,2,0,03,0,0,0,0,0,0,0,0,1,1,"S_GEN3_WAIT",1,1,1,0,0,1,0,0
5936,1840,0,2,0,03,0,0,0,0,0,0,0,0,1,1,"S_GEN3_WAIT",1,1,1,0,0,1,0,0
5937,1841,0,2,0,03,0,0,0,0,0,0,0,0,1,1,"S_GEN3_WAIT",1,1,1,0,0,1,0,0
5938,1842,0,2,0,03,0,0,0,0,0,0,0,0,1,1,"S_GEN3_WAIT",1,1,1,0,0,1,0,0
5939,1843,0,2,0,03,0,0,0,0,0,0,0,0,1,1,"S_GEN3_WAIT",1,1,1,0,0,1,0,0
5940,1844,0,2,0,03,0,0,0,0,0,0,0,0,1,1,"S_GEN3_WAIT",1,1,1,0,0,1,0,0
5941,1845,0,2,0,03,0,0,0,0,0,0,0,0,1,1,"S_GEN3_WAIT",1,1,1,0,0,1,0,0
5942,1846,0,2,0,03,0,0,0,0,0,0,0,0,1,1,"S_GEN3_WAIT",1,1,1,0,0,1,0,0
5943,1847,0,2,0,03,0,0,0,0,0,0,0,0,1,1,"S_GEN3_WAIT",1,1,1,0,0,1,0,0
5944,1848,0,2,0,03,0,0,0,0,0,0,0,0,1,1,"S_GEN3_WAIT",1,1,1,0,0,1,0,0
5945,1849,0,2,0,03,0,0,0,0,0,0,0,0,1,1,"S_GEN3_WAIT",1,1,1,0,0,1,0,0
5946,1850,0,2,0,03,0,0,0,0,0,0,0,0,1,1,"S_GEN3_WAIT",1,1,1,0,0,1,0,0
5947,1851,0,2,0,03,0,0,0,0,0,0,0,0,1,1,"S_GEN3_WAIT",1,1,1,0,0,1,0,0
5948,1852,0,2,0,03,0,0,0,0,0,0,0,0,1,1,"S_GEN3_WAIT",1,1,1,0,0,1,0,0
5949,1853,0,2,0,03,0,0,0,0,0,0,0,0,1,1,"S_GEN3_WAIT",1,1,1,0,0,1,0,0
5950,1854,0,2,0,03,0,0,0,0,0,0,0,0,1,1,"S_GEN3_WAIT",1,1,1,0,0,1,0,0
5951,1855,0,2,0,03,0,0,0,0,0,0,0,0,1,1,"S_GEN3_WAIT",1,1,1,0,0,1,0,0
5952,1856,0,2,0,03,0,0,0,0,0,0,0,0,1,1,"S_GEN3_WAIT",1,1,1,0,0,1,0,0
5953,1857,0,2,0,03,0,0,0,0,0,0,0,0,1,1,"S_GEN3_WAIT",1,1,1,0,0,1,0,0
5954,1858,0,2,0,03,0,0,0,0,0,0,0,0,1,1,"S_GEN3_WAIT",1,1,1,0,0,1,0,0
5955,1859,0,2,0,03,0,0,0,0,0,0,0,0,1,1,"S_GEN3_WAIT",1,1,1,0,0,1,0,0
5956,1860,0,2,0,03,0,0,0,0,0,0,0,0,1,1,"S_GEN3_WAIT",1,1,1,0,0,1,0,0
5957,1861,0,2,0,03,0,0,0,0,0,0,0,0,1,1,"S_GEN3_WAIT",1,1,1,0,0,1,0,0
5958,1862,0,2,0,03,0,0,0,0,0,0,0,0,1,1,"S_GEN3_WAIT",1,1,1,0,0,1,0,0
5959,1863,0,2,0,03,0,0,0,0,0,0,0,0,1,1,"S_GEN3_WAIT",1,1,1,0,0,1,0,0
5960,1864,0,2,0,03,0,0,0,0,0,0,0,0,1,1,"S_GEN3_WAIT",1,1,1,0,0,1,0,0
5961,1865,0,2,0,03,0,0,0,0,0,0,0,0,1,1,"S_GEN3_WAIT",1,1,1,0,0,1,0,0
5962,1866,0,2,0,03,0,0,0,0,0,0,0,0,1,1,"S_GEN3_WAIT",1,1,1,0,0,1,0,0
5963,1867,0,2,0,03,0,0,0,0,0,0,0,0,1,1,"S_GEN3_WAIT",1,1,1,0,0,1,0,0
5964,1868,0,2,0,03,0,0,0,0,0,0,0,0,1,1,"S_GEN3_WAIT",1,1,1,0,0,1,0,0
5965,1869,0,2,0,03,0,0,0,0,0,0,0,0,1,1,"S_GEN3_WAIT",1,1,1,0,0,1,0,0
5966,1870,0,2,0,03,0,0,0,0,0,0,0,0,1,1,"S_GEN3_WAIT",1,1,1,0,0,1,0,0
5967,1871,0,2,0,03,0,0,0,0,0,0,0,0,1,1,"S_GEN3_WAIT",1,1,1,0,0,1,0,0
5968,1872,0,2,0,03,0,0,0,0,0,0,0,0,1,1,"S_GEN3_WAIT",1,1,1,0,0,1,0,0
5969,1873,0,2,0,03,0,0,0,0,0,0,0,0,1,1,"S_GEN3_WAIT",1,1,1,0,0,1,0,0
5970,1874,0,2,0,03,0,0,0,0,0,0,0,0,1,1,"S_GEN3_WAIT",1,1,1,0,0,1,0,0
5971,1875,0,2,0,03,0,0,0,0,0,0,0,0,1,1,"S_GEN3_WAIT",1,1,1,0,0,1,0,0
5972,1876,0,2,0,03,0,0,0,0,0,0,0,0,1,1,"S_GEN3_WAIT",1,1,1,0,0,1,0,0
5973,1877,0,2,0,03,0,0,0,0,0,0,0,0,1,1,"S_GEN3_WAIT",1,1,1,0,0,1,0,0
5974,1878,0,2,0,03,0,0,0,0,0,0,0,0,1,1,"S_GEN3_WAIT",1,1,1,0,0,1,0,0
5975,1879,0,2,0,03,0,0,0,0,0,0,0,0,1,1,"S_GEN3_WAIT",1,1,1,0,0,1,0,0
5976,1880,0,2,0,03,0,0,0,0,0,0,0,0,1,1,"S_GEN3_WAIT",1,1,1,0,0,1,0,0
5977,1881,0,2,0,03,0,0,0,0,0,0,0,0,1,1,"S_GEN3_WAIT",1,1,1,0,0,1,0,0
5978,1882,0,2,0,03,0,0,0,0,0,0,0,0,1,1,"S_GEN3_WAIT",1,1,1,0,0,1,0,0
5979,1883,0,2,0,03,0,0,0,0,0,0,0,0,1,1,"S_GEN3_WAIT",1,1,1,0,0,1,0,0
5980,1884,0,2,0,03,0,0,0,0,0,0,0,0,1,1,"S_GEN3_WAIT",1,1,1,0,0,1,0,0
5981,1885,0,2,0,03,0,0,0,0,0,0,0,0,1,1,"S_GEN3_WAIT",1,1,1,0,0,1,0,0
5982,1886,0,2,0,03,0,0,0,0,0,0,0,0,1,1,"S_GEN3_WAIT",1,1,1,0,0,1,0,0
5983,1887,0,2,0,03,0,0,0,0,0,0,0,0,1,1,"S_GEN3_WAIT",1,1,1,0,0,1,0,0
5984,1888,0,2,0,03,0,0,0,0,0,0,0,0,1,1,"S_GEN3_WAIT",1,1,1,0,0,1,0,0
5985,1889,0,2,0,03,0,0,0,0,0,0,0,0,1,1,"S_GEN3_WAIT",1,1,1,0,0,1,0,0
5986,1890,0,2,0,03,0,0,0,0,0,0,0,0,1,1,"S_GEN3_WAIT",1,1,1,0,0,1,0,0
5987,1891,0,2,0,03,0,0,0,0,0,0,0,0,1,1,"S_GEN3_WAIT",1,1,1,0,0,1,0,0
5988,1892,0,2,0,03,0,0,0,0,0,0,0,0,1,1,"S_GEN3_WAIT",1,1,1,0,0,1,0,0
5989,1893,0,2,0,03,0,0,0,0,0,0,0,0,1,1,"S_GEN3_WAIT",1,1,1,0,0,1,0,0
5990,1894,0,2,0,03,0,0,0,0,0,0,0,0,1,1,"S_GEN3_WAIT",1,1,1,0,0,1,0,0
5991,1895,0,2,0,03,0,0,0,0,0,0,0,0,1,1,"S_GEN3_WAIT",1,1,1,0,0,1,0,0
5992,1896,0,2,0,03,0,0,0,0,0,0,0,0,1,1,"S_GEN3_WAIT",1,1,1,0,0,1,0,0
5993,1897,0,2,0,03,0,0,0,0,0,0,0,0,1,1,"S_GEN3_WAIT",1,1,1,0,0,1,0,0
5994,1898,0,2,0,03,0,0,0,0,0,0,0,0,1,1,"S_GEN3_WAIT",1,1,1,0,0,1,0,0
5995,1899,0,2,0,03,0,0,0,0,0,0,0,0,1,1,"S_GEN3_WAIT",1,1,1,0,0,1,0,0
5996,1900,0,2,0,03,0,0,0,0,0,0,0,0,1,1,"S_GEN3_WAIT",1,1,1,0,0,1,0,0
5997,1901,0,2,0,03,0,0,0,0,0,0,0,0,1,1,"S_GEN3_WAIT",1,1,1,0,0,1,0,0
5998,1902,0,2,0,03,0,0,0,0,0,0,0,0,1,1,"S_GEN3_WAIT",1,1,1,0,0,1,0,0
5999,1903,0,2,0,03,0,0,0,0,0,0,0,0,1,1,"S_GEN3_WAIT",1,1,1,0,0,1,0,0
6000,1904,0,2,0,03,0,0,0,0,0,0,0,0,1,1,"S_GEN3_WAIT",1,1,1,0,0,1,0,0
6001,1905,0,2,0,03,0,0,0,0,0,0,0,0,1,1,"S_GEN3_WAIT",1,1,1,0,0,1,0,0
6002,1906,0,2,0,03,0,0,0,0,0,0,0,0,1,1,"S_GEN3_WAIT",1,1,1,0,0,1,0,0
6003,1907,0,2,0,03,0,0,0,0,0,0,0,0,1,1,"S_GEN3_WAIT",1,1,1,0,0,1,0,0
6004,1908,0,2,0,03,0,0,0,0,0,0,0,0,1,1,"S_GEN3_WAIT",1,1,1,0,0,1,0,0
6005,1909,0,2,0,03,0,0,0,0,0,0,0,0,1,1,"S_GEN3_WAIT",1,1,1,0,0,1,0,0
6006,1910,0,2,0,03,0,0,0,0,0,0,0,0,1,1,"S_GEN3_WAIT",1,1,1,0,0,1,0,0
6007,1911,0,2,0,03,0,0,0,0,0,0,0,0,1,1,"S_GEN3_WAIT",1,1,1,0,0,1,0,0
6008,1912,0,2,0,03,0,0,0,0,0,0,0,0,1,1,"S_GEN3_WAIT",1,1,1,0,0,1,0,0
6009,1913,0,2,0,03,0,0,0,0,0,0,0,0,1,1,"S_GEN3_WAIT",1,1,1,0,0,1,0,0
6010,1914,0,2,0,03,0,0,0,0,0,0,0,0,1,1,"S_GEN3_WAIT",1,1,1,0,0,1,0,0
6011,1915,0,2,0,03,0,0,0,0,0,0,0,0,1,1,"S_GEN3_WAIT",1,1,1,0,0,1,0,0
6012,1916,0,2,0,03,0,0,0,0,0,0,0,0,1,1,"S_GEN3_WAIT",1,1,1,0,0,1,0,0
6013,1917,0,2,0,03,0,0,0,0,0,0,0,0,1,1,"S_GEN3_WAIT",1,1,1,0,0,1,0,0
6014,1918,0,2,0,03,0,0,0,0,0,0,0,0,1,1,"S_GEN3_WAIT",1,1,1,0,0,1,0,0
6015,1919,0,2,0,03,0,0,0,0,0,0,0,0,1,1,"S_GEN3_WAIT",1,1,1,0,0,1,0,0
6016,1920,0,2,0,03,0,0,0,0,0,0,0,0,1,1,"S_GEN3_WAIT",1,1,1,0,0,1,0,0
6017,1921,0,2,0,03,0,0,0,0,0,0,0,0,1,1,"S_GEN3_WAIT",1,1,1,0,0,1,0,0
6018,1922,0,2,0,03,0,0,0,0,0,0,0,0,1,1,"S_GEN3_WAIT",1,1,1,0,0,1,0,0
6019,1923,0,2,0,03,0,0,0,0,0,0,0,0,1,1,"S_GEN3_WAIT",1,1,1,0,0,1,0,0
6020,1924,0,2,0,03,0,0,0,0,0,0,0,0,1,1,"S_GEN3_WAIT",1,1,1,0,0,1,0,0
6021,1925,0,2,0,03,0,0,0,0,0,0,0,0,1,1,"S_GEN3_WAIT",1,1,1,0,0,1,0,0
6022,1926,0,2,0,03,0,0,0,0,0,0,0,0,1,1,"S_GEN3_WAIT",1,1,1,0,0,1,0,0
6023,1927,0,2,0,03,0,0,0,0,0,0,0,0,1,1,"S_GEN3_WAIT",1,1,1,0,0,1,0,0
6024,1928,0,2,0,03,0,0,0,0,0,0,0,0,1,1,"S_GEN3_WAIT",1,1,1,0,0,1,0,0
6025,1929,0,2,0,03,0,0,0,0,0,0,0,0,1,1,"S_GEN3_WAIT",1,1,1,0,0,1,0,0
6026,1930,0,2,0,03,0,0,0,0,0,0,0,0,1,1,"S_GEN3_WAIT",1,1,1,0,0,1,0,0
6027,1931,0,2,0,03,0,0,0,0,0,0,0,0,1,1,"S_GEN3_WAIT",1,1,1,0,0,1,0,0
6028,1932,0,2,0,03,0,0,0,0,0,0,0,0,1,1,"S_GEN3_WAIT",1,1,1,0,0,1,0,0
6029,1933,0,2,0,03,0,0,0,0,0,0,0,0,1,1,"S_GEN3_WAIT",1,1,1,0,0,1,0,0
6030,1934,0,2,0,03,0,0,0,0,0,0,0,0,1,1,"S_GEN3_WAIT",1,1,1,0,0,1,0,0
6031,1935,0,2,0,03,0,0,0,0,0,0,0,0,1,1,"S_GEN3_WAIT",1,1,1,0,0,1,0,0
6032,1936,0,2,0,03,0,0,0,0,0,0,0,0,1,1,"S_GEN3_WAIT",1,1,1,0,0,1,0,0
6033,1937,0,2,0,03,0,0,0,0,0,0,0,0,1,1,"S_GEN3_WAIT",1,1,1,0,0,1,0,0
6034,1938,0,2,0,03,0,0,0,0,0,0,0,0,1,1,"S_GEN3_WAIT",1,1,1,0,0,1,0,0
6035,1939,0,2,0,03,0,0,0,0,0,0,0,0,1,1,"S_GEN3_WAIT",1,1,1,0,0,1,0,0
6036,1940,0,2,0,03,0,0,0,0,0,0,0,0,1,1,"S_GEN3_WAIT",1,1,1,0,0,1,0,0
6037,1941,0,2,0,03,0,0,0,0,0,0,0,0,1,1,"S_GEN3_WAIT",1,1,1,0,0,1,0,0
6038,1942,0,2,0,03,0,0,0,0,0,0,0,0,1,1,"S_GEN3_WAIT",1,1,1,0,0,1,0,0
6039,1943,0,2,0,03,0,0,0,0,0,0,0,0,1,1,"S_GEN3_WAIT",1,1,1,0,0,1,0,0
6040,1944,0,2,0,03,0,0,0,0,0,0,0,0,1,1,"S_GEN3_WAIT",1,1,1,0,0,1,0,0
6041,1945,0,2,0,03,0,0,0,0,0,0,0,0,1,1,"S_GEN3_WAIT",1,1,1,0,0,1,0,0
6042,1946,0,2,0,03,0,0,0,0,0,0,0,0,1,1,"S_GEN3_WAIT",1,1,1,0,0,1,0,0
6043,1947,0,2,0,03,0,0,0,0,0,0,0,0,1,1,"S_GEN3_WAIT",1,1,1,0,0,1,0,0
6044,1948,0,2,0,03,0,0,0,0,0,0,0,0,1,1,"S_GEN3_WAIT",1,1,1,0,0,1,0,0
6045,1949,0,2,0,03,0,0,0,0,0,0,0,0,1,1,"S_GEN3_WAIT",1,1,1,0,0,1,0,0
6046,1950,0,2,0,03,0,0,0,0,0,0,0,0,1,1,"S_GEN3_WAIT",1,1,1,0,0,1,0,0
6047,1951,0,2,0,03,0,0,0,0,0,0,0,0,1,1,"S_GEN3_WAIT",1,1,1,0,0,1,0,0
6048,1952,0,2,0,03,0,0,0,0,0,0,0,0,1,1,"S_GEN3_WAIT",1,1,1,0,0,1,0,0
6049,1953,0,2,0,03,0,0,0,0,0,0,0,0,1,1,"S_GEN3_WAIT",1,1,1,0,0,1,0,0
6050,1954,0,2,0,03,0,0,0,0,0,0,0,0,1,1,"S_GEN3_WAIT",1,1,1,0,0,1,0,0
6051,1955,0,2,0,03,0,0,0,0,0,0,0,0,1,1,"S_GEN3_WAIT",1,1,1,0,0,1,0,0
6052,1956,0,2,0,03,0,0,0,0,0,0,0,0,1,1,"S_GEN3_WAIT",1,1,1,0,0,1,0,0
6053,1957,0,2,0,03,0,0,0,0,0,0,0,0,1,1,"S_GEN3_WAIT",1,1,1,0,0,1,0,0
6054,1958,0,2,0,03,0,0,0,0,0,0,0,0,1,1,"S_GEN3_WAIT",1,1,1,0,0,1,0,0
6055,1959,0,2,0,03,0,0,0,0,0,0,0,0,1,1,"S_GEN3_WAIT",1,1,1,0,0,1,0,0
6056,1960,0,2,0,03,0,0,0,0,0,0,0,0,1,1,"S_GEN3_WAIT",1,1,1,0,0,1,0,0
6057,1961,0,2,0,03,0,0,0,0,0,0,0,0,1,1,"S_GEN3_WAIT",1,1,1,0,0,1,0,0
6058,1962,0,2,0,03,0,0,0,0,0,0,0,0,1,1,"S_GEN3_WAIT",1,1,1,0,0,1,0,0
6059,1963,0,2,0,03,0,0,0,0,0,0,0,0,1,1,"S_GEN3_WAIT",1,1,1,0,0,1,0,0
6060,1964,0,2,0,03,0,0,0,0,0,0,0,0,1,1,"S_GEN3_WAIT",1,1,1,0,0,1,0,0
6061,1965,0,2,0,03,0,0,0,0,0,0,0,0,1,1,"S_GEN3_WAIT",1,1,1,0,0,1,0,0
6062,1966,0,2,0,03,0,0,0,0,0,0,0,0,1,1,"S_GEN3_WAIT",1,1,1,0,0,1,0,0
6063,1967,0,2,0,03,0,0,0,0,0,0,0,0,1,1,"S_GEN3_WAIT",1,1,1,0,0,1,0,0
6064,1968,0,2,0,03,0,0,0,0,0,0,0,0,1,1,"S_GEN3_WAIT",1,1,1,0,0,1,0,0
6065,1969,0,2,0,03,0,0,0,0,0,0,0,0,1,1,"S_GEN3_WAIT",1,1,1,0,0,1,0,0
6066,1970,0,2,0,03,0,0,0,0,0,0,0,0,1,1,"S_GEN3_WAIT",1,1,1,0,0,1,0,0
6067,1971,0,2,0,03,0,0,0,0,0,0,0,0,1,1,"S_GEN3_WAIT",1,1,1,0,0,1,0,0
6068,1972,0,2,0,03,0,0,0,0,0,0,0,0,1,1,"S_GEN3_WAIT",1,1,1,0,0,1,0,0
6069,1973,0,2,0,03,0,0,0,0,0,0,0,0,1,1,"S_GEN3_WAIT",1,1,1,0,0,1,0,0
6070,1974,0,2,0,03,0,0,0,0,0,0,0,0,1,1,"S_GEN3_WAIT",1,1,1,0,0,1,0,0
6071,1975,0,2,0,03,0,0,0,0,0,0,0,0,1,1,"S_GEN3_WAIT",1,1,1,0,0,1,0,0
6072,1976,0,2,0,03,0,0,0,0,0,0,0,0,1,1,"S_GEN3_WAIT",1,1,1,0,0,1,0,0
6073,1977,0,2,0,03,0,0,0,0,0,0,0,0,1,1,"S_GEN3_WAIT",1,1,1,0,0,1,0,0
6074,1978,0,2,0,03,0,0,0,0,0,0,0,0,1,1,"S_GEN3_WAIT",1,1,1,0,0,1,0,0
6075,1979,0,2,0,03,0,0,0,0,0,0,0,0,1,1,"S_GEN3_WAIT",1,1,1,0,0,1,0,0
6076,1980,0,2,0,03,0,0,0,0,0,0,0,0,1,1,"S_GEN3_WAIT",1,1,1,0,0,1,0,0
6077,1981,0,2,0,03,0,0,0,0,0,0,0,0,1,1,"S_GEN3_WAIT",1,1,1,0,0,1,0,0
6078,1982,0,2,0,03,0,0,0,0,0,0,0,0,1,1,"S_GEN3_WAIT",1,1,1,0,0,1,0,0
6079,1983,0,2,0,03,0,0,0,0,0,0,0,0,1,1,"S_GEN3_WAIT",1,1,1,0,0,1,0,0
6080,1984,0,2,0,03,0,0,0,0,0,0,0,0,1,1,"S_GEN3_WAIT",1,1,1,0,0,1,0,0
6081,1985,0,2,0,03,0,0,0,0,0,0,0,0,1,1,"S_GEN3_WAIT",1,1,1,0,0,1,0,0
6082,1986,0,2,0,03,0,0,0,0,0,0,0,0,1,1,"S_GEN3_WAIT",1,1,1,0,0,1,0,0
6083,1987,0,2,0,03,0,0,0,0,0,0,0,0,1,1,"S_GEN3_WAIT",1,1,1,0,0,1,0,0
6084,1988,0,2,0,03,0,0,0,0,0,0,0,0,1,1,"S_GEN3_WAIT",1,1,1,0,0,1,0,0
6085,1989,0,2,0,03,0,0,0,0,0,0,0,0,1,1,"S_GEN3_WAIT",1,1,1,0,0,1,0,0
6086,1990,0,2,0,03,0,0,0,0,0,0,0,0,1,1,"S_GEN3_WAIT",1,1,1,0,0,1,0,0
6087,1991,0,2,0,03,0,0,0,0,0,0,0,0,1,1,"S_GEN3_WAIT",1,1,1,0,0,1,0,0
6088,1992,0,2,0,03,0,0,0,0,0,0,0,0,1,1,"S_GEN3_WAIT",1,1,1,0,0,1,0,0
6089,1993,0,2,0,03,0,0,0,0,0,0,0,0,1,1,"S_GEN3_WAIT",1,1,1,0,0,1,0,0
6090,1994,0,2,0,03,0,0,0,0,0,0,0,0,1,1,"S_GEN3_WAIT",1,1,1,0,0,1,0,0
6091,1995,0,2,0,03,0,0,0,0,0,0,0,0,1,1,"S_GEN3_WAIT",1,1,1,0,0,1,0,0
6092,1996,0,2,0,03,0,0,0,0,0,0,0,0,1,1,"S_GEN3_WAIT",1,1,1,0,0,1,0,0
6093,1997,0,2,0,03,0,0,0,0,0,0,0,0,1,1,"S_GEN3_WAIT",1,1,1,0,0,1,0,0
6094,1998,0,2,0,03,0,0,0,0,0,0,0,0,1,1,"S_GEN3_WAIT",1,1,1,0,0,1,0,0
6095,1999,0,2,0,03,0,0,0,0,0,0,0,0,1,1,"S_GEN3_WAIT",1,1,1,0,0,1,0,0
6096,2000,0,2,0,03,0,0,0,0,0,0,0,0,1,1,"S_GEN3_WAIT",1,1,1,0,0,1,0,0
6097,2001,0,2,0,03,0,0,0,0,0,0,0,0,1,1,"S_GEN3_WAIT",1,1,1,0,0,1,0,0
6098,2002,0,2,0,03,0,0,0,0,0,0,0,0,1,1,"S_GEN3_WAIT",1,1,1,0,0,1,0,0
6099,2003,0,2,0,03,0,0,0,0,0,0,0,0,1,1,"S_GEN3_WAIT",1,1,1,0,0,1,0,0
6100,2004,0,2,0,03,0,0,0,0,0,0,0,0,1,1,"S_GEN3_WAIT",1,1,1,0,0,1,0,0
6101,2005,0,2,0,03,0,0,0,0,0,0,0,0,1,1,"S_GEN3_WAIT",1,1,1,0,0,1,0,0
6102,2006,0,2,0,03,0,0,0,0,0,0,0,0,1,1,"S_GEN3_WAIT",1,1,1,0,0,1,0,0
6103,2007,0,2,0,03,0,0,0,0,0,0,0,0,1,1,"S_GEN3_WAIT",1,1,1,0,0,1,0,0
6104,2008,0,2,0,03,0,0,0,0,0,0,0,0,1,1,"S_GEN3_WAIT",1,1,1,0,0,1,0,0
6105,2009,0,2,0,03,0,0,0,0,0,0,0,0,1,1,"S_GEN3_WAIT",1,1,1,0,0,1,0,0
6106,2010,0,2,0,03,0,0,0,0,0,0,0,0,1,1,"S_GEN3_WAIT",1,1,1,0,0,1,0,0
6107,2011,0,2,0,03,0,0,0,0,0,0,0,0,1,1,"S_GEN3_WAIT",1,1,1,0,0,1,0,0
6108,2012,0,2,0,03,0,0,0,0,0,0,0,0,1,1,"S_GEN3_WAIT",1,1,1,0,0,1,0,0
6109,2013,0,2,0,03,0,0,0,0,0,0,0,0,1,1,"S_GEN3_WAIT",1,1,1,0,0,1,0,0
6110,2014,0,2,0,03,0,0,0,0,0,0,0,0,1,1,"S_GEN3_WAIT",1,1,1,0,0,1,0,0
6111,2015,0,2,0,03,0,0,0,0,0,0,0,0,1,1,"S_GEN3_WAIT",1,1,1,0,0,1,0,0
6112,2016,0,2,0,03,0,0,0,0,0,0,0,0,1,1,"S_GEN3_WAIT",1,1,1,0,0,1,0,0
6113,2017,0,2,0,03,0,0,0,0,0,0,0,0,1,1,"S_GEN3_WAIT",1,1,1,0,0,1,0,0
6114,2018,0,2,0,03,0,0,0,0,0,0,0,0,1,1,"S_GEN3_WAIT",1,1,1,0,0,1,0,0
6115,2019,0,2,0,03,0,0,0,0,0,0,0,0,1,1,"S_GEN3_WAIT",1,1,1,0,0,1,0,0
6116,2020,0,2,0,03,0,0,0,0,0,0,0,0,1,1,"S_GEN3_WAIT",1,1,1,0,0,1,0,0
6117,2021,0,2,0,03,0,0,0,0,0,0,0,0,1,1,"S_GEN3_WAIT",1,1,1,0,0,1,0,0
6118,2022,0,2,0,03,0,0,0,0,0,0,0,0,1,1,"S_GEN3_WAIT",1,1,1,0,0,1,0,0
6119,2023,0,2,0,03,0,0,0,0,0,0,0,0,1,1,"S_GEN3_WAIT",1,1,1,0,0,1,0,0
6120,2024,0,2,0,03,0,0,0,0,0,0,0,0,1,1,"S_GEN3_WAIT",1,1,1,0,0,1,0,0
6121,2025,0,2,0,03,0,0,0,0,0,0,0,0,1,1,"S_GEN3_WAIT",1,1,1,0,0,1,0,0
6122,2026,0,2,0,03,0,0,0,0,0,0,0,0,1,1,"S_GEN3_WAIT",1,1,1,0,0,1,0,0
6123,2027,0,2,0,03,0,0,0,0,0,0,0,0,1,1,"S_GEN3_WAIT",1,1,1,0,0,1,0,0
6124,2028,0,2,0,03,0,0,0,0,0,0,0,0,1,1,"S_GEN3_WAIT",1,1,1,0,0,1,0,0
6125,2029,0,2,0,03,0,0,0,0,0,0,0,0,1,1,"S_GEN3_WAIT",1,1,1,0,0,1,0,0
6126,2030,0,2,0,03,0,0,0,0,0,0,0,0,1,1,"S_GEN3_WAIT",1,1,1,0,0,1,0,0
6127,2031,0,2,0,03,0,0,0,0,0,0,0,0,1,1,"S_GEN3_WAIT",1,1,1,0,0,1,0,0
6128,2032,0,2,0,03,0,0,0,0,0,0,0,0,1,1,"S_GEN3_WAIT",1,1,1,0,0,1,0,0
6129,2033,0,2,0,03,0,0,0,0,0,0,0,0,1,1,"S_GEN3_WAIT",1,1,1,0,0,1,0,0
6130,2034,0,2,0,03,0,0,0,0,0,0,0,0,1,1,"S_GEN3_WAIT",1,1,1,0,0,1,0,0
6131,2035,0,2,0,03,0,0,0,0,0,0,0,0,1,1,"S_GEN3_WAIT",1,1,1,0,0,1,0,0
6132,2036,0,2,0,03,0,0,0,0,0,0,0,0,1,1,"S_GEN3_WAIT",1,1,1,0,0,1,0,0
6133,2037,0,2,0,03,0,0,0,0,0,0,0,0,1,1,"S_GEN3_WAIT",1,1,1,0,0,1,0,0
6134,2038,0,2,0,03,0,0,0,0,0,0,0,0,1,1,"S_GEN3_WAIT",1,1,1,0,0,1,0,0
6135,2039,0,2,0,03,0,0,0,0,0,0,0,0,1,1,"S_GEN3_WAIT",1,1,1,0,0,1,0,0
6136,2040,0,2,0,03,0,0,0,0,0,0,0,0,1,1,"S_GEN3_WAIT",1,1,1,0,0,1,0,0
6137,2041,0,2,0,03,0,0,0,0,0,0,0,0,1,1,"S_GEN3_WAIT",1,1,1,0,0,1,0,0
6138,2042,0,2,0,03,0,0,0,0,0,0,0,0,1,1,"S_GEN3_WAIT",1,1,1,0,0,1,0,0
6139,2043,0,2,0,03,0,0,0,0,0,0,0,0,1,1,"S_GEN3_WAIT",1,1,1,0,0,1,0,0
6140,2044,0,2,0,03,0,0,0,0,0,0,0,0,1,1,"S_GEN3_WAIT",1,1,1,0,0,1,0,0
6141,2045,0,2,0,03,0,0,0,0,0,0,0,0,1,1,"S_GEN3_WAIT",1,1,1,0,0,1,0,0
6142,2046,0,2,0,03,0,0,0,0,0,0,0,0,1,1,"S_GEN3_WAIT",1,1,1,0,0,1,0,0
6143,2047,0,2,0,03,0,0,0,0,0,0,0,0,1,1,"S_GEN3_WAIT",1,1,1,0,0,1,0,0
6144,2048,1,2,0,03,0,0,0,1,0,0,0,0,1,1,"S_GEN3_WAIT",1,1,1,0,0,1,0,0
6145,2049,0,2,0,03,0,0,0,1,0,0,0,0,1,1,"S_GEN3_WAIT",1,1,1,0,0,1,0,0
6146,2050,0,2,0,03,0,0,0,1,0,0,0,0,1,1,"S_GEN3_WAIT",1,1,1,0,0,1,0,0
6147,2051,0,2,0,03,0,0,0,1,0,0,0,0,1,1,"S_GEN3_WAIT",1,1,1,0,0,1,0,0
6148,2052,0,2,0,03,0,0,0,1,0,0,0,0,1,1,"S_GEN3_WAIT",1,1,1,0,0,1,0,0
6149,2053,0,2,0,03,0,0,0,1,0,0,0,0,1,1,"S_GEN3_WAIT",1,1,1,0,0,1,0,0
6150,2054,0,2,0,03,0,0,0,1,0,0,0,0,1,1,"S_GEN3_WAIT",1,1,1,0,0,1,0,0
6151,2055,0,2,0,03,0,0,0,1,0,0,0,0,1,1,"S_GEN3_WAIT",1,1,1,0,0,1,0,0
6152,2056,0,2,0,03,0,0,0,1,0,0,0,0,1,1,"S_GEN3_WAIT",1,1,1,0,0,1,0,0
6153,2057,0,2,0,03,0,0,0,1,0,0,0,0,1,1,"S_GEN3_WAIT",1,1,1,0,0,1,0,0
6154,2058,0,2,0,03,0,0,0,1,0,0,0,0,1,1,"S_GEN3_WAIT",1,1,1,0,0,1,0,0
6155,2059,0,2,0,03,0,0,0,1,0,0,0,0,1,1,"S_GEN3_WAIT",1,1,1,0,0,1,0,0
6156,2060,0,2,0,03,0,0,0,1,0,0,1,0,1,1,"S_GEN3_WAIT",1,1,1,0,0,1,0,0
6157,2061,0,2,0,03,0,0,0,1,0,0,1,0,1,1,"S_GEN3_WAIT",1,1,1,0,0,1,0,0
6158,2062,0,2,0,03,0,0,0,1,0,0,1,0,1,1,"S_GEN3_WAIT",1,1,1,0,0,1,0,0
6159,2063,0,2,0,03,0,0,0,1,0,0,1,0,1,1,"S_GEN3_WAIT",1,1,1,0,0,1,0,0
6160,2064,0,2,0,03,0,0,0,1,0,0,1,0,1,1,"S_GEN3_WAIT",1,1,1,0,0,1,0,0
6161,2065,0,2,0,03,0,0,0,1,0,0,1,0,1,1,"S_GEN3_WAIT",1,1,1,0,0,1,0,0
6162,2066,0,2,0,03,0,0,0,1,0,0,1,0,1,1,"S_GEN3_WAIT",1,1,1,0,0,1,0,0
6163,2067,0,2,0,03,0,0,0,1,0,0,1,0,1,1,"S_GEN3_WAIT",1,1,1,0,0,1,0,0
6164,2068,0,2,0,03,0,0,0,1,0,0,1,0,1,1,"S_GEN3_WAIT",1,1,1,0,0,1,0,0
6165,2069,0,2,0,03,0,0,0,1,0,0,1,0,1,1,"S_GEN3_WAIT",1,1,1,0,0,1,0,0
6166,2070,0,2,0,03,0,0,0,1,0,0,1,0,1,1,"S_GEN3_WAIT",1,1,1,0,0,1,0,0
6167,2071,0,2,0,03,0,0,0,1,0,0,1,0,1,1,"S_GEN3_WAIT",1,1,1,0,0,1,0,0
6168,2072,0,2,0,03,0,0,0,1,0,0,1,0,1,1,"S_GEN3_WAIT",1,1,1,0,0,1,0,0
6169,2073,0,2,0,03,0,0,0,1,0,0,1,0,1,1,"S_GEN3_WAIT",1,1,1,0,0,1,0,0
6170,2074,0,2,0,03,0,0,0,1,0,0,1,0,1,1,"S_GEN3_WAIT",1,1,1,0,0,1,0,0
6171,2075,0,2,0,03,0,0,0,1,0,0,1,0,1,1,"S_GEN3_WAIT",1,1,1,0,0,1,0,0
6172,2076,0,2,0,03,0,0,0,1,0,0,1,0,1,1,"S_GEN3_WAIT",1,1,1,0,0,1,0,0
6173,2077,0,2,0,03,0,0,0,1,0,0,1,0,1,1,"S_GEN3_WAIT",1,1,1,0,0,1,0,0
6174,2078,0,2,0,03,0,0,0,1,0,0,1,0,1,1,"S_GEN3_WAIT",1,1,1,0,0,1,0,0
6175,2079,0,2,0,03,0,0,0,1,0,0,1,0,1,1,"S_GEN3_WAIT",1,1,1,0,0,1,0,0
6176,2080,0,2,0,03,0,0,0,1,0,0,1,0,1,1,"S_GEN3_WAIT",1,1,1,0,0,1,0,0
6177,2081,0,2,0,03,0,0,0,1,0,0,1,0,1,1,"S_GEN3_WAIT",1,1,1,0,0,1,0,0
6178,2082,0,2,0,03,0,0,0,1,0,0,1,0,1,1,"S_GEN3_WAIT",1,1,1,0,0,1,0,0
6179,2083,0,2,0,03,0,0,0,1,0,0,1,0,1,1,"S_GEN3_WAIT",1,1,1,0,0,1,0,0
6180,2084,0,2,0,03,0,0,0,1,0,0,1,0,1,1,"S_GEN3_WAIT",1,1,1,0,0,1,0,0
6181,2085,0,2,0,03,0,0,0,1,0,0,1,0,1,1,"S_GEN3_WAIT",1,1,1,0,0,1,0,0
6182,2086,0,2,0,03,0,0,0,1,0,0,1,0,1,1,"S_GEN3_WAIT",1,1,1,0,0,1,0,0
6183,2087,0,2,0,03,0,0,0,1,0,0,1,0,1,1,"S_GEN3_WAIT",1,1,1,0,0,1,0,0
6184,2088,0,2,0,03,0,0,0,1,0,0,1,0,1,1,"S_GEN3_WAIT",1,1,1,0,0,1,0,0
6185,2089,0,2,0,03,0,0,0,1,0,0,1,0,1,1,"S_GEN3_WAIT",1,1,1,0,0,1,0,0
6186,2090,0,2,0,03,0,0,0,1,0,0,1,0,1,1,"S_GEN3_WAIT",1,1,1,0,0,1,0,0
6187,2091,0,2,0,03,0,0,0,1,0,0,1,0,1,1,"S_GEN3_WAIT",1,1,1,0,0,1,0,0
6188,2092,0,2,0,03,0,0,0,1,0,0,1,0,1,1,"S_GEN3_WAIT",1,1,1,0,0,1,0,0
6189,2093,0,2,0,03,0,0,0,1,0,0,1,0,1,1,"S_GEN3_WAIT",1,1,1,0,0,1,0,0
6190,2094,0,2,0,03,0,0,0,1,0,0,1,0,1,1,"S_GEN3_WAIT",1,1,1,0,0,1,0,0
6191,2095,0,2,0,03,0,0,0,1,0,0,1,0,1,1,"S_GEN3_WAIT",1,1,1,0,0,1,0,0
6192,2096,0,2,0,03,0,0,0,1,0,0,1,0,1,1,"S_GEN3_WAIT",1,1,1,0,0,1,0,0
6193,2097,0,2,0,03,0,0,0,1,0,0,1,0,1,1,"S_GEN3_WAIT",1,1,1,0,0,1,0,0
6194,2098,0,2,0,03,0,0,0,1,0,0,1,0,1,1,"S_GEN3_WAIT",1,1,1,0,0,1,0,0
6195,2099,0,2,0,03,0,0,0,1,0,0,1,0,1,1,"S_GEN3_WAIT",1,1,1,0,0,1,0,0
6196,2100,0,2,0,03,0,0,0,1,0,0,1,0,1,1,"S_GEN3_WAIT",1,1,1,0,0,1,0,0
6197,2101,0,2,0,03,0,0,0,1,0,0,1,0,1,1,"S_GEN3_WAIT",1,1,1,0,0,1,0,0
6198,2102,0,2,0,03,0,0,0,1,0,0,1,0,1,1,"S_GEN3_WAIT",1,1,1,0,0,1,0,0
6199,2103,0,2,0,03,0,0,0,1,0,0,1,0,1,1,"S_GEN3_WAIT",1,1,1,0,0,1,0,0
6200,2104,0,2,0,03,0,0,0,1,0,0,1,0,1,1,"S_GEN3_WAIT",1,1,1,0,0,1,0,0
6201,2105,0,2,0,03,0,0,0,1,0,0,1,0,1,1,"S_GEN3_WAIT",1,1,1,0,0,1,0,0
6202,2106,0,2,0,03,0,0,0,1,0,0,1,0,1,1,"S_GEN3_WAIT",1,1,1,0,0,1,0,0
6203,2107,0,2,0,03,0,0,0,1,0,0,1,0,1,1,"S_GEN3_WAIT",1,1,1,0,0,1,0,0
6204,2108,0,2,0,03,0,0,0,1,0,0,1,0,1,1,"S_GEN3_WAIT",1,1,1,0,0,1,0,0
6205,2109,0,2,0,03,0,0,0,1,0,0,1,0,1,1,"S_GEN3_WAIT",1,1,1,0,0,1,0,0
6206,2110,0,2,0,03,0,0,0,1,0,0,1,0,1,1,"S_GEN3_WAIT",1,1,1,0,0,1,0,0
6207,2111,0,2,0,03,0,0,0,1,0,0,1,0,1,1,"S_GEN3_WAIT",1,1,1,0,0,1,0,0
6208,2112,0,2,0,03,0,0,0,1,0,0,1,0,1,1,"S_GEN3_WAIT",1,1,1,0,0,1,0,0
6209,2113,0,2,0,03,0,0,0,1,0,0,1,0,1,1,"S_GEN3_WAIT",1,1,1,0,0,1,0,0
6210,2114,0,2,0,03,0,0,0,1,0,0,1,0,1,1,"S_GEN3_WAIT",1,1,1,0,0,1,0,0
6211,2115,0,2,0,03,0,0,0,1,0,0,1,0,1,1,"S_GEN3_WAIT",1,1,1,0,0,1,0,0
6212,2116,0,2,0,03,0,0,0,1,0,0,1,0,1,1,"S_GEN3_WAIT",1,1,1,0,0,1,0,0
6213,2117,0,2,0,03,0,0,0,1,0,0,1,0,1,1,"S_GEN3_WAIT",1,1,1,0,0,1,0,0
6214,2118,0,2,0,03,0,0,0,1,0,0,1,0,1,1,"S_GEN3_WAIT",1,1,1,0,0,1,0,0
6215,2119,0,2,0,03,0,0,0,1,0,0,1,0,1,1,"S_GEN3_WAIT",1,1,1,0,0,1,0,0
6216,2120,0,2,0,03,0,0,0,1,0,0,1,0,1,1,"S_GEN3_WAIT",1,1,1,0,0,1,0,0
6217,2121,0,2,0,03,0,0,0,1,0,0,1,0,1,1,"S_GEN3_WAIT",1,1,1,0,0,1,0,0
6218,2122,0,2,0,03,0,0,0,1,0,0,1,0,1,1,"S_GEN3_WAIT",1,1,1,0,0,1,0,0
6219,2123,0,2,0,03,0,0,0,1,0,0,1,0,1,1,"S_GEN3_WAIT",1,1,1,0,0,1,0,0
6220,2124,0,2,0,03,0,0,0,1,0,0,1,0,1,1,"S_GEN3_WAIT",1,1,1,0,0,1,0,0
6221,2125,0,2,0,03,0,0,0,1,0,0,1,0,1,1,"S_GEN3_WAIT",1,1,1,0,0,1,0,0
6222,2126,0,2,0,03,0,0,0,1,0,0,1,0,1,1,"S_GEN3_WAIT",1,1,1,0,0,1,0,0
6223,2127,0,2,0,03,0,0,0,1,0,0,1,0,1,1,"S_GEN3_WAIT",1,1,1,0,0,1,0,0
6224,2128,0,2,0,03,0,0,0,1,0,0,1,0,1,1,"S_GEN3_WAIT",1,1,1,0,0,1,0,0
6225,2129,0,2,0,03,0,0,0,1,0,0,1,0,1,1,"S_GEN3_WAIT",1,1,1,0,0,1,0,0
6226,2130,0,2,0,03,0,0,0,1,0,0,1,0,1,1,"S_GEN3_WAIT",1,1,1,0,0,1,0,0
6227,2131,0,2,0,03,0,0,0,1,0,0,1,0,1,1,"S_GEN3_WAIT",1,1,1,0,0,1,0,0
6228,2132,0,2,0,03,0,0,0,1,0,0,1,0,1,1,"S_GEN3_WAIT",1,1,1,0,0,1,0,0
6229,2133,0,2,0,03,0,0,0,1,0,0,1,0,1,1,"S_GEN3_WAIT",1,1,1,0,0,1,0,0
6230,2134,0,2,0,03,0,0,0,1,0,0,1,0,1,1,"S_GEN3_WAIT",1,1,1,0,0,1,0,0
6231,2135,0,2,0,03,0,0,0,1,0,0,1,0,1,1,"S_GEN3_WAIT",1,1,1,0,0,1,0,0
6232,2136,0,2,0,03,0,0,0,1,0,0,1,0,1,1,"S_GEN3_WAIT",1,1,1,0,0,1,0,0
6233,2137,0,2,0,03,0,0,0,1,0,0,1,0,1,1,"S_GEN3_WAIT",1,1,1,0,0,1,0,0
6234,2138,0,2,0,03,0,0,0,1,0,0,1,0,1,1,"S_GEN3_WAIT",1,1,1,0,0,1,0,0
6235,2139,0,2,0,03,0,0,0,1,0,0,1,0,1,1,"S_GEN3_WAIT",1,1,1,0,0,1,0,0
6236,2140,0,2,0,03,0,0,0,1,0,0,1,0,1,1,"S_GEN3_WAIT",1,1,1,0,0,1,0,0
6237,2141,0,2,0,03,0,0,0,1,0,0,1,0,1,1,"S_GEN3_WAIT",1,1,1,0,0,1,0,0
6238,2142,0,2,0,03,0,0,0,1,0,0,1,0,1,1,"S_GEN3_WAIT",1,1,1,0,0,1,0,0
6239,2143,0,2,0,03,0,0,0,1,0,0,1,0,1,1,"S_GEN3_WAIT",1,1,1,0,0,1,0,0
6240,2144,0,2,0,03,0,0,0,1,0,0,1,0,1,1,"S_GEN3_WAIT",1,1,1,0,0,1,0,0
6241,2145,0,2,0,03,0,0,0,1,0,0,1,0,1,1,"S_GEN3_WAIT",1,1,1,0,0,1,0,0
6242,2146,0,2,0,03,0,0,0,1,0,0,1,0,1,1,"S_GEN3_WAIT",1,1,1,0,0,1,0,0
6243,2147,0,2,0,03,0,0,0,1,0,0,1,0,1,1,"S_GEN3_WAIT",1,1,1,0,0,1,0,0
6244,2148,0,2,0,03,0,0,0,1,0,0,1,0,1,1,"S_GEN3_WAIT",1,1,1,0,0,1,0,0
6245,2149,0,2,0,03,0,0,0,1,0,0,1,0,1,1,"S_GEN3_WAIT",1,1,1,0,0,1,0,0
6246,2150,0,2,0,03,0,0,0,1,0,0,1,0,1,1,"S_GEN3_WAIT",1,1,1,0,0,1,0,0
6247,2151,0,2,0,03,0,0,0,1,0,0,1,0,1,1,"S_GEN3_WAIT",1,1,1,0,0,1,0,0
6248,2152,0,2,0,03,0,0,0,1,0,0,1,0,1,1,"S_GEN3_WAIT",1,1,1,0,0,1,0,0
6249,2153,0,2,0,03,0,0,0,1,0,0,1,0,1,1,"S_GEN3_WAIT",1,1,1,0,0,1,0,0
6250,2154,0,2,0,03,0,0,0,1,0,0,1,0,1,1,"S_GEN3_WAIT",1,1,1,0,0,1,0,0
6251,2155,0,2,0,03,0,0,0,1,0,0,1,0,1,1,"S_GEN3_WAIT",1,1,1,0,0,1,0,0
6252,2156,0,2,0,03,0,0,0,1,0,0,1,0,1,1,"S_GEN3_WAIT",1,1,1,0,0,1,0,0
6253,2157,0,2,0,03,0,0,0,1,0,0,1,0,1,1,"S_GEN3_WAIT",1,1,1,0,0,1,0,0
6254,2158,0,2,0,03,0,0,0,1,0,0,1,0,1,1,"S_GEN3_WAIT",1,1,1,0,0,1,0,0
6255,2159,0,2,0,03,0,0,0,1,0,0,1,0,1,1,"S_GEN3_WAIT",1,1,1,0,0,1,0,0
6256,2160,0,2,0,03,0,0,0,1,0,0,1,0,1,1,"S_GEN3_WAIT",1,1,1,0,0,1,0,0
6257,2161,0,2,0,03,0,0,0,1,0,0,1,0,1,1,"S_GEN3_WAIT",1,1,1,0,0,1,0,0
6258,2162,0,2,0,03,0,0,0,1,0,0,1,0,1,1,"S_GEN3_WAIT",1,1,1,0,0,1,0,0
6259,2163,0,2,0,03,0,0,0,1,0,0,1,0,1,1,"S_GEN3_WAIT",1,1,1,0,0,1,0,0
6260,2164,0,2,0,03,0,0,0,1,0,0,1,0,1,1,"S_GEN3_WAIT",1,1,1,0,0,1,0,0
6261,2165,0,2,0,03,0,0,0,1,0,0,1,0,1,1,"S_GEN3_WAIT",1,1,1,0,0,1,0,0
6262,2166,0,2,0,03,0,0,0,1,0,0,1,0,1,1,"S_GEN3_WAIT",1,1,1,0,0,1,0,0
6263,2167,0,2,0,03,0,0,0,1,0,0,1,0,1,1,"S_GEN3_WAIT",1,1,1,0,0,1,0,0
6264,2168,0,2,0,03,0,0,0,1,0,0,1,0,1,1,"S_GEN3_WAIT",1,1,1,0,0,1,0,0
6265,2169,0,2,0,03,0,0,0,1,0,0,1,0,1,1,"S_GEN3_WAIT",1,1,1,0,0,1,0,0
6266,2170,0,2,0,03,0,0,0,1,0,0,1,0,1,1,"S_GEN3_WAIT",1,1,1,0,0,1,0,0
6267,2171,0,2,0,03,0,0,0,1,0,0,1,0,1,1,"S_GEN3_WAIT",1,1,1,0,0,1,0,0
6268,2172,0,2,0,03,0,0,0,1,0,0,1,0,1,1,"S_GEN3_WAIT",1,1,1,0,0,1,0,0
6269,2173,0,2,0,03,0,0,0,1,0,0,1,0,1,1,"S_GEN3_WAIT",1,1,1,0,0,1,0,0
6270,2174,0,2,0,03,0,0,0,1,0,0,1,0,1,1,"S_GEN3_WAIT",1,1,1,0,0,1,0,0
6271,2175,0,2,0,03,0,0,0,1,0,0,1,0,1,1,"S_GEN3_WAIT",1,1,1,0,0,1,0,0
6272,2176,0,2,0,03,0,0,0,1,0,0,1,0,1,1,"S_GEN3_WAIT",1,1,1,0,0,1,0,0
6273,2177,0,2,0,03,0,0,0,1,0,0,1,0,1,1,"S_GEN3_WAIT",1,1,1,0,0,1,0,0
6274,2178,0,2,0,03,0,0,0,1,0,0,1,0,1,1,"S_GEN3_WAIT",1,1,1,0,0,1,0,0
6275,2179,0,2,0,03,0,0,0,1,0,0,1,0,1,1,"S_GEN3_WAIT",1,1,1,0,0,1,0,0
6276,2180,0,2,0,03,0,0,0,1,0,0,1,0,1,1,"S_GEN3_WAIT",1,1,1,0,0,1,0,0
6277,2181,0,2,0,03,0,0,0,1,0,0,1,0,1,1,"S_GEN3_WAIT",1,1,1,0,0,1,0,0
6278,2182,0,2,0,03,0,0,0,1,0,0,1,0,1,1,"S_GEN3_WAIT",1,1,1,0,0,1,0,0
6279,2183,0,2,0,03,0,0,0,1,0,0,1,0,1,1,"S_GEN3_WAIT",1,1,1,0,0,1,0,0
6280,2184,0,2,0,03,0,0,0,1,0,0,1,0,1,1,"S_GEN3_WAIT",1,1,1,0,0,1,0,0
6281,2185,0,2,0,03,0,0,0,1,0,0,1,0,1,1,"S_GEN3_WAIT",1,1,1,0,0,1,0,0
6282,2186,0,2,0,03,0,0,0,1,0,0,1,0,1,1,"S_GEN3_WAIT",1,1,1,0,0,1,0,0
6283,2187,0,2,0,03,0,0,0,1,0,0,1,0,1,1,"S_GEN3_WAIT",1,1,1,0,0,1,0,0
6284,2188,0,2,0,03,0,0,0,1,0,0,1,0,1,1,"S_GEN3_WAIT",1,1,1,0,0,1,0,0
6285,2189,0,2,0,03,0,0,0,1,0,0,1,0,1,1,"S_GEN3_WAIT",1,1,1,0,0,1,0,0
6286,2190,0,2,0,03,0,0,0,1,0,0,1,0,1,1,"S_GEN3_WAIT",1,1,1,0,0,1,0,0
6287,2191,0,2,0,03,0,0,0,1,0,0,1,0,1,1,"S_GEN3_WAIT",1,1,1,0,0,1,0,0
6288,2192,0,2,0,03,0,0,0,1,0,0,1,0,1,1,"S_GEN3_WAIT",1,1,1,0,0,1,0,0
6289,2193,0,2,0,03,0,0,0,1,0,0,1,0,1,1,"S_GEN3_WAIT",1,1,1,0,0,1,0,0
6290,2194,0,2,0,03,0,0,0,1,0,0,1,0,1,1,"S_GEN3_WAIT",1,1,1,0,0,1,0,0
6291,2195,0,2,0,03,0,0,0,1,0,0,1,0,1,1,"S_GEN3_WAIT",1,1,1,0,0,1,0,0
6292,2196,0,2,0,03,0,0,0,1,0,0,1,0,1,1,"S_GEN3_WAIT",1,1,1,0,0,1,0,0
6293,2197,0,2,0,03,0,0,0,1,0,0,1,0,1,1,"S_GEN3_WAIT",1,1,1,0,0,1,0,0
6294,2198,0,2,0,03,0,0,0,1,0,0,1,0,1,1,"S_GEN3_WAIT",1,1,1,0,0,1,0,0
6295,2199,0,2,0,03,0,0,0,1,0,0,1,0,1,1,"S_GEN3_WAIT",1,1,1,0,0,1,0,0
6296,2200,0,2,0,03,0,0,0,1,0,0,1,0,1,1,"S_GEN3_WAIT",1,1,1,0,0,1,0,0
6297,2201,0,2,0,03,0,0,0,1,0,0,1,0,1,1,"S_GEN3_WAIT",1,1,1,0,0,1,0,0
6298,2202,0,2,0,03,0,0,0,1,0,0,1,0,1,1,"S_GEN3_WAIT",1,1,1,0,0,1,0,0
6299,2203,0,2,0,03,0,0,0,1,0,0,1,0,1,1,"S_GEN3_WAIT",1,1,1,0,0,1,0,0
6300,2204,0,2,0,03,0,0,0,1,0,0,1,0,1,1,"S_GEN3_WAIT",1,1,1,0,0,1,0,0
6301,2205,0,2,0,03,0,0,0,1,0,0,1,0,1,1,"S_GEN3_WAIT",1,1,1,0,0,1,0,0
6302,2206,0,2,0,03,0,0,0,1,0,0,1,0,1,1,"S_GEN3_WAIT",1,1,1,0,0,1,0,0
6303,2207,0,2,0,03,0,0,0,1,0,0,1,0,1,1,"S_GEN3_WAIT",1,1,1,0,0,1,0,0
6304,2208,0,2,0,03,0,0,0,1,0,0,1,0,1,1,"S_GEN3_WAIT",1,1,1,0,0,1,0,0
6305,2209,0,2,0,03,0,0,0,1,0,0,1,0,1,1,"S_GEN3_WAIT",1,1,1,0,0,1,0,0
6306,2210,0,2,0,03,0,0,0,1,0,0,1,0,1,1,"S_GEN3_WAIT",1,1,1,0,0,1,0,0
6307,2211,0,2,0,03,0,0,0,1,0,0,1,0,1,1,"S_GEN3_WAIT",1,1,1,0,0,1,0,0
6308,2212,0,2,0,03,0,0,0,1,0,0,1,0,1,1,"S_GEN3_WAIT",1,1,1,0,0,1,0,0
6309,2213,0,2,0,03,0,0,0,1,0,0,1,0,1,1,"S_GEN3_WAIT",1,1,1,0,0,1,0,0
6310,2214,0,2,0,03,0,0,0,1,0,0,1,0,1,1,"S_GEN3_WAIT",1,1,1,0,0,1,0,0
6311,2215,0,2,0,03,0,0,0,1,0,0,1,0,1,1,"S_GEN3_WAIT",1,1,1,0,0,1,0,0
6312,2216,0,2,0,03,0,0,0,1,0,0,1,0,1,1,"S_GEN3_WAIT",1,1,1,0,0,1,0,0
6313,2217,0,2,0,03,0,0,0,1,0,0,1,0,1,1,"S_GEN3_WAIT",1,1,1,0,0,1,0,0
6314,2218,0,2,0,03,0,0,0,1,0,0,1,0,1,1,"S_GEN3_WAIT",1,1,1,0,0,1,0,0
6315,2219,0,2,0,03,0,0,0,1,0,0,1,0,1,1,"S_GEN3_WAIT",1,1,1,0,0,1,0,0
6316,2220,0,2,0,03,0,0,0,1,0,0,1,0,1,1,"S_GEN3_WAIT",1,1,1,0,0,1,0,0
6317,2221,0,2,0,03,0,0,0,1,0,0,1,0,1,1,"S_GEN3_WAIT",1,1,1,0,0,1,0,0
6318,2222,0,2,0,03,0,0,0,1,0,0,1,0,1,1,"S_GEN3_WAIT",1,1,1,0,0,1,0,0
6319,2223,0,2,0,03,0,0,0,1,0,0,1,0,1,1,"S_GEN3_WAIT",1,1,1,0,0,1,0,0
6320,2224,0,2,0,03,0,0,0,1,0,0,1,0,1,1,"S_GEN3_WAIT",1,1,1,0,0,1,0,0
6321,2225,0,2,0,03,0,0,0,1,0,0,1,0,1,1,"S_GEN3_WAIT",1,1,1,0,0,1,0,0
6322,2226,0,2,0,03,0,0,0,1,0,0,1,0,1,1,"S_GEN3_WAIT",1,1,1,0,0,1,0,0
6323,2227,0,2,0,03,0,0,0,1,0,0,1,0,1,1,"S_GEN3_WAIT",1,1,1,0,0,1,0,0
6324,2228,0,2,0,03,0,0,0,1,0,0,1,0,1,1,"S_GEN3_WAIT",1,1,1,0,0,1,0,0
6325,2229,0,2,0,03,0,0,0,1,0,0,1,0,1,1,"S_GEN3_WAIT",1,1,1,0,0,1,0,0
6326,2230,0,2,0,03,0,0,0,1,0,0,1,0,1,1,"S_GEN3_WAIT",1,1,1,0,0,1,0,0
6327,2231,0,2,0,03,0,0,0,1,0,0,1,0,1,1,"S_GEN3_WAIT",1,1,1,0,0,1,0,0
6328,2232,0,2,0,03,0,0,0,1,0,0,1,0,1,1,"S_GEN3_WAIT",1,1,1,0,0,1,0,0
6329,2233,0,2,0,03,0,0,0,1,0,0,1,0,1,1,"S_GEN3_WAIT",1,1,1,0,0,1,0,0
6330,2234,0,2,0,03,0,0,0,1,0,0,1,0,1,1,"S_GEN3_WAIT",1,1,1,0,0,1,0,0
6331,2235,0,2,0,03,0,0,0,1,0,0,1,0,1,1,"S_GEN3_WAIT",1,1,1,0,0,1,0,0
6332,2236,0,2,0,03,0,0,0,1,0,0,1,0,1,1,"S_GEN3_WAIT",1,1,1,0,0,1,0,0
6333,2237,0,2,0,03,0,0,0,1,0,0,1,0,1,1,"S_GEN3_WAIT",1,1,1,0,0,1,0,0
6334,2238,0,2,0,03,0,0,0,1,0,0,1,0,1,1,"S_GEN3_WAIT",1,1,1,0,0,1,0,0
6335,2239,0,2,0,03,0,0,0,1,0,0,1,0,1,1,"S_GEN3_WAIT",1,1,1,0,0,1,0,0
6336,2240,0,2,0,03,0,0,0,1,0,0,1,0,1,1,"S_GEN3_WAIT",1,1,1,0,0,1,0,0
6337,2241,0,2,0,03,0,0,0,1,0,0,1,0,1,1,"S_GEN3_WAIT",1,1,1,0,0,1,0,0
6338,2242,0,2,0,03,0,0,0,1,0,0,1,0,1,1,"S_GEN3_WAIT",1,1,1,0,0,1,0,0
6339,2243,0,2,0,03,0,0,0,1,0,0,1,0,1,1,"S_GEN3_WAIT",1,1,1,0,0,1,0,0
6340,2244,0,2,0,03,0,0,0,1,0,0,1,0,1,1,"S_GEN3_WAIT",1,1,1,0,0,1,0,0
6341,2245,0,2,0,03,0,0,0,1,0,0,1,0,1,1,"S_GEN3_WAIT",1,1,1,0,0,1,0,0
6342,2246,0,2,0,03,0,0,0,1,0,0,1,0,1,1,"S_GEN3_WAIT",1,1,1,0,0,1,0,0
6343,2247,0,2,0,03,0,0,0,1,0,0,1,0,1,1,"S_GEN3_WAIT",1,1,1,0,0,1,0,0
6344,2248,0,2,0,03,0,0,0,1,0,0,1,0,1,1,"S_GEN3_WAIT",1,1,1,0,0,1,0,0
6345,2249,0,2,0,03,0,0,0,1,0,0,1,0,1,1,"S_GEN3_WAIT",1,1,1,0,0,1,0,0
6346,2250,0,2,0,03,0,0,0,1,0,0,1,0,1,1,"S_GEN3_WAIT",1,1,1,0,0,1,0,0
6347,2251,0,2,0,03,0,0,0,1,0,0,1,0,1,1,"S_GEN3_WAIT",1,1,1,0,0,1,0,0
6348,2252,0,2,0,03,0,0,0,1,0,0,1,0,1,1,"S_GEN3_WAIT",1,1,1,0,0,1,0,0
6349,2253,0,2,0,03,0,0,0,1,0,0,1,0,1,1,"S_GEN3_WAIT",1,1,1,0,0,1,0,0
6350,2254,0,2,0,03,0,0,0,1,0,0,1,0,1,1,"S_GEN3_WAIT",1,1,1,0,0,1,0,0
6351,2255,0,2,0,03,0,0,0,1,0,0,1,0,1,1,"S_GEN3_WAIT",1,1,1,0,0,1,0,0
6352,2256,0,2,0,03,0,0,0,1,0,0,1,0,1,1,"S_GEN3_WAIT",1,1,1,0,0,1,0,0
6353,2257,0,2,0,03,0,0,0,1,0,0,1,0,1,1,"S_GEN3_WAIT",1,1,1,0,0,1,0,0
6354,2258,0,2,0,03,0,0,0,1,0,0,1,0,1,1,"S_GEN3_WAIT",1,1,1,0,0,1,0,0
6355,2259,0,2,0,03,0,0,0,1,0,0,1,0,1,1,"S_GEN3_WAIT",1,1,1,0,0,1,0,0
6356,2260,0,2,0,03,0,0,0,1,0,0,1,0,1,1,"S_GEN3_WAIT",1,1,1,0,0,1,0,0
6357,2261,0,2,0,03,0,0,0,1,0,0,1,0,1,1,"S_GEN3_WAIT",1,1,1,0,0,1,0,0
6358,2262,0,2,0,03,0,0,0,1,0,0,1,0,1,1,"S_GEN3_WAIT",1,1,1,0,0,1,0,0
6359,2263,0,2,0,03,0,0,0,1,0,0,1,0,1,1,"S_GEN3_WAIT",1,1,1,0,0,1,0,0
6360,2264,0,2,0,03,0,0,0,1,0,0,1,0,1,1,"S_GEN3_WAIT",1,1,1,0,0,1,0,0
6361,2265,0,2,0,03,0,0,0,1,0,0,1,0,1,1,"S_GEN3_WAIT",1,1,1,0,0,1,0,0
6362,2266,0,2,0,03,0,0,0,1,0,0,1,0,1,1,"S_GEN3_WAIT",1,1,1,0,0,1,0,0
6363,2267,0,2,0,03,0,0,0,1,0,0,1,0,1,1,"S_GEN3_WAIT",1,1,1,0,0,1,0,0
6364,2268,0,2,0,03,0,0,0,1,0,0,1,0,1,1,"S_GEN3_WAIT",1,1,1,0,0,1,0,0
6365,2269,0,2,0,03,0,0,0,1,0,0,0,0,1,1,"S_GEN3_WAIT",1,1,1,0,0,1,0,0
6366,2270,0,2,0,03,0,0,0,1,0,0,0,0,1,1,"S_GEN3_WAIT",1,1,1,0,0,1,0,0
6367,2271,0,2,0,03,0,0,0,1,0,0,0,0,1,1,"S_GEN3_WAIT",1,1,1,0,0,1,0,0
6368,2272,0,2,0,03,0,0,0,1,0,0,0,0,1,1,"S_GEN3_WAIT",1,1,1,0,0,1,0,0
6369,2273,0,2,0,03,0,0,0,1,0,0,0,0,1,1,"S_GEN3_WAIT",1,1,1,0,0,1,0,0
6370,2274,0,2,0,03,0,0,0,1,0,0,0,0,1,1,"S_GEN3_WAIT",1,1,1,0,0,1,0,0
6371,2275,0,2,0,03,0,0,0,1,0,0,0,0,1,1,"S_GEN3_WAIT",1,1,1,0,0,1,0,0
6372,2276,0,2,0,03,0,0,0,1,0,0,0,0,1,1,"S_GEN3_WAIT",1,1,1,0,0,1,0,0
6373,2277,0,2,0,03,0,0,0,1,0,0,0,0,1,1,"S_GEN3_WAIT",1,1,1,0,0,1,0,0
6374,2278,0,2,0,03,0,0,0,1,0,0,0,0,1,1,"S_GEN3_WAIT",1,1,1,0,0,1,0,0
6375,2279,0,2,0,03,0,0,0,1,0,0,0,0,1,1,"S_GEN3_WAIT",1,1,1,0,0,1,0,0
6376,2280,0,2,0,03,0,0,0,1,0,0,0,0,1,1,"S_GEN3_WAIT",1,1,1,0,0,1,0,0
6377,2281,0,2,0,03,0,0,0,1,0,0,0,0,1,1,"S_GEN3_WAIT",1,1,1,0,0,1,0,0
6378,2282,0,2,0,03,0,0,0,1,0,0,0,0,1,1,"S_GEN3_WAIT",1,1,1,0,0,1,0,0
6379,2283,0,2,0,03,0,0,0,1,0,0,0,0,1,1,"S_GEN3_WAIT",1,1,1,0,0,1,0,0
6380,2284,0,2,0,03,0,0,0,1,0,0,0,0,1,1,"S_GEN3_WAIT",1,1,1,0,0,1,0,0
6381,2285,0,2,0,03,0,0,0,1,0,0,0,0,1,1,"S_GEN3_WAIT",1,1,1,0,0,1,0,0
6382,2286,0,2,0,03,0,0,0,1,0,0,0,0,1,1,"S_GEN3_WAIT",1,1,1,0,0,1,0,0
6383,2287,0,2,0,03,0,0,0,1,0,0,0,0,1,1,"S_GEN3_WAIT",1,1,1,0,0,1,0,0
6384,2288,0,2,0,03,0,0,0,1,0,0,0,0,1,1,"S_GEN3_WAIT",1,1,1,0,0,1,0,0
6385,2289,0,2,0,03,0,0,0,1,0,0,0,0,1,1,"S_GEN3_WAIT",1,1,1,0,0,1,0,0
6386,2290,0,2,0,03,0,0,0,1,0,0,0,0,1,1,"S_GEN3_WAIT",1,1,1,0,0,1,0,0
6387,2291,0,2,0,03,0,0,0,1,0,0,0,0,1,1,"S_GEN3_WAIT",1,1,1,0,0,1,0,0
6388,2292,0,2,0,03,0,0,0,1,0,0,0,0,1,1,"S_GEN3_WAIT",1,1,1,0,0,1,0,0
6389,2293,0,2,0,03,0,0,0,1,0,0,0,0,1,1,"S_GEN3_WAIT",1,1,1,0,0,1,0,0
6390,2294,0,2,0,03,0,0,0,1,0,0,0,0,1,1,"S_GEN3_WAIT",1,1,1,0,0,1,0,0
6391,2295,0,2,0,03,0,0,0,1,0,0,0,0,1,1,"S_GEN3_WAIT",1,1,1,0,0,1,0,0
6392,2296,0,2,0,03,0,0,0,1,0,0,0,0,1,1,"S_GEN3_WAIT",1,1,1,0,0,1,0,0
6393,2297,0,2,0,03,0,0,0,1,0,0,0,0,1,1,"S_GEN3_WAIT",1,1,1,0,0,1,0,0
6394,2298,0,2,0,03,0,0,0,1,0,0,0,0,1,1,"S_GEN3_WAIT",1,1,1,0,0,1,0,0
6395,2299,0,2,0,03,0,0,0,1,0,0,0,0,1,1,"S_GEN3_WAIT",1,1,1,0,0,1,0,0
6396,2300,0,2,0,03,0,0,0,1,0,0,0,0,1,1,"S_GEN3_WAIT",1,1,1,0,0,1,0,0
6397,2301,0,2,0,03,0,0,0,1,0,0,0,0,1,1,"S_GEN3_WAIT",1,1,1,0,0,1,0,0
6398,2302,0,2,0,03,0,0,0,1,0,0,0,0,1,1,"S_GEN3_WAIT",1,1,1,0,0,1,0,0
6399,2303,0,2,0,03,0,0,0,1,0,0,0,0,1,1,"S_GEN3_WAIT",1,1,1,0,0,1,0,0
6400,2304,0,2,0,03,0,0,0,1,0,0,0,0,1,1,"S_GEN3_WAIT",1,1,1,0,0,1,0,0
6401,2305,0,2,0,03,0,0,0,1,0,0,0,0,1,1,"S_GEN3_WAIT",1,1,1,0,0,1,0,0
6402,2306,0,2,0,03,0,0,0,1,0,0,0,0,1,1,"S_GEN3_WAIT",1,1,1,0,0,1,0,0
6403,2307,0,2,0,03,0,0,0,1,0,0,0,0,1,1,"S_GEN3_WAIT",1,1,1,0,0,1,0,0
6404,2308,0,2,0,03,0,0,0,1,0,0,0,0,1,1,"S_GEN3_WAIT",1,1,1,0,0,1,0,0
6405,2309,0,2,0,03,0,0,0,1,0,0,0,0,1,1,"S_GEN3_WAIT",1,1,1,0,0,1,0,0
6406,2310,0,2,0,03,0,0,0,1,0,0,0,0,1,1,"S_GEN3_WAIT",1,1,1,0,0,1,0,0
6407,2311,0,2,0,03,0,0,0,1,0,0,0,0,1,1,"S_GEN3_WAIT",1,1,1,0,0,1,0,0
6408,2312,0,2,0,03,0,0,0,1,0,0,0,0,1,1,"S_GEN3_WAIT",1,1,1,0,0,1,0,0
6409,2313,0,2,0,03,0,0,0,1,0,0,0,0,1,1,"S_GEN3_WAIT",1,1,1,0,0,1,0,0
6410,2314,0,2,0,03,0,0,0,1,0,0,0,0,1,1,"S_GEN3_WAIT",1,1,1,0,0,1,0,0
6411,2315,0,2,0,03,0,0,0,1,0,0,0,0,1,1,"S_GEN3_WAIT",1,1,1,0,0,1,0,0
6412,2316,0,2,0,03,0,0,0,1,0,0,0,0,1,1,"S_GEN3_WAIT",1,1,1,0,0,1,0,0
6413,2317,0,2,0,03,0,0,0,1,0,0,0,0,1,1,"S_GEN3_WAIT",1,1,1,0,0,1,0,0
6414,2318,0,2,0,03,0,0,0,1,0,0,0,0,1,1,"S_GEN3_WAIT",1,1,1,0,0,1,0,0
6415,2319,0,2,0,03,0,0,0,1,0,0,0,0,1,1,"S_GEN3_WAIT",1,1,1,0,0,1,0,0
6416,2320,0,2,0,03,0,0,0,1,0,0,0,0,1,1,"S_GEN3_WAIT",1,1,1,0,0,1,0,0
6417,2321,0,2,0,03,0,0,0,1,0,0,0,0,1,1,"S_GEN3_WAIT",1,1,1,0,0,1,0,0
6418,2322,0,2,0,03,0,0,0,1,0,0,0,0,1,1,"S_GEN3_WAIT",1,1,1,0,0,1,0,0
6419,2323,0,2,0,03,0,0,0,1,0,0,0,0,1,1,"S_GEN3_WAIT",1,1,1,0,0,1,0,0
6420,2324,0,2,0,03,0,0,0,1,0,0,0,0,1,1,"S_GEN3_WAIT",1,1,1,0,0,1,0,0
6421,2325,0,2,0,03,0,0,0,1,0,0,0,0,1,1,"S_GEN3_WAIT",1,1,1,0,0,1,0,0
6422,2326,0,2,0,03,0,0,0,1,0,0,0,0,1,1,"S_GEN3_WAIT",1,1,1,0,0,1,0,0
6423,2327,0,2,0,03,0,0,0,1,0,0,0,0,1,1,"S_GEN3_WAIT",1,1,1,0,0,1,0,0
6424,2328,0,2,0,03,0,0,0,1,0,0,0,0,1,1,"S_GEN3_WAIT",1,1,1,0,0,1,0,0
6425,2329,0,2,0,03,0,0,0,1,0,0,0,0,1,1,"S_GEN3_WAIT",1,1,1,0,0,1,0,0
6426,2330,0,2,0,03,0,0,0,1,0,0,0,0,1,1,"S_GEN3_WAIT",1,1,1,0,0,1,0,0
6427,2331,0,2,0,03,0,0,0,1,0,0,0,0,1,1,"S_GEN3_WAIT",1,1,1,0,0,1,0,0
6428,2332,0,2,0,03,0,0,0,1,0,0,0,0,1,1,"S_GEN3_WAIT",1,1,1,0,0,1,0,0
6429,2333,0,2,0,03,0,0,0,1,0,0,0,0,1,1,"S_GEN3_WAIT",1,1,1,0,0,1,0,0
6430,2334,0,2,0,03,0,0,0,1,0,0,0,0,1,1,"S_GEN3_WAIT",1,1,1,0,0,1,0,0
6431,2335,0,2,0,03,0,0,0,1,0,0,0,0,1,1,"S_GEN3_WAIT",1,1,1,0,0,1,0,0
6432,2336,0,2,0,03,0,0,0,1,0,0,0,0,1,1,"S_GEN3_WAIT",1,1,1,0,0,1,0,0
6433,2337,0,2,0,03,0,0,0,1,0,0,0,0,1,1,"S_GEN3_WAIT",1,1,1,0,0,1,0,0
6434,2338,0,2,0,03,0,0,0,1,0,0,0,0,1,1,"S_GEN3_WAIT",1,1,1,0,0,1,0,0
6435,2339,0,2,0,03,0,0,0,1,0,0,0,0,1,1,"S_GEN3_WAIT",1,1,1,0,0,1,0,0
6436,2340,0,2,0,03,0,0,0,1,0,0,0,0,1,1,"S_GEN3_WAIT",1,1,1,0,0,1,0,0
6437,2341,0,2,0,03,0,0,0,1,0,0,0,0,1,1,"S_GEN3_WAIT",1,1,1,0,0,1,0,0
6438,2342,0,2,0,03,0,0,0,1,0,0,0,0,1,1,"S_GEN3_WAIT",1,1,1,0,0,1,0,0
6439,2343,0,2,0,03,0,0,0,1,0,0,0,0,1,1,"S_GEN3_WAIT",1,1,1,0,0,1,0,0
6440,2344,0,2,0,03,0,0,0,1,0,0,0,0,1,1,"S_GEN3_WAIT",1,1,1,0,0,1,0,0
6441,2345,0,2,0,03,0,0,0,1,0,0,0,0,1,1,"S_GEN3_WAIT",1,1,1,0,0,1,0,0
6442,2346,0,2,0,03,0,0,0,1,0,0,0,0,1,1,"S_GEN3_WAIT",1,1,1,0,0,1,0,0
6443,2347,0,2,0,03,0,0,0,1,0,0,0,0,1,1,"S_GEN3_WAIT",1,1,1,0,0,1,0,0
6444,2348,0,2,0,03,0,0,0,1,0,0,0,0,1,1,"S_GEN3_WAIT",1,1,1,0,0,1,0,0
6445,2349,0,2,0,03,0,0,0,1,0,0,0,0,1,1,"S_GEN3_WAIT",1,1,1,0,0,1,0,0
6446,2350,0,2,0,03,0,0,0,1,0,0,0,0,1,1,"S_GEN3_WAIT",1,1,1,0,0,1,0,0
6447,2351,0,2,0,03,0,0,0,1,0,0,0,0,1,1,"S_GEN3_WAIT",1,1,1,0,0,1,0,0
6448,2352,0,2,0,03,0,0,0,1,0,0,0,0,1,1,"S_GEN3_WAIT",1,1,1,0,0,1,0,0
6449,2353,0,2,0,03,0,0,0,1,0,0,0,0,1,1,"S_GEN3_WAIT",1,1,1,0,0,1,0,0
6450,2354,0,2,0,03,0,0,0,1,0,0,0,0,1,1,"S_GEN3_WAIT",1,1,1,0,0,1,0,0
6451,2355,0,2,0,03,0,0,0,1,0,0,0,0,1,1,"S_GEN3_WAIT",1,1,1,0,0,1,0,0
6452,2356,0,2,0,03,0,0,0,1,0,0,0,0,1,1,"S_GEN3_WAIT",1,1,1,0,0,1,0,0
6453,2357,0,2,0,03,0,0,0,1,0,0,0,0,1,1,"S_GEN3_WAIT",1,1,1,0,0,1,0,0
6454,2358,0,2,0,03,0,0,0,1,0,0,0,0,1,1,"S_GEN3_WAIT",1,1,1,0,0,1,0,0
6455,2359,0,2,0,03,0,0,0,1,0,0,0,0,1,1,"S_GEN3_WAIT",1,1,1,0,0,1,0,0
6456,2360,0,2,0,03,0,0,0,1,0,0,0,0,1,1,"S_GEN3_WAIT",1,1,1,0,0,1,0,0
6457,2361,0,2,0,03,0,0,0,1,0,0,0,0,1,1,"S_GEN3_WAIT",1,1,1,0,0,1,0,0
6458,2362,0,2,0,03,0,0,0,1,0,0,0,0,1,1,"S_GEN3_WAIT",1,1,1,0,0,1,0,0
6459,2363,0,2,0,03,0,0,0,1,0,0,0,0,1,1,"S_GEN3_WAIT",1,1,1,0,0,1,0,0
6460,2364,0,2,0,03,0,0,0,1,0,0,0,0,1,1,"S_GEN3_WAIT",1,1,1,0,0,1,0,0
6461,2365,0,2,0,03,0,0,0,1,0,0,0,0,1,1,"S_GEN3_WAIT",1,1,1,0,0,1,0,0
6462,2366,0,2,0,03,0,0,0,1,0,0,0,0,1,1,"S_GEN3_WAIT",1,1,1,0,0,1,0,0
6463,2367,0,2,0,03,0,0,0,1,0,0,0,0,1,1,"S_GEN3_WAIT",1,1,1,0,0,1,0,0
6464,2368,0,2,0,03,0,0,0,1,0,0,0,0,1,1,"S_GEN3_WAIT",1,1,1,0,0,1,0,0
6465,2369,0,2,0,03,0,0,0,1,0,0,0,0,1,1,"S_GEN3_WAIT",1,1,1,0,0,1,0,0
6466,2370,0,2,0,03,0,0,0,1,0,0,0,0,1,1,"S_GEN3_WAIT",1,1,1,0,0,1,0,0
6467,2371,0,2,0,03,0,0,0,1,0,0,0,0,1,1,"S_GEN3_WAIT",1,1,1,0,0,1,0,0
6468,2372,0,2,0,03,0,0,0,1,0,0,0,0,1,1,"S_GEN3_WAIT",1,1,1,0,0,1,0,0
6469,2373,0,2,0,03,0,0,0,1,0,0,0,0,1,1,"S_GEN3_WAIT",1,1,1,0,0,1,0,0
6470,2374,0,2,0,03,0,0,0,1,0,0,0,0,1,1,"S_GEN3_WAIT",1,1,1,0,0,1,0,0
6471,2375,0,2,0,03,0,0,0,1,0,0,0,0,1,1,"S_GEN3_WAIT",1,1,1,0,0,1,0,0
6472,2376,0,2,0,03,0,0,0,1,0,0,0,0,1,1,"S_GEN3_WAIT",1,1,1,0,0,1,0,0
6473,2377,0,2,0,03,0,0,0,1,0,0,0,0,1,1,"S_GEN3_WAIT",1,1,1,0,0,1,0,0
6474,2378,0,2,0,03,0,0,0,1,0,0,0,0,1,1,"S_GEN3_WAIT",1,1,1,0,0,1,0,0
6475,2379,0,2,0,03,0,0,0,1,0,0,0,0,1,1,"S_GEN3_WAIT",1,1,1,0,0,1,0,0
6476,2380,0,2,0,03,0,0,0,1,0,0,0,0,1,1,"S_GEN3_WAIT",1,1,1,0,0,1,0,0
6477,2381,0,2,0,03,0,0,0,1,0,0,0,0,1,1,"S_GEN3_WAIT",1,1,1,0,0,1,0,0
6478,2382,0,2,0,03,0,0,0,1,0,0,0,0,1,1,"S_GEN3_WAIT",1,1,1,0,0,1,0,0
6479,2383,0,2,0,03,0,0,0,1,0,0,0,0,1,1,"S_GEN3_WAIT",1,1,1,0,0,1,0,0
6480,2384,0,2,0,03,0,0,0,1,0,0,0,0,1,1,"S_GEN3_WAIT",1,1,1,0,0,1,0,0
6481,2385,0,2,0,03,0,0,0,1,0,0,0,0,1,1,"S_GEN3_WAIT",1,1,1,0,0,1,0,0
6482,2386,0,2,0,03,0,0,0,1,0,0,0,0,1,1,"S_GEN3_WAIT",1,1,1,0,0,1,0,0
6483,2387,0,2,0,03,0,0,0,1,0,0,0,0,1,1,"S_GEN3_WAIT",1,1,1,0,0,1,0,0
6484,2388,0,2,0,03,0,0,0,1,0,0,0,0,1,1,"S_GEN3_WAIT",1,1,1,0,0,1,0,0
6485,2389,0,2,0,03,0,0,0,1,0,0,0,0,1,1,"S_GEN3_WAIT",1,1,1,0,0,1,0,0
6486,2390,0,2,0,03,0,0,0,1,0,0,0,0,1,1,"S_GEN3_WAIT",1,1,1,0,0,1,0,0
6487,2391,0,2,0,03,0,0,0,1,0,0,0,0,1,1,"S_GEN3_WAIT",1,1,1,0,0,1,0,0
6488,2392,0,2,0,03,0,0,0,1,0,0,0,0,1,1,"S_GEN3_WAIT",1,1,1,0,0,1,0,0
6489,2393,0,2,0,03,0,0,0,1,0,0,0,0,1,1,"S_GEN3_WAIT",1,1,1,0,0,1,0,0
6490,2394,0,2,0,03,0,0,0,1,0,0,0,0,1,1,"S_GEN3_WAIT",1,1,1,0,0,1,0,0
6491,2395,0,2,0,03,0,0,0,1,0,0,0,0,1,1,"S_GEN3_WAIT",1,1,1,0,0,1,0,0
6492,2396,0,2,0,03,0,0,0,1,0,0,0,0,1,1,"S_GEN3_WAIT",1,1,1,0,0,1,0,0
6493,2397,0,2,0,03,0,0,0,1,0,0,0,0,1,1,"S_GEN3_WAIT",1,1,1,0,0,1,0,0
6494,2398,0,2,0,03,0,0,0,1,0,0,0,0,1,1,"S_GEN3_WAIT",1,1,1,0,0,1,0,0
6495,2399,0,2,0,03,0,0,0,1,0,0,0,0,1,1,"S_GEN3_WAIT",1,1,1,0,0,1,0,0
6496,2400,0,2,0,03,0,0,0,1,0,0,0,0,1,1,"S_GEN3_WAIT",1,1,1,0,0,1,0,0
6497,2401,0,2,0,03,0,0,0,1,0,0,0,0,1,1,"S_GEN3_WAIT",1,1,1,0,0,1,0,0
6498,2402,0,2,0,03,0,0,0,1,0,0,0,0,1,1,"S_GEN3_WAIT",1,1,1,0,0,1,0,0
6499,2403,0,2,0,03,0,0,0,1,0,0,0,0,1,1,"S_GEN3_WAIT",1,1,1,0,0,1,0,0
6500,2404,0,2,0,03,0,0,0,1,0,0,0,0,1,1,"S_GEN3_WAIT",1,1,1,0,0,1,0,0
6501,2405,0,2,0,03,0,0,0,1,0,0,0,0,1,1,"S_GEN3_WAIT",1,1,1,0,0,1,0,0
6502,2406,0,2,0,03,0,0,0,1,0,0,0,0,1,1,"S_GEN3_WAIT",1,1,1,0,0,1,0,0
6503,2407,0,2,0,03,0,0,0,1,0,0,0,0,1,1,"S_GEN3_WAIT",1,1,1,0,0,1,0,0
6504,2408,0,2,0,03,0,0,0,1,0,0,0,0,1,1,"S_GEN3_WAIT",1,1,1,0,0,1,0,0
6505,2409,0,2,0,03,0,0,0,1,0,0,0,0,1,1,"S_GEN3_WAIT",1,1,1,0,0,1,0,0
6506,2410,0,2,0,03,0,0,0,1,0,0,0,0,1,1,"S_GEN3_WAIT",1,1,1,0,0,1,0,0
6507,2411,0,2,0,03,0,0,0,1,0,0,0,0,1,1,"S_GEN3_WAIT",1,1,1,0,0,1,0,0
6508,2412,0,2,0,03,0,0,0,1,0,0,0,0,1,1,"S_GEN3_WAIT",1,1,1,0,0,1,0,0
6509,2413,0,2,0,03,0,0,0,1,0,0,0,0,1,1,"S_GEN3_WAIT",1,1,1,0,0,1,0,0
6510,2414,0,2,0,03,0,0,0,1,0,0,0,0,1,1,"S_GEN3_WAIT",1,1,1,0,0,1,0,0
6511,2415,0,2,0,03,0,0,0,1,0,0,0,0,1,1,"S_GEN3_WAIT",1,1,1,0,0,1,0,0
6512,2416,0,2,0,03,0,0,0,1,0,0,0,0,1,1,"S_GEN3_WAIT",1,1,1,0,0,1,0,0
6513,2417,0,2,0,03,0,0,0,1,0,0,0,0,1,1,"S_GEN3_WAIT",1,1,1,0,0,1,0,0
6514,2418,0,2,0,03,0,0,0,1,0,0,0,0,1,1,"S_GEN3_WAIT",1,1,1,0,0,1,0,0
6515,2419,0,2,0,03,0,0,0,1,0,0,0,0,1,1,"S_GEN3_WAIT",1,1,1,0,0,1,0,0
6516,2420,0,2,0,03,0,0,0,1,0,0,0,0,1,1,"S_GEN3_WAIT",1,1,1,0,0,1,0,0
6517,2421,0,2,0,03,0,0,0,1,0,0,0,0,1,1,"S_GEN3_WAIT",1,1,1,0,0,1,0,0
6518,2422,0,2,0,03,0,0,0,1,0,0,0,0,1,1,"S_GEN3_WAIT",1,1,1,0,0,1,0,0
6519,2423,0,2,0,03,0,0,0,1,0,0,0,0,1,1,"S_GEN3_WAIT",1,1,1,0,0,1,0,0
6520,2424,0,2,0,03,0,0,0,1,0,0,0,0,1,1,"S_GEN3_WAIT",1,1,1,0,0,1,0,0
6521,2425,0,2,0,03,0,0,0,1,0,0,0,0,1,1,"S_GEN3_WAIT",1,1,1,0,0,1,0,0
6522,2426,0,2,0,03,0,0,0,1,0,0,0,0,1,1,"S_GEN3_WAIT",1,1,1,0,0,1,0,0
6523,2427,0,2,0,03,0,0,0,1,0,0,0,0,1,1,"S_GEN3_WAIT",1,1,1,0,0,1,0,0
6524,2428,0,2,0,03,0,0,0,1,0,0,0,0,1,1,"S_GEN3_WAIT",1,1,1,0,0,1,0,0
6525,2429,0,2,0,03,0,0,0,1,0,0,0,0,1,1,"S_GEN3_WAIT",1,1,1,0,0,1,0,0
6526,2430,0,2,0,03,0,0,0,1,0,0,0,0,1,1,"S_GEN3_WAIT",1,1,1,0,0,1,0,0
6527,2431,0,2,0,03,0,0,0,1,0,0,0,0,1,1,"S_GEN3_WAIT",1,1,1,0,0,1,0,0
6528,2432,0,2,0,03,0,0,0,1,0,0,0,0,1,1,"S_GEN3_WAIT",1,1,1,0,0,1,0,0
6529,2433,0,2,0,03,0,0,0,1,0,0,0,0,1,1,"S_GEN3_WAIT",1,1,1,0,0,1,0,0
6530,2434,0,2,0,03,0,0,0,1,0,0,0,0,1,1,"S_GEN3_WAIT",1,1,1,0,0,1,0,0
6531,2435,0,2,0,03,0,0,0,1,0,0,0,0,1,1,"S_GEN3_WAIT",1,1,1,0,0,1,0,0
6532,2436,0,2,0,03,0,0,0,1,0,0,0,0,1,1,"S_GEN3_WAIT",1,1,1,0,0,1,0,0
6533,2437,0,2,0,03,0,0,0,1,0,0,0,0,1,1,"S_GEN3_WAIT",1,1,1,0,0,1,0,0
6534,2438,0,2,0,03,0,0,0,1,0,0,0,0,1,1,"S_GEN3_WAIT",1,1,1,0,0,1,0,0
6535,2439,0,2,0,03,0,0,0,1,0,0,0,0,1,1,"S_GEN3_WAIT",1,1,1,0,0,1,0,0
6536,2440,0,2,0,03,0,0,0,1,0,0,0,0,1,1,"S_GEN3_WAIT",1,1,1,0,0,1,0,0
6537,2441,0,2,0,03,0,0,0,1,0,0,0,0,1,1,"S_GEN3_WAIT",1,1,1,0,0,1,0,0
6538,2442,0,2,0,03,0,0,0,1,0,0,0,0,1,1,"S_GEN3_WAIT",1,1,1,0,0,1,0,0
6539,2443,0,2,0,03,0,0,0,1,0,0,0,0,1,1,"S_GEN3_WAIT",1,1,1,0,0,1,0,0
6540,2444,0,2,0,03,0,0,0,1,0,0,0,0,1,1,"S_GEN3_WAIT",1,1,1,0,0,1,0,0
6541,2445,0,2,0,03,0,0,0,1,0,0,0,0,1,1,"S_GEN3_WAIT",1,1,1,0,0,1,0,0
6542,2446,0,2,0,03,0,0,0,1,0,0,0,0,1,1,"S_GEN3_WAIT",1,1,1,0,0,1,0,0
6543,2447,0,2,0,03,0,0,0,1,0,0,0,0,1,1,"S_GEN3_WAIT",1,1,1,0,0,1,0,0
6544,2448,0,2,0,03,0,0,0,1,0,0,0,0,1,1,"S_GEN3_WAIT",1,1,1,0,0,1,0,0
6545,2449,0,2,0,03,0,0,0,1,0,0,0,0,1,1,"S_GEN3_WAIT",1,1,1,0,0,1,0,0
6546,2450,0,2,0,03,0,0,0,1,0,0,0,0,1,1,"S_GEN3_WAIT",1,1,1,0,0,1,0,0
6547,2451,0,2,0,03,0,0,0,1,0,0,0,0,1,1,"S_GEN3_WAIT",1,1,1,0,0,1,0,0
6548,2452,0,2,0,03,0,0,0,1,0,0,0,0,1,1,"S_GEN3_WAIT",1,1,1,0,0,1,0,0
6549,2453,0,2,0,03,0,0,0,1,0,0,0,0,1,1,"S_GEN3_WAIT",1,1,1,0,0,1,0,0
6550,2454,0,2,0,03,0,0,0,1,0,0,0,0,1,1,"S_GEN3_WAIT",1,1,1,0,0,1,0,0
6551,2455,0,2,0,03,0,0,0,1,0,0,0,0,1,1,"S_GEN3_WAIT",1,1,1,0,0,1,0,0
6552,2456,0,2,0,03,0,0,0,1,0,0,0,0,1,1,"S_GEN3_WAIT",1,1,1,0,0,1,0,0
6553,2457,0,2,0,03,0,0,0,1,0,0,0,0,1,1,"S_GEN3_WAIT",1,1,1,0,0,1,0,0
6554,2458,0,2,0,03,0,0,0,1,0,0,0,0,1,1,"S_GEN3_WAIT",1,1,1,0,0,1,0,0
6555,2459,0,2,0,03,0,0,0,1,0,0,0,0,1,1,"S_GEN3_WAIT",1,1,1,0,0,1,0,0
6556,2460,0,2,0,03,0,0,0,1,0,0,0,0,1,1,"S_GEN3_WAIT",1,1,1,0,0,1,0,0
6557,2461,0,2,0,03,0,0,0,1,0,0,0,0,1,1,"S_GEN3_WAIT",1,1,1,0,0,1,0,0
6558,2462,0,2,0,03,0,0,0,1,0,0,0,0,1,1,"S_GEN3_WAIT",1,1,1,0,0,1,0,0
6559,2463,0,2,0,03,0,0,0,1,0,0,0,0,1,1,"S_GEN3_WAIT",1,1,1,0,0,1,0,0
6560,2464,0,2,0,03,0,0,0,1,0,0,0,0,1,1,"S_GEN3_WAIT",1,1,1,0,0,1,0,0
6561,2465,0,2,0,03,0,0,0,1,0,0,0,0,1,1,"S_GEN3_WAIT",1,1,1,0,0,1,0,0
6562,2466,0,2,0,03,0,0,0,1,0,0,0,0,1,1,"S_GEN3_WAIT",1,1,1,0,0,1,0,0
6563,2467,0,2,0,03,0,0,0,1,0,0,0,0,1,1,"S_GEN3_WAIT",1,1,1,0,0,1,0,0
6564,2468,0,2,0,03,0,0,0,1,0,0,0,0,1,1,"S_GEN3_WAIT",1,1,1,0,0,1,0,0
6565,2469,0,2,0,03,0,0,0,1,0,0,0,0,1,1,"S_GEN3_WAIT",1,1,1,0,0,1,0,0
6566,2470,0,2,0,03,0,0,0,1,0,0,0,0,1,1,"S_GEN3_WAIT",1,1,1,0,0,1,0,0
6567,2471,0,2,0,03,0,0,0,1,0,0,0,0,1,1,"S_GEN3_WAIT",1,1,1,0,0,1,0,0
6568,2472,0,2,0,03,0,0,0,1,0,0,0,0,1,1,"S_GEN3_WAIT",1,1,1,0,0,1,0,0
6569,2473,0,2,0,03,0,0,0,1,0,0,0,0,1,1,"S_GEN3_WAIT",1,1,1,0,0,1,0,0
6570,2474,0,2,0,03,0,0,0,1,0,0,0,0,1,1,"S_GEN3_WAIT",1,1,1,0,0,1,0,0
6571,2475,0,2,0,03,0,0,0,1,0,0,0,0,1,1,"S_GEN3_WAIT",1,1,1,0,0,1,0,0
6572,2476,0,2,0,03,0,0,0,1,0,0,0,0,1,1,"S_GEN3_WAIT",1,1,1,0,0,1,0,0
6573,2477,0,2,0,03,0,0,0,1,0,0,0,0,1,1,"S_GEN3_WAIT",1,1,1,0,0,1,0,0
6574,2478,0,2,0,03,0,0,0,1,0,0,0,0,1,1,"S_GEN3_WAIT",1,1,1,0,0,1,0,0
6575,2479,0,2,0,03,0,0,0,1,0,0,0,0,1,1,"S_GEN3_WAIT",1,1,1,0,0,1,0,0
6576,2480,0,2,0,03,0,0,0,1,0,0,0,0,1,1,"S_GEN3_WAIT",1,1,1,0,0,1,0,0
6577,2481,0,2,0,03,0,0,0,1,0,0,0,0,1,1,"S_GEN3_WAIT",1,1,1,0,0,1,0,0
6578,2482,0,2,0,03,0,0,0,1,0,0,0,0,1,1,"S_GEN3_WAIT",1,1,1,0,0,1,0,0
6579,2483,0,2,0,03,0,0,0,1,0,0,0,0,1,1,"S_GEN3_WAIT",1,1,1,0,0,1,0,0
6580,2484,0,2,0,03,0,0,0,1,0,0,0,0,1,1,"S_GEN3_WAIT",1,1,1,0,0,1,0,0
6581,2485,0,2,0,03,0,0,0,1,0,0,0,0,1,1,"S_GEN3_WAIT",1,1,1,0,0,1,0,0
6582,2486,0,2,0,03,0,0,0,1,0,0,0,0,1,1,"S_GEN3_WAIT",1,1,1,0,0,1,0,0
6583,2487,0,2,0,03,0,0,0,1,0,0,0,0,1,1,"S_GEN3_WAIT",1,1,1,0,0,1,0,0
6584,2488,0,2,0,03,0,0,0,1,0,0,0,0,1,1,"S_GEN3_WAIT",1,1,1,0,0,1,0,0
6585,2489,0,2,0,03,0,0,0,1,0,0,0,0,1,1,"S_GEN3_WAIT",1,1,1,0,0,1,0,0
6586,2490,0,2,0,03,0,0,0,1,0,0,0,0,1,1,"S_GEN3_WAIT",1,1,1,0,0,1,0,0
6587,2491,0,2,0,03,0,0,0,1,0,0,0,0,1,1,"S_GEN3_WAIT",1,1,1,0,0,1,0,0
6588,2492,0,2,0,03,0,0,0,1,0,0,0,0,1,1,"S_GEN3_WAIT",1,1,1,0,0,1,0,0
6589,2493,0,2,0,03,0,0,0,1,0,0,0,0,1,1,"S_GEN3_WAIT",1,1,1,0,0,1,0,0
6590,2494,0,2,0,03,0,0,0,1,0,0,0,0,1,1,"S_GEN3_WAIT",1,1,1,0,0,1,0,0
6591,2495,0,2,0,03,0,0,0,1,0,0,0,0,1,1,"S_GEN3_WAIT",1,1,1,0,0,1,0,0
6592,2496,0,2,0,03,0,0,0,1,0,0,0,0,1,1,"S_GEN3_WAIT",1,1,1,0,0,1,0,0
6593,2497,0,2,0,03,0,0,0,1,0,0,0,0,1,1,"S_GEN3_WAIT",1,1,1,0,0,1,0,0
6594,2498,0,2,0,03,0,0,0,1,0,0,0,0,1,1,"S_GEN3_WAIT",1,1,1,0,0,1,0,0
6595,2499,0,2,0,03,0,0,0,1,0,0,0,0,1,1,"S_GEN3_WAIT",1,1,1,0,0,1,0,0
6596,2500,0,2,0,03,0,0,0,1,0,0,0,0,1,1,"S_GEN3_WAIT",1,1,1,0,0,1,0,0
6597,2501,0,2,0,03,0,0,0,1,0,0,0,0,1,1,"S_GEN3_WAIT",1,1,1,0,0,1,0,0
6598,2502,0,2,0,03,0,0,0,1,0,0,0,0,1,1,"S_GEN3_WAIT",1,1,1,0,0,1,0,0
6599,2503,0,2,0,03,0,0,0,1,0,0,0,0,1,1,"S_GEN3_WAIT",1,1,1,0,0,1,0,0
6600,2504,0,2,0,03,0,0,0,1,0,0,0,0,1,1,"S_GEN3_WAIT",1,1,1,0,0,1,0,0
6601,2505,0,2,0,03,0,0,0,1,0,0,0,0,1,1,"S_GEN3_WAIT",1,1,1,0,0,1,0,0
6602,2506,0,2,0,03,0,0,0,1,0,0,0,0,1,1,"S_GEN3_WAIT",1,1,1,0,0,1,0,0
6603,2507,0,2,0,03,0,0,0,1,0,0,0,0,1,1,"S_GEN3_WAIT",1,1,1,0,0,1,0,0
6604,2508,0,2,0,03,0,0,0,1,0,0,0,0,1,1,"S_GEN3_WAIT",1,1,1,0,0,1,0,0
6605,2509,0,2,0,03,0,0,0,1,0,0,0,0,1,1,"S_GEN3_WAIT",1,1,1,0,0,1,0,0
6606,2510,0,2,0,03,0,0,0,1,0,0,0,0,1,1,"S_GEN3_WAIT",1,1,1,0,0,1,0,0
6607,2511,0,2,0,03,0,0,0,1,0,0,0,0,1,1,"S_GEN3_WAIT",1,1,1,0,0,1,0,0
6608,2512,0,2,0,03,0,0,0,1,0,0,0,0,1,1,"S_GEN3_WAIT",1,1,1,0,0,1,0,0
6609,2513,0,2,0,03,0,0,0,1,0,0,0,0,1,1,"S_GEN3_WAIT",1,1,1,0,0,1,0,0
6610,2514,0,2,0,03,0,0,0,1,0,0,0,0,1,1,"S_GEN3_WAIT",1,1,1,0,0,1,0,0
6611,2515,0,2,0,03,0,0,0,1,0,0,0,0,1,1,"S_GEN3_WAIT",1,1,1,0,0,1,0,0
6612,2516,0,2,0,03,0,0,0,1,0,0,0,0,1,1,"S_GEN3_WAIT",1,1,1,0,0,1,0,0
6613,2517,0,2,0,03,0,0,0,1,0,0,0,0,1,1,"S_GEN3_WAIT",1,1,1,0,0,1,0,0
6614,2518,0,2,0,03,0,0,0,1,0,0,0,0,1,1,"S_GEN3_WAIT",1,1,1,0,0,1,0,0
6615,2519,0,2,0,03,0,0,0,1,0,0,0,0,1,1,"S_GEN3_WAIT",1,1,1,0,0,1,0,0
6616,2520,0,2,0,03,0,0,0,1,0,0,0,0,1,1,"S_GEN3_WAIT",1,1,1,0,0,1,0,0
6617,2521,0,2,0,03,0,0,0,1,0,0,0,0,1,1,"S_GEN3_WAIT",1,1,1,0,0,1,0,0
6618,2522,0,2,0,03,0,0,0,1,0,0,0,0,1,1,"S_GEN3_WAIT",1,1,1,0,0,1,0,0
6619,2523,0,2,0,03,0,0,0,1,0,0,0,0,1,1,"S_GEN3_WAIT",1,1,1,0,0,1,0,0
6620,2524,0,2,0,03,0,0,0,1,0,0,0,0,1,1,"S_GEN3_WAIT",1,1,1,0,0,1,0,0
6621,2525,0,2,0,03,0,0,0,1,0,0,0,0,1,1,"S_GEN3_WAIT",1,1,1,0,0,1,0,0
6622,2526,0,2,0,03,0,0,0,1,0,0,0,0,1,1,"S_GEN3_WAIT",1,1,1,0,0,1,0,0
6623,2527,0,2,0,03,0,0,0,1,0,0,0,0,1,1,"S_GEN3_WAIT",1,1,1,0,0,1,0,0
6624,2528,0,2,0,03,0,0,0,1,0,0,0,0,1,1,"S_GEN3_WAIT",1,1,1,0,0,1,0,0
6625,2529,0,2,0,03,0,0,0,1,0,0,0,0,1,1,"S_GEN3_WAIT",1,1,1,0,0,1,0,0
6626,2530,0,2,0,03,0,0,0,1,0,0,0,0,1,1,"S_GEN3_WAIT",1,1,1,0,0,1,0,0
6627,2531,0,2,0,03,0,0,0,1,0,0,0,0,1,1,"S_GEN3_WAIT",1,1,1,0,0,1,0,0
6628,2532,0,2,0,03,0,0,0,1,0,0,0,0,1,1,"S_GEN3_WAIT",1,1,1,0,0,1,0,0
6629,2533,0,2,0,03,0,0,0,1,0,0,0,0,1,1,"S_GEN3_WAIT",1,1,1,0,0,1,0,0
6630,2534,0,2,0,03,0,0,0,1,0,0,0,0,1,1,"S_GEN3_WAIT",1,1,1,0,0,1,0,0
6631,2535,0,2,0,03,0,0,0,1,0,0,0,0,1,1,"S_GEN3_WAIT",1,1,1,0,0,1,0,0
6632,2536,0,2,0,03,0,0,0,1,0,0,0,0,1,1,"S_GEN3_WAIT",1,1,1,0,0,1,0,0
6633,2537,0,2,0,03,0,0,0,1,0,0,0,0,1,1,"S_GEN3_WAIT",1,1,1,0,0,1,0,0
6634,2538,0,2,0,03,0,0,0,1,0,0,0,0,1,1,"S_GEN3_WAIT",1,1,1,0,0,1,0,0
6635,2539,0,2,0,03,0,0,0,1,0,0,0,0,1,1,"S_GEN3_WAIT",1,1,1,0,0,1,0,0
6636,2540,0,2,0,03,0,0,0,1,0,0,0,0,1,1,"S_GEN3_WAIT",1,1,1,0,0,1,0,0
6637,2541,0,2,0,03,0,0,0,1,0,0,0,0,1,1,"S_GEN3_WAIT",1,1,1,0,0,1,0,0
6638,2542,0,2,0,03,0,0,0,1,0,0,0,0,1,1,"S_GEN3_WAIT",1,1,1,0,0,1,0,0
6639,2543,0,2,0,03,0,0,0,1,0,0,0,0,1,1,"S_GEN3_WAIT",1,1,1,0,0,1,0,0
6640,2544,0,2,0,03,0,0,0,1,0,0,0,0,1,1,"S_GEN3_WAIT",1,1,1,0,0,1,0,0
6641,2545,0,2,0,03,0,0,0,1,0,0,0,0,1,1,"S_GEN3_WAIT",1,1,1,0,0,1,0,0
6642,2546,0,2,0,03,0,0,0,1,0,0,0,0,1,1,"S_GEN3_WAIT",1,1,1,0,0,1,0,0
6643,2547,0,2,0,03,0,0,0,1,0,0,0,0,1,1,"S_GEN3_WAIT",1,1,1,0,0,1,0,0
6644,2548,0,2,0,03,0,0,0,1,0,0,0,0,1,1,"S_GEN3_WAIT",1,1,1,0,0,1,0,0
6645,2549,0,2,0,03,0,0,0,1,0,0,0,0,1,1,"S_GEN3_WAIT",1,1,1,0,0,1,0,0
6646,2550,0,2,0,03,0,0,0,1,0,0,0,0,1,1,"S_GEN3_WAIT",1,1,1,0,0,1,0,0
6647,2551,0,2,0,03,0,0,0,1,0,0,0,0,1,1,"S_GEN3_WAIT",1,1,1,0,0,1,0,0
6648,2552,0,2,0,03,0,0,0,1,0,0,0,0,1,1,"S_GEN3_WAIT",1,1,1,0,0,1,0,0
6649,2553,0,2,0,03,0,0,0,1,0,0,0,0,1,1,"S_GEN3_WAIT",1,1,1,0,0,1,0,0
6650,2554,0,2,0,03,0,0,0,1,0,0,0,0,1,1,"S_GEN3_WAIT",1,1,1,0,0,1,0,0
6651,2555,0,2,0,03,0,0,0,1,0,0,0,0,1,1,"S_GEN3_WAIT",1,1,1,0,0,1,0,0
6652,2556,0,2,0,03,0,0,0,1,0,0,0,0,1,1,"S_GEN3_WAIT",1,1,1,0,0,1,0,0
6653,2557,0,2,0,03,0,0,0,1,0,0,0,0,1,1,"S_GEN3_WAIT",1,1,1,0,0,1,0,0
6654,2558,0,2,0,03,0,0,0,1,0,0,0,0,1,1,"S_GEN3_WAIT",1,1,1,0,0,1,0,0
6655,2559,0,2,0,03,0,0,0,1,0,0,0,0,1,1,"S_GEN3_WAIT",1,1,1,0,0,1,0,0
6656,2560,0,2,0,03,0,0,0,1,0,0,0,0,1,1,"S_GEN3_WAIT",1,1,1,0,0,1,0,0
6657,2561,0,2,0,03,0,0,0,1,0,0,0,0,1,1,"S_GEN3_WAIT",1,1,1,0,0,1,0,0
6658,2562,0,2,0,03,0,0,0,1,0,0,0,0,1,1,"S_GEN3_WAIT",1,1,1,0,0,1,0,0
6659,2563,0,2,0,03,0,0,0,1,0,0,0,0,1,1,"S_GEN3_WAIT",1,1,1,0,0,1,0,0
6660,2564,0,2,0,03,0,0,0,1,0,0,0,0,1,1,"S_GEN3_WAIT",1,1,1,0,0,1,0,0
6661,2565,0,2,0,03,0,0,0,1,0,0,0,0,1,1,"S_GEN3_WAIT",1,1,1,0,0,1,0,0
6662,2566,0,2,0,03,0,0,0,1,0,0,0,0,1,1,"S_GEN3_WAIT",1,1,1,0,0,1,0,0
6663,2567,0,2,0,03,0,0,0,1,0,0,0,0,1,1,"S_GEN3_WAIT",1,1,1,0,0,1,0,0
6664,2568,0,2,0,03,0,0,0,1,0,0,0,0,1,1,"S_GEN3_WAIT",1,1,1,0,0,1,0,0
6665,2569,0,2,0,03,0,0,0,1,0,0,0,0,1,1,"S_GEN3_WAIT",1,1,1,0,0,1,0,0
6666,2570,0,2,0,03,0,0,0,1,0,0,0,0,1,1,"S_GEN3_WAIT",1,1,1,0,0,1,0,0
6667,2571,0,2,0,03,0,0,0,1,0,0,0,0,1,1,"S_GEN3_WAIT",1,1,1,0,0,1,0,0
6668,2572,0,2,0,03,0,0,0,1,0,0,0,0,1,1,"S_GEN3_WAIT",1,1,1,0,0,1,0,0
6669,2573,0,2,0,03,0,0,0,1,0,0,0,0,1,1,"S_GEN3_WAIT",1,1,1,0,0,1,0,0
6670,2574,0,2,0,03,0,0,0,1,0,0,0,0,1,1,"S_GEN3_WAIT",1,1,1,0,0,1,0,0
6671,2575,0,2,0,03,0,0,0,1,0,0,0,0,1,1,"S_GEN3_WAIT",1,1,1,0,0,1,0,0
6672,2576,0,2,0,03,0,0,0,1,0,0,0,0,1,1,"S_GEN3_WAIT",1,1,1,0,0,1,0,0
6673,2577,0,2,0,03,0,0,0,1,0,0,0,0,1,1,"S_GEN3_WAIT",1,1,1,0,0,1,0,0
6674,2578,0,2,0,03,0,0,0,1,0,0,0,0,1,1,"S_GEN3_WAIT",1,1,1,0,0,1,0,0
6675,2579,0,2,0,03,0,0,0,1,0,0,0,0,1,1,"S_GEN3_WAIT",1,1,1,0,0,1,0,0
6676,2580,0,2,0,03,0,0,0,1,0,0,0,0,1,1,"S_GEN3_WAIT",1,1,1,0,0,1,0,0
6677,2581,0,2,0,03,0,0,0,1,0,0,0,0,1,1,"S_GEN3_WAIT",1,1,1,0,0,1,0,0
6678,2582,0,2,0,03,0,0,0,1,0,0,0,0,1,1,"S_GEN3_WAIT",1,1,1,0,0,1,0,0
6679,2583,0,2,0,03,0,0,0,1,0,0,0,0,1,1,"S_GEN3_WAIT",1,1,1,0,0,1,0,0
6680,2584,0,2,0,03,0,0,0,1,0,0,0,0,1,1,"S_GEN3_WAIT",1,1,1,0,0,1,0,0
6681,2585,0,2,0,03,0,0,0,1,0,0,0,0,1,1,"S_GEN3_WAIT",1,1,1,0,0,1,0,0
6682,2586,0,2,0,03,0,0,0,1,0,0,0,0,1,1,"S_GEN3_WAIT",1,1,1,0,0,1,0,0
6683,2587,0,2,0,03,0,0,0,1,0,0,0,0,1,1,"S_GEN3_WAIT",1,1,1,0,0,1,0,0
6684,2588,0,2,0,03,0,0,0,1,0,0,0,0,1,1,"S_GEN3_WAIT",1,1,1,0,0,1,0,0
6685,2589,0,2,0,03,0,0,0,1,0,0,0,0,1,1,"S_GEN3_WAIT",1,1,1,0,0,1,0,0
6686,2590,0,2,0,03,0,0,0,1,0,0,0,0,1,1,"S_GEN3_WAIT",1,1,1,0,0,1,0,0
6687,2591,0,2,0,03,0,0,0,1,0,0,0,0,1,1,"S_GEN3_WAIT",1,1,1,0,0,1,0,0
6688,2592,0,2,0,03,0,0,0,1,0,0,0,0,1,1,"S_GEN3_WAIT",1,1,1,0,0,1,0,0
6689,2593,0,2,0,03,0,0,0,1,0,0,0,0,1,1,"S_GEN3_WAIT",1,1,1,0,0,1,0,0
6690,2594,0,2,0,03,0,0,0,1,0,0,0,0,1,1,"S_GEN3_WAIT",1,1,1,0,0,1,0,0
6691,2595,0,2,0,03,0,0,0,1,0,0,0,0,1,1,"S_GEN3_WAIT",1,1,1,0,0,1,0,0
6692,2596,0,2,0,03,0,0,0,1,0,0,0,0,1,1,"S_GEN3_WAIT",1,1,1,0,0,1,0,0
6693,2597,0,2,0,03,0,0,0,1,0,0,0,0,1,1,"S_GEN3_WAIT",1,1,1,0,0,1,0,0
6694,2598,0,2,0,03,0,0,0,1,0,0,0,0,1,1,"S_GEN3_WAIT",1,1,1,0,0,1,0,0
6695,2599,0,2,0,03,0,0,0,1,0,0,0,0,1,1,"S_GEN3_WAIT",1,1,1,0,0,1,0,0
6696,2600,0,2,0,03,0,0,0,1,0,0,0,0,1,1,"S_GEN3_WAIT",1,1,1,0,0,1,0,0
6697,2601,0,2,0,03,0,0,0,1,0,0,0,0,1,1,"S_GEN3_WAIT",1,1,1,0,0,1,0,0
6698,2602,0,2,0,03,0,0,0,1,0,0,0,0,1,1,"S_GEN3_WAIT",1,1,1,0,0,1,0,0
6699,2603,0,2,0,03,0,0,0,1,0,0,0,0,1,1,"S_GEN3_WAIT",1,1,1,0,0,1,0,0
6700,2604,0,2,0,03,0,0,0,1,0,0,0,0,1,1,"S_GEN3_WAIT",1,1,1,0,0,1,0,0
6701,2605,0,2,0,03,0,0,0,1,0,0,0,0,1,1,"S_GEN3_WAIT",1,1,1,0,0,1,0,0
6702,2606,0,2,0,03,0,0,0,1,0,0,0,0,1,1,"S_GEN3_WAIT",1,1,1,0,0,1,0,0
6703,2607,0,2,0,03,0,0,0,1,0,0,0,0,1,1,"S_GEN3_WAIT",1,1,1,0,0,1,0,0
6704,2608,0,2,0,03,0,0,0,1,0,0,0,0,1,1,"S_GEN3_WAIT",1,1,1,0,0,1,0,0
6705,2609,0,2,0,03,0,0,0,1,0,0,0,0,1,1,"S_GEN3_WAIT",1,1,1,0,0,1,0,0
6706,2610,0,2,0,03,0,0,0,1,0,0,0,0,1,1,"S_GEN3_WAIT",1,1,1,0,0,1,0,0
6707,2611,0,2,0,03,0,0,0,1,0,0,0,0,1,1,"S_GEN3_WAIT",1,1,1,0,0,1,0,0
6708,2612,0,2,0,03,0,0,0,1,0,0,0,0,1,1,"S_GEN3_WAIT",1,1,1,0,0,1,0,0
6709,2613,0,2,0,03,0,0,0,1,0,0,0,0,1,1,"S_GEN3_WAIT",1,1,1,0,0,1,0,0
6710,2614,0,2,0,03,0,0,0,1,0,0,0,0,1,1,"S_GEN3_WAIT",1,1,1,0,0,1,0,0
6711,2615,0,2,0,03,0,0,0,1,0,0,0,0,1,1,"S_GEN3_WAIT",1,1,1,0,0,1,0,0
6712,2616,0,2,0,03,0,0,0,1,0,0,0,0,1,1,"S_GEN3_WAIT",1,1,1,0,0,1,0,0
6713,2617,0,2,0,03,0,0,0,1,0,0,0,0,1,1,"S_GEN3_WAIT",1,1,1,0,0,1,0,0
6714,2618,0,2,0,03,0,0,0,1,0,0,0,0,1,1,"S_GEN3_WAIT",1,1,1,0,0,1,0,0
6715,2619,0,2,0,03,0,0,0,1,0,0,0,0,1,1,"S_GEN3_WAIT",1,1,1,0,0,1,0,0
6716,2620,0,2,0,03,0,0,0,1,0,0,0,0,1,1,"S_GEN3_WAIT",1,1,1,0,0,1,0,0
6717,2621,0,2,0,03,0,0,0,1,0,0,0,0,1,1,"S_GEN3_WAIT",1,1,1,0,0,1,0,0
6718,2622,0,2,0,03,0,0,0,1,0,0,0,0,1,1,"S_GEN3_WAIT",1,1,1,0,0,1,0,0
6719,2623,0,2,0,03,0,0,0,1,0,0,0,0,1,1,"S_GEN3_WAIT",1,1,1,0,0,1,0,0
6720,2624,0,2,0,03,0,0,0,1,0,0,0,0,1,1,"S_GEN3_WAIT",1,1,1,0,0,1,0,0
6721,2625,0,2,0,03,0,0,0,1,0,0,0,0,1,1,"S_GEN3_WAIT",1,1,1,0,0,1,0,0
6722,2626,0,2,0,03,0,0,0,1,0,0,0,0,1,1,"S_GEN3_WAIT",1,1,1,0,0,1,0,0
6723,2627,0,2,0,03,0,0,0,1,0,0,0,0,1,1,"S_GEN3_WAIT",1,1,1,0,0,1,0,0
6724,2628,0,2,0,03,0,0,0,1,0,0,0,0,1,1,"S_GEN3_WAIT",1,1,1,0,0,1,0,0
6725,2629,0,2,0,03,0,0,0,1,0,0,0,0,1,1,"S_GEN3_WAIT",1,1,1,0,0,1,0,0
6726,2630,0,2,0,03,0,0,0,1,0,0,0,0,1,1,"S_GEN3_WAIT",1,1,1,0,0,1,0,0
6727,2631,0,2,0,03,0,0,0,1,0,0,0,0,1,1,"S_GEN3_WAIT",1,1,1,0,0,1,0,0
6728,2632,0,2,0,03,0,0,0,1,0,0,0,0,1,1,"S_GEN3_WAIT",1,1,1,0,0,1,0,0
6729,2633,0,2,0,03,0,0,0,1,0,0,0,0,1,1,"S_GEN3_WAIT",1,1,1,0,0,1,0,0
6730,2634,0,2,0,03,0,0,0,1,0,0,0,0,1,1,"S_GEN3_WAIT",1,1,1,0,0,1,0,0
6731,2635,0,2,0,03,0,0,0,1,0,0,0,0,1,1,"S_GEN3_WAIT",1,1,1,0,0,1,0,0
6732,2636,0,2,0,03,0,0,0,1,0,0,0,0,1,1,"S_GEN3_WAIT",1,1,1,0,0,1,0,0
6733,2637,0,2,0,03,0,0,0,1,0,0,0,0,1,1,"S_GEN3_WAIT",1,1,1,0,0,1,0,0
6734,2638,0,2,0,03,0,0,0,1,0,0,0,0,1,1,"S_GEN3_WAIT",1,1,1,0,0,1,0,0
6735,2639,0,2,0,03,0,0,0,1,0,0,0,0,1,1,"S_GEN3_WAIT",1,1,1,0,0,1,0,0
6736,2640,0,2,0,03,0,0,0,1,0,0,0,0,1,1,"S_GEN3_WAIT",1,1,1,0,0,1,0,0
6737,2641,0,2,0,03,0,0,0,1,0,0,0,0,1,1,"S_GEN3_WAIT",1,1,1,0,0,1,0,0
6738,2642,0,2,0,03,0,0,0,1,0,0,0,0,1,1,"S_GEN3_WAIT",1,1,1,0,0,1,0,0
6739,2643,0,2,0,03,0,0,0,1,0,0,0,0,1,1,"S_GEN3_WAIT",1,1,1,0,0,1,0,0
6740,2644,0,2,0,03,0,0,0,1,0,0,0,0,1,1,"S_GEN3_WAIT",1,1,1,0,0,1,0,0
6741,2645,0,2,0,03,0,0,0,1,0,0,0,0,1,1,"S_GEN3_WAIT",1,1,1,0,0,1,0,0
6742,2646,0,2,0,03,0,0,0,1,0,0,0,0,1,1,"S_GEN3_WAIT",1,1,1,0,0,1,0,0
6743,2647,0,2,0,03,0,0,0,1,0,0,0,0,1,1,"S_GEN3_WAIT",1,1,1,0,0,1,0,0
6744,2648,0,2,0,03,0,0,0,1,0,0,0,0,1,1,"S_GEN3_WAIT",1,1,1,0,0,1,0,0
6745,2649,0,2,0,03,0,0,0,1,0,0,0,0,1,1,"S_GEN3_WAIT",1,1,1,0,0,1,0,0
6746,2650,0,2,0,03,0,0,0,1,0,0,0,0,1,1,"S_GEN3_WAIT",1,1,1,0,0,1,0,0
6747,2651,0,2,0,03,0,0,0,1,0,0,0,0,1,1,"S_GEN3_WAIT",1,1,1,0,0,1,0,0
6748,2652,0,2,0,03,0,0,0,1,0,0,0,0,1,1,"S_GEN3_WAIT",1,1,1,0,0,1,0,0
6749,2653,0,2,0,03,0,0,0,1,0,0,0,0,1,1,"S_GEN3_WAIT",1,1,1,0,0,1,0,0
6750,2654,0,2,0,03,0,0,0,1,0,0,0,0,1,1,"S_GEN3_WAIT",1,1,1,0,0,1,0,0
6751,2655,0,2,0,03,0,0,0,1,0,0,0,0,1,1,"S_GEN3_WAIT",1,1,1,0,0,1,0,0
6752,2656,0,2,0,03,0,0,0,1,0,0,0,0,1,1,"S_GEN3_WAIT",1,1,1,0,0,1,0,0
6753,2657,0,2,0,03,0,0,0,1,0,0,0,0,1,1,"S_GEN3_WAIT",1,1,1,0,0,1,0,0
6754,2658,0,2,0,03,0,0,0,1,0,0,0,0,1,1,"S_GEN3_WAIT",1,1,1,0,0,1,0,0
6755,2659,0,2,0,03,0,0,0,1,0,0,0,0,1,1,"S_GEN3_WAIT",1,1,1,0,0,1,0,0
6756,2660,0,2,0,03,0,0,0,1,0,0,0,0,1,1,"S_GEN3_WAIT",1,1,1,0,0,1,0,0
6757,2661,0,2,0,03,0,0,0,1,0,0,0,0,1,1,"S_GEN3_WAIT",1,1,1,0,0,1,0,0
6758,2662,0,2,0,03,0,0,0,1,0,0,0,0,1,1,"S_GEN3_WAIT",1,1,1,0,0,1,0,0
6759,2663,0,2,0,03,0,0,0,1,0,0,0,0,1,1,"S_GEN3_WAIT",1,1,1,0,0,1,0,0
6760,2664,0,2,0,03,0,0,0,1,0,0,0,0,1,1,"S_GEN3_WAIT",1,1,1,0,0,1,0,0
6761,2665,0,2,0,03,0,0,0,1,0,0,0,0,1,1,"S_GEN3_WAIT",1,1,1,0,0,1,0,0
6762,2666,0,2,0,03,0,0,0,1,0,0,0,0,1,1,"S_GEN3_WAIT",1,1,1,0,0,1,0,0
6763,2667,0,2,0,03,0,0,0,1,0,0,0,0,1,1,"S_GEN3_WAIT",1,1,1,0,0,1,0,0
6764,2668,0,2,0,03,0,0,0,1,0,0,0,0,1,1,"S_GEN3_WAIT",1,1,1,0,0,1,0,0
6765,2669,0,2,0,03,0,0,0,1,0,0,0,0,1,1,"S_GEN3_WAIT",1,1,1,0,0,1,0,0
6766,2670,0,2,0,03,0,0,0,1,0,0,0,0,1,1,"S_GEN3_WAIT",1,1,1,0,0,1,0,0
6767,2671,0,2,0,03,0,0,0,1,0,0,0,0,1,1,"S_GEN3_WAIT",1,1,1,0,0,1,0,0
6768,2672,0,2,0,03,0,0,0,1,0,0,0,0,1,1,"S_GEN3_WAIT",1,1,1,0,0,1,0,0
6769,2673,0,2,0,03,0,0,0,1,0,0,0,0,1,1,"S_GEN3_WAIT",1,1,1,0,0,1,0,0
6770,2674,0,2,0,03,0,0,0,1,0,0,0,0,1,1,"S_GEN3_WAIT",1,1,1,0,0,1,0,0
6771,2675,0,2,0,03,0,0,0,1,0,0,0,0,1,1,"S_GEN3_WAIT",1,1,1,0,0,1,0,0
6772,2676,0,2,0,03,0,0,0,1,0,0,0,0,1,1,"S_GEN3_WAIT",1,1,1,0,0,1,0,0
6773,2677,0,2,0,03,0,0,0,1,0,0,0,0,1,1,"S_GEN3_WAIT",1,1,1,0,0,1,0,0
6774,2678,0,2,0,03,0,0,0,1,0,0,0,0,1,1,"S_GEN3_WAIT",1,1,1,0,0,1,0,0
6775,2679,0,2,0,03,0,0,0,1,0,0,0,0,1,1,"S_GEN3_WAIT",1,1,1,0,0,1,0,0
6776,2680,0,2,0,03,0,0,0,1,0,0,0,0,1,1,"S_GEN3_WAIT",1,1,1,0,0,1,0,0
6777,2681,0,2,0,03,0,0,0,1,0,0,0,0,1,1,"S_GEN3_WAIT",1,1,1,0,0,1,0,0
6778,2682,0,2,0,03,0,0,0,1,0,0,0,0,1,1,"S_GEN3_WAIT",1,1,1,0,0,1,0,0
6779,2683,0,2,0,03,0,0,0,1,0,0,0,0,1,1,"S_GEN3_WAIT",1,1,1,0,0,1,0,0
6780,2684,0,2,0,03,0,0,0,1,0,0,0,0,1,1,"S_GEN3_WAIT",1,1,1,0,0,1,0,0
6781,2685,0,2,0,03,0,0,0,1,0,0,0,0,1,1,"S_GEN3_WAIT",1,1,1,0,0,1,0,0
6782,2686,0,2,0,03,0,0,0,1,0,0,0,0,1,1,"S_GEN3_WAIT",1,1,1,0,0,1,0,0
6783,2687,0,2,0,03,0,0,0,1,0,0,0,0,1,1,"S_GEN3_WAIT",1,1,1,0,0,1,0,0
6784,2688,0,2,0,03,0,0,0,1,0,0,0,0,1,1,"S_GEN3_WAIT",1,1,1,0,0,1,0,0
6785,2689,0,2,0,03,0,0,0,1,0,0,0,0,1,1,"S_GEN3_WAIT",1,1,1,0,0,1,0,0
6786,2690,0,2,0,03,0,0,0,1,0,0,0,0,1,1,"S_GEN3_WAIT",1,1,1,0,0,1,0,0
6787,2691,0,2,0,03,0,0,0,1,0,0,0,0,1,1,"S_GEN3_WAIT",1,1,1,0,0,1,0,0
6788,2692,0,2,0,03,0,0,0,1,0,0,0,0,1,1,"S_GEN3_WAIT",1,1,1,0,0,1,0,0
6789,2693,0,2,0,03,0,0,0,1,0,0,0,0,1,1,"S_GEN3_WAIT",1,1,1,0,0,1,0,0
6790,2694,0,2,0,03,0,0,0,1,0,0,0,0,1,1,"S_GEN3_WAIT",1,1,1,0,0,1,0,0
6791,2695,0,2,0,03,0,0,0,1,0,0,0,0,1,1,"S_GEN3_WAIT",1,1,1,0,0,1,0,0
6792,2696,0,2,0,03,0,0,0,1,0,0,0,0,1,1,"S_GEN3_WAIT",1,1,1,0,0,1,0,0
6793,2697,0,2,0,03,0,0,0,1,0,0,0,0,1,1,"S_GEN3_WAIT",1,1,1,0,0,1,0,0
6794,2698,0,2,0,03,0,0,0,1,0,0,0,0,1,1,"S_GEN3_WAIT",1,1,1,0,0,1,0,0
6795,2699,0,2,0,03,0,0,0,1,0,0,0,0,1,1,"S_GEN3_WAIT",1,1,1,0,0,1,0,0
6796,2700,0,2,0,03,0,0,0,1,0,0,0,0,1,1,"S_GEN3_WAIT",1,1,1,0,0,1,0,0
6797,2701,0,2,0,03,0,0,0,1,0,0,0,0,1,1,"S_GEN3_WAIT",1,1,1,0,0,1,0,0
6798,2702,0,2,0,03,0,0,0,1,0,0,0,0,1,1,"S_GEN3_WAIT",1,1,1,0,0,1,0,0
6799,2703,0,2,0,03,0,0,0,1,0,0,0,0,1,1,"S_GEN3_WAIT",1,1,1,0,0,1,0,0
6800,2704,0,2,0,03,0,0,0,1,0,0,0,0,1,1,"S_GEN3_WAIT",1,1,1,0,0,1,0,0
6801,2705,0,2,0,03,0,0,0,1,0,0,0,0,1,1,"S_GEN3_WAIT",1,1,1,0,0,1,0,0
6802,2706,0,2,0,03,0,0,0,1,0,0,0,0,1,1,"S_GEN3_WAIT",1,1,1,0,0,1,0,0
6803,2707,0,2,0,03,0,0,0,1,0,0,0,0,1,1,"S_GEN3_WAIT",1,1,1,0,0,1,0,0
6804,2708,0,2,0,03,0,0,0,1,0,0,0,0,1,1,"S_GEN3_WAIT",1,1,1,0,0,1,0,0
6805,2709,0,2,0,03,0,0,0,1,0,0,0,0,1,1,"S_GEN3_WAIT",1,1,1,0,0,1,0,0
6806,2710,0,2,0,03,0,0,0,1,0,0,0,0,1,1,"S_GEN3_WAIT",1,1,1,0,0,1,0,0
6807,2711,0,2,0,03,0,0,0,1,0,0,0,0,1,1,"S_GEN3_WAIT",1,1,1,0,0,1,0,0
6808,2712,0,2,0,03,0,0,0,1,0,0,0,0,1,1,"S_GEN3_WAIT",1,1,1,0,0,1,0,0
6809,2713,0,2,0,03,0,0,0,1,0,0,0,0,1,1,"S_GEN3_WAIT",1,1,1,0,0,1,0,0
6810,2714,0,2,0,03,0,0,0,1,0,0,0,0,1,1,"S_GEN3_WAIT",1,1,1,0,0,1,0,0
6811,2715,0,2,0,03,0,0,0,1,0,0,0,0,1,1,"S_GEN3_WAIT",1,1,1,0,0,1,0,0
6812,2716,0,2,0,03,0,0,0,1,0,0,0,0,1,1,"S_GEN3_WAIT",1,1,1,0,0,1,0,0
6813,2717,0,2,0,03,0,0,0,1,0,0,0,0,1,1,"S_GEN3_WAIT",1,1,1,0,0,1,0,0
6814,2718,0,2,0,03,0,0,0,1,0,0,0,0,1,1,"S_GEN3_WAIT",1,1,1,0,0,1,0,0
6815,2719,0,2,0,03,0,0,0,1,0,0,0,0,1,1,"S_GEN3_WAIT",1,1,1,0,0,1,0,0
6816,2720,0,2,0,03,0,0,0,1,0,0,0,0,1,1,"S_GEN3_WAIT",1,1,1,0,0,1,0,0
6817,2721,0,2,0,03,0,0,0,1,0,0,0,0,1,1,"S_GEN3_WAIT",1,1,1,0,0,1,0,0
6818,2722,0,2,0,03,0,0,0,1,0,0,0,0,1,1,"S_GEN3_WAIT",1,1,1,0,0,1,0,0
6819,2723,0,2,0,03,0,0,0,1,0,0,0,0,1,1,"S_GEN3_WAIT",1,1,1,0,0,1,0,0
6820,2724,0,2,0,03,0,0,0,1,0,0,0,0,1,1,"S_GEN3_WAIT",1,1,1,0,0,1,0,0
6821,2725,0,2,0,03,0,0,0,1,0,0,0,0,1,1,"S_GEN3_WAIT",1,1,1,0,0,1,0,0
6822,2726,0,2,0,03,0,0,0,1,0,0,0,0,1,1,"S_GEN3_WAIT",1,1,1,0,0,1,0,0
6823,2727,0,2,0,03,0,0,0,1,0,0,0,0,1,1,"S_GEN3_WAIT",1,1,1,0,0,1,0,0
6824,2728,0,2,0,03,0,0,0,1,0,0,0,0,1,1,"S_GEN3_WAIT",1,1,1,0,0,1,0,0
6825,2729,0,2,0,03,0,0,0,1,0,0,0,0,1,1,"S_GEN3_WAIT",1,1,1,0,0,1,0,0
6826,2730,0,2,0,03,0,0,0,1,0,0,0,0,1,1,"S_GEN3_WAIT",1,1,1,0,0,1,0,0
6827,2731,0,2,0,03,0,0,0,1,0,0,0,0,1,1,"S_GEN3_WAIT",1,1,1,0,0,1,0,0
6828,2732,0,2,0,03,0,0,0,1,0,0,0,0,1,1,"S_GEN3_WAIT",1,1,1,0,0,1,0,0
6829,2733,0,2,0,03,0,0,0,1,0,0,0,0,1,1,"S_GEN3_WAIT",1,1,1,0,0,1,0,0
6830,2734,0,2,0,03,0,0,0,1,0,0,0,0,1,1,"S_GEN3_WAIT",1,1,1,0,0,1,0,0
6831,2735,0,2,0,03,0,0,0,1,0,0,0,0,1,1,"S_GEN3_WAIT",1,1,1,0,0,1,0,0
6832,2736,0,2,0,03,0,0,0,1,0,0,0,0,1,1,"S_GEN3_WAIT",1,1,1,0,0,1,0,0
6833,2737,0,2,0,03,0,0,0,1,0,0,0,0,1,1,"S_GEN3_WAIT",1,1,1,0,0,1,0,0
6834,2738,0,2,0,03,0,0,0,1,0,0,0,0,1,1,"S_GEN3_WAIT",1,1,1,0,0,1,0,0
6835,2739,0,2,0,03,0,0,0,1,0,0,0,0,1,1,"S_GEN3_WAIT",1,1,1,0,0,1,0,0
6836,2740,0,2,0,03,0,0,0,1,0,0,0,0,1,1,"S_GEN3_WAIT",1,1,1,0,0,1,0,0
6837,2741,0,2,0,03,0,0,0,1,0,0,0,0,1,1,"S_GEN3_WAIT",1,1,1,0,0,1,0,0
6838,2742,0,2,0,03,0,0,0,1,0,0,0,0,1,1,"S_GEN3_WAIT",1,1,1,0,0,1,0,0
6839,2743,0,2,0,03,0,0,0,1,0,0,0,0,1,1,"S_GEN3_WAIT",1,1,1,0,0,1,0,0
6840,2744,0,2,0,03,0,0,0,1,0,0,0,0,1,1,"S_GEN3_WAIT",1,1,1,0,0,1,0,0
6841,2745,0,2,0,03,0,0,0,1,0,0,0,0,1,1,"S_GEN3_WAIT",1,1,1,0,0,1,0,0
6842,2746,0,2,0,03,0,0,0,1,0,0,0,0,1,1,"S_GEN3_WAIT",1,1,1,0,0,1,0,0
6843,2747,0,2,0,03,0,0,0,1,0,0,0,0,1,1,"S_GEN3_WAIT",1,1,1,0,0,1,0,0
6844,2748,0,2,0,03,0,0,0,1,0,0,0,0,1,1,"S_GEN3_WAIT",1,1,1,0,0,1,0,0
6845,2749,0,2,0,03,0,0,0,1,0,0,0,0,1,1,"S_GEN3_WAIT",1,1,1,0,0,1,0,0
6846,2750,0,2,0,03,0,0,0,1,0,0,0,0,1,1,"S_GEN3_WAIT",1,1,1,0,0,1,0,0
6847,2751,0,2,0,03,0,0,0,1,0,0,0,0,1,1,"S_GEN3_WAIT",1,1,1,0,0,1,0,0
6848,2752,0,2,0,03,0,0,0,1,0,0,0,0,1,1,"S_GEN3_WAIT",1,1,1,0,0,1,0,0
6849,2753,0,2,0,03,0,0,0,1,0,0,0,0,1,1,"S_GEN3_WAIT",1,1,1,0,0,1,0,0
6850,2754,0,2,0,03,0,0,0,1,0,0,0,0,1,1,"S_GEN3_WAIT",1,1,1,0,0,1,0,0
6851,2755,0,2,0,03,0,0,0,1,0,0,0,0,1,1,"S_GEN3_WAIT",1,1,1,0,0,1,0,0
6852,2756,0,2,0,03,0,0,0,1,0,0,0,0,1,1,"S_GEN3_WAIT",1,1,1,0,0,1,0,0
6853,2757,0,2,0,03,0,0,0,1,0,0,0,0,1,1,"S_GEN3_WAIT",1,1,1,0,0,1,0,0
6854,2758,0,2,0,03,0,0,0,1,0,0,0,0,1,1,"S_GEN3_WAIT",1,1,1,0,0,1,0,0
6855,2759,0,2,0,03,0,0,0,1,0,0,0,0,1,1,"S_GEN3_WAIT",1,1,1,0,0,1,0,0
6856,2760,0,2,0,03,0,0,0,1,0,0,0,0,1,1,"S_GEN3_WAIT",1,1,1,0,0,1,0,0
6857,2761,0,2,0,03,0,0,0,1,0,0,0,0,1,1,"S_GEN3_WAIT",1,1,1,0,0,1,0,0
6858,2762,0,2,0,03,0,0,0,1,0,0,0,0,1,1,"S_GEN3_WAIT",1,1,1,0,0,1,0,0
6859,2763,0,2,0,03,0,0,0,1,0,0,0,0,1,1,"S_GEN3_WAIT",1,1,1,0,0,1,0,0
6860,2764,0,2,0,03,0,0,0,1,0,0,0,0,1,1,"S_GEN3_WAIT",1,1,1,0,0,1,0,0
6861,2765,0,2,0,03,0,0,0,1,0,0,0,0,1,1,"S_GEN3_WAIT",1,1,1,0,0,1,0,0
6862,2766,0,2,0,03,0,0,0,1,0,0,0,0,1,1,"S_GEN3_WAIT",1,1,1,0,0,1,0,0
6863,2767,0,2,0,03,0,0,0,1,0,0,0,0,1,1,"S_GEN3_WAIT",1,1,1,0,0,1,0,0
6864,2768,0,2,0,03,0,0,0,1,0,0,0,0,1,1,"S_GEN3_WAIT",1,1,1,0,0,1,0,0
6865,2769,0,2,0,03,0,0,0,1,0,0,0,0,1,1,"S_GEN3_WAIT",1,1,1,0,0,1,0,0
6866,2770,0,2,0,03,0,0,0,1,0,0,0,0,1,1,"S_GEN3_WAIT",1,1,1,0,0,1,0,0
6867,2771,0,2,0,03,0,0,0,1,0,0,0,0,1,1,"S_GEN3_WAIT",1,1,1,0,0,1,0,0
6868,2772,0,2,0,03,0,0,0,1,0,0,0,0,1,1,"S_GEN3_WAIT",1,1,1,0,0,1,0,0
6869,2773,0,2,0,03,0,0,0,1,0,0,0,0,1,1,"S_GEN3_WAIT",1,1,1,0,0,1,0,0
6870,2774,0,2,0,03,0,0,0,1,0,0,0,0,1,1,"S_GEN3_WAIT",1,1,1,0,0,1,0,0
6871,2775,0,2,0,03,0,0,0,1,0,0,0,0,1,1,"S_GEN3_WAIT",1,1,1,0,0,1,0,0
6872,2776,0,2,0,03,0,0,0,1,0,0,0,0,1,1,"S_GEN3_WAIT",1,1,1,0,0,1,0,0
6873,2777,0,2,0,03,0,0,0,1,0,0,0,0,1,1,"S_GEN3_WAIT",1,1,1,0,0,1,0,0
6874,2778,0,2,0,03,0,0,0,1,0,0,0,0,1,1,"S_GEN3_WAIT",1,1,1,0,0,1,0,0
6875,2779,0,2,0,03,0,0,0,1,0,0,0,0,1,1,"S_GEN3_WAIT",1,1,1,0,0,1,0,0
6876,2780,0,2,0,03,0,0,0,1,0,0,0,0,1,1,"S_GEN3_WAIT",1,1,1,0,0,1,0,0
6877,2781,0,2,0,03,0,0,0,1,0,0,0,0,1,1,"S_GEN3_WAIT",1,1,1,0,0,1,0,0
6878,2782,0,2,0,03,0,0,0,1,0,0,0,0,1,1,"S_GEN3_WAIT",1,1,1,0,0,1,0,0
6879,2783,0,2,0,03,0,0,0,1,0,0,0,0,1,1,"S_GEN3_WAIT",1,1,1,0,0,1,0,0
6880,2784,0,2,0,03,0,0,0,1,0,0,0,0,1,1,"S_GEN3_WAIT",1,1,1,0,0,1,0,0
6881,2785,0,2,0,03,0,0,0,1,0,0,0,0,1,1,"S_GEN3_WAIT",1,1,1,0,0,1,0,0
6882,2786,0,2,0,03,0,0,0,1,0,0,0,0,1,1,"S_GEN3_WAIT",1,1,1,0,0,1,0,0
6883,2787,0,2,0,03,0,0,0,1,0,0,0,0,1,1,"S_GEN3_WAIT",1,1,1,0,0,1,0,0
6884,2788,0,2,0,03,0,0,0,1,0,0,0,0,1,1,"S_GEN3_WAIT",1,1,1,0,0,1,0,0
6885,2789,0,2,0,03,0,0,0,1,0,0,0,0,1,1,"S_GEN3_WAIT",1,1,1,0,0,1,0,0
6886,2790,0,2,0,03,0,0,0,1,0,0,0,0,1,1,"S_GEN3_WAIT",1,1,1,0,0,1,0,0
6887,2791,0,2,0,03,0,0,0,1,0,0,0,0,1,1,"S_GEN3_WAIT",1,1,1,0,0,1,0,0
6888,2792,0,2,0,03,0,0,0,1,0,0,0,0,1,1,"S_GEN3_WAIT",1,1,1,0,0,1,0,0
6889,2793,0,2,0,03,0,0,0,1,0,0,0,0,1,1,"S_GEN3_WAIT",1,1,1,0,0,1,0,0
6890,2794,0,2,0,03,0,0,0,1,0,0,0,0,1,1,"S_GEN3_WAIT",1,1,1,0,0,1,0,0
6891,2795,0,2,0,03,0,0,0,1,0,0,0,0,1,1,"S_GEN3_WAIT",1,1,1,0,0,1,0,0
6892,2796,0,2,0,03,0,0,0,1,0,0,0,0,1,1,"S_GEN3_WAIT",1,1,1,0,0,1,0,0
6893,2797,0,2,0,03,0,0,0,1,0,0,0,0,1,1,"S_GEN3_WAIT",1,1,1,0,0,1,0,0
6894,2798,0,2,0,03,0,0,0,1,0,0,0,0,1,1,"S_GEN3_WAIT",1,1,1,0,0,1,0,0
6895,2799,0,2,0,03,0,0,0,1,0,0,0,0,1,1,"S_GEN3_WAIT",1,1,1,0,0,1,0,0
6896,2800,0,2,0,03,0,0,0,1,0,0,0,0,1,1,"S_GEN3_WAIT",1,1,1,0,0,1,0,0
6897,2801,0,2,0,03,0,0,0,1,0,0,0,0,1,1,"S_GEN3_WAIT",1,1,1,0,0,1,0,0
6898,2802,0,2,0,03,0,0,0,1,0,0,0,0,1,1,"S_GEN3_WAIT",1,1,1,0,0,1,0,0
6899,2803,0,2,0,03,0,0,0,1,0,0,0,0,1,1,"S_GEN3_WAIT",1,1,1,0,0,1,0,0
6900,2804,0,2,0,03,0,0,0,1,0,0,0,0,1,1,"S_GEN3_WAIT",1,1,1,0,0,1,0,0
6901,2805,0,2,0,03,0,0,0,1,0,0,0,0,1,1,"S_GEN3_WAIT",1,1,1,0,0,1,0,0
6902,2806,0,2,0,03,0,0,0,1,0,0,0,0,1,1,"S_GEN3_WAIT",1,1,1,0,0,1,0,0
6903,2807,0,2,0,03,0,0,0,1,0,0,0,0,1,1,"S_GEN3_WAIT",1,1,1,0,0,1,0,0
6904,2808,0,2,0,03,0,0,0,1,0,0,0,0,1,1,"S_GEN3_WAIT",1,1,1,0,0,1,0,0
6905,2809,0,2,0,03,0,0,0,1,0,0,0,0,1,1,"S_GEN3_WAIT",1,1,1,0,0,1,0,0
6906,2810,0,2,0,03,0,0,0,1,0,0,0,0,1,1,"S_GEN3_WAIT",1,1,1,0,0,1,0,0
6907,2811,0,2,0,03,0,0,0,1,0,0,0,0,1,1,"S_GEN3_WAIT",1,1,1,0,0,1,0,0
6908,2812,0,2,0,03,0,0,0,1,0,0,0,0,1,1,"S_GEN3_WAIT",1,1,1,0,0,1,0,0
6909,2813,0,2,0,03,0,0,0,1,0,0,0,0,1,1,"S_GEN3_WAIT",1,1,1,0,0,1,0,0
6910,2814,0,2,0,03,0,0,0,1,0,0,0,0,1,1,"S_GEN3_WAIT",1,1,1,0,0,1,0,0
6911,2815,0,2,0,03,0,0,0,1,0,0,0,0,1,1,"S_GEN3_WAIT",1,1,1,0,0,1,0,0
6912,2816,0,2,0,03,0,0,0,1,0,0,0,0,1,1,"S_GEN3_WAIT",1,1,1,0,0,1,0,0
6913,2817,0,2,0,03,0,0,0,1,0,0,0,0,1,1,"S_GEN3_WAIT",1,1,1,0,0,1,0,0
6914,2818,0,2,0,03,0,0,0,1,0,0,0,0,1,1,"S_GEN3_WAIT",1,1,1,0,0,1,0,0
6915,2819,0,2,0,03,0,0,0,1,0,0,0,0,1,1,"S_GEN3_WAIT",1,1,1,0,0,1,0,0
6916,2820,0,2,0,03,0,0,0,1,0,0,0,0,1,1,"S_GEN3_WAIT",1,1,1,0,0,1,0,0
6917,2821,0,2,0,03,0,0,0,1,0,0,0,0,1,1,"S_GEN3_WAIT",1,1,1,0,0,1,0,0
6918,2822,0,2,0,03,0,0,0,1,0,0,0,0,1,1,"S_GEN3_WAIT",1,1,1,0,0,1,0,0
6919,2823,0,2,0,03,0,0,0,1,0,0,0,0,1,1,"S_GEN3_WAIT",1,1,1,0,0,1,0,0
6920,2824,0,2,0,03,0,0,0,1,0,0,0,0,1,1,"S_GEN3_WAIT",1,1,1,0,0,1,0,0
6921,2825,0,2,0,03,0,0,0,1,0,0,0,0,1,1,"S_GEN3_WAIT",1,1,1,0,0,1,0,0
6922,2826,0,2,0,03,0,0,0,1,0,0,0,0,1,1,"S_GEN3_WAIT",1,1,1,0,0,1,0,0
6923,2827,0,2,0,03,0,0,0,1,0,0,0,0,1,1,"S_GEN3_WAIT",1,1,1,0,0,1,0,0
6924,2828,0,2,0,03,0,0,0,1,0,0,0,0,1,1,"S_GEN3_WAIT",1,1,1,0,0,1,0,0
6925,2829,0,2,0,03,0,0,0,1,0,0,0,0,1,1,"S_GEN3_WAIT",1,1,1,0,0,1,0,0
6926,2830,0,2,0,03,0,0,0,1,0,0,0,0,1,1,"S_GEN3_WAIT",1,1,1,0,0,1,0,0
6927,2831,0,2,0,03,0,0,0,1,0,0,0,0,1,1,"S_GEN3_WAIT",1,1,1,0,0,1,0,0
6928,2832,0,2,0,03,0,0,0,1,0,0,0,0,1,1,"S_GEN3_WAIT",1,1,1,0,0,1,0,0
6929,2833,0,2,0,03,0,0,0,1,0,0,0,0,1,1,"S_GEN3_WAIT",1,1,1,0,0,1,0,0
6930,2834,0,2,0,03,0,0,0,1,0,0,0,0,1,1,"S_GEN3_WAIT",1,1,1,0,0,1,0,0
6931,2835,0,2,0,03,0,0,0,1,0,0,0,0,1,1,"S_GEN3_WAIT",1,1,1,0,0,1,0,0
6932,2836,0,2,0,03,0,0,0,1,0,0,0,0,1,1,"S_GEN3_WAIT",1,1,1,0,0,1,0,0
6933,2837,0,2,0,03,0,0,0,1,0,0,0,0,1,1,"S_GEN3_WAIT",1,1,1,0,0,1,0,0
6934,2838,0,2,0,03,0,0,0,1,0,0,0,0,1,1,"S_GEN3_WAIT",1,1,1,0,0,1,0,0
6935,2839,0,2,0,03,0,0,0,1,0,0,0,0,1,1,"S_GEN3_WAIT",1,1,1,0,0,1,0,0
6936,2840,0,2,0,03,0,0,0,1,0,0,0,0,1,1,"S_GEN3_WAIT",1,1,1,0,0,1,0,0
6937,2841,0,2,0,03,0,0,0,1,0,0,0,0,1,1,"S_GEN3_WAIT",1,1,1,0,0,1,0,0
6938,2842,0,2,0,03,0,0,0,1,0,0,0,0,1,1,"S_GEN3_WAIT",1,1,1,0,0,1,0,0
6939,2843,0,2,0,03,0,0,0,1,0,0,0,0,1,1,"S_GEN3_WAIT",1,1,1,0,0,1,0,0
6940,2844,0,2,0,03,0,0,0,1,0,0,0,0,1,1,"S_GEN3_WAIT",1,1,1,0,0,1,0,0
6941,2845,0,2,0,03,0,0,0,1,0,0,0,0,1,1,"S_GEN3_WAIT",1,1,1,0,0,1,0,0
6942,2846,0,2,0,03,0,0,0,1,0,0,0,0,1,1,"S_GEN3_WAIT",1,1,1,0,0,1,0,0
6943,2847,0,2,0,03,0,0,0,1,0,0,0,0,1,1,"S_GEN3_WAIT",1,1,1,0,0,1,0,0
6944,2848,0,2,0,03,0,0,0,1,0,0,0,0,1,1,"S_GEN3_WAIT",1,1,1,0,0,1,0,0
6945,2849,0,2,0,03,0,0,0,1,0,0,0,0,1,1,"S_GEN3_WAIT",1,1,1,0,0,1,0,0
6946,2850,0,2,0,03,0,0,0,1,0,0,0,0,1,1,"S_GEN3_WAIT",1,1,1,0,0,1,0,0
6947,2851,0,2,0,03,0,0,0,1,0,0,0,0,1,1,"S_GEN3_WAIT",1,1,1,0,0,1,0,0
6948,2852,0,2,0,03,0,0,0,1,0,0,0,0,1,1,"S_GEN3_WAIT",1,1,1,0,0,1,0,0
6949,2853,0,2,0,03,0,0,0,1,0,0,0,0,1,1,"S_GEN3_WAIT",1,1,1,0,0,1,0,0
6950,2854,0,2,0,03,0,0,0,1,0,0,0,0,1,1,"S_GEN3_WAIT",1,1,1,0,0,1,0,0
6951,2855,0,2,0,03,0,0,0,1,0,0,0,0,1,1,"S_GEN3_WAIT",1,1,1,0,0,1,0,0
6952,2856,0,2,0,03,0,0,0,1,0,0,0,0,1,1,"S_GEN3_WAIT",1,1,1,0,0,1,0,0
6953,2857,0,2,0,03,0,0,0,1,0,0,0,0,1,1,"S_GEN3_WAIT",1,1,1,0,0,1,0,0
6954,2858,0,2,0,03,0,0,0,1,0,0,0,0,1,1,"S_GEN3_WAIT",1,1,1,0,0,1,0,0
6955,2859,0,2,0,03,0,0,0,1,0,0,0,0,1,1,"S_GEN3_WAIT",1,1,1,0,0,1,0,0
6956,2860,0,2,0,03,0,0,0,1,0,0,0,0,1,1,"S_GEN3_WAIT",1,1,1,0,0,1,0,0
6957,2861,0,2,0,03,0,0,0,1,0,0,0,0,1,1,"S_GEN3_WAIT",1,1,1,0,0,1,0,0
6958,2862,0,2,0,03,0,0,0,1,0,0,0,0,1,1,"S_GEN3_WAIT",1,1,1,0,0,1,0,0
6959,2863,0,2,0,03,0,0,0,1,0,0,0,0,1,1,"S_GEN3_WAIT",1,1,1,0,0,1,0,0
6960,2864,0,2,0,03,0,0,0,1,0,0,0,0,1,1,"S_GEN3_WAIT",1,1,1,0,0,1,0,0
6961,2865,0,2,0,03,0,0,0,1,0,0,0,0,1,1,"S_GEN3_WAIT",1,1,1,0,0,1,0,0
6962,2866,0,2,0,03,0,0,0,1,0,0,0,0,1,1,"S_GEN3_WAIT",1,1,1,0,0,1,0,0
6963,2867,0,2,0,03,0,0,0,1,0,0,0,0,1,1,"S_GEN3_WAIT",1,1,1,0,0,1,0,0
6964,2868,0,2,0,03,0,0,0,1,0,0,0,0,1,1,"S_GEN3_WAIT",1,1,1,0,0,1,0,0
6965,2869,0,2,0,03,0,0,0,1,0,0,0,0,1,1,"S_GEN3_WAIT",1,1,1,0,0,1,0,0
6966,2870,0,2,0,03,0,0,0,1,0,0,0,0,1,1,"S_GEN3_WAIT",1,1,1,0,0,1,0,0
6967,2871,0,2,0,03,0,0,0,1,0,0,0,0,1,1,"S_GEN3_WAIT",1,1,1,0,0,1,0,0
6968,2872,0,2,0,03,0,0,0,1,0,0,0,0,1,1,"S_GEN3_WAIT",1,1,1,0,0,1,0,0
6969,2873,0,2,0,03,0,0,0,1,0,0,0,0,1,1,"S_GEN3_WAIT",1,1,1,0,0,1,0,0
6970,2874,0,2,0,03,0,0,0,1,0,0,0,0,1,1,"S_GEN3_WAIT",1,1,1,0,0,1,0,0
6971,2875,0,2,0,03,0,0,0,1,0,0,0,0,1,1,"S_GEN3_WAIT",1,1,1,0,0,1,0,0
6972,2876,0,2,0,03,0,0,0,1,0,0,0,0,1,1,"S_GEN3_WAIT",1,1,1,0,0,1,0,0
6973,2877,0,2,0,03,0,0,0,1,0,0,0,0,1,1,"S_GEN3_WAIT",1,1,1,0,0,1,0,0
6974,2878,0,2,0,03,0,0,0,1,0,0,0,0,1,1,"S_GEN3_WAIT",1,1,1,0,0,1,0,0
6975,2879,0,2,0,03,0,0,0,1,0,0,0,0,1,1,"S_GEN3_WAIT",1,1,1,0,0,1,0,0
6976,2880,0,2,0,03,0,0,0,1,0,0,0,0,1,1,"S_GEN3_WAIT",1,1,1,0,0,1,0,0
6977,2881,0,2,0,03,0,0,0,1,0,0,0,0,1,1,"S_GEN3_WAIT",1,1,1,0,0,1,0,0
6978,2882,0,2,0,03,0,0,0,1,0,0,0,0,1,1,"S_GEN3_WAIT",1,1,1,0,0,1,0,0
6979,2883,0,2,0,03,0,0,0,1,0,0,0,0,1,1,"S_GEN3_WAIT",1,1,1,0,0,1,0,0
6980,2884,0,2,0,03,0,0,0,1,0,0,0,0,1,1,"S_GEN3_WAIT",1,1,1,0,0,1,0,0
6981,2885,0,2,0,03,0,0,0,1,0,0,0,0,1,1,"S_GEN3_WAIT",1,1,1,0,0,1,0,0
6982,2886,0,2,0,03,0,0,0,1,0,0,0,0,1,1,"S_GEN3_WAIT",1,1,1,0,0,1,0,0
6983,2887,0,2,0,03,0,0,0,1,0,0,0,0,1,1,"S_GEN3_WAIT",1,1,1,0,0,1,0,0
6984,2888,0,2,0,03,0,0,0,1,0,0,0,0,1,1,"S_GEN3_WAIT",1,1,1,0,0,1,0,0
6985,2889,0,2,0,03,0,0,0,1,0,0,0,0,1,1,"S_GEN3_WAIT",1,1,1,0,0,1,0,0
6986,2890,0,2,0,03,0,0,0,1,0,0,0,0,1,1,"S_GEN3_WAIT",1,1,1,0,0,1,0,0
6987,2891,0,2,0,03,0,0,0,1,0,0,0,0,1,1,"S_GEN3_WAIT",1,1,1,0,0,1,0,0
6988,2892,0,2,0,03,0,0,0,1,0,0,0,0,1,1,"S_GEN3_WAIT",1,1,1,0,0,1,0,0
6989,2893,0,2,0,03,0,0,0,1,0,0,0,0,1,1,"S_GEN3_WAIT",1,1,1,0,0,1,0,0
6990,2894,0,2,0,03,0,0,0,1,0,0,0,0,1,1,"S_GEN3_WAIT",1,1,1,0,0,1,0,0
6991,2895,0,2,0,03,0,0,0,1,0,0,0,0,1,1,"S_GEN3_WAIT",1,1,1,0,0,1,0,0
6992,2896,0,2,0,03,0,0,0,1,0,0,0,0,1,1,"S_GEN3_WAIT",1,1,1,0,0,1,0,0
6993,2897,0,2,0,03,0,0,0,1,0,0,0,0,1,1,"S_GEN3_WAIT",1,1,1,0,0,1,0,0
6994,2898,0,2,0,03,0,0,0,1,0,0,0,0,1,1,"S_GEN3_WAIT",1,1,1,0,0,1,0,0
6995,2899,0,2,0,03,0,0,0,1,0,0,0,0,1,1,"S_GEN3_WAIT",1,1,1,0,0,1,0,0
6996,2900,0,2,0,03,0,0,0,1,0,0,0,0,1,1,"S_GEN3_WAIT",1,1,1,0,0,1,0,0
6997,2901,0,2,0,03,0,0,0,1,0,0,0,0,1,1,"S_GEN3_WAIT",1,1,1,0,0,1,0,0
6998,2902,0,2,0,03,0,0,0,1,0,0,0,0,1,1,"S_GEN3_WAIT",1,1,1,0,0,1,0,0
6999,2903,0,2,0,03,0,0,0,1,0,0,0,0,1,1,"S_GEN3_WAIT",1,1,1,0,0,1,0,0
7000,2904,0,2,0,03,0,0,0,1,0,0,0,0,1,1,"S_GEN3_WAIT",1,1,1,0,0,1,0,0
7001,2905,0,2,0,03,0,0,0,1,0,0,0,0,1,1,"S_GEN3_WAIT",1,1,1,0,0,1,0,0
7002,2906,0,2,0,03,0,0,0,1,0,0,0,0,1,1,"S_GEN3_WAIT",1,1,1,0,0,1,0,0
7003,2907,0,2,0,03,0,0,0,1,0,0,0,0,1,1,"S_GEN3_WAIT",1,1,1,0,0,1,0,0
7004,2908,0,2,0,03,0,0,0,1,0,0,0,0,1,1,"S_GEN3_WAIT",1,1,1,0,0,1,0,0
7005,2909,0,2,0,03,0,0,0,1,0,0,0,0,1,1,"S_GEN3_WAIT",1,1,1,0,0,1,0,0
7006,2910,0,2,0,03,0,0,0,1,0,0,0,0,1,1,"S_GEN3_WAIT",1,1,1,0,0,1,0,0
7007,2911,0,2,0,03,0,0,0,1,0,0,0,0,1,1,"S_GEN3_WAIT",1,1,1,0,0,1,0,0
7008,2912,0,2,0,03,0,0,0,1,0,0,0,0,1,1,"S_GEN3_WAIT",1,1,1,0,0,1,0,0
7009,2913,0,2,0,03,0,0,0,1,0,0,0,0,1,1,"S_GEN3_WAIT",1,1,1,0,0,1,0,0
7010,2914,0,2,0,03,0,0,0,1,0,0,0,0,1,1,"S_GEN3_WAIT",1,1,1,0,0,1,0,0
7011,2915,0,2,0,03,0,0,0,1,0,0,0,0,1,1,"S_GEN3_WAIT",1,1,1,0,0,1,0,0
7012,2916,0,2,0,03,0,0,0,1,0,0,0,0,1,1,"S_GEN3_WAIT",1,1,1,0,0,1,0,0
7013,2917,0,2,0,03,0,0,0,1,0,0,0,0,1,1,"S_GEN3_WAIT",1,1,1,0,0,1,0,0
7014,2918,0,2,0,03,0,0,0,1,0,0,0,0,1,1,"S_GEN3_WAIT",1,1,1,0,0,1,0,0
7015,2919,0,2,0,03,0,0,0,1,0,0,0,0,1,1,"S_GEN3_WAIT",1,1,1,0,0,1,0,0
7016,2920,0,2,0,03,0,0,0,1,0,0,0,0,1,1,"S_GEN3_WAIT",1,1,1,0,0,1,0,0
7017,2921,0,2,0,03,0,0,0,1,0,0,0,0,1,1,"S_GEN3_WAIT",1,1,1,0,0,1,0,0
7018,2922,0,2,0,03,0,0,0,1,0,0,0,0,1,1,"S_GEN3_WAIT",1,1,1,0,0,1,0,0
7019,2923,0,2,0,03,0,0,0,1,0,0,0,0,1,1,"S_GEN3_WAIT",1,1,1,0,0,1,0,0
7020,2924,0,2,0,03,0,0,0,1,0,0,0,0,1,1,"S_GEN3_WAIT",1,1,1,0,0,1,0,0
7021,2925,0,2,0,03,0,0,0,1,0,0,0,0,1,1,"S_GEN3_WAIT",1,1,1,0,0,1,0,0
7022,2926,0,2,0,03,0,0,0,1,0,0,0,0,1,1,"S_GEN3_WAIT",1,1,1,0,0,1,0,0
7023,2927,0,2,0,03,0,0,0,1,0,0,0,0,1,1,"S_GEN3_WAIT",1,1,1,0,0,1,0,0
7024,2928,0,2,0,03,0,0,0,1,0,0,0,0,1,1,"S_GEN3_WAIT",1,1,1,0,0,1,0,0
7025,2929,0,2,0,03,0,0,0,1,0,0,0,0,1,1,"S_GEN3_WAIT",1,1,1,0,0,1,0,0
7026,2930,0,2,0,03,0,0,0,1,0,0,0,0,1,1,"S_GEN3_WAIT",1,1,1,0,0,1,0,0
7027,2931,0,2,0,03,0,0,0,1,0,0,0,0,1,1,"S_GEN3_WAIT",1,1,1,0,0,1,0,0
7028,2932,0,2,0,03,0,0,0,1,0,0,0,0,1,1,"S_GEN3_WAIT",1,1,1,0,0,1,0,0
7029,2933,0,2,0,03,0,0,0,1,0,0,0,0,1,1,"S_GEN3_WAIT",1,1,1,0,0,1,0,0
7030,2934,0,2,0,03,0,0,0,1,0,0,0,0,1,1,"S_GEN3_WAIT",1,1,1,0,0,1,0,0
7031,2935,0,2,0,03,0,0,0,1,0,0,0,0,1,1,"S_GEN3_WAIT",1,1,1,0,0,1,0,0
7032,2936,0,2,0,03,0,0,0,1,0,0,0,0,1,1,"S_GEN3_WAIT",1,1,1,0,0,1,0,0
7033,2937,0,2,0,03,0,0,0,1,0,0,0,0,1,1,"S_GEN3_WAIT",1,1,1,0,0,1,0,0
7034,2938,0,2,0,03,0,0,0,1,0,0,0,0,1,1,"S_GEN3_WAIT",1,1,1,0,0,1,0,0
7035,2939,0,2,0,03,0,0,0,1,0,0,0,0,1,1,"S_GEN3_WAIT",1,1,1,0,0,1,0,0
7036,2940,0,2,0,03,0,0,0,1,0,0,0,0,1,1,"S_GEN3_WAIT",1,1,1,0,0,1,0,0
7037,2941,0,2,0,03,0,0,0,1,0,0,0,0,1,1,"S_GEN3_WAIT",1,1,1,0,0,1,0,0
7038,2942,0,2,0,03,0,0,0,1,0,0,0,0,1,1,"S_GEN3_WAIT",1,1,1,0,0,1,0,0
7039,2943,0,2,0,03,0,0,0,1,0,0,0,0,1,1,"S_GEN3_WAIT",1,1,1,0,0,1,0,0
7040,2944,0,2,0,03,0,0,0,1,0,0,0,0,1,1,"S_GEN3_WAIT",1,1,1,0,0,1,0,0
7041,2945,0,2,0,03,0,0,0,1,0,0,0,0,1,1,"S_GEN3_WAIT",1,1,1,0,0,1,0,0
7042,2946,0,2,0,03,0,0,0,1,0,0,0,0,1,1,"S_GEN3_WAIT",1,1,1,0,0,1,0,0
7043,2947,0,2,0,03,0,0,0,1,0,0,0,0,1,1,"S_GEN3_WAIT",1,1,1,0,0,1,0,0
7044,2948,0,2,0,03,0,0,0,1,0,0,0,0,1,1,"S_GEN3_WAIT",1,1,1,0,0,1,0,0
7045,2949,0,2,0,03,0,0,0,1,0,0,0,0,1,1,"S_GEN3_WAIT",1,1,1,0,0,1,0,0
7046,2950,0,2,0,03,0,0,0,1,0,0,0,0,1,1,"S_GEN3_WAIT",1,1,1,0,0,1,0,0
7047,2951,0,2,0,03,0,0,0,1,0,0,0,0,1,1,"S_GEN3_WAIT",1,1,1,0,0,1,0,0
7048,2952,0,2,0,03,0,0,0,1,0,0,0,0,1,1,"S_GEN3_WAIT",1,1,1,0,0,1,0,0
7049,2953,0,2,0,03,0,0,0,1,0,0,0,0,1,1,"S_GEN3_WAIT",1,1,1,0,0,1,0,0
7050,2954,0,2,0,03,0,0,0,1,0,0,0,0,1,1,"S_GEN3_WAIT",1,1,1,0,0,1,0,0
7051,2955,0,2,0,03,0,0,0,1,0,0,0,0,1,1,"S_GEN3_WAIT",1,1,1,0,0,1,0,0
7052,2956,0,2,0,03,0,0,0,1,0,0,0,0,1,1,"S_GEN3_WAIT",1,1,1,0,0,1,0,0
7053,2957,0,2,0,03,0,0,0,1,0,0,0,0,1,1,"S_GEN3_WAIT",1,1,1,0,0,1,0,0
7054,2958,0,2,0,03,0,0,0,1,0,0,0,0,1,1,"S_GEN3_WAIT",1,1,1,0,0,1,0,0
7055,2959,0,2,0,03,0,0,0,1,0,0,0,0,1,1,"S_GEN3_WAIT",1,1,1,0,0,1,0,0
7056,2960,0,2,0,03,0,0,0,1,0,0,0,0,1,1,"S_GEN3_WAIT",1,1,1,0,0,1,0,0
7057,2961,0,2,0,03,0,0,0,1,0,0,0,0,1,1,"S_GEN3_WAIT",1,1,1,0,0,1,0,0
7058,2962,0,2,0,03,0,0,0,1,0,0,0,0,1,1,"S_GEN3_WAIT",1,1,1,0,0,1,0,0
7059,2963,0,2,0,03,0,0,0,1,0,0,0,0,1,1,"S_GEN3_WAIT",1,1,1,0,0,1,0,0
7060,2964,0,2,0,03,0,0,0,1,0,0,0,0,1,1,"S_GEN3_WAIT",1,1,1,0,0,1,0,0
7061,2965,0,2,0,03,0,0,0,1,0,0,0,0,1,1,"S_GEN3_WAIT",1,1,1,0,0,1,0,0
7062,2966,0,2,0,03,0,0,0,1,0,0,0,0,1,1,"S_GEN3_WAIT",1,1,1,0,0,1,0,0
7063,2967,0,2,0,03,0,0,0,1,0,0,0,0,1,1,"S_GEN3_WAIT",1,1,1,0,0,1,0,0
7064,2968,0,2,0,03,0,0,0,1,0,0,0,0,1,1,"S_GEN3_WAIT",1,1,1,0,0,1,0,0
7065,2969,0,2,0,03,0,0,0,1,0,0,0,0,1,1,"S_GEN3_WAIT",1,1,1,0,0,1,0,0
7066,2970,0,2,0,03,0,0,0,1,0,0,0,0,1,1,"S_GEN3_WAIT",1,1,1,0,0,1,0,0
7067,2971,0,2,0,03,0,0,0,1,0,0,0,0,1,1,"S_GEN3_WAIT",1,1,1,0,0,1,0,0
7068,2972,0,2,0,03,0,0,0,1,0,0,0,0,1,1,"S_GEN3_WAIT",1,1,1,0,0,1,0,0
7069,2973,0,2,0,03,0,0,0,1,0,0,0,0,1,1,"S_GEN3_WAIT",1,1,1,0,0,1,0,0
7070,2974,0,2,0,03,0,0,0,1,0,0,0,0,1,1,"S_GEN3_WAIT",1,1,1,0,0,1,0,0
7071,2975,0,2,0,03,0,0,0,1,0,0,0,0,1,1,"S_GEN3_WAIT",1,1,1,0,0,1,0,0
7072,2976,0,2,0,03,0,0,0,1,0,0,0,0,1,1,"S_GEN3_WAIT",1,1,1,0,0,1,0,0
7073,2977,0,2,0,03,0,0,0,1,0,0,0,0,1,1,"S_GEN3_WAIT",1,1,1,0,0,1,0,0
7074,2978,0,2,0,03,0,0,0,1,0,0,0,0,1,1,"S_GEN3_WAIT",1,1,1,0,0,1,0,0
7075,2979,0,2,0,03,0,0,0,1,0,0,0,0,1,1,"S_GEN3_WAIT",1,1,1,0,0,1,0,0
7076,2980,0,2,0,03,0,0,0,1,0,0,0,0,1,1,"S_GEN3_WAIT",1,1,1,0,0,1,0,0
7077,2981,0,2,0,03,0,0,0,1,0,0,0,0,1,1,"S_GEN3_WAIT",1,1,1,0,0,1,0,0
7078,2982,0,2,0,03,0,0,0,1,0,0,0,0,1,1,"S_GEN3_WAIT",1,1,1,0,0,1,0,0
7079,2983,0,2,0,03,0,0,0,1,0,0,0,0,1,1,"S_GEN3_WAIT",1,1,1,0,0,1,0,0
7080,2984,0,2,0,03,0,0,0,1,0,0,0,0,1,1,"S_GEN3_WAIT",1,1,1,0,0,1,0,0
7081,2985,0,2,0,03,0,0,0,1,0,0,0,0,1,1,"S_GEN3_WAIT",1,1,1,0,0,1,0,0
7082,2986,0,2,0,03,0,0,0,1,0,0,0,0,1,1,"S_GEN3_WAIT",1,1,1,0,0,1,0,0
7083,2987,0,2,0,03,0,0,0,1,0,0,0,0,1,1,"S_GEN3_WAIT",1,1,1,0,0,1,0,0
7084,2988,0,2,0,03,0,0,0,1,0,0,0,0,1,1,"S_GEN3_WAIT",1,1,1,0,0,1,0,0
7085,2989,0,2,0,03,0,0,0,1,0,0,0,0,1,1,"S_GEN3_WAIT",1,1,1,0,0,1,0,0
7086,2990,0,2,0,03,0,0,0,1,0,0,0,0,1,1,"S_GEN3_WAIT",1,1,1,0,0,1,0,0
7087,2991,0,2,0,03,0,0,0,1,0,0,0,0,1,1,"S_GEN3_WAIT",1,1,1,0,0,1,0,0
7088,2992,0,2,0,03,0,0,0,1,0,0,0,0,1,1,"S_GEN3_WAIT",1,1,1,0,0,1,0,0
7089,2993,0,2,0,03,0,0,0,1,0,0,0,0,1,1,"S_GEN3_WAIT",1,1,1,0,0,1,0,0
7090,2994,0,2,0,03,0,0,0,1,0,0,0,0,1,1,"S_GEN3_WAIT",1,1,1,0,0,1,0,0
7091,2995,0,2,0,03,0,0,0,1,0,0,0,0,1,1,"S_GEN3_WAIT",1,1,1,0,0,1,0,0
7092,2996,0,2,0,03,0,0,0,1,0,0,0,0,1,1,"S_GEN3_WAIT",1,1,1,0,0,1,0,0
7093,2997,0,2,0,03,0,0,0,1,0,0,0,0,1,1,"S_GEN3_WAIT",1,1,1,0,0,1,0,0
7094,2998,0,2,0,03,0,0,0,1,0,0,0,0,1,1,"S_GEN3_WAIT",1,1,1,0,0,1,0,0
7095,2999,0,2,0,03,0,0,0,1,0,0,0,0,1,1,"S_GEN3_WAIT",1,1,1,0,0,1,0,0
7096,3000,0,2,0,03,0,0,0,1,0,0,0,0,1,1,"S_GEN3_WAIT",1,1,1,0,0,1,0,0
7097,3001,0,2,0,03,0,0,0,1,0,0,0,0,1,1,"S_GEN3_WAIT",1,1,1,0,0,1,0,0
7098,3002,0,2,0,03,0,0,0,1,0,0,0,0,1,1,"S_GEN3_WAIT",1,1,1,0,0,1,0,0
7099,3003,0,2,0,03,0,0,0,1,0,0,0,0,1,1,"S_GEN3_WAIT",1,1,1,0,0,1,0,0
7100,3004,0,2,0,03,0,0,0,1,0,0,0,0,1,1,"S_GEN3_WAIT",1,1,1,0,0,1,0,0
7101,3005,0,2,0,03,0,0,0,1,0,0,0,0,1,1,"S_GEN3_WAIT",1,1,1,0,0,1,0,0
7102,3006,0,2,0,03,0,0,0,1,0,0,0,0,1,1,"S_GEN3_WAIT",1,1,1,0,0,1,0,0
7103,3007,0,2,0,03,0,0,0,1,0,0,0,0,1,1,"S_GEN3_WAIT",1,1,1,0,0,1,0,0
7104,3008,0,2,0,03,0,0,0,1,0,0,0,0,1,1,"S_GEN3_WAIT",1,1,1,0,0,1,0,0
7105,3009,0,2,0,03,0,0,0,1,0,0,0,0,1,1,"S_GEN3_WAIT",1,1,1,0,0,1,0,0
7106,3010,0,2,0,03,0,0,0,1,0,0,0,0,1,1,"S_GEN3_WAIT",1,1,1,0,0,1,0,0
7107,3011,0,2,0,03,0,0,0,1,0,0,0,0,1,1,"S_GEN3_WAIT",1,1,1,0,0,1,0,0
7108,3012,0,2,0,03,0,0,0,1,0,0,0,0,1,1,"S_GEN3_WAIT",1,1,1,0,0,1,0,0
7109,3013,0,2,0,03,0,0,0,1,0,0,0,0,1,1,"S_GEN3_WAIT",1,1,1,0,0,1,0,0
7110,3014,0,2,0,03,0,0,0,1,0,0,0,0,1,1,"S_GEN3_WAIT",1,1,1,0,0,1,0,0
7111,3015,0,2,0,03,0,0,0,1,0,0,0,0,1,1,"S_GEN3_WAIT",1,1,1,0,0,1,0,0
7112,3016,0,2,0,03,0,0,0,1,0,0,0,0,1,1,"S_GEN3_WAIT",1,1,1,0,0,1,0,0
7113,3017,0,2,0,03,0,0,0,1,0,0,0,0,1,1,"S_GEN3_WAIT",1,1,1,0,0,1,0,0
7114,3018,0,2,0,03,0,0,0,1,0,0,0,0,1,1,"S_GEN3_WAIT",1,1,1,0,0,1,0,0
7115,3019,0,2,0,03,0,0,0,1,0,0,0,0,1,1,"S_GEN3_WAIT",1,1,1,0,0,1,0,0
7116,3020,0,2,0,03,0,0,0,1,0,0,0,0,1,1,"S_GEN3_WAIT",1,1,1,0,0,1,0,0
7117,3021,0,2,0,03,0,0,0,1,0,0,0,0,1,1,"S_GEN3_WAIT",1,1,1,0,0,1,0,0
7118,3022,0,2,0,03,0,0,0,1,0,0,0,0,1,1,"S_GEN3_WAIT",1,1,1,0,0,1,0,0
7119,3023,0,2,0,03,0,0,0,1,0,0,0,0,1,1,"S_GEN3_WAIT",1,1,1,0,0,1,0,0
7120,3024,0,2,0,03,0,0,0,1,0,0,0,0,1,1,"S_GEN3_WAIT",1,1,1,0,0,1,0,0
7121,3025,0,2,0,03,0,0,0,1,0,0,0,0,1,1,"S_GEN3_WAIT",1,1,1,0,0,1,0,0
7122,3026,0,2,0,03,0,0,0,1,0,0,0,0,1,1,"S_GEN3_WAIT",1,1,1,0,0,1,0,0
7123,3027,0,2,0,03,0,0,0,1,0,0,0,0,1,1,"S_GEN3_WAIT",1,1,1,0,0,1,0,0
7124,3028,0,2,0,03,0,0,0,1,0,0,0,0,1,1,"S_GEN3_WAIT",1,1,1,0,0,1,0,0
7125,3029,0,2,0,03,0,0,0,1,0,0,0,0,1,1,"S_GEN3_WAIT",1,1,1,0,0,1,0,0
7126,3030,0,2,0,03,0,0,0,1,0,0,0,0,1,1,"S_GEN3_WAIT",1,1,1,0,0,1,0,0
7127,3031,0,2,0,03,0,0,0,1,0,0,0,0,1,1,"S_GEN3_WAIT",1,1,1,0,0,1,0,0
7128,3032,0,2,0,03,0,0,0,1,0,0,0,0,1,1,"S_GEN3_WAIT",1,1,1,0,0,1,0,0
7129,3033,0,2,0,03,0,0,0,1,0,0,0,0,1,1,"S_GEN3_WAIT",1,1,1,0,0,1,0,0
7130,3034,0,2,0,03,0,0,0,1,0,0,0,0,1,1,"S_GEN3_WAIT",1,1,1,0,0,1,0,0
7131,3035,0,2,0,03,0,0,0,1,0,0,0,0,1,1,"S_GEN3_WAIT",1,1,1,0,0,1,0,0
7132,3036,0,2,0,03,0,0,0,1,0,0,0,0,1,1,"S_GEN3_WAIT",1,1,1,0,0,1,0,0
7133,3037,0,2,0,03,0,0,0,1,0,0,0,0,1,1,"S_GEN3_WAIT",1,1,1,0,0,1,0,0
7134,3038,0,2,0,03,0,0,0,1,0,0,0,0,1,1,"S_GEN3_WAIT",1,1,1,0,0,1,0,0
7135,3039,0,2,0,03,0,0,0,1,0,0,0,0,1,1,"S_GEN3_WAIT",1,1,1,0,0,1,0,0
7136,3040,0,2,0,03,0,0,0,1,0,0,0,0,1,1,"S_GEN3_WAIT",1,1,1,0,0,1,0,0
7137,3041,0,2,0,03,0,0,0,1,0,0,0,0,1,1,"S_GEN3_WAIT",1,1,1,0,0,1,0,0
7138,3042,0,2,0,03,0,0,0,1,0,0,0,0,1,1,"S_GEN3_WAIT",1,1,1,0,0,1,0,0
7139,3043,0,2,0,03,0,0,0,1,0,0,0,0,1,1,"S_GEN3_WAIT",1,1,1,0,0,1,0,0
7140,3044,0,2,0,03,0,0,0,1,0,0,0,0,1,1,"S_GEN3_WAIT",1,1,1,0,0,1,0,0
7141,3045,0,2,0,03,0,0,0,1,0,0,0,0,1,1,"S_GEN3_WAIT",1,1,1,0,0,1,0,0
7142,3046,0,2,0,03,0,0,0,1,0,0,0,0,1,1,"S_GEN3_WAIT",1,1,1,0,0,1,0,0
7143,3047,0,2,0,03,0,0,0,1,0,0,0,0,1,1,"S_GEN3_WAIT",1,1,1,0,0,1,0,0
7144,3048,0,2,0,03,0,0,0,1,0,0,0,0,1,1,"S_GEN3_WAIT",1,1,1,0,0,1,0,0
7145,3049,0,2,0,03,0,0,0,1,0,0,0,0,1,1,"S_GEN3_WAIT",1,1,1,0,0,1,0,0
7146,3050,0,2,0,03,0,0,0,1,0,0,0,0,1,1,"S_GEN3_WAIT",1,1,1,0,0,1,0,0
7147,3051,0,2,0,03,0,0,0,1,0,0,0,0,1,1,"S_GEN3_WAIT",1,1,1,0,0,1,0,0
7148,3052,0,2,0,03,0,0,0,1,0,0,0,0,1,1,"S_GEN3_WAIT",1,1,1,0,0,1,0,0
7149,3053,0,2,0,03,0,0,0,1,0,0,0,0,1,1,"S_GEN3_WAIT",1,1,1,0,0,1,0,0
7150,3054,0,2,0,03,0,0,0,1,0,0,0,0,1,1,"S_GEN3_WAIT",1,1,1,0,0,1,0,0
7151,3055,0,2,0,03,0,0,0,1,0,0,0,0,1,1,"S_GEN3_WAIT",1,1,1,0,0,1,0,0
7152,3056,0,2,0,03,0,0,0,1,0,0,0,0,1,1,"S_GEN3_WAIT",1,1,1,0,0,1,0,0
7153,3057,0,2,0,03,0,0,0,1,0,0,0,0,1,1,"S_GEN3_WAIT",1,1,1,0,0,1,0,0
7154,3058,0,2,0,03,0,0,0,1,0,0,0,0,1,1,"S_GEN3_WAIT",1,1,1,0,0,1,0,0
7155,3059,0,2,0,03,0,0,0,1,0,0,0,0,1,1,"S_GEN3_WAIT",1,1,1,0,0,1,0,0
7156,3060,0,2,0,03,0,0,0,1,0,0,0,0,1,1,"S_GEN3_WAIT",1,1,1,0,0,1,0,0
7157,3061,0,2,0,03,0,0,0,1,0,0,0,0,1,1,"S_GEN3_WAIT",1,1,1,0,0,1,0,0
7158,3062,0,2,0,03,0,0,0,1,0,0,0,0,1,1,"S_GEN3_WAIT",1,1,1,0,0,1,0,0
7159,3063,0,2,0,03,0,0,0,1,0,0,0,0,1,1,"S_GEN3_WAIT",1,1,1,0,0,1,0,0
7160,3064,0,2,0,03,0,0,0,1,0,0,0,0,1,1,"S_GEN3_WAIT",1,1,1,0,0,1,0,0
7161,3065,0,2,0,03,0,0,0,1,0,0,0,0,1,1,"S_GEN3_WAIT",1,1,1,0,0,1,0,0
7162,3066,0,2,0,03,0,0,0,1,0,0,0,0,1,1,"S_GEN3_WAIT",1,1,1,0,0,1,0,0
7163,3067,0,2,0,03,0,0,0,1,0,0,0,0,1,1,"S_GEN3_WAIT",1,1,1,0,0,1,0,0
7164,3068,0,2,0,03,0,0,0,1,0,0,0,0,1,1,"S_GEN3_WAIT",1,1,1,0,0,1,0,0
7165,3069,0,2,0,03,0,0,0,1,0,0,0,0,1,1,"S_GEN3_WAIT",1,1,1,0,0,1,0,0
7166,3070,0,2,0,03,0,0,0,1,0,0,0,0,1,1,"S_GEN3_WAIT",1,1,1,0,0,1,0,0
7167,3071,0,2,0,03,0,0,0,1,0,0,0,0,1,1,"S_GEN3_WAIT",1,1,1,0,0,1,0,0
7168,3072,0,2,0,03,0,0,0,1,0,0,0,0,1,1,"S_GEN3_WAIT",1,1,1,0,0,1,0,0
7169,3073,0,2,0,03,0,0,0,1,0,0,0,0,1,1,"S_GEN3_WAIT",1,1,1,0,0,1,0,0
7170,3074,0,2,0,03,0,0,0,1,0,0,0,0,1,1,"S_GEN3_WAIT",1,1,1,0,0,1,0,0
7171,3075,0,2,0,03,0,0,0,1,0,0,0,0,1,1,"S_GEN3_WAIT",1,1,1,0,0,1,0,0
7172,3076,0,2,0,03,0,0,0,1,0,0,0,0,1,1,"S_GEN3_WAIT",1,1,1,0,0,1,0,0
7173,3077,0,2,0,03,0,0,0,1,0,0,0,0,1,1,"S_GEN3_WAIT",1,1,1,0,0,1,0,0
7174,3078,0,2,0,03,0,0,0,1,0,0,0,0,1,1,"S_GEN3_WAIT",1,1,1,0,0,1,0,0
7175,3079,0,2,0,03,0,0,0,1,0,0,0,0,1,1,"S_GEN3_WAIT",1,1,1,0,0,1,0,0
7176,3080,0,2,0,03,0,0,0,1,0,0,0,0,1,1,"S_GEN3_WAIT",1,1,1,0,0,1,0,0
7177,3081,0,2,0,03,0,0,0,1,0,0,0,0,1,1,"S_GEN3_WAIT",1,1,1,0,0,1,0,0
7178,3082,0,2,0,03,0,0,0,1,0,0,0,0,1,1,"S_GEN3_WAIT",1,1,1,0,0,1,0,0
7179,3083,0,2,0,03,0,0,0,1,0,0,0,0,1,1,"S_GEN3_WAIT",1,1,1,0,0,1,0,0
7180,3084,0,2,0,03,0,0,0,1,0,0,0,0,1,1,"S_GEN3_WAIT",1,1,1,0,0,1,0,0
7181,3085,0,2,0,03,0,0,0,1,0,0,0,0,1,1,"S_GEN3_WAIT",1,1,1,0,0,1,0,0
7182,3086,0,2,0,03,0,0,0,1,0,0,0,0,1,1,"S_GEN3_WAIT",1,1,1,0,0,1,0,0
7183,3087,0,2,0,03,0,0,0,1,0,0,0,0,1,1,"S_GEN3_WAIT",1,1,1,0,0,1,0,0
7184,3088,0,2,0,03,0,0,0,1,0,0,0,0,1,1,"S_GEN3_WAIT",1,1,1,0,0,1,0,0
7185,3089,0,2,0,03,0,0,0,1,0,0,0,0,1,1,"S_GEN3_WAIT",1,1,1,0,0,1,0,0
7186,3090,0,2,0,03,0,0,0,1,0,0,0,0,1,1,"S_GEN3_WAIT",1,1,1,0,0,1,0,0
7187,3091,0,2,0,03,0,0,0,1,0,0,0,0,1,1,"S_GEN3_WAIT",1,1,1,0,0,1,0,0
7188,3092,0,2,0,03,0,0,0,1,0,0,0,0,1,1,"S_GEN3_WAIT",1,1,1,0,0,1,0,0
7189,3093,0,2,0,03,0,0,0,1,0,0,0,0,1,1,"S_GEN3_WAIT",1,1,1,0,0,1,0,0
7190,3094,0,2,0,03,0,0,0,1,0,0,0,0,1,1,"S_GEN3_WAIT",1,1,1,0,0,1,0,0
7191,3095,0,2,0,03,0,0,0,1,0,0,0,0,1,1,"S_GEN3_WAIT",1,1,1,0,0,1,0,0
7192,3096,0,2,0,03,0,0,0,1,0,0,0,0,1,1,"S_GEN3_WAIT",1,1,1,0,0,1,0,0
7193,3097,0,2,0,03,0,0,0,1,0,0,0,0,1,1,"S_GEN3_WAIT",1,1,1,0,0,1,0,0
7194,3098,0,2,0,03,0,0,0,1,0,0,0,0,1,1,"S_GEN3_WAIT",1,1,1,0,0,1,0,0
7195,3099,0,2,0,03,0,0,0,1,0,0,0,0,1,1,"S_GEN3_WAIT",1,1,1,0,0,1,0,0
7196,3100,0,2,0,03,0,0,0,1,0,0,0,0,1,1,"S_GEN3_WAIT",1,1,1,0,0,1,0,0
7197,3101,0,2,0,03,0,0,0,1,0,0,0,0,1,1,"S_GEN3_WAIT",1,1,1,0,0,1,0,0
7198,3102,0,2,0,03,0,0,0,1,0,0,0,0,1,1,"S_GEN3_WAIT",1,1,1,0,0,1,0,0
7199,3103,0,2,0,03,0,0,0,1,0,0,0,0,1,1,"S_GEN3_WAIT",1,1,1,0,0,1,0,0
7200,3104,0,2,0,03,0,0,0,1,0,0,0,0,1,1,"S_GEN3_WAIT",1,1,1,0,0,1,0,0
7201,3105,0,2,0,03,0,0,0,1,0,0,0,0,1,1,"S_GEN3_WAIT",1,1,1,0,0,1,0,0
7202,3106,0,2,0,03,0,0,0,1,0,0,0,0,1,1,"S_GEN3_WAIT",1,1,1,0,0,1,0,0
7203,3107,0,2,0,03,0,0,0,1,0,0,0,0,1,1,"S_GEN3_WAIT",1,1,1,0,0,1,0,0
7204,3108,0,2,0,03,0,0,0,1,0,0,0,0,1,1,"S_GEN3_WAIT",1,1,1,0,0,1,0,0
7205,3109,0,2,0,03,0,0,0,1,0,0,0,0,1,1,"S_GEN3_WAIT",1,1,1,0,0,1,0,0
7206,3110,0,2,0,03,0,0,0,1,0,0,0,0,1,1,"S_GEN3_WAIT",1,1,1,0,0,1,0,0
7207,3111,0,2,0,03,0,0,0,1,0,0,0,0,1,1,"S_GEN3_WAIT",1,1,1,0,0,1,0,0
7208,3112,0,2,0,03,0,0,0,1,0,0,0,0,1,1,"S_GEN3_WAIT",1,1,1,0,0,1,0,0
7209,3113,0,2,0,03,0,0,0,1,0,0,0,0,1,1,"S_GEN3_WAIT",1,1,1,0,0,1,0,0
7210,3114,0,2,0,03,0,0,0,1,0,0,0,0,1,1,"S_GEN3_WAIT",1,1,1,0,0,1,0,0
7211,3115,0,2,0,03,0,0,0,1,0,0,0,0,1,1,"S_GEN3_WAIT",1,1,1,0,0,1,0,0
7212,3116,0,2,0,03,0,0,0,1,0,0,0,0,1,1,"S_GEN3_WAIT",1,1,1,0,0,1,0,0
7213,3117,0,2,0,03,0,0,0,1,0,0,0,0,1,1,"S_GEN3_WAIT",1,1,1,0,0,1,0,0
7214,3118,0,2,0,03,0,0,0,1,0,0,0,0,1,1,"S_GEN3_WAIT",1,1,1,0,0,1,0,0
7215,3119,0,2,0,03,0,0,0,1,0,0,0,0,1,1,"S_GEN3_WAIT",1,1,1,0,0,1,0,0
7216,3120,0,2,0,03,0,0,0,1,0,0,0,0,1,1,"S_GEN3_WAIT",1,1,1,0,0,1,0,0
7217,3121,0,2,0,03,0,0,0,1,0,0,0,0,1,1,"S_GEN3_WAIT",1,1,1,0,0,1,0,0
7218,3122,0,2,0,03,0,0,0,1,0,0,0,0,1,1,"S_GEN3_WAIT",1,1,1,0,0,1,0,0
7219,3123,0,2,0,03,0,0,0,1,0,0,0,0,1,1,"S_GEN3_WAIT",1,1,1,0,0,1,0,0
7220,3124,0,2,0,03,0,0,0,1,0,0,0,0,1,1,"S_GEN3_WAIT",1,1,1,0,0,1,0,0
7221,3125,0,2,0,03,0,0,0,1,0,0,0,0,1,1,"S_GEN3_WAIT",1,1,1,0,0,1,0,0
7222,3126,0,2,0,03,0,0,0,1,0,0,0,0,1,1,"S_GEN3_WAIT",1,1,1,0,0,1,0,0
7223,3127,0,2,0,03,0,0,0,1,0,0,0,0,1,1,"S_GEN3_WAIT",1,1,1,0,0,1,0,0
7224,3128,0,2,0,03,0,0,0,1,0,0,0,0,1,1,"S_GEN3_WAIT",1,1,1,0,0,1,0,0
7225,3129,0,2,0,03,0,0,0,1,0,0,0,0,1,1,"S_GEN3_WAIT",1,1,1,0,0,1,0,0
7226,3130,0,2,0,03,0,0,0,1,0,0,0,0,1,1,"S_GEN3_WAIT",1,1,1,0,0,1,0,0
7227,3131,0,2,0,03,0,0,0,1,0,0,0,0,1,1,"S_GEN3_WAIT",1,1,1,0,0,1,0,0
7228,3132,0,2,0,03,0,0,0,1,0,0,0,0,1,1,"S_GEN3_WAIT",1,1,1,0,0,1,0,0
7229,3133,0,2,0,03,0,0,0,1,0,0,0,0,1,1,"S_GEN3_WAIT",1,1,1,0,0,1,0,0
7230,3134,0,2,0,03,0,0,0,1,0,0,0,0,1,1,"S_GEN3_WAIT",1,1,1,0,0,1,0,0
7231,3135,0,2,0,03,0,0,0,1,0,0,0,0,1,1,"S_GEN3_WAIT",1,1,1,0,0,1,0,0
7232,3136,0,2,0,03,0,0,0,1,0,0,0,0,1,1,"S_GEN3_WAIT",1,1,1,0,0,1,0,0
7233,3137,0,2,0,03,0,0,0,1,0,0,0,0,1,1,"S_GEN3_WAIT",1,1,1,0,0,1,0,0
7234,3138,0,2,0,03,0,0,0,1,0,0,0,0,1,1,"S_GEN3_WAIT",1,1,1,0,0,1,0,0
7235,3139,0,2,0,03,0,0,0,1,0,0,0,0,1,1,"S_GEN3_WAIT",1,1,1,0,0,1,0,0
7236,3140,0,2,0,03,0,0,0,1,0,0,0,0,1,1,"S_GEN3_WAIT",1,1,1,0,0,1,0,0
7237,3141,0,2,0,03,0,0,0,1,0,0,0,0,1,1,"S_GEN3_WAIT",1,1,1,0,0,1,0,0
7238,3142,0,2,0,03,0,0,0,1,0,0,0,0,1,1,"S_GEN3_WAIT",1,1,1,0,0,1,0,0
7239,3143,0,2,0,03,0,0,0,1,0,0,0,0,1,1,"S_GEN3_WAIT",1,1,1,0,0,1,0,0
7240,3144,0,2,0,03,0,0,0,1,0,0,0,0,1,1,"S_GEN3_WAIT",1,1,1,0,0,1,0,0
7241,3145,0,2,0,03,0,0,0,1,0,0,0,0,1,1,"S_GEN3_WAIT",1,1,1,0,0,1,0,0
7242,3146,0,2,0,03,0,0,0,1,0,0,0,0,1,1,"S_GEN3_WAIT",1,1,1,0,0,1,0,0
7243,3147,0,2,0,03,0,0,0,1,0,0,0,0,1,1,"S_GEN3_WAIT",1,1,1,0,0,1,0,0
7244,3148,0,2,0,03,0,0,0,1,0,0,0,0,1,1,"S_GEN3_WAIT",1,1,1,0,0,1,0,0
7245,3149,0,2,0,03,0,0,0,1,0,0,0,0,1,1,"S_GEN3_WAIT",1,1,1,0,0,1,0,0
7246,3150,0,2,0,03,0,0,0,1,0,0,0,0,1,1,"S_GEN3_WAIT",1,1,1,0,0,1,0,0
7247,3151,0,2,0,03,0,0,0,1,0,0,0,0,1,1,"S_GEN3_WAIT",1,1,1,0,0,1,0,0
7248,3152,0,2,0,03,0,0,0,1,0,0,0,0,1,1,"S_GEN3_WAIT",1,1,1,0,0,1,0,0
7249,3153,0,2,0,03,0,0,0,1,0,0,0,0,1,1,"S_GEN3_WAIT",1,1,1,0,0,1,0,0
7250,3154,0,2,0,03,0,0,0,1,0,0,0,0,1,1,"S_GEN3_WAIT",1,1,1,0,0,1,0,0
7251,3155,0,2,0,03,0,0,0,1,0,0,0,0,1,1,"S_GEN3_WAIT",1,1,1,0,0,1,0,0
7252,3156,0,2,0,03,0,0,0,1,0,0,0,0,1,1,"S_GEN3_WAIT",1,1,1,0,0,1,0,0
7253,3157,0,2,0,03,0,0,0,1,0,0,0,0,1,1,"S_GEN3_WAIT",1,1,1,0,0,1,0,0
7254,3158,0,2,0,03,0,0,0,1,0,0,0,0,1,1,"S_GEN3_WAIT",1,1,1,0,0,1,0,0
7255,3159,0,2,0,03,0,0,0,1,0,0,0,0,1,1,"S_GEN3_WAIT",1,1,1,0,0,1,0,0
7256,3160,0,2,0,03,0,0,0,1,0,0,0,0,1,1,"S_GEN3_WAIT",1,1,1,0,0,1,0,0
7257,3161,0,2,0,03,0,0,0,1,0,0,0,0,1,1,"S_GEN3_WAIT",1,1,1,0,0,1,0,0
7258,3162,0,2,0,03,0,0,0,1,0,0,0,0,1,1,"S_GEN3_WAIT",1,1,1,0,0,1,0,0
7259,3163,0,2,0,03,0,0,0,1,0,0,0,0,1,1,"S_GEN3_WAIT",1,1,1,0,0,1,0,0
7260,3164,0,2,0,03,0,0,0,1,0,0,0,0,1,1,"S_GEN3_WAIT",1,1,1,0,0,1,0,0
7261,3165,0,2,0,03,0,0,0,1,0,0,0,0,1,1,"S_GEN3_WAIT",1,1,1,0,0,1,0,0
7262,3166,0,2,0,03,0,0,0,1,0,0,0,0,1,1,"S_GEN3_WAIT",1,1,1,0,0,1,0,0
7263,3167,0,2,0,03,0,0,0,1,0,0,0,0,1,1,"S_GEN3_WAIT",1,1,1,0,0,1,0,0
7264,3168,0,2,0,03,0,0,0,1,0,0,0,0,1,1,"S_GEN3_WAIT",1,1,1,0,0,1,0,0
7265,3169,0,2,0,03,0,0,0,1,0,0,0,0,1,1,"S_GEN3_WAIT",1,1,1,0,0,1,0,0
7266,3170,0,2,0,03,0,0,0,1,0,0,0,0,1,1,"S_GEN3_WAIT",1,1,1,0,0,1,0,0
7267,3171,0,2,0,03,0,0,0,1,0,0,0,0,1,1,"S_GEN3_WAIT",1,1,1,0,0,1,0,0
7268,3172,0,2,0,03,0,0,0,1,0,0,0,0,1,1,"S_GEN3_WAIT",1,1,1,0,0,1,0,0
7269,3173,0,2,0,03,0,0,0,1,0,0,0,0,1,1,"S_GEN3_WAIT",1,1,1,0,0,1,0,0
7270,3174,0,2,0,03,0,0,0,1,0,0,0,0,1,1,"S_GEN3_WAIT",1,1,1,0,0,1,0,0
7271,3175,0,2,0,03,0,0,0,1,0,0,0,0,1,1,"S_GEN3_WAIT",1,1,1,0,0,1,0,0
7272,3176,0,2,0,03,0,0,0,1,0,0,0,0,1,1,"S_GEN3_WAIT",1,1,1,0,0,1,0,0
7273,3177,0,2,0,03,0,0,0,1,0,0,0,0,1,1,"S_GEN3_WAIT",1,1,1,0,0,1,0,0
7274,3178,0,2,0,03,0,0,0,1,0,0,0,0,1,1,"S_GEN3_WAIT",1,1,1,0,0,1,0,0
7275,3179,0,2,0,03,0,0,0,1,0,0,0,0,1,1,"S_GEN3_WAIT",1,1,1,0,0,1,0,0
7276,3180,0,2,0,03,0,0,0,1,0,0,0,0,1,1,"S_GEN3_WAIT",1,1,1,0,0,1,0,0
7277,3181,0,2,0,03,0,0,0,1,0,0,0,0,1,1,"S_GEN3_WAIT",1,1,1,0,0,1,0,0
7278,3182,0,2,0,03,0,0,0,1,0,0,0,0,1,1,"S_GEN3_WAIT",1,1,1,0,0,1,0,0
7279,3183,0,2,0,03,0,0,0,1,0,0,0,0,1,1,"S_GEN3_WAIT",1,1,1,0,0,1,0,0
7280,3184,0,2,0,03,0,0,0,1,0,0,0,0,1,1,"S_GEN3_WAIT",1,1,1,0,0,1,0,0
7281,3185,0,2,0,03,0,0,0,1,0,0,0,0,1,1,"S_GEN3_WAIT",1,1,1,0,0,1,0,0
7282,3186,0,2,0,03,0,0,0,1,0,0,0,0,1,1,"S_GEN3_WAIT",1,1,1,0,0,1,0,0
7283,3187,0,2,0,03,0,0,0,1,0,0,0,0,1,1,"S_GEN3_WAIT",1,1,1,0,0,1,0,0
7284,3188,0,2,0,03,0,0,0,1,0,0,0,0,1,1,"S_GEN3_WAIT",1,1,1,0,0,1,0,0
7285,3189,0,2,0,03,0,0,0,1,0,0,0,0,1,1,"S_GEN3_WAIT",1,1,1,0,0,1,0,0
7286,3190,0,2,0,03,0,0,0,1,0,0,0,0,1,1,"S_GEN3_WAIT",1,1,1,0,0,1,0,0
7287,3191,0,2,0,03,0,0,0,1,0,0,0,0,1,1,"S_GEN3_WAIT",1,1,1,0,0,1,0,0
7288,3192,0,2,0,03,0,0,0,1,0,0,0,0,1,1,"S_GEN3_WAIT",1,1,1,0,0,1,0,0
7289,3193,0,2,0,03,0,0,0,1,0,0,0,0,1,1,"S_GEN3_WAIT",1,1,1,0,0,1,0,0
7290,3194,0,2,0,03,0,0,0,1,0,0,0,0,1,1,"S_GEN3_WAIT",1,1,1,0,0,1,0,0
7291,3195,0,2,0,03,0,0,0,1,0,0,0,0,1,1,"S_GEN3_WAIT",1,1,1,0,0,1,0,0
7292,3196,0,2,0,03,0,0,0,1,0,0,0,0,1,1,"S_GEN3_WAIT",1,1,1,0,0,1,0,0
7293,3197,0,2,0,03,0,0,0,1,0,0,0,0,1,1,"S_GEN3_WAIT",1,1,1,0,0,1,0,0
7294,3198,0,2,0,03,0,0,0,1,0,0,0,0,1,1,"S_GEN3_WAIT",1,1,1,0,0,1,0,0
7295,3199,0,2,0,03,0,0,0,1,0,0,0,0,1,1,"S_GEN3_WAIT",1,1,1,0,0,1,0,0
7296,3200,0,2,0,03,0,0,0,1,0,0,0,0,1,1,"S_GEN3_WAIT",1,1,1,0,0,1,0,0
7297,3201,0,2,0,03,0,0,0,1,0,0,0,0,1,1,"S_GEN3_WAIT",1,1,1,0,0,1,0,0
7298,3202,0,2,0,03,0,0,0,1,0,0,0,0,1,1,"S_GEN3_WAIT",1,1,1,0,0,1,0,0
7299,3203,0,2,0,03,0,0,0,1,0,0,0,0,1,1,"S_GEN3_WAIT",1,1,1,0,0,1,0,0
7300,3204,0,2,0,03,0,0,0,1,0,0,0,0,1,1,"S_GEN3_WAIT",1,1,1,0,0,1,0,0
7301,3205,0,2,0,03,0,0,0,1,0,0,0,0,1,1,"S_GEN3_WAIT",1,1,1,0,0,1,0,0
7302,3206,0,2,0,03,0,0,0,1,0,0,0,0,1,1,"S_GEN3_WAIT",1,1,1,0,0,1,0,0
7303,3207,0,2,0,03,0,0,0,1,0,0,0,0,1,1,"S_GEN3_WAIT",1,1,1,0,0,1,0,0
7304,3208,0,2,0,03,0,0,0,1,0,0,0,0,1,1,"S_GEN3_WAIT",1,1,1,0,0,1,0,0
7305,3209,0,2,0,03,0,0,0,1,0,0,0,0,1,1,"S_GEN3_WAIT",1,1,1,0,0,1,0,0
7306,3210,0,2,0,03,0,0,0,1,0,0,0,0,1,1,"S_GEN3_WAIT",1,1,1,0,0,1,0,0
7307,3211,0,2,0,03,0,0,0,1,0,0,0,0,1,1,"S_GEN3_WAIT",1,1,1,0,0,1,0,0
7308,3212,0,2,0,03,0,0,0,1,0,0,0,0,1,1,"S_GEN3_WAIT",1,1,1,0,0,1,0,0
7309,3213,0,2,0,03,0,0,0,1,0,0,0,0,1,1,"S_GEN3_WAIT",1,1,1,0,0,1,0,0
7310,3214,0,2,0,03,0,0,0,1,0,0,0,0,1,1,"S_GEN3_WAIT",1,1,1,0,0,1,0,0
7311,3215,0,2,0,03,0,0,0,1,0,0,0,0,1,1,"S_GEN3_WAIT",1,1,1,0,0,1,0,0
7312,3216,0,2,0,03,0,0,0,1,0,0,0,0,1,1,"S_GEN3_WAIT",1,1,1,0,0,1,0,0
7313,3217,0,2,0,03,0,0,0,1,0,0,0,0,1,1,"S_GEN3_WAIT",1,1,1,0,0,1,0,0
7314,3218,0,2,0,03,0,0,0,1,0,0,0,0,1,1,"S_GEN3_WAIT",1,1,1,0,0,1,0,0
7315,3219,0,2,0,03,0,0,0,1,0,0,0,0,1,1,"S_GEN3_WAIT",1,1,1,0,0,1,0,0
7316,3220,0,2,0,03,0,0,0,1,0,0,0,0,1,1,"S_GEN3_WAIT",1,1,1,0,0,1,0,0
7317,3221,0,2,0,03,0,0,0,1,0,0,0,0,1,1,"S_GEN3_WAIT",1,1,1,0,0,1,0,0
7318,3222,0,2,0,03,0,0,0,1,0,0,0,0,1,1,"S_GEN3_WAIT",1,1,1,0,0,1,0,0
7319,3223,0,2,0,03,0,0,0,1,0,0,0,0,1,1,"S_GEN3_WAIT",1,1,1,0,0,1,0,0
7320,3224,0,2,0,03,0,0,0,1,0,0,0,0,1,1,"S_GEN3_WAIT",1,1,1,0,0,1,0,0
7321,3225,0,2,0,03,0,0,0,1,0,0,0,0,1,1,"S_GEN3_WAIT",1,1,1,0,0,1,0,0
7322,3226,0,2,0,03,0,0,0,1,0,0,0,0,1,1,"S_GEN3_WAIT",1,1,1,0,0,1,0,0
7323,3227,0,2,0,03,0,0,0,1,0,0,0,0,1,1,"S_GEN3_WAIT",1,1,1,0,0,1,0,0
7324,3228,0,2,0,03,0,0,0,1,0,0,0,0,1,1,"S_GEN3_WAIT",1,1,1,0,0,1,0,0
7325,3229,0,2,0,03,0,0,0,1,0,0,0,0,1,1,"S_GEN3_WAIT",1,1,1,0,0,1,0,0
7326,3230,0,2,0,03,0,0,0,1,0,0,0,0,1,1,"S_GEN3_WAIT",1,1,1,0,0,1,0,0
7327,3231,0,2,0,03,0,0,0,1,0,0,0,0,1,1,"S_GEN3_WAIT",1,1,1,0,0,1,0,0
7328,3232,0,2,0,03,0,0,0,1,0,0,0,0,1,1,"S_GEN3_WAIT",1,1,1,0,0,1,0,0
7329,3233,0,2,0,03,0,0,0,1,0,0,0,0,1,1,"S_GEN3_WAIT",1,1,1,0,0,1,0,0
7330,3234,0,2,0,03,0,0,0,1,0,0,0,0,1,1,"S_GEN3_WAIT",1,1,1,0,0,1,0,0
7331,3235,0,2,0,03,0,0,0,1,0,0,0,0,1,1,"S_GEN3_WAIT",1,1,1,0,0,1,0,0
7332,3236,0,2,0,03,0,0,0,1,0,0,0,0,1,1,"S_GEN3_WAIT",1,1,1,0,0,1,0,0
7333,3237,0,2,0,03,0,0,0,1,0,0,0,0,1,1,"S_GEN3_WAIT",1,1,1,0,0,1,0,0
7334,3238,0,2,0,03,0,0,0,1,0,0,0,0,1,1,"S_GEN3_WAIT",1,1,1,0,0,1,0,0
7335,3239,0,2,0,03,0,0,0,1,0,0,0,0,1,1,"S_GEN3_WAIT",1,1,1,0,0,1,0,0
7336,3240,0,2,0,03,0,0,0,1,0,0,0,0,1,1,"S_GEN3_WAIT",1,1,1,0,0,1,0,0
7337,3241,0,2,0,03,0,0,0,1,0,0,0,0,1,1,"S_GEN3_WAIT",1,1,1,0,0,1,0,0
7338,3242,0,2,0,03,0,0,0,1,0,0,0,0,1,1,"S_GEN3_WAIT",1,1,1,0,0,1,0,0
7339,3243,0,2,0,03,0,0,0,1,0,0,0,0,1,1,"S_GEN3_WAIT",1,1,1,0,0,1,0,0
7340,3244,0,2,0,03,0,0,0,1,0,0,0,0,1,1,"S_GEN3_WAIT",1,1,1,0,0,1,0,0
7341,3245,0,2,0,03,0,0,0,1,0,0,0,0,1,1,"S_GEN3_WAIT",1,1,1,0,0,1,0,0
7342,3246,0,2,0,03,0,0,0,1,0,0,0,0,1,1,"S_GEN3_WAIT",1,1,1,0,0,1,0,0
7343,3247,0,2,0,03,0,0,0,1,0,0,0,0,1,1,"S_GEN3_WAIT",1,1,1,0,0,1,0,0
7344,3248,0,2,0,03,0,0,0,1,0,0,0,0,1,1,"S_GEN3_WAIT",1,1,1,0,0,1,0,0
7345,3249,0,2,0,03,0,0,0,1,0,0,0,0,1,1,"S_GEN3_WAIT",1,1,1,0,0,1,0,0
7346,3250,0,2,0,03,0,0,0,1,0,0,0,0,1,1,"S_GEN3_WAIT",1,1,1,0,0,1,0,0
7347,3251,0,2,0,03,0,0,0,1,0,0,0,0,1,1,"S_GEN3_WAIT",1,1,1,0,0,1,0,0
7348,3252,0,2,0,03,0,0,0,1,0,0,0,0,1,1,"S_GEN3_WAIT",1,1,1,0,0,1,0,0
7349,3253,0,2,0,03,0,0,0,1,0,0,0,0,1,1,"S_GEN3_WAIT",1,1,1,0,0,1,0,0
7350,3254,0,2,0,03,0,0,0,1,0,0,0,0,1,1,"S_GEN3_WAIT",1,1,1,0,0,1,0,0
7351,3255,0,2,0,03,0,0,0,1,0,0,0,0,1,1,"S_GEN3_WAIT",1,1,1,0,0,1,0,0
7352,3256,0,2,0,03,0,0,0,1,0,0,0,0,1,1,"S_GEN3_WAIT",1,1,1,0,0,1,0,0
7353,3257,0,2,0,03,0,0,0,1,0,0,0,0,1,1,"S_GEN3_WAIT",1,1,1,0,0,1,0,0
7354,3258,0,2,0,03,0,0,0,1,0,0,0,0,1,1,"S_GEN3_WAIT",1,1,1,0,0,1,0,0
7355,3259,0,2,0,03,0,0,0,1,0,0,0,0,1,1,"S_GEN3_WAIT",1,1,1,0,0,1,0,0
7356,3260,0,2,0,03,0,0,0,1,0,0,0,0,1,1,"S_GEN3_WAIT",1,1,1,0,0,1,0,0
7357,3261,0,2,0,03,0,0,0,1,0,0,0,0,1,1,"S_GEN3_WAIT",1,1,1,0,0,1,0,0
7358,3262,0,2,0,03,0,0,0,1,0,0,0,0,1,1,"S_GEN3_WAIT",1,1,1,0,0,1,0,0
7359,3263,0,2,0,03,0,0,0,1,0,0,0,0,1,1,"S_GEN3_WAIT",1,1,1,0,0,1,0,0
7360,3264,0,2,0,03,0,0,0,1,0,0,0,0,1,1,"S_GEN3_WAIT",1,1,1,0,0,1,0,0
7361,3265,0,2,0,03,0,0,0,1,0,0,0,0,1,1,"S_GEN3_WAIT",1,1,1,0,0,1,0,0
7362,3266,0,2,0,03,0,0,0,1,0,0,0,0,1,1,"S_GEN3_WAIT",1,1,1,0,0,1,0,0
7363,3267,0,2,0,03,0,0,0,1,0,0,0,0,1,1,"S_GEN3_WAIT",1,1,1,0,0,1,0,0
7364,3268,0,2,0,03,0,0,0,1,0,0,0,0,1,1,"S_GEN3_WAIT",1,1,1,0,0,1,0,0
7365,3269,0,2,0,03,0,0,0,1,0,0,0,0,1,1,"S_GEN3_WAIT",1,1,1,0,0,1,0,0
7366,3270,0,2,0,03,0,0,0,1,0,0,0,0,1,1,"S_GEN3_WAIT",1,1,1,0,0,1,0,0
7367,3271,0,2,0,03,0,0,0,1,0,0,0,0,1,1,"S_GEN3_WAIT",1,1,1,0,0,1,0,0
7368,3272,0,2,0,03,0,0,0,1,0,0,0,0,1,1,"S_GEN3_WAIT",1,1,1,0,0,1,0,0
7369,3273,0,2,0,03,0,0,0,1,0,0,0,0,1,1,"S_GEN3_WAIT",1,1,1,0,0,1,0,0
7370,3274,0,2,0,03,0,0,0,1,0,0,0,0,1,1,"S_GEN3_WAIT",1,1,1,0,0,1,0,0
7371,3275,0,2,0,03,0,0,0,1,0,0,0,0,1,1,"S_GEN3_WAIT",1,1,1,0,0,1,0,0
7372,3276,0,2,0,03,0,0,0,1,0,0,0,0,1,1,"S_GEN3_WAIT",1,1,1,0,0,1,0,0
7373,3277,0,2,0,03,0,0,0,1,0,0,0,0,1,1,"S_GEN3_WAIT",1,1,1,0,0,1,0,0
7374,3278,0,2,0,03,0,0,0,1,0,0,0,0,1,1,"S_GEN3_WAIT",1,1,1,0,0,1,0,0
7375,3279,0,2,0,03,0,0,0,1,0,0,0,0,1,1,"S_GEN3_WAIT",1,1,1,0,0,1,0,0
7376,3280,0,2,0,03,0,0,0,1,0,0,0,0,1,1,"S_GEN3_WAIT",1,1,1,0,0,1,0,0
7377,3281,0,2,0,03,0,0,0,1,0,0,0,0,1,1,"S_GEN3_WAIT",1,1,1,0,0,1,0,0
7378,3282,0,2,0,03,0,0,0,1,0,0,0,0,1,1,"S_GEN3_WAIT",1,1,1,0,0,1,0,0
7379,3283,0,2,0,03,0,0,0,1,0,0,0,0,1,1,"S_GEN3_WAIT",1,1,1,0,0,1,0,0
7380,3284,0,2,0,03,0,0,0,1,0,0,0,0,1,1,"S_GEN3_WAIT",1,1,1,0,0,1,0,0
7381,3285,0,2,0,03,0,0,0,1,0,0,0,0,1,1,"S_GEN3_WAIT",1,1,1,0,0,1,0,0
7382,3286,0,2,0,03,0,0,0,1,0,0,0,0,1,1,"S_GEN3_WAIT",1,1,1,0,0,1,0,0
7383,3287,0,2,0,03,0,0,0,1,0,0,0,0,1,1,"S_GEN3_WAIT",1,1,1,0,0,1,0,0
7384,3288,0,2,0,03,0,0,0,1,0,0,0,0,1,1,"S_GEN3_WAIT",1,1,1,0,0,1,0,0
7385,3289,0,2,0,03,0,0,0,1,0,0,0,0,1,1,"S_GEN3_WAIT",1,1,1,0,0,1,0,0
7386,3290,0,2,0,03,0,0,0,1,0,0,0,0,1,1,"S_GEN3_WAIT",1,1,1,0,0,1,0,0
7387,3291,0,2,0,03,0,0,0,1,0,0,0,0,1,1,"S_GEN3_WAIT",1,1,1,0,0,1,0,0
7388,3292,0,2,0,03,0,0,0,1,0,0,0,0,1,1,"S_GEN3_WAIT",1,1,1,0,0,1,0,0
7389,3293,0,2,0,03,0,0,0,1,0,0,0,0,1,1,"S_GEN3_WAIT",1,1,1,0,0,1,0,0
7390,3294,0,2,0,03,0,0,0,1,0,0,0,0,1,1,"S_GEN3_WAIT",1,1,1,0,0,1,0,0
7391,3295,0,2,0,03,0,0,0,1,0,0,0,0,1,1,"S_GEN3_WAIT",1,1,1,0,0,1,0,0
7392,3296,0,2,0,03,0,0,0,1,0,0,0,0,1,1,"S_GEN3_WAIT",1,1,1,0,0,1,0,0
7393,3297,0,2,0,03,0,0,0,1,0,0,0,0,1,1,"S_GEN3_WAIT",1,1,1,0,0,1,0,0
7394,3298,0,2,0,03,0,0,0,1,0,0,0,0,1,1,"S_GEN3_WAIT",1,1,1,0,0,1,0,0
7395,3299,0,2,0,03,0,0,0,1,0,0,0,0,1,1,"S_GEN3_WAIT",1,1,1,0,0,1,0,0
7396,3300,0,2,0,03,0,0,0,1,0,0,0,0,1,1,"S_GEN3_WAIT",1,1,1,0,0,1,0,0
7397,3301,0,2,0,03,0,0,0,1,0,0,0,0,1,1,"S_GEN3_WAIT",1,1,1,0,0,1,0,0
7398,3302,0,2,0,03,0,0,0,1,0,0,0,0,1,1,"S_GEN3_WAIT",1,1,1,0,0,1,0,0
7399,3303,0,2,0,03,0,0,0,1,0,0,0,0,1,1,"S_GEN3_WAIT",1,1,1,0,0,1,0,0
7400,3304,0,2,0,03,0,0,0,1,0,0,0,0,1,1,"S_GEN3_WAIT",1,1,1,0,0,1,0,0
7401,3305,0,2,0,03,0,0,0,1,0,0,0,0,1,1,"S_GEN3_WAIT",1,1,1,0,0,1,0,0
7402,3306,0,2,0,03,0,0,0,1,0,0,0,0,1,1,"S_GEN3_WAIT",1,1,1,0,0,1,0,0
7403,3307,0,2,0,03,0,0,0,1,0,0,0,0,1,1,"S_GEN3_WAIT",1,1,1,0,0,1,0,0
7404,3308,0,2,0,03,0,0,0,1,0,0,0,0,1,1,"S_GEN3_WAIT",1,1,1,0,0,1,0,0
7405,3309,0,2,0,03,0,0,0,1,0,0,0,0,1,1,"S_GEN3_WAIT",1,1,1,0,0,1,0,0
7406,3310,0,2,0,03,0,0,0,1,0,0,0,0,1,1,"S_GEN3_WAIT",1,1,1,0,0,1,0,0
7407,3311,0,2,0,03,0,0,0,1,0,0,0,0,1,1,"S_GEN3_WAIT",1,1,1,0,0,1,0,0
7408,3312,0,2,0,03,0,0,0,1,0,0,0,0,1,1,"S_GEN3_WAIT",1,1,1,0,0,1,0,0
7409,3313,0,2,0,03,0,0,0,1,0,0,0,0,1,1,"S_GEN3_WAIT",1,1,1,0,0,1,0,0
7410,3314,0,2,0,03,0,0,0,1,0,0,0,0,1,1,"S_GEN3_WAIT",1,1,1,0,0,1,0,0
7411,3315,0,2,0,03,0,0,0,1,0,0,0,0,1,1,"S_GEN3_WAIT",1,1,1,0,0,1,0,0
7412,3316,0,2,0,03,0,0,0,1,0,0,0,0,1,1,"S_GEN3_WAIT",1,1,1,0,0,1,0,0
7413,3317,0,2,0,03,0,0,0,1,0,0,0,0,1,1,"S_GEN3_WAIT",1,1,1,0,0,1,0,0
7414,3318,0,2,0,03,0,0,0,1,0,0,0,0,1,1,"S_GEN3_WAIT",1,1,1,0,0,1,0,0
7415,3319,0,2,0,03,0,0,0,1,0,0,0,0,1,1,"S_GEN3_WAIT",1,1,1,0,0,1,0,0
7416,3320,0,2,0,03,0,0,0,1,0,0,0,0,1,1,"S_GEN3_WAIT",1,1,1,0,0,1,0,0
7417,3321,0,2,0,03,0,0,0,1,0,0,0,0,1,1,"S_GEN3_WAIT",1,1,1,0,0,1,0,0
7418,3322,0,2,0,03,0,0,0,1,0,0,0,0,1,1,"S_GEN3_WAIT",1,1,1,0,0,1,0,0
7419,3323,0,2,0,03,0,0,0,1,0,0,0,0,1,1,"S_GEN3_WAIT",1,1,1,0,0,1,0,0
7420,3324,0,2,0,03,0,0,0,1,0,0,0,0,1,1,"S_GEN3_WAIT",1,1,1,0,0,1,0,0
7421,3325,0,2,0,03,0,0,0,1,0,0,0,0,1,1,"S_GEN3_WAIT",1,1,1,0,0,1,0,0
7422,3326,0,2,0,03,0,0,0,1,0,0,0,0,1,1,"S_GEN3_WAIT",1,1,1,0,0,1,0,0
7423,3327,0,2,0,03,0,0,0,1,0,0,0,0,1,1,"S_GEN3_WAIT",1,1,1,0,0,1,0,0
7424,3328,0,2,0,03,0,0,0,1,0,0,0,0,1,1,"S_GEN3_WAIT",1,1,1,0,0,1,0,0
7425,3329,0,2,0,03,0,0,0,1,0,0,0,0,1,1,"S_GEN3_WAIT",1,1,1,0,0,1,0,0
7426,3330,0,2,0,03,0,0,0,1,0,0,0,0,1,1,"S_GEN3_WAIT",1,1,1,0,0,1,0,0
7427,3331,0,2,0,03,0,0,0,1,0,0,0,0,1,1,"S_GEN3_WAIT",1,1,1,0,0,1,0,0
7428,3332,0,2,0,03,0,0,0,1,0,0,0,0,1,1,"S_GEN3_WAIT",1,1,1,0,0,1,0,0
7429,3333,0,2,0,03,0,0,0,1,0,0,0,0,1,1,"S_GEN3_WAIT",1,1,1,0,0,1,0,0
7430,3334,0,2,0,03,0,0,0,1,0,0,0,0,1,1,"S_GEN3_WAIT",1,1,1,0,0,1,0,0
7431,3335,0,2,0,03,0,0,0,1,0,0,0,0,1,1,"S_GEN3_WAIT",1,1,1,0,0,1,0,0
7432,3336,0,2,0,03,0,0,0,1,0,0,0,0,1,1,"S_GEN3_WAIT",1,1,1,0,0,1,0,0
7433,3337,0,2,0,03,0,0,0,1,0,0,0,0,1,1,"S_GEN3_WAIT",1,1,1,0,0,1,0,0
7434,3338,0,2,0,03,0,0,0,1,0,0,0,0,1,1,"S_GEN3_WAIT",1,1,1,0,0,1,0,0
7435,3339,0,2,0,03,0,0,0,1,0,0,0,0,1,1,"S_GEN3_WAIT",1,1,1,0,0,1,0,0
7436,3340,0,2,0,03,0,0,0,1,0,0,0,0,1,1,"S_GEN3_WAIT",1,1,1,0,0,1,0,0
7437,3341,0,2,0,03,0,0,0,1,0,0,0,0,1,1,"S_GEN3_WAIT",1,1,1,0,0,1,0,0
7438,3342,0,2,0,03,0,0,0,1,0,0,0,0,1,1,"S_GEN3_WAIT",1,1,1,0,0,1,0,0
7439,3343,0,2,0,03,0,0,0,1,0,0,0,0,1,1,"S_GEN3_WAIT",1,1,1,0,0,1,0,0
7440,3344,0,2,0,03,0,0,0,1,0,0,0,0,1,1,"S_GEN3_WAIT",1,1,1,0,0,1,0,0
7441,3345,0,2,0,03,0,0,0,1,0,0,0,0,1,1,"S_GEN3_WAIT",1,1,1,0,0,1,0,0
7442,3346,0,2,0,03,0,0,0,1,0,0,0,0,1,1,"S_GEN3_WAIT",1,1,1,0,0,1,0,0
7443,3347,0,2,0,03,0,0,0,1,0,0,0,0,1,1,"S_GEN3_WAIT",1,1,1,0,0,1,0,0
7444,3348,0,2,0,03,0,0,0,1,0,0,0,0,1,1,"S_GEN3_WAIT",1,1,1,0,0,1,0,0
7445,3349,0,2,0,03,0,0,0,1,0,0,0,0,1,1,"S_GEN3_WAIT",1,1,1,0,0,1,0,0
7446,3350,0,2,0,03,0,0,0,1,0,0,0,0,1,1,"S_GEN3_WAIT",1,1,1,0,0,1,0,0
7447,3351,0,2,0,03,0,0,0,1,0,0,0,0,1,1,"S_GEN3_WAIT",1,1,1,0,0,1,0,0
7448,3352,0,2,0,03,0,0,0,1,0,0,0,0,1,1,"S_GEN3_WAIT",1,1,1,0,0,1,0,0
7449,3353,0,2,0,03,0,0,0,1,0,0,0,0,1,1,"S_GEN3_WAIT",1,1,1,0,0,1,0,0
7450,3354,0,2,0,03,0,0,0,1,0,0,0,0,1,1,"S_GEN3_WAIT",1,1,1,0,0,1,0,0
7451,3355,0,2,0,03,0,0,0,1,0,0,0,0,1,1,"S_GEN3_WAIT",1,1,1,0,0,1,0,0
7452,3356,0,2,0,03,0,0,0,1,0,0,0,0,1,1,"S_GEN3_WAIT",1,1,1,0,0,1,0,0
7453,3357,0,2,0,03,0,0,0,1,0,0,0,0,1,1,"S_GEN3_WAIT",1,1,1,0,0,1,0,0
7454,3358,0,2,0,03,0,0,0,1,0,0,0,0,1,1,"S_GEN3_WAIT",1,1,1,0,0,1,0,0
7455,3359,0,2,0,03,0,0,0,1,0,0,0,0,1,1,"S_GEN3_WAIT",1,1,1,0,0,1,0,0
7456,3360,0,2,0,03,0,0,0,1,0,0,0,0,1,1,"S_GEN3_WAIT",1,1,1,0,0,1,0,0
7457,3361,0,2,0,03,0,0,0,1,0,0,0,0,1,1,"S_GEN3_WAIT",1,1,1,0,0,1,0,0
7458,3362,0,2,0,03,0,0,0,1,0,0,0,0,1,1,"S_GEN3_WAIT",1,1,1,0,0,1,0,0
7459,3363,0,2,0,03,0,0,0,1,0,0,0,0,1,1,"S_GEN3_WAIT",1,1,1,0,0,1,0,0
7460,3364,0,2,0,03,0,0,0,1,0,0,0,0,1,1,"S_GEN3_WAIT",1,1,1,0,0,1,0,0
7461,3365,0,2,0,03,0,0,0,1,0,0,0,0,1,1,"S_GEN3_WAIT",1,1,1,0,0,1,0,0
7462,3366,0,2,0,03,0,0,0,1,0,0,0,0,1,1,"S_GEN3_WAIT",1,1,1,0,0,1,0,0
7463,3367,0,2,0,03,0,0,0,1,0,0,0,0,1,1,"S_GEN3_WAIT",1,1,1,0,0,1,0,0
7464,3368,0,2,0,03,0,0,0,1,0,0,0,0,1,1,"S_GEN3_WAIT",1,1,1,0,0,1,0,0
7465,3369,0,2,0,03,0,0,0,1,0,0,0,0,1,1,"S_GEN3_WAIT",1,1,1,0,0,1,0,0
7466,3370,0,2,0,03,0,0,0,1,0,0,0,0,1,1,"S_GEN3_WAIT",1,1,1,0,0,1,0,0
7467,3371,0,2,0,03,0,0,0,1,0,0,0,0,1,1,"S_GEN3_WAIT",1,1,1,0,0,1,0,0
7468,3372,0,2,0,03,0,0,0,1,0,0,0,0,1,1,"S_GEN3_WAIT",1,1,1,0,0,1,0,0
7469,3373,0,2,0,03,0,0,0,1,0,0,0,0,1,1,"S_GEN3_WAIT",1,1,1,0,0,1,0,0
7470,3374,0,2,0,03,0,0,0,1,0,0,0,0,1,1,"S_GEN3_WAIT",1,1,1,0,0,1,0,0
7471,3375,0,2,0,03,0,0,0,1,0,0,0,0,1,1,"S_GEN3_WAIT",1,1,1,0,0,1,0,0
7472,3376,0,2,0,03,0,0,0,1,0,0,0,0,1,1,"S_GEN3_WAIT",1,1,1,0,0,1,0,0
7473,3377,0,2,0,03,0,0,0,1,0,0,0,0,1,1,"S_GEN3_WAIT",1,1,1,0,0,1,0,0
7474,3378,0,2,0,03,0,0,0,1,0,0,0,0,1,1,"S_GEN3_WAIT",1,1,1,0,0,1,0,0
7475,3379,0,2,0,03,0,0,0,1,0,0,0,0,1,1,"S_GEN3_WAIT",1,1,1,0,0,1,0,0
7476,3380,0,2,0,03,0,0,0,1,0,0,0,0,1,1,"S_GEN3_WAIT",1,1,1,0,0,1,0,0
7477,3381,0,2,0,03,0,0,0,1,0,0,0,0,1,1,"S_GEN3_WAIT",1,1,1,0,0,1,0,0
7478,3382,0,2,0,03,0,0,0,1,0,0,0,0,1,1,"S_GEN3_WAIT",1,1,1,0,0,1,0,0
7479,3383,0,2,0,03,0,0,0,1,0,0,0,0,1,1,"S_GEN3_WAIT",1,1,1,0,0,1,0,0
7480,3384,0,2,0,03,0,0,0,1,0,0,0,0,1,1,"S_GEN3_WAIT",1,1,1,0,0,1,0,0
7481,3385,0,2,0,03,0,0,0,1,0,0,0,0,1,1,"S_GEN3_WAIT",1,1,1,0,0,1,0,0
7482,3386,0,2,0,03,0,0,0,1,0,0,0,0,1,1,"S_GEN3_WAIT",1,1,1,0,0,1,0,0
7483,3387,0,2,0,03,0,0,0,1,0,0,0,0,1,1,"S_GEN3_WAIT",1,1,1,0,0,1,0,0
7484,3388,0,2,0,03,0,0,0,1,0,0,0,0,1,1,"S_GEN3_WAIT",1,1,1,0,0,1,0,0
7485,3389,0,2,0,03,0,0,0,1,0,0,0,0,1,1,"S_GEN3_WAIT",1,1,1,0,0,1,0,0
7486,3390,0,2,0,03,0,0,0,1,0,0,0,0,1,1,"S_GEN3_WAIT",1,1,1,0,0,1,0,0
7487,3391,0,2,0,03,0,0,0,1,0,0,0,0,1,1,"S_GEN3_WAIT",1,1,1,0,0,1,0,0
7488,3392,0,2,0,03,0,0,0,1,0,0,0,0,1,1,"S_GEN3_WAIT",1,1,1,0,0,1,0,0
7489,3393,0,2,0,03,0,0,0,1,0,0,0,0,1,1,"S_GEN3_WAIT",1,1,1,0,0,1,0,0
7490,3394,0,2,0,03,0,0,0,1,0,0,0,0,1,1,"S_GEN3_WAIT",1,1,1,0,0,1,0,0
7491,3395,0,2,0,03,0,0,0,1,0,0,0,0,1,1,"S_GEN3_WAIT",1,1,1,0,0,1,0,0
7492,3396,0,2,0,03,0,0,0,1,0,0,0,0,1,1,"S_GEN3_WAIT",1,1,1,0,0,1,0,0
7493,3397,0,2,0,03,0,0,0,1,0,0,0,0,1,1,"S_GEN3_WAIT",1,1,1,0,0,1,0,0
7494,3398,0,2,0,03,0,0,0,1,0,0,0,0,1,1,"S_GEN3_WAIT",1,1,1,0,0,1,0,0
7495,3399,0,2,0,03,0,0,0,1,0,0,0,0,1,1,"S_GEN3_WAIT",1,1,1,0,0,1,0,0
7496,3400,0,2,0,03,0,0,0,1,0,0,0,0,1,1,"S_GEN3_WAIT",1,1,1,0,0,1,0,0
7497,3401,0,2,0,03,0,0,0,1,0,0,0,0,1,1,"S_GEN3_WAIT",1,1,1,0,0,1,0,0
7498,3402,0,2,0,03,0,0,0,1,0,0,0,0,1,1,"S_GEN3_WAIT",1,1,1,0,0,1,0,0
7499,3403,0,2,0,03,0,0,0,1,0,0,0,0,1,1,"S_GEN3_WAIT",1,1,1,0,0,1,0,0
7500,3404,0,2,0,03,0,0,0,1,0,0,0,0,1,1,"S_GEN3_WAIT",1,1,1,0,0,1,0,0
7501,3405,0,2,0,03,0,0,0,1,0,0,0,0,1,1,"S_GEN3_WAIT",1,1,1,0,0,1,0,0
7502,3406,0,2,0,03,0,0,0,1,0,0,0,0,1,1,"S_GEN3_WAIT",1,1,1,0,0,1,0,0
7503,3407,0,2,0,03,0,0,0,1,0,0,0,0,1,1,"S_GEN3_WAIT",1,1,1,0,0,1,0,0
7504,3408,0,2,0,03,0,0,0,1,0,0,0,0,1,1,"S_GEN3_WAIT",1,1,1,0,0,1,0,0
7505,3409,0,2,0,03,0,0,0,1,0,0,0,0,1,1,"S_GEN3_WAIT",1,1,1,0,0,1,0,0
7506,3410,0,2,0,03,0,0,0,1,0,0,0,0,1,1,"S_GEN3_WAIT",1,1,1,0,0,1,0,0
7507,3411,0,2,0,03,0,0,0,1,0,0,0,0,1,1,"S_GEN3_WAIT",1,1,1,0,0,1,0,0
7508,3412,0,2,0,03,0,0,0,1,0,0,0,0,1,1,"S_GEN3_WAIT",1,1,1,0,0,1,0,0
7509,3413,0,2,0,03,0,0,0,1,0,0,0,0,1,1,"S_GEN3_WAIT",1,1,1,0,0,1,0,0
7510,3414,0,2,0,03,0,0,0,1,0,0,0,0,1,1,"S_GEN3_WAIT",1,1,1,0,0,1,0,0
7511,3415,0,2,0,03,0,0,0,1,0,0,0,0,1,1,"S_GEN3_WAIT",1,1,1,0,0,1,0,0
7512,3416,0,2,0,03,0,0,0,1,0,0,0,0,1,1,"S_GEN3_WAIT",1,1,1,0,0,1,0,0
7513,3417,0,2,0,03,0,0,0,1,0,0,0,0,1,1,"S_GEN3_WAIT",1,1,1,0,0,1,0,0
7514,3418,0,2,0,03,0,0,0,1,0,0,0,0,1,1,"S_GEN3_WAIT",1,1,1,0,0,1,0,0
7515,3419,0,2,0,03,0,0,0,1,0,0,0,0,1,1,"S_GEN3_WAIT",1,1,1,0,0,1,0,0
7516,3420,0,2,0,03,0,0,0,1,0,0,0,0,1,1,"S_GEN3_WAIT",1,1,1,0,0,1,0,0
7517,3421,0,2,0,03,0,0,0,1,0,0,0,0,1,1,"S_GEN3_WAIT",1,1,1,0,0,1,0,0
7518,3422,0,2,0,03,0,0,0,1,0,0,0,0,1,1,"S_GEN3_WAIT",1,1,1,0,0,1,0,0
7519,3423,0,2,0,03,0,0,0,1,0,0,0,0,1,1,"S_GEN3_WAIT",1,1,1,0,0,1,0,0
7520,3424,0,2,0,03,0,0,0,1,0,0,0,0,1,1,"S_GEN3_WAIT",1,1,1,0,0,1,0,0
7521,3425,0,2,0,03,0,0,0,1,0,0,0,0,1,1,"S_GEN3_WAIT",1,1,1,0,0,1,0,0
7522,3426,0,2,0,03,0,0,0,1,0,0,0,0,1,1,"S_GEN3_WAIT",1,1,1,0,0,1,0,0
7523,3427,0,2,0,03,0,0,0,1,0,0,0,0,1,1,"S_GEN3_WAIT",1,1,1,0,0,1,0,0
7524,3428,0,2,0,03,0,0,0,1,0,0,0,0,1,1,"S_GEN3_WAIT",1,1,1,0,0,1,0,0
7525,3429,0,2,0,03,0,0,0,1,0,0,0,0,1,1,"S_GEN3_WAIT",1,1,1,0,0,1,0,0
7526,3430,0,2,0,03,0,0,0,1,0,0,0,0,1,1,"S_GEN3_WAIT",1,1,1,0,0,1,0,0
7527,3431,0,2,0,03,0,0,0,1,0,0,0,0,1,1,"S_GEN3_WAIT",1,1,1,0,0,1,0,0
7528,3432,0,2,0,03,0,0,0,1,0,0,0,0,1,1,"S_GEN3_WAIT",1,1,1,0,0,1,0,0
7529,3433,0,2,0,03,0,0,0,1,0,0,0,0,1,1,"S_GEN3_WAIT",1,1,1,0,0,1,0,0
7530,3434,0,2,0,03,0,0,0,1,0,0,0,0,1,1,"S_GEN3_WAIT",1,1,1,0,0,1,0,0
7531,3435,0,2,0,03,0,0,0,1,0,0,0,0,1,1,"S_GEN3_WAIT",1,1,1,0,0,1,0,0
7532,3436,0,2,0,03,0,0,0,1,0,0,0,0,1,1,"S_GEN3_WAIT",1,1,1,0,0,1,0,0
7533,3437,0,2,0,03,0,0,0,1,0,0,0,0,1,1,"S_GEN3_WAIT",1,1,1,0,0,1,0,0
7534,3438,0,2,0,03,0,0,0,1,0,0,0,0,1,1,"S_GEN3_WAIT",1,1,1,0,0,1,0,0
7535,3439,0,2,0,03,0,0,0,1,0,0,0,0,1,1,"S_GEN3_WAIT",1,1,1,0,0,1,0,0
7536,3440,0,2,0,03,0,0,0,1,0,0,0,0,1,1,"S_GEN3_WAIT",1,1,1,0,0,1,0,0
7537,3441,0,2,0,03,0,0,0,1,0,0,0,0,1,1,"S_GEN3_WAIT",1,1,1,0,0,1,0,0
7538,3442,0,2,0,03,0,0,0,1,0,0,0,0,1,1,"S_GEN3_WAIT",1,1,1,0,0,1,0,0
7539,3443,0,2,0,03,0,0,0,1,0,0,0,0,1,1,"S_GEN3_WAIT",1,1,1,0,0,1,0,0
7540,3444,0,2,0,03,0,0,0,1,0,0,0,0,1,1,"S_GEN3_WAIT",1,1,1,0,0,1,0,0
7541,3445,0,2,0,03,0,0,0,1,0,0,0,0,1,1,"S_GEN3_WAIT",1,1,1,0,0,1,0,0
7542,3446,0,2,0,03,0,0,0,1,0,0,0,0,1,1,"S_GEN3_WAIT",1,1,1,0,0,1,0,0
7543,3447,0,2,0,03,0,0,0,1,0,0,0,0,1,1,"S_GEN3_WAIT",1,1,1,0,0,1,0,0
7544,3448,0,2,0,03,0,0,0,1,0,0,0,0,1,1,"S_GEN3_WAIT",1,1,1,0,0,1,0,0
7545,3449,0,2,0,03,0,0,0,1,0,0,0,0,1,1,"S_GEN3_WAIT",1,1,1,0,0,1,0,0
7546,3450,0,2,0,03,0,0,0,1,0,0,0,0,1,1,"S_GEN3_WAIT",1,1,1,0,0,1,0,0
7547,3451,0,2,0,03,0,0,0,1,0,0,0,0,1,1,"S_GEN3_WAIT",1,1,1,0,0,1,0,0
7548,3452,0,2,0,03,0,0,0,1,0,0,0,0,1,1,"S_GEN3_WAIT",1,1,1,0,0,1,0,0
7549,3453,0,2,0,03,0,0,0,1,0,0,0,0,1,1,"S_GEN3_WAIT",1,1,1,0,0,1,0,0
7550,3454,0,2,0,03,0,0,0,1,0,0,0,0,1,1,"S_GEN3_WAIT",1,1,1,0,0,1,0,0
7551,3455,0,2,0,03,0,0,0,1,0,0,0,0,1,1,"S_GEN3_WAIT",1,1,1,0,0,1,0,0
7552,3456,0,2,0,03,0,0,0,1,0,0,0,0,1,1,"S_GEN3_WAIT",1,1,1,0,0,1,0,0
7553,3457,0,2,0,03,0,0,0,1,0,0,0,0,1,1,"S_GEN3_WAIT",1,1,1,0,0,1,0,0
7554,3458,0,2,0,03,0,0,0,1,0,0,0,0,1,1,"S_GEN3_WAIT",1,1,1,0,0,1,0,0
7555,3459,0,2,0,03,0,0,0,1,0,0,0,0,1,1,"S_GEN3_WAIT",1,1,1,0,0,1,0,0
7556,3460,0,2,0,03,0,0,0,1,0,0,0,0,1,1,"S_GEN3_WAIT",1,1,1,0,0,1,0,0
7557,3461,0,2,0,03,0,0,0,1,0,0,0,0,1,1,"S_GEN3_WAIT",1,1,1,0,0,1,0,0
7558,3462,0,2,0,03,0,0,0,1,0,0,0,0,1,1,"S_GEN3_WAIT",1,1,1,0,0,1,0,0
7559,3463,0,2,0,03,0,0,0,1,0,0,0,0,1,1,"S_GEN3_WAIT",1,1,1,0,0,1,0,0
7560,3464,0,2,0,03,0,0,0,1,0,0,0,0,1,1,"S_GEN3_WAIT",1,1,1,0,0,1,0,0
7561,3465,0,2,0,03,0,0,0,1,0,0,0,0,1,1,"S_GEN3_WAIT",1,1,1,0,0,1,0,0
7562,3466,0,2,0,03,0,0,0,1,0,0,0,0,1,1,"S_GEN3_WAIT",1,1,1,0,0,1,0,0
7563,3467,0,2,0,03,0,0,0,1,0,0,0,0,1,1,"S_GEN3_WAIT",1,1,1,0,0,1,0,0
7564,3468,0,2,0,03,0,0,0,1,0,0,0,0,1,1,"S_GEN3_WAIT",1,1,1,0,0,1,0,0
7565,3469,0,2,0,03,0,0,0,1,0,0,0,0,1,1,"S_GEN3_WAIT",1,1,1,0,0,1,0,0
7566,3470,0,2,0,03,0,0,0,1,0,0,0,0,1,1,"S_GEN3_WAIT",1,1,1,0,0,1,0,0
7567,3471,0,2,0,03,0,0,0,1,0,0,0,0,1,1,"S_GEN3_WAIT",1,1,1,0,0,1,0,0
7568,3472,0,2,0,03,0,0,0,1,0,0,0,0,1,1,"S_GEN3_WAIT",1,1,1,0,0,1,0,0
7569,3473,0,2,0,03,0,0,0,1,0,0,0,0,1,1,"S_GEN3_WAIT",1,1,1,0,0,1,0,0
7570,3474,0,2,0,03,0,0,0,1,0,0,0,0,1,1,"S_GEN3_WAIT",1,1,1,0,0,1,0,0
7571,3475,0,2,0,03,0,0,0,1,0,0,0,0,1,1,"S_GEN3_WAIT",1,1,1,0,0,1,0,0
7572,3476,0,2,0,03,0,0,0,1,0,0,0,0,1,1,"S_GEN3_WAIT",1,1,1,0,0,1,0,0
7573,3477,0,2,0,03,0,0,0,1,0,0,0,0,1,1,"S_GEN3_WAIT",1,1,1,0,0,1,0,0
7574,3478,0,2,0,03,0,0,0,1,0,0,0,0,1,1,"S_GEN3_WAIT",1,1,1,0,0,1,0,0
7575,3479,0,2,0,03,0,0,0,1,0,0,0,0,1,1,"S_GEN3_WAIT",1,1,1,0,0,1,0,0
7576,3480,0,2,0,03,0,0,0,1,0,0,0,0,1,1,"S_GEN3_WAIT",1,1,1,0,0,1,0,0
7577,3481,0,2,0,03,0,0,0,1,0,0,0,0,1,1,"S_GEN3_WAIT",1,1,1,0,0,1,0,0
7578,3482,0,2,0,03,0,0,0,1,0,0,0,0,1,1,"S_GEN3_WAIT",1,1,1,0,0,1,0,0
7579,3483,0,2,0,03,0,0,0,1,0,0,0,0,1,1,"S_GEN3_WAIT",1,1,1,0,0,1,0,0
7580,3484,0,2,0,03,0,0,0,1,0,0,0,0,1,1,"S_GEN3_WAIT",1,1,1,0,0,1,0,0
7581,3485,0,2,0,03,0,0,0,1,0,0,0,0,1,1,"S_GEN3_WAIT",1,1,1,0,0,1,0,0
7582,3486,0,2,0,03,0,0,0,1,0,0,0,0,1,1,"S_GEN3_WAIT",1,1,1,0,0,1,0,0
7583,3487,0,2,0,03,0,0,0,1,0,0,0,0,1,1,"S_GEN3_WAIT",1,1,1,0,0,1,0,0
7584,3488,0,2,0,03,0,0,0,1,0,0,0,0,1,1,"S_GEN3_WAIT",1,1,1,0,0,1,0,0
7585,3489,0,2,0,03,0,0,0,1,0,0,0,0,1,1,"S_GEN3_WAIT",1,1,1,0,0,1,0,0
7586,3490,0,2,0,03,0,0,0,1,0,0,0,0,1,1,"S_GEN3_WAIT",1,1,1,0,0,1,0,0
7587,3491,0,2,0,03,0,0,0,1,0,0,0,0,1,1,"S_GEN3_WAIT",1,1,1,0,0,1,0,0
7588,3492,0,2,0,03,0,0,0,1,0,0,0,0,1,1,"S_GEN3_WAIT",1,1,1,0,0,1,0,0
7589,3493,0,2,0,03,0,0,0,1,0,0,0,0,1,1,"S_GEN3_WAIT",1,1,1,0,0,1,0,0
7590,3494,0,2,0,03,0,0,0,1,0,0,0,0,1,1,"S_GEN3_WAIT",1,1,1,0,0,1,0,0
7591,3495,0,2,0,03,0,0,0,1,0,0,0,0,1,1,"S_GEN3_WAIT",1,1,1,0,0,1,0,0
7592,3496,0,2,0,03,0,0,0,1,0,0,0,0,1,1,"S_GEN3_WAIT",1,1,1,0,0,1,0,0
7593,3497,0,2,0,03,0,0,0,1,0,0,0,0,1,1,"S_GEN3_WAIT",1,1,1,0,0,1,0,0
7594,3498,0,2,0,03,0,0,0,1,0,0,0,0,1,1,"S_GEN3_WAIT",1,1,1,0,0,1,0,0
7595,3499,0,2,0,03,0,0,0,1,0,0,0,0,1,1,"S_GEN3_WAIT",1,1,1,0,0,1,0,0
7596,3500,0,2,0,03,0,0,0,1,0,0,0,0,1,1,"S_GEN3_WAIT",1,1,1,0,0,1,0,0
7597,3501,0,2,0,03,0,0,0,1,0,0,0,0,1,1,"S_GEN3_WAIT",1,1,1,0,0,1,0,0
7598,3502,0,2,0,03,0,0,0,1,0,0,0,0,1,1,"S_GEN3_WAIT",1,1,1,0,0,1,0,0
7599,3503,0,2,0,03,0,0,0,1,0,0,0,0,1,1,"S_GEN3_WAIT",1,1,1,0,0,1,0,0
7600,3504,0,2,0,03,0,0,0,1,0,0,0,0,1,1,"S_GEN3_WAIT",1,1,1,0,0,1,0,0
7601,3505,0,2,0,03,0,0,0,1,0,0,0,0,1,1,"S_GEN3_WAIT",1,1,1,0,0,1,0,0
7602,3506,0,2,0,03,0,0,0,1,0,0,0,0,1,1,"S_GEN3_WAIT",1,1,1,0,0,1,0,0
7603,3507,0,2,0,03,0,0,0,1,0,0,0,0,1,1,"S_GEN3_WAIT",1,1,1,0,0,1,0,0
7604,3508,0,2,0,03,0,0,0,1,0,0,0,0,1,1,"S_GEN3_WAIT",1,1,1,0,0,1,0,0
7605,3509,0,2,0,03,0,0,0,1,0,0,0,0,1,1,"S_GEN3_WAIT",1,1,1,0,0,1,0,0
7606,3510,0,2,0,03,0,0,0,1,0,0,0,0,1,1,"S_GEN3_WAIT",1,1,1,0,0,1,0,0
7607,3511,0,2,0,03,0,0,0,1,0,0,0,0,1,1,"S_GEN3_WAIT",1,1,1,0,0,1,0,0
7608,3512,0,2,0,03,0,0,0,1,0,0,0,0,1,1,"S_GEN3_WAIT",1,1,1,0,0,1,0,0
7609,3513,0,2,0,03,0,0,0,1,0,0,0,0,1,1,"S_GEN3_WAIT",1,1,1,0,0,1,0,0
7610,3514,0,2,0,03,0,0,0,1,0,0,0,0,1,1,"S_GEN3_WAIT",1,1,1,0,0,1,0,0
7611,3515,0,2,0,03,0,0,0,1,0,0,0,0,1,1,"S_GEN3_WAIT",1,1,1,0,0,1,0,0
7612,3516,0,2,0,03,0,0,0,1,0,0,0,0,1,1,"S_GEN3_WAIT",1,1,1,0,0,1,0,0
7613,3517,0,2,0,03,0,0,0,1,0,0,0,0,1,1,"S_GEN3_WAIT",1,1,1,0,0,1,0,0
7614,3518,0,2,0,03,0,0,0,1,0,0,0,0,1,1,"S_GEN3_WAIT",1,1,1,0,0,1,0,0
7615,3519,0,2,0,03,0,0,0,1,0,0,0,0,1,1,"S_GEN3_WAIT",1,1,1,0,0,1,0,0
7616,3520,0,2,0,03,0,0,0,1,0,0,0,0,1,1,"S_GEN3_WAIT",1,1,1,0,0,1,0,0
7617,3521,0,2,0,03,0,0,0,1,0,0,0,0,1,1,"S_GEN3_WAIT",1,1,1,0,0,1,0,0
7618,3522,0,2,0,03,0,0,0,1,0,0,0,0,1,1,"S_GEN3_WAIT",1,1,1,0,0,1,0,0
7619,3523,0,2,0,03,0,0,0,1,0,0,0,0,1,1,"S_GEN3_WAIT",1,1,1,0,0,1,0,0
7620,3524,0,2,0,03,0,0,0,1,0,0,0,0,1,1,"S_GEN3_WAIT",1,1,1,0,0,1,0,0
7621,3525,0,2,0,03,0,0,0,1,0,0,0,0,1,1,"S_GEN3_WAIT",1,1,1,0,0,1,0,0
7622,3526,0,2,0,03,0,0,0,1,0,0,0,0,1,1,"S_GEN3_WAIT",1,1,1,0,0,1,0,0
7623,3527,0,2,0,03,0,0,0,1,0,0,0,0,1,1,"S_GEN3_WAIT",1,1,1,0,0,1,0,0
7624,3528,0,2,0,03,0,0,0,1,0,0,0,0,1,1,"S_GEN3_WAIT",1,1,1,0,0,1,0,0
7625,3529,0,2,0,03,0,0,0,1,0,0,0,0,1,1,"S_GEN3_WAIT",1,1,1,0,0,1,0,0
7626,3530,0,2,0,03,0,0,0,1,0,0,0,0,1,1,"S_GEN3_WAIT",1,1,1,0,0,1,0,0
7627,3531,0,2,0,03,0,0,0,1,0,0,0,0,1,1,"S_GEN3_WAIT",1,1,1,0,0,1,0,0
7628,3532,0,2,0,03,0,0,0,1,0,0,0,0,1,1,"S_GEN3_WAIT",1,1,1,0,0,1,0,0
7629,3533,0,2,0,03,0,0,0,1,0,0,0,0,1,1,"S_GEN3_WAIT",1,1,1,0,0,1,0,0
7630,3534,0,2,0,03,0,0,0,1,0,0,0,0,1,1,"S_GEN3_WAIT",1,1,1,0,0,1,0,0
7631,3535,0,2,0,03,0,0,0,1,0,0,0,0,1,1,"S_GEN3_WAIT",1,1,1,0,0,1,0,0
7632,3536,0,2,0,03,0,0,0,1,0,0,0,0,1,1,"S_GEN3_WAIT",1,1,1,0,0,1,0,0
7633,3537,0,2,0,03,0,0,0,1,0,0,0,0,1,1,"S_GEN3_WAIT",1,1,1,0,0,1,0,0
7634,3538,0,2,0,03,0,0,0,1,0,0,0,0,1,1,"S_GEN3_WAIT",1,1,1,0,0,1,0,0
7635,3539,0,2,0,03,0,0,0,1,0,0,0,0,1,1,"S_GEN3_WAIT",1,1,1,0,0,1,0,0
7636,3540,0,2,0,03,0,0,0,1,0,0,0,0,1,1,"S_GEN3_WAIT",1,1,1,0,0,1,0,0
7637,3541,0,2,0,03,0,0,0,1,0,0,0,0,1,1,"S_GEN3_WAIT",1,1,1,0,0,1,0,0
7638,3542,0,2,0,03,0,0,0,1,0,0,0,0,1,1,"S_GEN3_WAIT",1,1,1,0,0,1,0,0
7639,3543,0,2,0,03,0,0,0,1,0,0,0,0,1,1,"S_GEN3_WAIT",1,1,1,0,0,1,0,0
7640,3544,0,2,0,03,0,0,0,1,0,0,0,0,1,1,"S_GEN3_WAIT",1,1,1,0,0,1,0,0
7641,3545,0,2,0,03,0,0,0,1,0,0,0,0,1,1,"S_GEN3_WAIT",1,1,1,0,0,1,0,0
7642,3546,0,2,0,03,0,0,0,1,0,0,0,0,1,1,"S_GEN3_WAIT",1,1,1,0,0,1,0,0
7643,3547,0,2,0,03,0,0,0,1,0,0,0,0,1,1,"S_GEN3_WAIT",1,1,1,0,0,1,0,0
7644,3548,0,2,0,03,0,0,0,1,0,0,0,0,1,1,"S_GEN3_WAIT",1,1,1,0,0,1,0,0
7645,3549,0,2,0,03,0,0,0,1,0,0,0,0,1,1,"S_GEN3_WAIT",1,1,1,0,0,1,0,0
7646,3550,0,2,0,03,0,0,0,1,0,0,0,0,1,1,"S_GEN3_WAIT",1,1,1,0,0,1,0,0
7647,3551,0,2,0,03,0,0,0,1,0,0,0,0,1,1,"S_GEN3_WAIT",1,1,1,0,0,1,0,0
7648,3552,0,2,0,03,0,0,0,1,0,0,0,0,1,1,"S_GEN3_WAIT",1,1,1,0,0,1,0,0
7649,3553,0,2,0,03,0,0,0,1,0,0,0,0,1,1,"S_GEN3_WAIT",1,1,1,0,0,1,0,0
7650,3554,0,2,0,03,0,0,0,1,0,0,0,0,1,1,"S_GEN3_WAIT",1,1,1,0,0,1,0,0
7651,3555,0,2,0,03,0,0,0,1,0,0,0,0,1,1,"S_GEN3_WAIT",1,1,1,0,0,1,0,0
7652,3556,0,2,0,03,0,0,0,1,0,0,0,0,1,1,"S_GEN3_WAIT",1,1,1,0,0,1,0,0
7653,3557,0,2,0,03,0,0,0,1,0,0,0,0,1,1,"S_GEN3_WAIT",1,1,1,0,0,1,0,0
7654,3558,0,2,0,03,0,0,0,1,0,0,0,0,1,1,"S_GEN3_WAIT",1,1,1,0,0,1,0,0
7655,3559,0,2,0,03,0,0,0,1,0,0,0,0,1,1,"S_GEN3_WAIT",1,1,1,0,0,1,0,0
7656,3560,0,2,0,03,0,0,0,1,0,0,0,0,1,1,"S_GEN3_WAIT",1,1,1,0,0,1,0,0
7657,3561,0,2,0,03,0,0,0,1,0,0,0,0,1,1,"S_GEN3_WAIT",1,1,1,0,0,1,0,0
7658,3562,0,2,0,03,0,0,0,1,0,0,0,0,1,1,"S_GEN3_WAIT",1,1,1,0,0,1,0,0
7659,3563,0,2,0,03,0,0,0,1,0,0,0,0,1,1,"S_GEN3_WAIT",1,1,1,0,0,1,0,0
7660,3564,0,2,0,03,0,0,0,1,0,0,0,0,1,1,"S_GEN3_WAIT",1,1,1,0,0,1,0,0
7661,3565,0,2,0,03,0,0,0,1,0,0,0,0,1,1,"S_GEN3_WAIT",1,1,1,0,0,1,0,0
7662,3566,0,2,0,03,0,0,0,1,0,0,0,0,1,1,"S_GEN3_WAIT",1,1,1,0,0,1,0,0
7663,3567,0,2,0,03,0,0,0,1,0,0,0,0,1,1,"S_GEN3_WAIT",1,1,1,0,0,1,0,0
7664,3568,0,2,0,03,0,0,0,1,0,0,0,0,1,1,"S_GEN3_WAIT",1,1,1,0,0,1,0,0
7665,3569,0,2,0,03,0,0,0,1,0,0,0,0,1,1,"S_GEN3_WAIT",1,1,1,0,0,1,0,0
7666,3570,0,2,0,03,0,0,0,1,0,0,0,0,1,1,"S_GEN3_WAIT",1,1,1,0,0,1,0,0
7667,3571,0,2,0,03,0,0,0,1,0,0,0,0,1,1,"S_GEN3_WAIT",1,1,1,0,0,1,0,0
7668,3572,0,2,0,03,0,0,0,1,0,0,0,0,1,1,"S_GEN3_WAIT",1,1,1,0,0,1,0,0
7669,3573,0,2,0,03,0,0,0,1,0,0,0,0,1,1,"S_GEN3_WAIT",1,1,1,0,0,1,0,0
7670,3574,0,2,0,03,0,0,0,1,0,0,0,0,1,1,"S_GEN3_WAIT",1,1,1,0,0,1,0,0
7671,3575,0,2,0,03,0,0,0,1,0,0,0,0,1,1,"S_GEN3_WAIT",1,1,1,0,0,1,0,0
7672,3576,0,2,0,03,0,0,0,1,0,0,0,0,1,1,"S_GEN3_WAIT",1,1,1,0,0,1,0,0
7673,3577,0,2,0,03,0,0,0,1,0,0,0,0,1,1,"S_GEN3_WAIT",1,1,1,0,0,1,0,0
7674,3578,0,2,0,03,0,0,0,1,0,0,0,0,1,1,"S_GEN3_WAIT",1,1,1,0,0,1,0,0
7675,3579,0,2,0,03,0,0,0,1,0,0,0,0,1,1,"S_GEN3_WAIT",1,1,1,0,0,1,0,0
7676,3580,0,2,0,03,0,0,0,1,0,0,0,0,1,1,"S_GEN3_WAIT",1,1,1,0,0,1,0,0
7677,3581,0,2,0,03,0,0,0,1,0,0,0,0,1,1,"S_GEN3_WAIT",1,1,1,0,0,1,0,0
7678,3582,0,2,0,03,0,0,0,1,0,0,0,0,1,1,"S_GEN3_WAIT",1,1,1,0,0,1,0,0
7679,3583,0,2,0,03,0,0,0,1,0,0,0,0,1,1,"S_GEN3_WAIT",1,1,1,0,0,1,0,0
7680,3584,0,2,0,03,0,0,0,1,0,0,0,0,1,1,"S_GEN3_WAIT",1,1,1,0,0,1,0,0
7681,3585,0,2,0,03,0,0,0,1,0,0,0,0,1,1,"S_GEN3_WAIT",1,1,1,0,0,1,0,0
7682,3586,0,2,0,03,0,0,0,1,0,0,0,0,1,1,"S_GEN3_WAIT",1,1,1,0,0,1,0,0
7683,3587,0,2,0,03,0,0,0,1,0,0,0,0,1,1,"S_GEN3_WAIT",1,1,1,0,0,1,0,0
7684,3588,0,2,0,03,0,0,0,1,0,0,0,0,1,1,"S_GEN3_WAIT",1,1,1,0,0,1,0,0
7685,3589,0,2,0,03,0,0,0,1,0,0,0,0,1,1,"S_GEN3_WAIT",1,1,1,0,0,1,0,0
7686,3590,0,2,0,03,0,0,0,1,0,0,0,0,1,1,"S_GEN3_WAIT",1,1,1,0,0,1,0,0
7687,3591,0,2,0,03,0,0,0,1,0,0,0,0,1,1,"S_GEN3_WAIT",1,1,1,0,0,1,0,0
7688,3592,0,2,0,03,0,0,0,1,0,0,0,0,1,1,"S_GEN3_WAIT",1,1,1,0,0,1,0,0
7689,3593,0,2,0,03,0,0,0,1,0,0,0,0,1,1,"S_GEN3_WAIT",1,1,1,0,0,1,0,0
7690,3594,0,2,0,03,0,0,0,1,0,0,0,0,1,1,"S_GEN3_WAIT",1,1,1,0,0,1,0,0
7691,3595,0,2,0,03,0,0,0,1,0,0,0,0,1,1,"S_GEN3_WAIT",1,1,1,0,0,1,0,0
7692,3596,0,2,0,03,0,0,0,1,0,0,0,0,1,1,"S_GEN3_WAIT",1,1,1,0,0,1,0,0
7693,3597,0,2,0,03,0,0,0,1,0,0,0,0,1,1,"S_GEN3_WAIT",1,1,1,0,0,1,0,0
7694,3598,0,2,0,03,0,0,0,1,0,0,0,0,1,1,"S_GEN3_WAIT",1,1,1,0,0,1,0,0
7695,3599,0,2,0,03,0,0,0,1,0,0,0,0,1,1,"S_GEN3_WAIT",1,1,1,0,0,1,0,0
7696,3600,0,2,0,03,0,0,0,1,0,0,0,0,1,1,"S_GEN3_WAIT",1,1,1,0,0,1,0,0
7697,3601,0,2,0,03,0,0,0,1,0,0,0,0,1,1,"S_GEN3_WAIT",1,1,1,0,0,1,0,0
7698,3602,0,2,0,03,0,0,0,1,0,0,0,0,1,1,"S_GEN3_WAIT",1,1,1,0,0,1,0,0
7699,3603,0,2,0,03,0,0,0,1,0,0,0,0,1,1,"S_GEN3_WAIT",1,1,1,0,0,1,0,0
7700,3604,0,2,0,03,0,0,0,1,0,0,0,0,1,1,"S_GEN3_WAIT",1,1,1,0,0,1,0,0
7701,3605,0,2,0,03,0,0,0,1,0,0,0,0,1,1,"S_GEN3_WAIT",1,1,1,0,0,1,0,0
7702,3606,0,2,0,03,0,0,0,1,0,0,0,0,1,1,"S_GEN3_WAIT",1,1,1,0,0,1,0,0
7703,3607,0,2,0,03,0,0,0,1,0,0,0,0,1,1,"S_GEN3_WAIT",1,1,1,0,0,1,0,0
7704,3608,0,2,0,03,0,0,0,1,0,0,0,0,1,1,"S_GEN3_WAIT",1,1,1,0,0,1,0,0
7705,3609,0,2,0,03,0,0,0,1,0,0,0,0,1,1,"S_GEN3_WAIT",1,1,1,0,0,1,0,0
7706,3610,0,2,0,03,0,0,0,1,0,0,0,0,1,1,"S_GEN3_WAIT",1,1,1,0,0,1,0,0
7707,3611,0,2,0,03,0,0,0,1,0,0,0,0,1,1,"S_GEN3_WAIT",1,1,1,0,0,1,0,0
7708,3612,0,2,0,03,0,0,0,1,0,0,0,0,1,1,"S_GEN3_WAIT",1,1,1,0,0,1,0,0
7709,3613,0,2,0,03,0,0,0,1,0,0,0,0,1,1,"S_GEN3_WAIT",1,1,1,0,0,1,0,0
7710,3614,0,2,0,03,0,0,0,1,0,0,0,0,1,1,"S_GEN3_WAIT",1,1,1,0,0,1,0,0
7711,3615,0,2,0,03,0,0,0,1,0,0,0,0,1,1,"S_GEN3_WAIT",1,1,1,0,0,1,0,0
7712,3616,0,2,0,03,0,0,0,1,0,0,0,0,1,1,"S_GEN3_WAIT",1,1,1,0,0,1,0,0
7713,3617,0,2,0,03,0,0,0,1,0,0,0,0,1,1,"S_GEN3_WAIT",1,1,1,0,0,1,0,0
7714,3618,0,2,0,03,0,0,0,1,0,0,0,0,1,1,"S_GEN3_WAIT",1,1,1,0,0,1,0,0
7715,3619,0,2,0,03,0,0,0,1,0,0,0,0,1,1,"S_GEN3_WAIT",1,1,1,0,0,1,0,0
7716,3620,0,2,0,03,0,0,0,1,0,0,0,0,1,1,"S_GEN3_WAIT",1,1,1,0,0,1,0,0
7717,3621,0,2,0,03,0,0,0,1,0,0,0,0,1,1,"S_GEN3_WAIT",1,1,1,0,0,1,0,0
7718,3622,0,2,0,03,0,0,0,1,0,0,0,0,1,1,"S_GEN3_WAIT",1,1,1,0,0,1,0,0
7719,3623,0,2,0,03,0,0,0,1,0,0,0,0,1,1,"S_GEN3_WAIT",1,1,1,0,0,1,0,0
7720,3624,0,2,0,03,0,0,0,1,0,0,0,0,1,1,"S_GEN3_WAIT",1,1,1,0,0,1,0,0
7721,3625,0,2,0,03,0,0,0,1,0,0,0,0,1,1,"S_GEN3_WAIT",1,1,1,0,0,1,0,0
7722,3626,0,2,0,03,0,0,0,1,0,0,0,0,1,1,"S_GEN3_WAIT",1,1,1,0,0,1,0,0
7723,3627,0,2,0,03,0,0,0,1,0,0,0,0,1,1,"S_GEN3_WAIT",1,1,1,0,0,1,0,0
7724,3628,0,2,0,03,0,0,0,1,0,0,0,0,1,1,"S_GEN3_WAIT",1,1,1,0,0,1,0,0
7725,3629,0,2,0,03,0,0,0,1,0,0,0,0,1,1,"S_GEN3_WAIT",1,1,1,0,0,1,0,0
7726,3630,0,2,0,03,0,0,0,1,0,0,0,0,1,1,"S_GEN3_WAIT",1,1,1,0,0,1,0,0
7727,3631,0,2,0,03,0,0,0,1,0,0,0,0,1,1,"S_GEN3_WAIT",1,1,1,0,0,1,0,0
7728,3632,0,2,0,03,0,0,0,1,0,0,0,0,1,1,"S_GEN3_WAIT",1,1,1,0,0,1,0,0
7729,3633,0,2,0,03,0,0,0,1,0,0,0,0,1,1,"S_GEN3_WAIT",1,1,1,0,0,1,0,0
7730,3634,0,2,0,03,0,0,0,1,0,0,0,0,1,1,"S_GEN3_WAIT",1,1,1,0,0,1,0,0
7731,3635,0,2,0,03,0,0,0,1,0,0,0,0,1,1,"S_GEN3_WAIT",1,1,1,0,0,1,0,0
7732,3636,0,2,0,03,0,0,0,1,0,0,0,0,1,1,"S_GEN3_WAIT",1,1,1,0,0,1,0,0
7733,3637,0,2,0,03,0,0,0,1,0,0,0,0,1,1,"S_GEN3_WAIT",1,1,1,0,0,1,0,0
7734,3638,0,2,0,03,0,0,0,1,0,0,0,0,1,1,"S_GEN3_WAIT",1,1,1,0,0,1,0,0
7735,3639,0,2,0,03,0,0,0,1,0,0,0,0,1,1,"S_GEN3_WAIT",1,1,1,0,0,1,0,0
7736,3640,0,2,0,03,0,0,0,1,0,0,0,0,1,1,"S_GEN3_WAIT",1,1,1,0,0,1,0,0
7737,3641,0,2,0,03,0,0,0,1,0,0,0,0,1,1,"S_GEN3_WAIT",1,1,1,0,0,1,0,0
7738,3642,0,2,0,03,0,0,0,1,0,0,0,0,1,1,"S_GEN3_WAIT",1,1,1,0,0,1,0,0
7739,3643,0,2,0,03,0,0,0,1,0,0,0,0,1,1,"S_GEN3_WAIT",1,1,1,0,0,1,0,0
7740,3644,0,2,0,03,0,0,0,1,0,0,0,0,1,1,"S_GEN3_WAIT",1,1,1,0,0,1,0,0
7741,3645,0,2,0,03,0,0,0,1,0,0,0,0,1,1,"S_GEN3_WAIT",1,1,1,0,0,1,0,0
7742,3646,0,2,0,03,0,0,0,1,0,0,0,0,1,1,"S_GEN3_WAIT",1,1,1,0,0,1,0,0
7743,3647,0,2,0,03,0,0,0,1,0,0,0,0,1,1,"S_GEN3_WAIT",1,1,1,0,0,1,0,0
7744,3648,0,2,0,03,0,0,0,1,0,0,0,0,1,1,"S_GEN3_WAIT",1,1,1,0,0,1,0,0
7745,3649,0,2,0,03,0,0,0,1,0,0,0,0,1,1,"S_GEN3_WAIT",1,1,1,0,0,1,0,0
7746,3650,0,2,0,03,0,0,0,1,0,0,0,0,1,1,"S_GEN3_WAIT",1,1,1,0,0,1,0,0
7747,3651,0,2,0,03,0,0,0,1,0,0,0,0,1,1,"S_GEN3_WAIT",1,1,1,0,0,1,0,0
7748,3652,0,2,0,03,0,0,0,1,0,0,0,0,1,1,"S_GEN3_WAIT",1,1,1,0,0,1,0,0
7749,3653,0,2,0,03,0,0,0,1,0,0,0,0,1,1,"S_GEN3_WAIT",1,1,1,0,0,1,0,0
7750,3654,0,2,0,03,0,0,0,1,0,0,0,0,1,1,"S_GEN3_WAIT",1,1,1,0,0,1,0,0
7751,3655,0,2,0,03,0,0,0,1,0,0,0,0,1,1,"S_GEN3_WAIT",1,1,1,0,0,1,0,0
7752,3656,0,2,0,03,0,0,0,1,0,0,0,0,1,1,"S_GEN3_WAIT",1,1,1,0,0,1,0,0
7753,3657,0,2,0,03,0,0,0,1,0,0,0,0,1,1,"S_GEN3_WAIT",1,1,1,0,0,1,0,0
7754,3658,0,2,0,03,0,0,0,1,0,0,0,0,1,1,"S_GEN3_WAIT",1,1,1,0,0,1,0,0
7755,3659,0,2,0,03,0,0,0,1,0,0,0,0,1,1,"S_GEN3_WAIT",1,1,1,0,0,1,0,0
7756,3660,0,2,0,03,0,0,0,1,0,0,0,0,1,1,"S_GEN3_WAIT",1,1,1,0,0,1,0,0
7757,3661,0,2,0,03,0,0,0,1,0,0,0,0,1,1,"S_GEN3_WAIT",1,1,1,0,0,1,0,0
7758,3662,0,2,0,03,0,0,0,1,0,0,0,0,1,1,"S_GEN3_WAIT",1,1,1,0,0,1,0,0
7759,3663,0,2,0,03,0,0,0,1,0,0,0,0,1,1,"S_GEN3_WAIT",1,1,1,0,0,1,0,0
7760,3664,0,2,0,03,0,0,0,1,0,0,0,0,1,1,"S_GEN3_WAIT",1,1,1,0,0,1,0,0
7761,3665,0,2,0,03,0,0,0,1,0,0,0,0,1,1,"S_GEN3_WAIT",1,1,1,0,0,1,0,0
7762,3666,0,2,0,03,0,0,0,1,0,0,0,0,1,1,"S_GEN3_WAIT",1,1,1,0,0,1,0,0
7763,3667,0,2,0,03,0,0,0,1,0,0,0,0,1,1,"S_GEN3_WAIT",1,1,1,0,0,1,0,0
7764,3668,0,2,0,03,0,0,0,1,0,0,0,0,1,1,"S_GEN3_WAIT",1,1,1,0,0,1,0,0
7765,3669,0,2,0,03,0,0,0,1,0,0,0,0,1,1,"S_GEN3_WAIT",1,1,1,0,0,1,0,0
7766,3670,0,2,0,03,0,0,0,1,0,0,0,0,1,1,"S_GEN3_WAIT",1,1,1,0,0,1,0,0
7767,3671,0,2,0,03,0,0,0,1,0,0,0,0,1,1,"S_GEN3_WAIT",1,1,1,0,0,1,0,0
7768,3672,0,2,0,03,0,0,0,1,0,0,0,0,1,1,"S_GEN3_WAIT",1,1,1,0,0,1,0,0
7769,3673,0,2,0,03,0,0,0,1,0,0,0,0,1,1,"S_GEN3_WAIT",1,1,1,0,0,1,0,0
7770,3674,0,2,0,03,0,0,0,1,0,0,0,0,1,1,"S_GEN3_WAIT",1,1,1,0,0,1,0,0
7771,3675,0,2,0,03,0,0,0,1,0,0,0,0,1,1,"S_GEN3_WAIT",1,1,1,0,0,1,0,0
7772,3676,0,2,0,03,0,0,0,1,0,0,0,0,1,1,"S_GEN3_WAIT",1,1,1,0,0,1,0,0
7773,3677,0,2,0,03,0,0,0,1,0,0,0,0,1,1,"S_GEN3_WAIT",1,1,1,0,0,1,0,0
7774,3678,0,2,0,03,0,0,0,1,0,0,0,0,1,1,"S_GEN3_WAIT",1,1,1,0,0,1,0,0
7775,3679,0,2,0,03,0,0,0,1,0,0,0,0,1,1,"S_GEN3_WAIT",1,1,1,0,0,1,0,0
7776,3680,0,2,0,03,0,0,0,1,0,0,0,0,1,1,"S_GEN3_WAIT",1,1,1,0,0,1,0,0
7777,3681,0,2,0,03,0,0,0,1,0,0,0,0,1,1,"S_GEN3_WAIT",1,1,1,0,0,1,0,0
7778,3682,0,2,0,03,0,0,0,1,0,0,0,0,1,1,"S_GEN3_WAIT",1,1,1,0,0,1,0,0
7779,3683,0,2,0,03,0,0,0,1,0,0,0,0,1,1,"S_GEN3_WAIT",1,1,1,0,0,1,0,0
7780,3684,0,2,0,03,0,0,0,1,0,0,0,0,1,1,"S_GEN3_WAIT",1,1,1,0,0,1,0,0
7781,3685,0,2,0,03,0,0,0,1,0,0,0,0,1,1,"S_GEN3_WAIT",1,1,1,0,0,1,0,0
7782,3686,0,2,0,03,0,0,0,1,0,0,0,0,1,1,"S_GEN3_WAIT",1,1,1,0,0,1,0,0
7783,3687,0,2,0,03,0,0,0,1,0,0,0,0,1,1,"S_GEN3_WAIT",1,1,1,0,0,1,0,0
7784,3688,0,2,0,03,0,0,0,1,0,0,0,0,1,1,"S_GEN3_WAIT",1,1,1,0,0,1,0,0
7785,3689,0,2,0,03,0,0,0,1,0,0,0,0,1,1,"S_GEN3_WAIT",1,1,1,0,0,1,0,0
7786,3690,0,2,0,03,0,0,0,1,0,0,0,0,1,1,"S_GEN3_WAIT",1,1,1,0,0,1,0,0
7787,3691,0,2,0,03,0,0,0,1,0,0,0,0,1,1,"S_GEN3_WAIT",1,1,1,0,0,1,0,0
7788,3692,0,2,0,03,0,0,0,1,0,0,0,0,1,1,"S_GEN3_WAIT",1,1,1,0,0,1,0,0
7789,3693,0,2,0,03,0,0,0,1,0,0,0,0,1,1,"S_GEN3_WAIT",1,1,1,0,0,1,0,0
7790,3694,0,2,0,03,0,0,0,1,0,0,0,0,1,1,"S_GEN3_WAIT",1,1,1,0,0,1,0,0
7791,3695,0,2,0,03,0,0,0,1,0,0,0,0,1,1,"S_GEN3_WAIT",1,1,1,0,0,1,0,0
7792,3696,0,2,0,03,0,0,0,1,0,0,0,0,1,1,"S_GEN3_WAIT",1,1,1,0,0,1,0,0
7793,3697,0,2,0,03,0,0,0,1,0,0,0,0,1,1,"S_GEN3_WAIT",1,1,1,0,0,1,0,0
7794,3698,0,2,0,03,0,0,0,1,0,0,0,0,1,1,"S_GEN3_WAIT",1,1,1,0,0,1,0,0
7795,3699,0,2,0,03,0,0,0,1,0,0,0,0,1,1,"S_GEN3_WAIT",1,1,1,0,0,1,0,0
7796,3700,0,2,0,03,0,0,0,1,0,0,0,0,1,1,"S_GEN3_WAIT",1,1,1,0,0,1,0,0
7797,3701,0,2,0,03,0,0,0,1,0,0,0,0,1,1,"S_GEN3_WAIT",1,1,1,0,0,1,0,0
7798,3702,0,2,0,03,0,0,0,1,0,0,0,0,1,1,"S_GEN3_WAIT",1,1,1,0,0,1,0,0
7799,3703,0,2,0,03,0,0,0,1,0,0,0,0,1,1,"S_GEN3_WAIT",1,1,1,0,0,1,0,0
7800,3704,0,2,0,03,0,0,0,1,0,0,0,0,1,1,"S_GEN3_WAIT",1,1,1,0,0,1,0,0
7801,3705,0,2,0,03,0,0,0,1,0,0,0,0,1,1,"S_GEN3_WAIT",1,1,1,0,0,1,0,0
7802,3706,0,2,0,03,0,0,0,1,0,0,0,0,1,1,"S_GEN3_WAIT",1,1,1,0,0,1,0,0
7803,3707,0,2,0,03,0,0,0,1,0,0,0,0,1,1,"S_GEN3_WAIT",1,1,1,0,0,1,0,0
7804,3708,0,2,0,03,0,0,0,1,0,0,0,0,1,1,"S_GEN3_WAIT",1,1,1,0,0,1,0,0
7805,3709,0,2,0,03,0,0,0,1,0,0,0,0,1,1,"S_GEN3_WAIT",1,1,1,0,0,1,0,0
7806,3710,0,2,0,03,0,0,0,1,0,0,0,0,1,1,"S_GEN3_WAIT",1,1,1,0,0,1,0,0
7807,3711,0,2,0,03,0,0,0,1,0,0,0,0,1,1,"S_GEN3_WAIT",1,1,1,0,0,1,0,0
7808,3712,0,2,0,03,0,0,0,1,0,0,0,0,1,1,"S_GEN3_WAIT",1,1,1,0,0,1,0,0
7809,3713,0,2,0,03,0,0,0,1,0,0,0,0,1,1,"S_GEN3_WAIT",1,1,1,0,0,1,0,0
7810,3714,0,2,0,03,0,0,0,1,0,0,0,0,1,1,"S_GEN3_WAIT",1,1,1,0,0,1,0,0
7811,3715,0,2,0,03,0,0,0,1,0,0,0,0,1,1,"S_GEN3_WAIT",1,1,1,0,0,1,0,0
7812,3716,0,2,0,03,0,0,0,1,0,0,0,0,1,1,"S_GEN3_WAIT",1,1,1,0,0,1,0,0
7813,3717,0,2,0,03,0,0,0,1,0,0,0,0,1,1,"S_GEN3_WAIT",1,1,1,0,0,1,0,0
7814,3718,0,2,0,03,0,0,0,1,0,0,0,0,1,1,"S_GEN3_WAIT",1,1,1,0,0,1,0,0
7815,3719,0,2,0,03,0,0,0,1,0,0,0,0,1,1,"S_GEN3_WAIT",1,1,1,0,0,1,0,0
7816,3720,0,2,0,03,0,0,0,1,0,0,0,0,1,1,"S_GEN3_WAIT",1,1,1,0,0,1,0,0
7817,3721,0,2,0,03,0,0,0,1,0,0,0,0,1,1,"S_GEN3_WAIT",1,1,1,0,0,1,0,0
7818,3722,0,2,0,03,0,0,0,1,0,0,0,0,1,1,"S_GEN3_WAIT",1,1,1,0,0,1,0,0
7819,3723,0,2,0,03,0,0,0,1,0,0,0,0,1,1,"S_GEN3_WAIT",1,1,1,0,0,1,0,0
7820,3724,0,2,0,03,0,0,0,1,0,0,0,0,1,1,"S_GEN3_WAIT",1,1,1,0,0,1,0,0
7821,3725,0,2,0,03,0,0,0,1,0,0,0,0,1,1,"S_GEN3_WAIT",1,1,1,0,0,1,0,0
7822,3726,0,2,0,03,0,0,0,1,0,0,0,0,1,1,"S_GEN3_WAIT",1,1,1,0,0,1,0,0
7823,3727,0,2,0,03,0,0,0,1,0,0,0,0,1,1,"S_GEN3_WAIT",1,1,1,0,0,1,0,0
7824,3728,0,2,0,03,0,0,0,1,0,0,0,0,1,1,"S_GEN3_WAIT",1,1,1,0,0,1,0,0
7825,3729,0,2,0,03,0,0,0,1,0,0,0,0,1,1,"S_GEN3_WAIT",1,1,1,0,0,1,0,0
7826,3730,0,2,0,03,0,0,0,1,0,0,0,0,1,1,"S_GEN3_WAIT",1,1,1,0,0,1,0,0
7827,3731,0,2,0,03,0,0,0,1,0,0,0,0,1,1,"S_GEN3_WAIT",1,1,1,0,0,1,0,0
7828,3732,0,2,0,03,0,0,0,1,0,0,0,0,1,1,"S_GEN3_WAIT",1,1,1,0,0,1,0,0
7829,3733,0,2,0,03,0,0,0,1,0,0,0,0,1,1,"S_GEN3_WAIT",1,1,1,0,0,1,0,0
7830,3734,0,2,0,03,0,0,0,1,0,0,0,0,1,1,"S_GEN3_WAIT",1,1,1,0,0,1,0,0
7831,3735,0,2,0,03,0,0,0,1,0,0,0,0,1,1,"S_GEN3_WAIT",1,1,1,0,0,1,0,0
7832,3736,0,2,0,03,0,0,0,1,0,0,0,0,1,1,"S_GEN3_WAIT",1,1,1,0,0,1,0,0
7833,3737,0,2,0,03,0,0,0,1,0,0,0,0,1,1,"S_GEN3_WAIT",1,1,1,0,0,1,0,0
7834,3738,0,2,0,03,0,0,0,1,0,0,0,0,1,1,"S_GEN3_WAIT",1,1,1,0,0,1,0,0
7835,3739,0,2,0,03,0,0,0,1,0,0,0,0,1,1,"S_GEN3_WAIT",1,1,1,0,0,1,0,0
7836,3740,0,2,0,03,0,0,0,1,0,0,0,0,1,1,"S_GEN3_WAIT",1,1,1,0,0,1,0,0
7837,3741,0,2,0,03,0,0,0,1,0,0,0,0,1,1,"S_GEN3_WAIT",1,1,1,0,0,1,0,0
7838,3742,0,2,0,03,0,0,0,1,0,0,0,0,1,1,"S_GEN3_WAIT",1,1,1,0,0,1,0,0
7839,3743,0,2,0,03,0,0,0,1,0,0,0,0,1,1,"S_GEN3_WAIT",1,1,1,0,0,1,0,0
7840,3744,0,2,0,03,0,0,0,1,0,0,0,0,1,1,"S_GEN3_WAIT",1,1,1,0,0,1,0,0
7841,3745,0,2,0,03,0,0,0,1,0,0,0,0,1,1,"S_GEN3_WAIT",1,1,1,0,0,1,0,0
7842,3746,0,2,0,03,0,0,0,1,0,0,0,0,1,1,"S_GEN3_WAIT",1,1,1,0,0,1,0,0
7843,3747,0,2,0,03,0,0,0,1,0,0,0,0,1,1,"S_GEN3_WAIT",1,1,1,0,0,1,0,0
7844,3748,0,2,0,03,0,0,0,1,0,0,0,0,1,1,"S_GEN3_WAIT",1,1,1,0,0,1,0,0
7845,3749,0,2,0,03,0,0,0,1,0,0,0,0,1,1,"S_GEN3_WAIT",1,1,1,0,0,1,0,0
7846,3750,0,2,0,03,0,0,0,1,0,0,0,0,1,1,"S_GEN3_WAIT",1,1,1,0,0,1,0,0
7847,3751,0,2,0,03,0,0,0,1,0,0,0,0,1,1,"S_GEN3_WAIT",1,1,1,0,0,1,0,0
7848,3752,0,2,0,03,0,0,0,1,0,0,0,0,1,1,"S_GEN3_WAIT",1,1,1,0,0,1,0,0
7849,3753,0,2,0,03,0,0,0,1,0,0,0,0,1,1,"S_GEN3_WAIT",1,1,1,0,0,1,0,0
7850,3754,0,2,0,03,0,0,0,1,0,0,0,0,1,1,"S_GEN3_WAIT",1,1,1,0,0,1,0,0
7851,3755,0,2,0,03,0,0,0,1,0,0,0,0,1,1,"S_GEN3_WAIT",1,1,1,0,0,1,0,0
7852,3756,0,2,0,03,0,0,0,1,0,0,0,0,1,1,"S_GEN3_WAIT",1,1,1,0,0,1,0,0
7853,3757,0,2,0,03,0,0,0,1,0,0,0,0,1,1,"S_GEN3_WAIT",1,1,1,0,0,1,0,0
7854,3758,0,2,0,03,0,0,0,1,0,0,0,0,1,1,"S_GEN3_WAIT",1,1,1,0,0,1,0,0
7855,3759,0,2,0,03,0,0,0,1,0,0,0,0,1,1,"S_GEN3_WAIT",1,1,1,0,0,1,0,0
7856,3760,0,2,0,03,0,0,0,1,0,0,0,0,1,1,"S_GEN3_WAIT",1,1,1,0,0,1,0,0
7857,3761,0,2,0,03,0,0,0,1,0,0,0,0,1,1,"S_GEN3_WAIT",1,1,1,0,0,1,0,0
7858,3762,0,2,0,03,0,0,0,1,0,0,0,0,1,1,"S_GEN3_WAIT",1,1,1,0,0,1,0,0
7859,3763,0,2,0,03,0,0,0,1,0,0,0,0,1,1,"S_GEN3_WAIT",1,1,1,0,0,1,0,0
7860,3764,0,2,0,03,0,0,0,1,0,0,0,0,1,1,"S_GEN3_WAIT",1,1,1,0,0,1,0,0
7861,3765,0,2,0,03,0,0,0,1,0,0,0,0,1,1,"S_GEN3_WAIT",1,1,1,0,0,1,0,0
7862,3766,0,2,0,03,0,0,0,1,0,0,0,0,1,1,"S_GEN3_WAIT",1,1,1,0,0,1,0,0
7863,3767,0,2,0,03,0,0,0,1,0,0,0,0,1,1,"S_GEN3_WAIT",1,1,1,0,0,1,0,0
7864,3768,0,2,0,03,0,0,0,1,0,0,0,0,1,1,"S_GEN3_WAIT",1,1,1,0,0,1,0,0
7865,3769,0,2,0,03,0,0,0,1,0,0,0,0,1,1,"S_GEN3_WAIT",1,1,1,0,0,1,0,0
7866,3770,0,2,0,03,0,0,0,1,0,0,0,0,1,1,"S_GEN3_WAIT",1,1,1,0,0,1,0,0
7867,3771,0,2,0,03,0,0,0,1,0,0,0,0,1,1,"S_GEN3_WAIT",1,1,1,0,0,1,0,0
7868,3772,0,2,0,03,0,0,0,1,0,0,0,0,1,1,"S_GEN3_WAIT",1,1,1,0,0,1,0,0
7869,3773,0,2,0,03,0,0,0,1,0,0,0,0,1,1,"S_GEN3_WAIT",1,1,1,0,0,1,0,0
7870,3774,0,2,0,03,0,0,0,1,0,0,0,0,1,1,"S_GEN3_WAIT",1,1,1,0,0,1,0,0
7871,3775,0,2,0,03,0,0,0,1,0,0,0,0,1,1,"S_GEN3_WAIT",1,1,1,0,0,1,0,0
7872,3776,0,2,0,03,0,0,0,1,0,0,0,0,1,1,"S_GEN3_WAIT",1,1,1,0,0,1,0,0
7873,3777,0,2,0,03,0,0,0,1,0,0,0,0,1,1,"S_GEN3_WAIT",1,1,1,0,0,1,0,0
7874,3778,0,2,0,03,0,0,0,1,0,0,0,0,1,1,"S_GEN3_WAIT",1,1,1,0,0,1,0,0
7875,3779,0,2,0,03,0,0,0,1,0,0,0,0,1,1,"S_GEN3_WAIT",1,1,1,0,0,1,0,0
7876,3780,0,2,0,03,0,0,0,1,0,0,0,0,1,1,"S_GEN3_WAIT",1,1,1,0,0,1,0,0
7877,3781,0,2,0,03,0,0,0,1,0,0,0,0,1,1,"S_GEN3_WAIT",1,1,1,0,0,1,0,0
7878,3782,0,2,0,03,0,0,0,1,0,0,0,0,1,1,"S_GEN3_WAIT",1,1,1,0,0,1,0,0
7879,3783,0,2,0,03,0,0,0,1,0,0,0,0,1,1,"S_GEN3_WAIT",1,1,1,0,0,1,0,0
7880,3784,0,2,0,03,0,0,0,1,0,0,0,0,1,1,"S_GEN3_WAIT",1,1,1,0,0,1,0,0
7881,3785,0,2,0,03,0,0,0,1,0,0,0,0,1,1,"S_GEN3_WAIT",1,1,1,0,0,1,0,0
7882,3786,0,2,0,03,0,0,0,1,0,0,0,0,1,1,"S_GEN3_WAIT",1,1,1,0,0,1,0,0
7883,3787,0,2,0,03,0,0,0,1,0,0,0,0,1,1,"S_GEN3_WAIT",1,1,1,0,0,1,0,0
7884,3788,0,2,0,03,0,0,0,1,0,0,0,0,1,1,"S_GEN3_WAIT",1,1,1,0,0,1,0,0
7885,3789,0,2,0,03,0,0,0,1,0,0,0,0,1,1,"S_GEN3_WAIT",1,1,1,0,0,1,0,0
7886,3790,0,2,0,03,0,0,0,1,0,0,0,0,1,1,"S_GEN3_WAIT",1,1,1,0,0,1,0,0
7887,3791,0,2,0,03,0,0,0,1,0,0,0,0,1,1,"S_GEN3_WAIT",1,1,1,0,0,1,0,0
7888,3792,0,2,0,03,0,0,0,1,0,0,0,0,1,1,"S_GEN3_WAIT",1,1,1,0,0,1,0,0
7889,3793,0,2,0,03,0,0,0,1,0,0,0,0,1,1,"S_GEN3_WAIT",1,1,1,0,0,1,0,0
7890,3794,0,2,0,03,0,0,0,1,0,0,0,0,1,1,"S_GEN3_WAIT",1,1,1,0,0,1,0,0
7891,3795,0,2,0,03,0,0,0,1,0,0,0,0,1,1,"S_GEN3_WAIT",1,1,1,0,0,1,0,0
7892,3796,0,2,0,03,0,0,0,1,0,0,0,0,1,1,"S_GEN3_WAIT",1,1,1,0,0,1,0,0
7893,3797,0,2,0,03,0,0,0,1,0,0,0,0,1,1,"S_GEN3_WAIT",1,1,1,0,0,1,0,0
7894,3798,0,2,0,03,0,0,0,1,0,0,0,0,1,1,"S_GEN3_WAIT",1,1,1,0,0,1,0,0
7895,3799,0,2,0,03,0,0,0,1,0,0,0,0,1,1,"S_GEN3_WAIT",1,1,1,0,0,1,0,0
7896,3800,0,2,0,03,0,0,0,1,0,0,0,0,1,1,"S_GEN3_WAIT",1,1,1,0,0,1,0,0
7897,3801,0,2,0,03,0,0,0,1,0,0,0,0,1,1,"S_GEN3_WAIT",1,1,1,0,0,1,0,0
7898,3802,0,2,0,03,0,0,0,1,0,0,0,0,1,1,"S_GEN3_WAIT",1,1,1,0,0,1,0,0
7899,3803,0,2,0,03,0,0,0,1,0,0,0,0,1,1,"S_GEN3_WAIT",1,1,1,0,0,1,0,0
7900,3804,0,2,0,03,0,0,0,1,0,0,0,0,1,1,"S_GEN3_WAIT",1,1,1,0,0,1,0,0
7901,3805,0,2,0,03,0,0,0,1,0,0,0,0,1,1,"S_GEN3_WAIT",1,1,1,0,0,1,0,0
7902,3806,0,2,0,03,0,0,0,1,0,0,0,0,1,1,"S_GEN3_WAIT",1,1,1,0,0,1,0,0
7903,3807,0,2,0,03,0,0,0,1,0,0,0,0,1,1,"S_GEN3_WAIT",1,1,1,0,0,1,0,0
7904,3808,0,2,0,03,0,0,0,1,0,0,0,0,1,1,"S_GEN3_WAIT",1,1,1,0,0,1,0,0
7905,3809,0,2,0,03,0,0,0,1,0,0,0,0,1,1,"S_GEN3_WAIT",1,1,1,0,0,1,0,0
7906,3810,0,2,0,03,0,0,0,1,0,0,0,0,1,1,"S_GEN3_WAIT",1,1,1,0,0,1,0,0
7907,3811,0,2,0,03,0,0,0,1,0,0,0,0,1,1,"S_GEN3_WAIT",1,1,1,0,0,1,0,0
7908,3812,0,2,0,03,0,0,0,1,0,0,0,0,1,1,"S_GEN3_WAIT",1,1,1,0,0,1,0,0
7909,3813,0,2,0,03,0,0,0,1,0,0,0,0,1,1,"S_GEN3_WAIT",1,1,1,0,0,1,0,0
7910,3814,0,2,0,03,0,0,0,1,0,0,0,0,1,1,"S_GEN3_WAIT",1,1,1,0,0,1,0,0
7911,3815,0,2,0,03,0,0,0,1,0,0,0,0,1,1,"S_GEN3_WAIT",1,1,1,0,0,1,0,0
7912,3816,0,2,0,03,0,0,0,1,0,0,0,0,1,1,"S_GEN3_WAIT",1,1,1,0,0,1,0,0
7913,3817,0,2,0,03,0,0,0,1,0,0,0,0,1,1,"S_GEN3_WAIT",1,1,1,0,0,1,0,0
7914,3818,0,2,0,03,0,0,0,1,0,0,0,0,1,1,"S_GEN3_WAIT",1,1,1,0,0,1,0,0
7915,3819,0,2,0,03,0,0,0,1,0,0,0,0,1,1,"S_GEN3_WAIT",1,1,1,0,0,1,0,0
7916,3820,0,2,0,03,0,0,0,1,0,0,0,0,1,1,"S_GEN3_WAIT",1,1,1,0,0,1,0,0
7917,3821,0,2,0,03,0,0,0,1,0,0,0,0,1,1,"S_GEN3_WAIT",1,1,1,0,0,1,0,0
7918,3822,0,2,0,03,0,0,0,1,0,0,0,0,1,1,"S_GEN3_WAIT",1,1,1,0,0,1,0,0
7919,3823,0,2,0,03,0,0,0,1,0,0,0,0,1,1,"S_GEN3_WAIT",1,1,1,0,0,1,0,0
7920,3824,0,2,0,03,0,0,0,1,0,0,0,0,1,1,"S_GEN3_WAIT",1,1,1,0,0,1,0,0
7921,3825,0,2,0,03,0,0,0,1,0,0,0,0,1,1,"S_GEN3_WAIT",1,1,1,0,0,1,0,0
7922,3826,0,2,0,03,0,0,0,1,0,0,0,0,1,1,"S_GEN3_WAIT",1,1,1,0,0,1,0,0
7923,3827,0,2,0,03,0,0,0,1,0,0,0,0,1,1,"S_GEN3_WAIT",1,1,1,0,0,1,0,0
7924,3828,0,2,0,03,0,0,0,1,0,0,0,0,1,1,"S_GEN3_WAIT",1,1,1,0,0,1,0,0
7925,3829,0,2,0,03,0,0,0,1,0,0,0,0,1,1,"S_GEN3_WAIT",1,1,1,0,0,1,0,0
7926,3830,0,2,0,03,0,0,0,1,0,0,0,0,1,1,"S_GEN3_WAIT",1,1,1,0,0,1,0,0
7927,3831,0,2,0,03,0,0,0,1,0,0,0,0,1,1,"S_GEN3_WAIT",1,1,1,0,0,1,0,0
7928,3832,0,2,0,03,0,0,0,1,0,0,0,0,1,1,"S_GEN3_WAIT",1,1,1,0,0,1,0,0
7929,3833,0,2,0,03,0,0,0,1,0,0,0,0,1,1,"S_GEN3_WAIT",1,1,1,0,0,1,0,0
7930,3834,0,2,0,03,0,0,0,1,0,0,0,0,1,1,"S_GEN3_WAIT",1,1,1,0,0,1,0,0
7931,3835,0,2,0,03,0,0,0,1,0,0,0,0,1,1,"S_GEN3_WAIT",1,1,1,0,0,1,0,0
7932,3836,0,2,0,03,0,0,0,1,0,0,0,0,1,1,"S_GEN3_WAIT",1,1,1,0,0,1,0,0
7933,3837,0,2,0,03,0,0,0,1,0,0,0,0,1,1,"S_GEN3_WAIT",1,1,1,0,0,1,0,0
7934,3838,0,2,0,03,0,0,0,1,0,0,0,0,1,1,"S_GEN3_WAIT",1,1,1,0,0,1,0,0
7935,3839,0,2,0,03,0,0,0,1,0,0,0,0,1,1,"S_GEN3_WAIT",1,1,1,0,0,1,0,0
7936,3840,0,2,0,03,0,0,0,1,0,0,0,0,1,1,"S_GEN3_WAIT",1,1,1,0,0,1,0,0
7937,3841,0,2,0,03,0,0,0,1,0,0,0,0,1,1,"S_GEN3_WAIT",1,1,1,0,0,1,0,0
7938,3842,0,2,0,03,0,0,0,1,0,0,0,0,1,1,"S_GEN3_WAIT",1,1,1,0,0,1,0,0
7939,3843,0,2,0,03,0,0,0,1,0,0,0,0,1,1,"S_GEN3_WAIT",1,1,1,0,0,1,0,0
7940,3844,0,2,0,03,0,0,0,1,0,0,0,0,1,1,"S_GEN3_WAIT",1,1,1,0,0,1,0,0
7941,3845,0,2,0,03,0,0,0,1,0,0,0,0,1,1,"S_GEN3_WAIT",1,1,1,0,0,1,0,0
7942,3846,0,2,0,03,0,0,0,1,0,0,0,0,1,1,"S_GEN3_WAIT",1,1,1,0,0,1,0,0
7943,3847,0,2,0,03,0,0,0,1,0,0,0,0,1,1,"S_GEN3_WAIT",1,1,1,0,0,1,0,0
7944,3848,0,2,0,03,0,0,0,1,0,0,0,0,1,1,"S_GEN3_WAIT",1,1,1,0,0,1,0,0
7945,3849,0,2,0,03,0,0,0,1,0,0,0,0,1,1,"S_GEN3_WAIT",1,1,1,0,0,1,0,0
7946,3850,0,2,0,03,0,0,0,1,0,0,0,0,1,1,"S_GEN3_WAIT",1,1,1,0,0,1,0,0
7947,3851,0,2,0,03,0,0,0,1,0,0,0,0,1,1,"S_GEN3_WAIT",1,1,1,0,0,1,0,0
7948,3852,0,2,0,03,0,0,0,1,0,0,0,0,1,1,"S_GEN3_WAIT",1,1,1,0,0,1,0,0
7949,3853,0,2,0,03,0,0,0,1,0,0,0,0,1,1,"S_GEN3_WAIT",1,1,1,0,0,1,0,0
7950,3854,0,2,0,03,0,0,0,1,0,0,0,0,1,1,"S_GEN3_WAIT",1,1,1,0,0,1,0,0
7951,3855,0,2,0,03,0,0,0,1,0,0,0,0,1,1,"S_GEN3_WAIT",1,1,1,0,0,1,0,0
7952,3856,0,2,0,03,0,0,0,1,0,0,0,0,1,1,"S_GEN3_WAIT",1,1,1,0,0,1,0,0
7953,3857,0,2,0,03,0,0,0,1,0,0,0,0,1,1,"S_GEN3_WAIT",1,1,1,0,0,1,0,0
7954,3858,0,2,0,03,0,0,0,1,0,0,0,0,1,1,"S_GEN3_WAIT",1,1,1,0,0,1,0,0
7955,3859,0,2,0,03,0,0,0,1,0,0,0,0,1,1,"S_GEN3_WAIT",1,1,1,0,0,1,0,0
7956,3860,0,2,0,03,0,0,0,1,0,0,0,0,1,1,"S_GEN3_WAIT",1,1,1,0,0,1,0,0
7957,3861,0,2,0,03,0,0,0,1,0,0,0,0,1,1,"S_GEN3_WAIT",1,1,1,0,0,1,0,0
7958,3862,0,2,0,03,0,0,0,1,0,0,0,0,1,1,"S_GEN3_WAIT",1,1,1,0,0,1,0,0
7959,3863,0,2,0,03,0,0,0,1,0,0,0,0,1,1,"S_GEN3_WAIT",1,1,1,0,0,1,0,0
7960,3864,0,2,0,03,0,0,0,1,0,0,0,0,1,1,"S_GEN3_WAIT",1,1,1,0,0,1,0,0
7961,3865,0,2,0,03,0,0,0,1,0,0,0,0,1,1,"S_GEN3_WAIT",1,1,1,0,0,1,0,0
7962,3866,0,2,0,03,0,0,0,1,0,0,0,0,1,1,"S_GEN3_WAIT",1,1,1,0,0,1,0,0
7963,3867,0,2,0,03,0,0,0,1,0,0,0,0,1,1,"S_GEN3_WAIT",1,1,1,0,0,1,0,0
7964,3868,0,2,0,03,0,0,0,1,0,0,0,0,1,1,"S_GEN3_WAIT",1,1,1,0,0,1,0,0
7965,3869,0,2,0,03,0,0,0,1,0,0,0,0,1,1,"S_GEN3_WAIT",1,1,1,0,0,1,0,0
7966,3870,0,2,0,03,0,0,0,1,0,0,0,0,1,1,"S_GEN3_WAIT",1,1,1,0,0,1,0,0
7967,3871,0,2,0,03,0,0,0,1,0,0,0,0,1,1,"S_GEN3_WAIT",1,1,1,0,0,1,0,0
7968,3872,0,2,0,03,0,0,0,1,0,0,0,0,1,1,"S_GEN3_WAIT",1,1,1,0,0,1,0,0
7969,3873,0,2,0,03,0,0,0,1,0,0,0,0,1,1,"S_GEN3_WAIT",1,1,1,0,0,1,0,0
7970,3874,0,2,0,03,0,0,0,1,0,0,0,0,1,1,"S_GEN3_WAIT",1,1,1,0,0,1,0,0
7971,3875,0,2,0,03,0,0,0,1,0,0,0,0,1,1,"S_GEN3_WAIT",1,1,1,0,0,1,0,0
7972,3876,0,2,0,03,0,0,0,1,0,0,0,0,1,1,"S_GEN3_WAIT",1,1,1,0,0,1,0,0
7973,3877,0,2,0,03,0,0,0,1,0,0,0,0,1,1,"S_GEN3_WAIT",1,1,1,0,0,1,0,0
7974,3878,0,2,0,03,0,0,0,1,0,0,0,0,1,1,"S_GEN3_WAIT",1,1,1,0,0,1,0,0
7975,3879,0,2,0,03,0,0,0,1,0,0,0,0,1,1,"S_GEN3_WAIT",1,1,1,0,0,1,0,0
7976,3880,0,2,0,03,0,0,0,1,0,0,0,0,1,1,"S_GEN3_WAIT",1,1,1,0,0,1,0,0
7977,3881,0,2,0,03,0,0,0,1,0,0,0,0,1,1,"S_GEN3_WAIT",1,1,1,0,0,1,0,0
7978,3882,0,2,0,03,0,0,0,1,0,0,0,0,1,1,"S_GEN3_WAIT",1,1,1,0,0,1,0,0
7979,3883,0,2,0,03,0,0,0,1,0,0,0,0,1,1,"S_GEN3_WAIT",1,1,1,0,0,1,0,0
7980,3884,0,2,0,03,0,0,0,1,0,0,0,0,1,1,"S_GEN3_WAIT",1,1,1,0,0,1,0,0
7981,3885,0,2,0,03,0,0,0,1,0,0,0,0,1,1,"S_GEN3_WAIT",1,1,1,0,0,1,0,0
7982,3886,0,2,0,03,0,0,0,1,0,0,0,0,1,1,"S_GEN3_WAIT",1,1,1,0,0,1,0,0
7983,3887,0,2,0,03,0,0,0,1,0,0,0,0,1,1,"S_GEN3_WAIT",1,1,1,0,0,1,0,0
7984,3888,0,2,0,03,0,0,0,1,0,0,0,0,1,1,"S_GEN3_WAIT",1,1,1,0,0,1,0,0
7985,3889,0,2,0,03,0,0,0,1,0,0,0,0,1,1,"S_GEN3_WAIT",1,1,1,0,0,1,0,0
7986,3890,0,2,0,03,0,0,0,1,0,0,0,0,1,1,"S_GEN3_WAIT",1,1,1,0,0,1,0,0
7987,3891,0,2,0,03,0,0,0,1,0,0,0,0,1,1,"S_GEN3_WAIT",1,1,1,0,0,1,0,0
7988,3892,0,2,0,03,0,0,0,1,0,0,0,0,1,1,"S_GEN3_WAIT",1,1,1,0,0,1,0,0
7989,3893,0,2,0,03,0,0,0,1,0,0,0,0,1,1,"S_GEN3_WAIT",1,1,1,0,0,1,0,0
7990,3894,0,2,0,03,0,0,0,1,0,0,0,0,1,1,"S_GEN3_WAIT",1,1,1,0,0,1,0,0
7991,3895,0,2,0,03,0,0,0,1,0,0,0,0,1,1,"S_GEN3_WAIT",1,1,1,0,0,1,0,0
7992,3896,0,2,0,03,0,0,0,1,0,0,0,0,1,1,"S_GEN3_WAIT",1,1,1,0,0,1,0,0
7993,3897,0,2,0,03,0,0,0,1,0,0,0,0,1,1,"S_GEN3_WAIT",1,1,1,0,0,1,0,0
7994,3898,0,2,0,03,0,0,0,1,0,0,0,0,1,1,"S_GEN3_WAIT",1,1,1,0,0,1,0,0
7995,3899,0,2,0,03,0,0,0,1,0,0,0,0,1,1,"S_GEN3_WAIT",1,1,1,0,0,1,0,0
7996,3900,0,2,0,03,0,0,0,1,0,0,0,0,1,1,"S_GEN3_WAIT",1,1,1,0,0,1,0,0
7997,3901,0,2,0,03,0,0,0,1,0,0,0,0,1,1,"S_GEN3_WAIT",1,1,1,0,0,1,0,0
7998,3902,0,2,0,03,0,0,0,1,0,0,0,0,1,1,"S_GEN3_WAIT",1,1,1,0,0,1,0,0
7999,3903,0,2,0,03,0,0,0,1,0,0,0,0,1,1,"S_GEN3_WAIT",1,1,1,0,0,1,0,0
8000,3904,0,2,0,03,0,0,0,1,0,0,0,0,1,1,"S_GEN3_WAIT",1,1,1,0,0,1,0,0
8001,3905,0,2,0,03,0,0,0,1,0,0,0,0,1,1,"S_GEN3_WAIT",1,1,1,0,0,1,0,0
8002,3906,0,2,0,03,0,0,0,1,0,0,0,0,1,1,"S_GEN3_WAIT",1,1,1,0,0,1,0,0
8003,3907,0,2,0,03,0,0,0,1,0,0,0,0,1,1,"S_GEN3_WAIT",1,1,1,0,0,1,0,0
8004,3908,0,2,0,03,0,0,0,1,0,0,0,0,1,1,"S_GEN3_WAIT",1,1,1,0,0,1,0,0
8005,3909,0,2,0,03,0,0,0,1,0,0,0,0,1,1,"S_GEN3_WAIT",1,1,1,0,0,1,0,0
8006,3910,0,2,0,03,0,0,0,1,0,0,0,0,1,1,"S_GEN3_WAIT",1,1,1,0,0,1,0,0
8007,3911,0,2,0,03,0,0,0,1,0,0,0,0,1,1,"S_GEN3_WAIT",1,1,1,0,0,1,0,0
8008,3912,0,2,0,03,0,0,0,1,0,0,0,0,1,1,"S_GEN3_WAIT",1,1,1,0,0,1,0,0
8009,3913,0,2,0,03,0,0,0,1,0,0,0,0,1,1,"S_GEN3_WAIT",1,1,1,0,0,1,0,0
8010,3914,0,2,0,03,0,0,0,1,0,0,0,0,1,1,"S_GEN3_WAIT",1,1,1,0,0,1,0,0
8011,3915,0,2,0,03,0,0,0,1,0,0,0,0,1,1,"S_GEN3_WAIT",1,1,1,0,0,1,0,0
8012,3916,0,2,0,03,0,0,0,1,0,0,0,0,1,1,"S_GEN3_WAIT",1,1,1,0,0,1,0,0
8013,3917,0,2,0,03,0,0,0,1,0,0,0,0,1,1,"S_GEN3_WAIT",1,1,1,0,0,1,0,0
8014,3918,0,2,0,03,0,0,0,1,0,0,0,0,1,1,"S_GEN3_WAIT",1,1,1,0,0,1,0,0
8015,3919,0,2,0,03,0,0,0,1,0,0,0,0,1,1,"S_GEN3_WAIT",1,1,1,0,0,1,0,0
8016,3920,0,2,0,03,0,0,0,1,0,0,0,0,1,1,"S_GEN3_WAIT",1,1,1,0,0,1,0,0
8017,3921,0,2,0,03,0,0,0,1,0,0,0,0,1,1,"S_GEN3_WAIT",1,1,1,0,0,1,0,0
8018,3922,0,2,0,03,0,0,0,1,0,0,0,0,1,1,"S_GEN3_WAIT",1,1,1,0,0,1,0,0
8019,3923,0,2,0,03,0,0,0,1,0,0,0,0,1,1,"S_GEN3_WAIT",1,1,1,0,0,1,0,0
8020,3924,0,2,0,03,0,0,0,1,0,0,0,0,1,1,"S_GEN3_WAIT",1,1,1,0,0,1,0,0
8021,3925,0,2,0,03,0,0,0,1,0,0,0,0,1,1,"S_GEN3_WAIT",1,1,1,0,0,1,0,0
8022,3926,0,2,0,03,0,0,0,1,0,0,0,0,1,1,"S_GEN3_WAIT",1,1,1,0,0,1,0,0
8023,3927,0,2,0,03,0,0,0,1,0,0,0,0,1,1,"S_GEN3_WAIT",1,1,1,0,0,1,0,0
8024,3928,0,2,0,03,0,0,0,1,0,0,0,0,1,1,"S_GEN3_WAIT",1,1,1,0,0,1,0,0
8025,3929,0,2,0,03,0,0,0,1,0,0,0,0,1,1,"S_GEN3_WAIT",1,1,1,0,0,1,0,0
8026,3930,0,2,0,03,0,0,0,1,0,0,0,0,1,1,"S_GEN3_WAIT",1,1,1,0,0,1,0,0
8027,3931,0,2,0,03,0,0,0,1,0,0,0,0,1,1,"S_GEN3_WAIT",1,1,1,0,0,1,0,0
8028,3932,0,2,0,03,0,0,0,1,0,0,0,0,1,1,"S_GEN3_WAIT",1,1,1,0,0,1,0,0
8029,3933,0,2,0,03,0,0,0,1,0,0,0,0,1,1,"S_GEN3_WAIT",1,1,1,0,0,1,0,0
8030,3934,0,2,0,03,0,0,0,1,0,0,0,0,1,1,"S_GEN3_WAIT",1,1,1,0,0,1,0,0
8031,3935,0,2,0,03,0,0,0,1,0,0,0,0,1,1,"S_GEN3_WAIT",1,1,1,0,0,1,0,0
8032,3936,0,2,0,03,0,0,0,1,0,0,0,0,1,1,"S_GEN3_WAIT",1,1,1,0,0,1,0,0
8033,3937,0,2,0,03,0,0,0,1,0,0,0,0,1,1,"S_GEN3_WAIT",1,1,1,0,0,1,0,0
8034,3938,0,2,0,03,0,0,0,1,0,0,0,0,1,1,"S_GEN3_WAIT",1,1,1,0,0,1,0,0
8035,3939,0,2,0,03,0,0,0,1,0,0,0,0,1,1,"S_GEN3_WAIT",1,1,1,0,0,1,0,0
8036,3940,0,2,0,03,0,0,0,1,0,0,0,0,1,1,"S_GEN3_WAIT",1,1,1,0,0,1,0,0
8037,3941,0,2,0,03,0,0,0,1,0,0,0,0,1,1,"S_GEN3_WAIT",1,1,1,0,0,1,0,0
8038,3942,0,2,0,03,0,0,0,1,0,0,0,0,1,1,"S_GEN3_WAIT",1,1,1,0,0,1,0,0
8039,3943,0,2,0,03,0,0,0,1,0,0,0,0,1,1,"S_GEN3_WAIT",1,1,1,0,0,1,0,0
8040,3944,0,2,0,03,0,0,0,1,0,0,0,0,1,1,"S_GEN3_WAIT",1,1,1,0,0,1,0,0
8041,3945,0,2,0,03,0,0,0,1,0,0,0,0,1,1,"S_GEN3_WAIT",1,1,1,0,0,1,0,0
8042,3946,0,2,0,03,0,0,0,1,0,0,0,0,1,1,"S_GEN3_WAIT",1,1,1,0,0,1,0,0
8043,3947,0,2,0,03,0,0,0,1,0,0,0,0,1,1,"S_GEN3_WAIT",1,1,1,0,0,1,0,0
8044,3948,0,2,0,03,0,0,0,1,0,0,0,0,1,1,"S_GEN3_WAIT",1,1,1,0,0,1,0,0
8045,3949,0,2,0,03,0,0,0,1,0,0,0,0,1,1,"S_GEN3_WAIT",1,1,1,0,0,1,0,0
8046,3950,0,2,0,03,0,0,0,1,0,0,0,0,1,1,"S_GEN3_WAIT",1,1,1,0,0,1,0,0
8047,3951,0,2,0,03,0,0,0,1,0,0,0,0,1,1,"S_GEN3_WAIT",1,1,1,0,0,1,0,0
8048,3952,0,2,0,03,0,0,0,1,0,0,0,0,1,1,"S_GEN3_WAIT",1,1,1,0,0,1,0,0
8049,3953,0,2,0,03,0,0,0,1,0,0,0,0,1,1,"S_GEN3_WAIT",1,1,1,0,0,1,0,0
8050,3954,0,2,0,03,0,0,0,1,0,0,0,0,1,1,"S_GEN3_WAIT",1,1,1,0,0,1,0,0
8051,3955,0,2,0,03,0,0,0,1,0,0,0,0,1,1,"S_GEN3_WAIT",1,1,1,0,0,1,0,0
8052,3956,0,2,0,03,0,0,0,1,0,0,0,0,1,1,"S_GEN3_WAIT",1,1,1,0,0,1,0,0
8053,3957,0,2,0,03,0,0,0,1,0,0,0,0,1,1,"S_GEN3_WAIT",1,1,1,0,0,1,0,0
8054,3958,0,2,0,03,0,0,0,1,0,0,0,0,1,1,"S_GEN3_WAIT",1,1,1,0,0,1,0,0
8055,3959,0,2,0,03,0,0,0,1,0,0,0,0,1,1,"S_GEN3_WAIT",1,1,1,0,0,1,0,0
8056,3960,0,2,0,03,0,0,0,1,0,0,0,0,1,1,"S_GEN3_WAIT",1,1,1,0,0,1,0,0
8057,3961,0,2,0,03,0,0,0,1,0,0,0,0,1,1,"S_GEN3_WAIT",1,1,1,0,0,1,0,0
8058,3962,0,2,0,03,0,0,0,1,0,0,0,0,1,1,"S_GEN3_WAIT",1,1,1,0,0,1,0,0
8059,3963,0,2,0,03,0,0,0,1,0,0,0,0,1,1,"S_GEN3_WAIT",1,1,1,0,0,1,0,0
8060,3964,0,2,0,03,0,0,0,1,0,0,0,0,1,1,"S_GEN3_WAIT",1,1,1,0,0,1,0,0
8061,3965,0,2,0,03,0,0,0,1,0,0,0,0,1,1,"S_GEN3_WAIT",1,1,1,0,0,1,0,0
8062,3966,0,2,0,03,0,0,0,1,0,0,0,0,1,1,"S_GEN3_WAIT",1,1,1,0,0,1,0,0
8063,3967,0,2,0,03,0,0,0,1,0,0,0,0,1,1,"S_GEN3_WAIT",1,1,1,0,0,1,0,0
8064,3968,0,2,0,03,0,0,0,1,0,0,0,0,1,1,"S_GEN3_WAIT",1,1,1,0,0,1,0,0
8065,3969,0,2,0,03,0,0,0,1,0,0,0,0,1,1,"S_GEN3_WAIT",1,1,1,0,0,1,0,0
8066,3970,0,2,0,03,0,0,0,1,0,0,0,0,1,1,"S_GEN3_WAIT",1,1,1,0,0,1,0,0
8067,3971,0,2,0,03,0,0,0,1,0,0,0,0,1,1,"S_GEN3_WAIT",1,1,1,0,0,1,0,0
8068,3972,0,2,0,03,0,0,0,1,0,0,0,0,1,1,"S_GEN3_WAIT",1,1,1,0,0,1,0,0
8069,3973,0,2,0,03,0,0,0,1,0,0,0,0,1,1,"S_GEN3_WAIT",1,1,1,0,0,1,0,0
8070,3974,0,2,0,03,0,0,0,1,0,0,0,0,1,1,"S_GEN3_WAIT",1,1,1,0,0,1,0,0
8071,3975,0,2,0,03,0,0,0,1,0,0,0,0,1,1,"S_GEN3_WAIT",1,1,1,0,0,1,0,0
8072,3976,0,2,0,03,0,0,0,1,0,0,0,0,1,1,"S_GEN3_WAIT",1,1,1,0,0,1,0,0
8073,3977,0,2,0,03,0,0,0,1,0,0,0,0,1,1,"S_GEN3_WAIT",1,1,1,0,0,1,0,0
8074,3978,0,2,0,03,0,0,0,1,0,0,0,0,1,1,"S_GEN3_WAIT",1,1,1,0,0,1,0,0
8075,3979,0,2,0,03,0,0,0,1,0,0,0,0,1,1,"S_GEN3_WAIT",1,1,1,0,0,1,0,0
8076,3980,0,2,0,03,0,0,0,1,0,0,0,0,1,1,"S_GEN3_WAIT",1,1,1,0,0,1,0,0
8077,3981,0,2,0,03,0,0,0,1,0,0,0,0,1,1,"S_GEN3_WAIT",1,1,1,0,0,1,0,0
8078,3982,0,2,0,03,0,0,0,1,0,0,0,0,1,1,"S_GEN3_WAIT",1,1,1,0,0,1,0,0
8079,3983,0,2,0,03,0,0,0,1,0,0,0,0,1,1,"S_GEN3_WAIT",1,1,1,0,0,1,0,0
8080,3984,0,2,0,03,0,0,0,1,0,0,0,0,1,1,"S_GEN3_WAIT",1,1,1,0,0,1,0,0
8081,3985,0,2,0,03,0,0,0,1,0,0,0,0,1,1,"S_GEN3_WAIT",1,1,1,0,0,1,0,0
8082,3986,0,2,0,03,0,0,0,1,0,0,0,0,1,1,"S_GEN3_WAIT",1,1,1,0,0,1,0,0
8083,3987,0,2,0,03,0,0,0,1,0,0,0,0,1,1,"S_GEN3_WAIT",1,1,1,0,0,1,0,0
8084,3988,0,2,0,03,0,0,0,1,0,0,0,0,1,1,"S_GEN3_WAIT",1,1,1,0,0,1,0,0
8085,3989,0,2,0,03,0,0,0,1,0,0,0,0,1,1,"S_GEN3_WAIT",1,1,1,0,0,1,0,0
8086,3990,0,2,0,03,0,0,0,1,0,0,0,0,1,1,"S_GEN3_WAIT",1,1,1,0,0,1,0,0
8087,3991,0,2,0,03,0,0,0,1,0,0,0,0,1,1,"S_GEN3_WAIT",1,1,1,0,0,1,0,0
8088,3992,0,2,0,03,0,0,0,1,0,0,0,0,1,1,"S_GEN3_WAIT",1,1,1,0,0,1,0,0
8089,3993,0,2,0,03,0,0,0,1,0,0,0,0,1,1,"S_GEN3_WAIT",1,1,1,0,0,1,0,0
8090,3994,0,2,0,03,0,0,0,1,0,0,0,0,1,1,"S_GEN3_WAIT",1,1,1,0,0,1,0,0
8091,3995,0,2,0,03,0,0,0,1,0,0,0,0,1,1,"S_GEN3_WAIT",1,1,1,0,0,1,0,0
8092,3996,0,2,0,03,0,0,0,1,0,0,0,0,1,1,"S_GEN3_WAIT",1,1,1,0,0,1,0,0
8093,3997,0,2,0,03,0,0,0,1,0,0,0,0,1,1,"S_GEN3_WAIT",1,1,1,0,0,1,0,0
8094,3998,0,2,0,03,0,0,0,1,0,0,0,0,1,1,"S_GEN3_WAIT",1,1,1,0,0,1,0,0
8095,3999,0,2,0,03,0,0,0,1,0,0,0,0,1,1,"S_GEN3_WAIT",1,1,1,0,0,1,0,0
8096,4000,0,2,0,03,0,0,0,1,0,0,0,0,1,1,"S_GEN3_WAIT",1,1,1,0,0,1,0,0
8097,4001,0,2,0,03,0,0,0,1,0,0,0,0,1,1,"S_GEN3_WAIT",1,1,1,0,0,1,0,0
8098,4002,0,2,0,03,0,0,0,1,0,0,0,0,1,1,"S_GEN3_WAIT",1,1,1,0,0,1,0,0
8099,4003,0,2,0,03,0,0,0,1,0,0,0,0,1,1,"S_GEN3_WAIT",1,1,1,0,0,1,0,0
8100,4004,0,2,0,03,0,0,0,1,0,0,0,0,1,1,"S_GEN3_WAIT",1,1,1,0,0,1,0,0
8101,4005,0,2,0,03,0,0,0,1,0,0,0,0,1,1,"S_GEN3_WAIT",1,1,1,0,0,1,0,0
8102,4006,0,2,0,03,0,0,0,1,0,0,0,0,1,1,"S_GEN3_WAIT",1,1,1,0,0,1,0,0
8103,4007,0,2,0,03,0,0,0,1,0,0,0,0,1,1,"S_GEN3_WAIT",1,1,1,0,0,1,0,0
8104,4008,0,2,0,03,0,0,0,1,0,0,0,0,1,1,"S_GEN3_WAIT",1,1,1,0,0,1,0,0
8105,4009,0,2,0,03,0,0,0,1,0,0,0,0,1,1,"S_GEN3_WAIT",1,1,1,0,0,1,0,0
8106,4010,0,2,0,03,0,0,0,1,0,0,0,0,1,1,"S_GEN3_WAIT",1,1,1,0,0,1,0,0
8107,4011,0,2,0,03,0,0,0,1,0,0,0,0,1,1,"S_GEN3_WAIT",1,1,1,0,0,1,0,0
8108,4012,0,2,0,03,0,0,0,1,0,0,0,0,1,1,"S_GEN3_WAIT",1,1,1,0,0,1,0,0
8109,4013,0,2,0,03,0,0,0,1,0,0,0,0,1,1,"S_GEN3_WAIT",1,1,1,0,0,1,0,0
8110,4014,0,2,0,03,0,0,0,1,0,0,0,0,1,1,"S_GEN3_WAIT",1,1,1,0,0,1,0,0
8111,4015,0,2,0,03,0,0,0,1,0,0,0,0,1,1,"S_GEN3_WAIT",1,1,1,0,0,1,0,0
8112,4016,0,2,0,03,0,0,0,1,0,0,0,0,1,1,"S_GEN3_WAIT",1,1,1,0,0,1,0,0
8113,4017,0,2,0,03,0,0,0,1,0,0,0,0,1,1,"S_GEN3_WAIT",1,1,1,0,0,1,0,0
8114,4018,0,2,0,03,0,0,0,1,0,0,0,0,1,1,"S_GEN3_WAIT",1,1,1,0,0,1,0,0
8115,4019,0,2,0,03,0,0,0,1,0,0,0,0,1,1,"S_GEN3_WAIT",1,1,1,0,0,1,0,0
8116,4020,0,2,0,03,0,0,0,1,0,0,0,0,1,1,"S_GEN3_WAIT",1,1,1,0,0,1,0,0
8117,4021,0,2,0,03,0,0,0,1,0,0,0,0,1,1,"S_GEN3_WAIT",1,1,1,0,0,1,0,0
8118,4022,0,2,0,03,0,0,0,1,0,0,0,0,1,1,"S_GEN3_WAIT",1,1,1,0,0,1,0,0
8119,4023,0,2,0,03,0,0,0,1,0,0,0,0,1,1,"S_GEN3_WAIT",1,1,1,0,0,1,0,0
8120,4024,0,2,0,03,0,0,0,1,0,0,0,0,1,1,"S_GEN3_WAIT",1,1,1,0,0,1,0,0
8121,4025,0,2,0,03,0,0,0,1,0,0,0,0,1,1,"S_GEN3_WAIT",1,1,1,0,0,1,0,0
8122,4026,0,2,0,03,0,0,0,1,0,0,0,0,1,1,"S_GEN3_WAIT",1,1,1,0,0,1,0,0
8123,4027,0,2,0,03,0,0,0,1,0,0,0,0,1,1,"S_GEN3_WAIT",1,1,1,0,0,1,0,0
8124,4028,0,2,0,03,0,0,0,1,0,0,0,0,1,1,"S_GEN3_WAIT",1,1,1,0,0,1,0,0
8125,4029,0,2,0,03,0,0,0,1,0,0,0,0,1,1,"S_GEN3_WAIT",1,1,1,0,0,1,0,0
8126,4030,0,2,0,03,0,0,0,1,0,0,0,0,1,1,"S_GEN3_WAIT",1,1,1,0,0,1,0,0
8127,4031,0,2,0,03,0,0,0,1,0,0,0,0,1,1,"S_GEN3_WAIT",1,1,1,0,0,1,0,0
8128,4032,0,2,0,03,0,0,0,1,0,0,0,0,1,1,"S_GEN3_WAIT",1,1,1,0,0,1,0,0
8129,4033,0,2,0,03,0,0,0,1,0,0,0,0,1,1,"S_GEN3_WAIT",1,1,1,0,0,1,0,0
8130,4034,0,2,0,03,0,0,0,1,0,0,0,0,1,1,"S_GEN3_WAIT",1,1,1,0,0,1,0,0
8131,4035,0,2,0,03,0,0,0,1,0,0,0,0,1,1,"S_GEN3_WAIT",1,1,1,0,0,1,0,0
8132,4036,0,2,0,03,0,0,0,1,0,0,0,0,1,1,"S_GEN3_WAIT",1,1,1,0,0,1,0,0
8133,4037,0,2,0,03,0,0,0,1,0,0,0,0,1,1,"S_GEN3_WAIT",1,1,1,0,0,1,0,0
8134,4038,0,2,0,03,0,0,0,1,0,0,0,0,1,1,"S_GEN3_WAIT",1,1,1,0,0,1,0,0
8135,4039,0,2,0,03,0,0,0,1,0,0,0,0,1,1,"S_GEN3_WAIT",1,1,1,0,0,1,0,0
8136,4040,0,2,0,03,0,0,0,1,0,0,0,0,1,1,"S_GEN3_WAIT",1,1,1,0,0,1,0,0
8137,4041,0,2,0,03,0,0,0,1,0,0,0,0,1,1,"S_GEN3_WAIT",1,1,1,0,0,1,0,0
8138,4042,0,2,0,03,0,0,0,1,0,0,0,0,1,1,"S_GEN3_WAIT",1,1,1,0,0,1,0,0
8139,4043,0,2,0,03,0,0,0,1,0,0,0,0,1,1,"S_GEN3_WAIT",1,1,1,0,0,1,0,0
8140,4044,0,2,0,03,0,0,0,1,0,0,0,0,1,1,"S_GEN3_WAIT",1,1,1,0,0,1,0,0
8141,4045,0,2,0,03,0,0,0,1,0,0,0,0,1,1,"S_GEN3_WAIT",1,1,1,0,0,1,0,0
8142,4046,0,2,0,03,0,0,0,1,0,0,0,0,1,1,"S_GEN3_WAIT",1,1,1,0,0,1,0,0
8143,4047,0,2,0,03,0,0,0,1,0,0,0,0,1,1,"S_GEN3_WAIT",1,1,1,0,0,1,0,0
8144,4048,0,2,0,03,0,0,0,1,0,0,0,0,1,1,"S_GEN3_WAIT",1,1,1,0,0,1,0,0
8145,4049,0,2,0,03,0,0,0,1,0,0,0,0,1,1,"S_GEN3_WAIT",1,1,1,0,0,1,0,0
8146,4050,0,2,0,03,0,0,0,1,0,0,0,0,1,1,"S_GEN3_WAIT",1,1,1,0,0,1,0,0
8147,4051,0,2,0,03,0,0,0,1,0,0,0,0,1,1,"S_GEN3_WAIT",1,1,1,0,0,1,0,0
8148,4052,0,2,0,03,0,0,0,1,0,0,0,0,1,1,"S_GEN3_WAIT",1,1,1,0,0,1,0,0
8149,4053,0,2,0,03,0,0,0,1,0,0,0,0,1,1,"S_GEN3_WAIT",1,1,1,0,0,1,0,0
8150,4054,0,2,0,03,0,0,0,1,0,0,0,0,1,1,"S_GEN3_WAIT",1,1,1,0,0,1,0,0
8151,4055,0,2,0,03,0,0,0,1,0,0,0,0,1,1,"S_GEN3_WAIT",1,1,1,0,0,1,0,0
8152,4056,0,2,0,03,0,0,0,1,0,0,0,0,1,1,"S_GEN3_WAIT",1,1,1,0,0,1,0,0
8153,4057,0,2,0,03,0,0,0,1,0,0,0,0,1,1,"S_GEN3_WAIT",1,1,1,0,0,1,0,0
8154,4058,0,2,0,03,0,0,0,1,0,0,0,0,1,1,"S_GEN3_WAIT",1,1,1,0,0,1,0,0
8155,4059,0,2,0,03,0,0,0,1,0,0,0,0,1,1,"S_GEN3_WAIT",1,1,1,0,0,1,0,0
8156,4060,0,2,0,03,0,0,0,1,0,0,0,0,1,1,"S_GEN3_WAIT",1,1,1,0,0,1,0,0
8157,4061,0,2,0,03,0,0,0,1,0,0,0,0,1,1,"S_GEN3_WAIT",1,1,1,0,0,1,0,0
8158,4062,0,2,0,03,0,0,0,1,0,0,0,0,1,1,"S_GEN3_WAIT",1,1,1,0,0,1,0,0
8159,4063,0,2,0,03,0,0,0,1,0,0,0,0,1,1,"S_GEN3_WAIT",1,1,1,0,0,1,0,0
8160,4064,0,2,0,03,0,0,0,1,0,0,0,0,1,1,"S_GEN3_WAIT",1,1,1,0,0,1,0,0
8161,4065,0,2,0,03,0,0,0,1,0,0,0,0,1,1,"S_GEN3_WAIT",1,1,1,0,0,1,0,0
8162,4066,0,2,0,03,0,0,0,1,0,0,0,0,1,1,"S_GEN3_WAIT",1,1,1,0,0,1,0,0
8163,4067,0,2,0,03,0,0,0,1,0,0,0,0,1,1,"S_GEN3_WAIT",1,1,1,0,0,1,0,0
8164,4068,0,2,0,03,0,0,0,1,0,0,0,0,1,1,"S_GEN3_WAIT",1,1,1,0,0,1,0,0
8165,4069,0,2,0,03,0,0,0,1,0,0,0,0,1,1,"S_GEN3_WAIT",1,1,1,0,0,1,0,0
8166,4070,0,2,0,03,0,0,0,1,0,0,0,0,1,1,"S_GEN3_WAIT",1,1,1,0,0,1,0,0
8167,4071,0,2,0,03,0,0,0,1,0,0,0,0,1,1,"S_GEN3_WAIT",1,1,1,0,0,1,0,0
8168,4072,0,2,0,03,0,0,0,1,0,0,0,0,1,1,"S_GEN3_WAIT",1,1,1,0,0,1,0,0
8169,4073,0,2,0,03,0,0,0,1,0,0,0,0,1,1,"S_GEN3_WAIT",1,1,1,0,0,1,0,0
8170,4074,0,2,0,03,0,0,0,1,0,0,0,0,1,1,"S_GEN3_WAIT",1,1,1,0,0,1,0,0
8171,4075,0,2,0,03,0,0,0,1,0,0,0,0,1,1,"S_GEN3_WAIT",1,1,1,0,0,1,0,0
8172,4076,0,2,0,03,0,0,0,1,0,0,0,0,1,1,"S_GEN3_WAIT",1,1,1,0,0,1,0,0
8173,4077,0,2,0,03,0,0,0,1,0,0,0,0,1,1,"S_GEN3_WAIT",1,1,1,0,0,1,0,0
8174,4078,0,2,0,03,0,0,0,1,0,0,0,0,1,1,"S_GEN3_WAIT",1,1,1,0,0,1,0,0
8175,4079,0,2,0,03,0,0,0,1,0,0,0,0,1,1,"S_GEN3_WAIT",1,1,1,0,0,1,0,0
8176,4080,0,2,0,03,0,0,0,1,0,0,0,0,1,1,"S_GEN3_WAIT",1,1,1,0,0,1,0,0
8177,4081,0,2,0,03,0,0,0,1,0,0,0,0,1,1,"S_GEN3_WAIT",1,1,1,0,0,1,0,0
8178,4082,0,2,0,03,0,0,0,1,0,0,0,0,1,1,"S_GEN3_WAIT",1,1,1,0,0,1,0,0
8179,4083,0,2,0,03,0,0,0,1,0,0,0,0,1,1,"S_GEN3_WAIT",1,1,1,0,0,1,0,0
8180,4084,0,2,0,03,0,0,0,1,0,0,0,0,1,1,"S_GEN3_WAIT",1,1,1,0,0,1,0,0
8181,4085,0,2,0,03,0,0,0,1,0,0,0,0,1,1,"S_GEN3_WAIT",1,1,1,0,0,1,0,0
8182,4086,0,2,0,03,0,0,0,1,0,0,0,0,1,1,"S_GEN3_WAIT",1,1,1,0,0,1,0,0
8183,4087,0,2,0,03,0,0,0,1,0,0,0,0,1,1,"S_GEN3_WAIT",1,1,1,0,0,1,0,0
8184,4088,0,2,0,03,0,0,0,1,0,0,0,0,1,1,"S_GEN3_WAIT",1,1,1,0,0,1,0,0
8185,4089,0,2,0,03,0,0,0,1,0,0,0,0,1,1,"S_GEN3_WAIT",1,1,1,0,0,1,0,0
8186,4090,0,2,0,03,0,0,0,1,0,0,0,0,1,1,"S_GEN3_WAIT",1,1,1,0,0,1,0,0
8187,4091,0,2,0,03,0,0,0,1,0,0,0,0,1,1,"S_GEN3_WAIT",1,1,1,0,0,1,0,0
8188,4092,0,2,0,03,0,0,0,1,0,0,0,0,1,1,"S_GEN3_WAIT",1,1,1,0,0,1,0,0
8189,4093,0,2,0,03,0,0,0,1,0,0,0,0,1,1,"S_GEN3_WAIT",1,1,1,0,0,1,0,0
8190,4094,0,2,0,03,0,0,0,1,0,0,0,0,1,1,"S_GEN3_WAIT",1,1,1,0,0,1,0,0
8191,4095,0,2,0,03,0,0,0,1,0,0,0,0,1,1,"S_GEN3_WAIT",1,1,1,0,0,1,0,0
