Copyright 1986-2021 Xilinx, Inc. All Rights Reserved.
----------------------------------------------------------------------------------------------------------------------------------------------------------------------------------------------------------
| Tool Version      : Vivado v.2021.2 (lin64) Build 3367213 Tue Oct 19 02:47:39 MDT 2021
| Date              : Sat Aug 15 08:05:58 2026
| Host              : wx-linux running 64-bit Ubuntu 20.04.6 LTS
| Command           : report_timing_summary -delay_type min_max -report_unconstrained -check_timing_verbose -file /home/wx/Documents/PCIe/pcie_phy_0_ex/board_kcu105/build_k02_dynamic/timing_summary.rpt
| Design            : kcu105_pcie_phy_bringup_top
| Device            : xcku040-ffva1156
| Speed File        : -2  PRODUCTION 1.25 12-04-2018
| Temperature Grade : E
----------------------------------------------------------------------------------------------------------------------------------------------------------------------------------------------------------

Timing Summary Report

------------------------------------------------------------------------------------------------
| Timer Settings
| --------------
------------------------------------------------------------------------------------------------

  Enable Multi Corner Analysis               :  Yes
  Enable Pessimism Removal                   :  Yes
  Pessimism Removal Resolution               :  Nearest Common Node
  Enable Input Delay Default Clock           :  No
  Enable Preset / Clear Arcs                 :  No
  Disable Flight Delays                      :  No
  Ignore I/O Paths                           :  No
  Timing Early Launch at Borrowing Latches   :  No
  Borrow Time for Max Delay Exceptions       :  Yes
  Merge Timing Exceptions                    :  Yes

  Corner  Analyze    Analyze    
  Name    Max Paths  Min Paths  
  ------  ---------  ---------  
  Slow    Yes        Yes        
  Fast    Yes        Yes        


------------------------------------------------------------------------------------------------
| Report Methodology
| ------------------
------------------------------------------------------------------------------------------------

No report available as report_methodology has not been run prior. Run report_methodology on the current design for the summary of methodology violations.



check_timing report

Table of Contents
-----------------
1. checking no_clock (0)
2. checking constant_clock (0)
3. checking pulse_width_clock (0)
4. checking unconstrained_internal_endpoints (0)
5. checking no_input_delay (1)
6. checking no_output_delay (8)
7. checking multiple_clock (0)
8. checking generated_clocks (0)
9. checking loops (0)
10. checking partial_input_delay (0)
11. checking partial_output_delay (0)
12. checking latch_loops (0)

1. checking no_clock (0)
------------------------
 There are 0 register/latch pins with no clock.


2. checking constant_clock (0)
------------------------------
 There are 0 register/latch pins with constant_clock.


3. checking pulse_width_clock (0)
---------------------------------
 There are 0 register/latch pins which need pulse_width check


4. checking unconstrained_internal_endpoints (0)
------------------------------------------------
 There are 0 pins that are not constrained for maximum delay.

 There are 0 pins that are not constrained for maximum delay due to constant clock.


5. checking no_input_delay (1)
------------------------------
 There are 0 input ports with no input delay specified.

 There is 1 input port with no input delay but user has a false path constraint. (MEDIUM)

pcie_perst_n


6. checking no_output_delay (8)
-------------------------------
 There are 0 ports with no output delay specified.

 There are 8 ports with no output delay but user has a false path constraint (MEDIUM)

led[0]
led[1]
led[2]
led[3]
led[4]
led[5]
led[6]
led[7]

 There are 0 ports with no output delay but with a timing clock defined on it or propagating through it


7. checking multiple_clock (0)
------------------------------
 There are 0 register/latch pins with multiple clocks.


8. checking generated_clocks (0)
--------------------------------
 There are 0 generated clocks that are not connected to a clock source.


9. checking loops (0)
---------------------
 There are 0 combinational loops in the design.


10. checking partial_input_delay (0)
------------------------------------
 There are 0 input ports with partial input delay specified.


11. checking partial_output_delay (0)
-------------------------------------
 There are 0 ports with partial output delay specified.


12. checking latch_loops (0)
----------------------------
 There are 0 combinational latch loops in the design through latch input



------------------------------------------------------------------------------------------------
| Design Timing Summary
| ---------------------
------------------------------------------------------------------------------------------------

    WNS(ns)      TNS(ns)  TNS Failing Endpoints  TNS Total Endpoints      WHS(ns)      THS(ns)  THS Failing Endpoints  THS Total Endpoints     WPWS(ns)     TPWS(ns)  TPWS Failing Endpoints  TPWS Total Endpoints  
    -------      -------  ---------------------  -------------------      -------      -------  ---------------------  -------------------     --------     --------  ----------------------  --------------------  
      0.977        0.000                      0                 4651        0.004        0.000                      0                 4635        0.486        0.000                       0                  2558  


All user specified timing constraints are met.


------------------------------------------------------------------------------------------------
| Clock Summary
| -------------
------------------------------------------------------------------------------------------------

Clock                                                                                       Waveform(ns)           Period(ns)      Frequency(MHz)
-----                                                                                       ------------           ----------      --------------
dbg_hub/inst/BSCANID.u_xsdbm_id/SWITCH_N_EXT_BSCAN.bscan_inst/SERIES7_BSCAN.bscan_inst/TCK  {0.000 16.500}         33.000          30.303          
pcie_refclk_100                                                                             {0.000 5.000}          10.000          100.000         
  qpll1outclk_out[0]                                                                        {0.000 0.100}          0.200           5000.001        
  qpll1outrefclk_out[0]                                                                     {0.000 5.000}          10.000          100.000         
  txoutclk_out[0]                                                                           {0.000 2.000}          4.000           250.000         


------------------------------------------------------------------------------------------------
| Intra Clock Table
| -----------------
------------------------------------------------------------------------------------------------

Clock                                                                                           WNS(ns)      TNS(ns)  TNS Failing Endpoints  TNS Total Endpoints      WHS(ns)      THS(ns)  THS Failing Endpoints  THS Total Endpoints     WPWS(ns)     TPWS(ns)  TPWS Failing Endpoints  TPWS Total Endpoints  
-----                                                                                           -------      -------  ---------------------  -------------------      -------      -------  ---------------------  -------------------     --------     --------  ----------------------  --------------------  
dbg_hub/inst/BSCANID.u_xsdbm_id/SWITCH_N_EXT_BSCAN.bscan_inst/SERIES7_BSCAN.bscan_inst/TCK       30.114        0.000                      0                  910        0.034        0.000                      0                  910       15.832        0.000                       0                   479  
pcie_refclk_100                                                                                   8.518        0.000                      0                   67        0.053        0.000                      0                   67        3.200        0.000                       0                    79  
  txoutclk_out[0]                                                                                 0.977        0.000                      0                 3321        0.004        0.000                      0                 3321        0.486        0.000                       0                  2000  


------------------------------------------------------------------------------------------------
| Inter Clock Table
| -----------------
------------------------------------------------------------------------------------------------

From Clock                                                                                  To Clock                                                                                        WNS(ns)      TNS(ns)  TNS Failing Endpoints  TNS Total Endpoints      WHS(ns)      THS(ns)  THS Failing Endpoints  THS Total Endpoints  
----------                                                                                  --------                                                                                        -------      -------  ---------------------  -------------------      -------      -------  ---------------------  -------------------  
txoutclk_out[0]                                                                             dbg_hub/inst/BSCANID.u_xsdbm_id/SWITCH_N_EXT_BSCAN.bscan_inst/SERIES7_BSCAN.bscan_inst/TCK        3.281        0.000                      0                    8                                                                        
dbg_hub/inst/BSCANID.u_xsdbm_id/SWITCH_N_EXT_BSCAN.bscan_inst/SERIES7_BSCAN.bscan_inst/TCK  txoutclk_out[0]                                                                                  32.154        0.000                      0                    8                                                                        


------------------------------------------------------------------------------------------------
| Other Path Groups Table
| -----------------------
------------------------------------------------------------------------------------------------

Path Group                                                                                  From Clock                                                                                  To Clock                                                                                        WNS(ns)      TNS(ns)  TNS Failing Endpoints  TNS Total Endpoints      WHS(ns)      THS(ns)  THS Failing Endpoints  THS Total Endpoints  
----------                                                                                  ----------                                                                                  --------                                                                                        -------      -------  ---------------------  -------------------      -------      -------  ---------------------  -------------------  
**async_default**                                                                           dbg_hub/inst/BSCANID.u_xsdbm_id/SWITCH_N_EXT_BSCAN.bscan_inst/SERIES7_BSCAN.bscan_inst/TCK  dbg_hub/inst/BSCANID.u_xsdbm_id/SWITCH_N_EXT_BSCAN.bscan_inst/SERIES7_BSCAN.bscan_inst/TCK       30.984        0.000                      0                  100        0.145        0.000                      0                  100  
**async_default**                                                                           pcie_refclk_100                                                                             pcie_refclk_100                                                                                   9.109        0.000                      0                   25        0.151        0.000                      0                   25  
**async_default**                                                                           txoutclk_out[0]                                                                             txoutclk_out[0]                                                                                   1.314        0.000                      0                  212        0.138        0.000                      0                  212  


------------------------------------------------------------------------------------------------
| User Ignored Path Table
| -----------------------
------------------------------------------------------------------------------------------------

Path Group                                                                                  From Clock                                                                                  To Clock                                                                                  
----------                                                                                  ----------                                                                                  --------                                                                                  
(none)                                                                                      txoutclk_out[0]                                                                                                                                                                         
(none)                                                                                      txoutclk_out[0]                                                                             dbg_hub/inst/BSCANID.u_xsdbm_id/SWITCH_N_EXT_BSCAN.bscan_inst/SERIES7_BSCAN.bscan_inst/TCK  
(none)                                                                                                                                                                                  pcie_refclk_100                                                                             
(none)                                                                                      txoutclk_out[0]                                                                             pcie_refclk_100                                                                             
(none)                                                                                                                                                                                  txoutclk_out[0]                                                                             
(none)                                                                                      dbg_hub/inst/BSCANID.u_xsdbm_id/SWITCH_N_EXT_BSCAN.bscan_inst/SERIES7_BSCAN.bscan_inst/TCK  txoutclk_out[0]                                                                             
(none)                                                                                      pcie_refclk_100                                                                             txoutclk_out[0]                                                                             
(none)                                                                                      txoutclk_out[0]                                                                             txoutclk_out[0]                                                                             


------------------------------------------------------------------------------------------------
| Unconstrained Path Table
| ------------------------
------------------------------------------------------------------------------------------------

Path Group                                                                                  From Clock                                                                                  To Clock                                                                                  
----------                                                                                  ----------                                                                                  --------                                                                                  
(none)                                                                                                                                                                                  dbg_hub/inst/BSCANID.u_xsdbm_id/SWITCH_N_EXT_BSCAN.bscan_inst/SERIES7_BSCAN.bscan_inst/TCK  
(none)                                                                                                                                                                                  txoutclk_out[0]                                                                             


------------------------------------------------------------------------------------------------
| Timing Details
| --------------
------------------------------------------------------------------------------------------------


---------------------------------------------------------------------------------------------------
From Clock:  dbg_hub/inst/BSCANID.u_xsdbm_id/SWITCH_N_EXT_BSCAN.bscan_inst/SERIES7_BSCAN.bscan_inst/TCK
  To Clock:  dbg_hub/inst/BSCANID.u_xsdbm_id/SWITCH_N_EXT_BSCAN.bscan_inst/SERIES7_BSCAN.bscan_inst/TCK

Setup :            0  Failing Endpoints,  Worst Slack       30.114ns,  Total Violation        0.000ns
Hold  :            0  Failing Endpoints,  Worst Slack        0.034ns,  Total Violation        0.000ns
PW    :            0  Failing Endpoints,  Worst Slack       15.832ns,  Total Violation        0.000ns
---------------------------------------------------------------------------------------------------


Max Delay Paths
--------------------------------------------------------------------------------------
Slack (MET) :             30.114ns  (required time - arrival time)
  Source:                 dbg_hub/inst/BSCANID.u_xsdbm_id/SWITCH_N_EXT_BSCAN.bscan_switch/state_reg[0]/C
                            (rising edge-triggered cell FDRE clocked by dbg_hub/inst/BSCANID.u_xsdbm_id/SWITCH_N_EXT_BSCAN.bscan_inst/SERIES7_BSCAN.bscan_inst/TCK  {rise@0.000ns fall@16.500ns period=33.000ns})
  Destination:            dbg_hub/inst/BSCANID.u_xsdbm_id/SWITCH_N_EXT_BSCAN.bscan_switch/portno_temp_reg[0]/D
                            (rising edge-triggered cell FDRE clocked by dbg_hub/inst/BSCANID.u_xsdbm_id/SWITCH_N_EXT_BSCAN.bscan_inst/SERIES7_BSCAN.bscan_inst/TCK  {rise@0.000ns fall@16.500ns period=33.000ns})
  Path Group:             dbg_hub/inst/BSCANID.u_xsdbm_id/SWITCH_N_EXT_BSCAN.bscan_inst/SERIES7_BSCAN.bscan_inst/TCK
  Path Type:              Setup (Max at Slow Process Corner)
  Requirement:            33.000ns  (dbg_hub/inst/BSCANID.u_xsdbm_id/SWITCH_N_EXT_BSCAN.bscan_inst/SERIES7_BSCAN.bscan_inst/TCK rise@33.000ns - dbg_hub/inst/BSCANID.u_xsdbm_id/SWITCH_N_EXT_BSCAN.bscan_inst/SERIES7_BSCAN.bscan_inst/TCK rise@0.000ns)
  Data Path Delay:        2.771ns  (logic 0.885ns (31.938%)  route 1.886ns (68.062%))
  Logic Levels:           5  (CARRY8=1 LUT3=1 LUT4=1 LUT5=1 LUT6=1)
  Clock Path Skew:        -0.140ns (DCD - SCD + CPR)
    Destination Clock Delay (DCD):    6.635ns = ( 39.635 - 33.000 ) 
    Source Clock Delay      (SCD):    7.956ns
    Clock Pessimism Removal (CPR):    1.181ns
  Clock Uncertainty:      0.035ns  ((TSJ^2 + TIJ^2)^1/2 + DJ) / 2 + PE
    Total System Jitter     (TSJ):    0.071ns
    Total Input Jitter      (TIJ):    0.000ns
    Discrete Jitter          (DJ):    0.000ns
    Phase Error              (PE):    0.000ns
  Clock Net Delay (Source):      3.155ns (routing 1.832ns, distribution 1.323ns)
  Clock Net Delay (Destination): 2.822ns (routing 1.681ns, distribution 1.141ns)

    Location             Delay type                Incr(ns)  Path(ns)    Netlist Resource(s)
  -------------------------------------------------------------------    -------------------
                         (clock dbg_hub/inst/BSCANID.u_xsdbm_id/SWITCH_N_EXT_BSCAN.bscan_inst/SERIES7_BSCAN.bscan_inst/TCK rise edge)
                                                      0.000     0.000 r  
    CONFIG_SITE_X0Y0     BSCANE2                      0.000     0.000 r  dbg_hub/inst/BSCANID.u_xsdbm_id/SWITCH_N_EXT_BSCAN.bscan_inst/SERIES7_BSCAN.bscan_inst/TCK
                         net (fo=1, routed)           4.718     4.718    dbg_hub/inst/BSCANID.u_xsdbm_id/tck_bs
    BUFGCE_X0Y96         BUFGCE (Prop_BUFCE_BUFGCE_I_O)
                                                      0.083     4.801 r  dbg_hub/inst/BSCANID.u_xsdbm_id/SWITCH_N_EXT_BSCAN.u_bufg_icon_tck/O
    X3Y2 (CLOCK_ROOT)    net (fo=478, routed)         3.155     7.956    dbg_hub/inst/BSCANID.u_xsdbm_id/SWITCH_N_EXT_BSCAN.bscan_switch/s_bscan_tck
    SLICE_X89Y138        FDRE                                         r  dbg_hub/inst/BSCANID.u_xsdbm_id/SWITCH_N_EXT_BSCAN.bscan_switch/state_reg[0]/C
  -------------------------------------------------------------------    -------------------
    SLICE_X89Y138        FDRE (Prop_EFF_SLICEL_C_Q)
                                                      0.114     8.070 r  dbg_hub/inst/BSCANID.u_xsdbm_id/SWITCH_N_EXT_BSCAN.bscan_switch/state_reg[0]/Q
                         net (fo=50, routed)          0.343     8.413    dbg_hub/inst/BSCANID.u_xsdbm_id/SWITCH_N_EXT_BSCAN.bscan_switch/state[0]
    SLICE_X90Y141        LUT4 (Prop_B5LUT_SLICEL_I1_O)
                                                      0.214     8.627 r  dbg_hub/inst/BSCANID.u_xsdbm_id/SWITCH_N_EXT_BSCAN.bscan_switch/curid_inferred_i_1/O
                         net (fo=2, routed)           0.872     9.499    dbg_hub/inst/BSCANID.u_xsdbm_id/SWITCH_N_EXT_BSCAN.bscan_switch/curid[31]
    SLICE_X88Y140        LUT6 (Prop_H6LUT_SLICEL_I4_O)
                                                      0.070     9.569 r  dbg_hub/inst/BSCANID.u_xsdbm_id/SWITCH_N_EXT_BSCAN.bscan_switch/state_temp[0]_i_4/O
                         net (fo=1, routed)           0.000     9.569    dbg_hub/inst/BSCANID.u_xsdbm_id/SWITCH_N_EXT_BSCAN.bscan_switch/state_temp[0]_i_4_n_0
    SLICE_X88Y140        CARRY8 (Prop_CARRY8_SLICEL_S[7]_CO[7])
                                                      0.185     9.754 f  dbg_hub/inst/BSCANID.u_xsdbm_id/SWITCH_N_EXT_BSCAN.bscan_switch/state_temp_reg[0]_i_3/CO[7]
                         net (fo=4, routed)           0.344    10.098    dbg_hub/inst/BSCANID.u_xsdbm_id/SWITCH_N_EXT_BSCAN.bscan_switch/state_temp_reg[0]_i_3_n_0
    SLICE_X89Y138        LUT5 (Prop_A5LUT_SLICEL_I1_O)
                                                      0.152    10.250 r  dbg_hub/inst/BSCANID.u_xsdbm_id/SWITCH_N_EXT_BSCAN.bscan_switch/portno_temp[5]_i_2/O
                         net (fo=7, routed)           0.292    10.542    dbg_hub/inst/BSCANID.u_xsdbm_id/SWITCH_N_EXT_BSCAN.bscan_switch/portno_temp[5]_i_2_n_0
    SLICE_X88Y137        LUT3 (Prop_H5LUT_SLICEL_I1_O)
                                                      0.150    10.692 r  dbg_hub/inst/BSCANID.u_xsdbm_id/SWITCH_N_EXT_BSCAN.bscan_switch/portno_temp[0]_i_1/O
                         net (fo=1, routed)           0.035    10.727    dbg_hub/inst/BSCANID.u_xsdbm_id/SWITCH_N_EXT_BSCAN.bscan_switch/portno_temp[0]_i_1_n_0
    SLICE_X88Y137        FDRE                                         r  dbg_hub/inst/BSCANID.u_xsdbm_id/SWITCH_N_EXT_BSCAN.bscan_switch/portno_temp_reg[0]/D
  -------------------------------------------------------------------    -------------------

                         (clock dbg_hub/inst/BSCANID.u_xsdbm_id/SWITCH_N_EXT_BSCAN.bscan_inst/SERIES7_BSCAN.bscan_inst/TCK rise edge)
                                                     33.000    33.000 r  
    CONFIG_SITE_X0Y0     BSCANE2                      0.000    33.000 r  dbg_hub/inst/BSCANID.u_xsdbm_id/SWITCH_N_EXT_BSCAN.bscan_inst/SERIES7_BSCAN.bscan_inst/TCK
                         net (fo=1, routed)           3.738    36.738    dbg_hub/inst/BSCANID.u_xsdbm_id/tck_bs
    BUFGCE_X0Y96         BUFGCE (Prop_BUFCE_BUFGCE_I_O)
                                                      0.075    36.813 r  dbg_hub/inst/BSCANID.u_xsdbm_id/SWITCH_N_EXT_BSCAN.u_bufg_icon_tck/O
    X3Y2 (CLOCK_ROOT)    net (fo=478, routed)         2.822    39.635    dbg_hub/inst/BSCANID.u_xsdbm_id/SWITCH_N_EXT_BSCAN.bscan_switch/s_bscan_tck
    SLICE_X88Y137        FDRE                                         r  dbg_hub/inst/BSCANID.u_xsdbm_id/SWITCH_N_EXT_BSCAN.bscan_switch/portno_temp_reg[0]/C
                         clock pessimism              1.181    40.816    
                         clock uncertainty           -0.035    40.781    
    SLICE_X88Y137        FDRE (Setup_HFF2_SLICEL_C_D)
                                                      0.060    40.841    dbg_hub/inst/BSCANID.u_xsdbm_id/SWITCH_N_EXT_BSCAN.bscan_switch/portno_temp_reg[0]
  -------------------------------------------------------------------
                         required time                         40.841    
                         arrival time                         -10.727    
  -------------------------------------------------------------------
                         slack                                 30.114    





Min Delay Paths
--------------------------------------------------------------------------------------
Slack (MET) :             0.034ns  (arrival time - required time)
  Source:                 dbg_hub/inst/BSCANID.u_xsdbm_id/CORE_XSDB.UUT_MASTER/U_ICON_INTERFACE/U_CMD6_WR/U_WR_FIFO/SUBCORE_FIFO.xsdbm_v3_0_0_wrfifo_inst/inst_fifo_gen/gconvfifo.rf/grf.rf/gntv_or_sync_fifo.gl0.wr/wpntr/gic0.gc0.count_d2_reg[2]/C
                            (rising edge-triggered cell FDCE clocked by dbg_hub/inst/BSCANID.u_xsdbm_id/SWITCH_N_EXT_BSCAN.bscan_inst/SERIES7_BSCAN.bscan_inst/TCK  {rise@0.000ns fall@16.500ns period=33.000ns})
  Destination:            dbg_hub/inst/BSCANID.u_xsdbm_id/CORE_XSDB.UUT_MASTER/U_ICON_INTERFACE/U_CMD6_WR/U_WR_FIFO/SUBCORE_FIFO.xsdbm_v3_0_0_wrfifo_inst/inst_fifo_gen/gconvfifo.rf/grf.rf/gntv_or_sync_fifo.mem/gdm.dm_gen.dm/RAM_reg_0_15_0_13/RAMA/WADR2
                            (rising edge-triggered cell RAMD32 clocked by dbg_hub/inst/BSCANID.u_xsdbm_id/SWITCH_N_EXT_BSCAN.bscan_inst/SERIES7_BSCAN.bscan_inst/TCK  {rise@0.000ns fall@16.500ns period=33.000ns})
  Path Group:             dbg_hub/inst/BSCANID.u_xsdbm_id/SWITCH_N_EXT_BSCAN.bscan_inst/SERIES7_BSCAN.bscan_inst/TCK
  Path Type:              Hold (Min at Fast Process Corner)
  Requirement:            0.000ns  (dbg_hub/inst/BSCANID.u_xsdbm_id/SWITCH_N_EXT_BSCAN.bscan_inst/SERIES7_BSCAN.bscan_inst/TCK rise@0.000ns - dbg_hub/inst/BSCANID.u_xsdbm_id/SWITCH_N_EXT_BSCAN.bscan_inst/SERIES7_BSCAN.bscan_inst/TCK rise@0.000ns)
  Data Path Delay:        0.209ns  (logic 0.048ns (22.967%)  route 0.161ns (77.034%))
  Logic Levels:           0  
  Clock Path Skew:        0.100ns (DCD - SCD - CPR)
    Destination Clock Delay (DCD):    4.999ns
    Source Clock Delay      (SCD):    3.895ns
    Clock Pessimism Removal (CPR):    1.004ns
  Clock Net Delay (Source):      1.484ns (routing 0.928ns, distribution 0.556ns)
  Clock Net Delay (Destination): 1.733ns (routing 1.034ns, distribution 0.699ns)

    Location             Delay type                Incr(ns)  Path(ns)    Netlist Resource(s)
  -------------------------------------------------------------------    -------------------
                         (clock dbg_hub/inst/BSCANID.u_xsdbm_id/SWITCH_N_EXT_BSCAN.bscan_inst/SERIES7_BSCAN.bscan_inst/TCK rise edge)
                                                      0.000     0.000 r  
    CONFIG_SITE_X0Y0     BSCANE2                      0.000     0.000 r  dbg_hub/inst/BSCANID.u_xsdbm_id/SWITCH_N_EXT_BSCAN.bscan_inst/SERIES7_BSCAN.bscan_inst/TCK
                         net (fo=1, routed)           2.384     2.384    dbg_hub/inst/BSCANID.u_xsdbm_id/tck_bs
    BUFGCE_X0Y96         BUFGCE (Prop_BUFCE_BUFGCE_I_O)
                                                      0.027     2.411 r  dbg_hub/inst/BSCANID.u_xsdbm_id/SWITCH_N_EXT_BSCAN.u_bufg_icon_tck/O
    X3Y2 (CLOCK_ROOT)    net (fo=478, routed)         1.484     3.895    dbg_hub/inst/BSCANID.u_xsdbm_id/CORE_XSDB.UUT_MASTER/U_ICON_INTERFACE/U_CMD6_WR/U_WR_FIFO/SUBCORE_FIFO.xsdbm_v3_0_0_wrfifo_inst/inst_fifo_gen/gconvfifo.rf/grf.rf/gntv_or_sync_fifo.gl0.wr/wpntr/wr_clk
    SLICE_X92Y135        FDCE                                         r  dbg_hub/inst/BSCANID.u_xsdbm_id/CORE_XSDB.UUT_MASTER/U_ICON_INTERFACE/U_CMD6_WR/U_WR_FIFO/SUBCORE_FIFO.xsdbm_v3_0_0_wrfifo_inst/inst_fifo_gen/gconvfifo.rf/grf.rf/gntv_or_sync_fifo.gl0.wr/wpntr/gic0.gc0.count_d2_reg[2]/C
  -------------------------------------------------------------------    -------------------
    SLICE_X92Y135        FDCE (Prop_HFF_SLICEL_C_Q)
                                                      0.048     3.943 r  dbg_hub/inst/BSCANID.u_xsdbm_id/CORE_XSDB.UUT_MASTER/U_ICON_INTERFACE/U_CMD6_WR/U_WR_FIFO/SUBCORE_FIFO.xsdbm_v3_0_0_wrfifo_inst/inst_fifo_gen/gconvfifo.rf/grf.rf/gntv_or_sync_fifo.gl0.wr/wpntr/gic0.gc0.count_d2_reg[2]/Q
                         net (fo=24, routed)          0.161     4.104    dbg_hub/inst/BSCANID.u_xsdbm_id/CORE_XSDB.UUT_MASTER/U_ICON_INTERFACE/U_CMD6_WR/U_WR_FIFO/SUBCORE_FIFO.xsdbm_v3_0_0_wrfifo_inst/inst_fifo_gen/gconvfifo.rf/grf.rf/gntv_or_sync_fifo.mem/gdm.dm_gen.dm/RAM_reg_0_15_0_13/ADDRH2
    SLICE_X94Y132        RAMD32                                       r  dbg_hub/inst/BSCANID.u_xsdbm_id/CORE_XSDB.UUT_MASTER/U_ICON_INTERFACE/U_CMD6_WR/U_WR_FIFO/SUBCORE_FIFO.xsdbm_v3_0_0_wrfifo_inst/inst_fifo_gen/gconvfifo.rf/grf.rf/gntv_or_sync_fifo.mem/gdm.dm_gen.dm/RAM_reg_0_15_0_13/RAMA/WADR2
  -------------------------------------------------------------------    -------------------

                         (clock dbg_hub/inst/BSCANID.u_xsdbm_id/SWITCH_N_EXT_BSCAN.bscan_inst/SERIES7_BSCAN.bscan_inst/TCK rise edge)
                                                      0.000     0.000 r  
    CONFIG_SITE_X0Y0     BSCANE2                      0.000     0.000 r  dbg_hub/inst/BSCANID.u_xsdbm_id/SWITCH_N_EXT_BSCAN.bscan_inst/SERIES7_BSCAN.bscan_inst/TCK
                         net (fo=1, routed)           3.235     3.235    dbg_hub/inst/BSCANID.u_xsdbm_id/tck_bs
    BUFGCE_X0Y96         BUFGCE (Prop_BUFCE_BUFGCE_I_O)
                                                      0.031     3.266 r  dbg_hub/inst/BSCANID.u_xsdbm_id/SWITCH_N_EXT_BSCAN.u_bufg_icon_tck/O
    X3Y2 (CLOCK_ROOT)    net (fo=478, routed)         1.733     4.999    dbg_hub/inst/BSCANID.u_xsdbm_id/CORE_XSDB.UUT_MASTER/U_ICON_INTERFACE/U_CMD6_WR/U_WR_FIFO/SUBCORE_FIFO.xsdbm_v3_0_0_wrfifo_inst/inst_fifo_gen/gconvfifo.rf/grf.rf/gntv_or_sync_fifo.mem/gdm.dm_gen.dm/RAM_reg_0_15_0_13/WCLK
    SLICE_X94Y132        RAMD32                                       r  dbg_hub/inst/BSCANID.u_xsdbm_id/CORE_XSDB.UUT_MASTER/U_ICON_INTERFACE/U_CMD6_WR/U_WR_FIFO/SUBCORE_FIFO.xsdbm_v3_0_0_wrfifo_inst/inst_fifo_gen/gconvfifo.rf/grf.rf/gntv_or_sync_fifo.mem/gdm.dm_gen.dm/RAM_reg_0_15_0_13/RAMA/CLK
                         clock pessimism             -1.004     3.995    
    SLICE_X94Y132        RAMD32 (Hold_A5LUT_SLICEM_CLK_WADR2)
                                                      0.075     4.070    dbg_hub/inst/BSCANID.u_xsdbm_id/CORE_XSDB.UUT_MASTER/U_ICON_INTERFACE/U_CMD6_WR/U_WR_FIFO/SUBCORE_FIFO.xsdbm_v3_0_0_wrfifo_inst/inst_fifo_gen/gconvfifo.rf/grf.rf/gntv_or_sync_fifo.mem/gdm.dm_gen.dm/RAM_reg_0_15_0_13/RAMA
  -------------------------------------------------------------------
                         required time                         -4.070    
                         arrival time                           4.104    
  -------------------------------------------------------------------
                         slack                                  0.034    





Pulse Width Checks
--------------------------------------------------------------------------------------
Clock Name:         dbg_hub/inst/BSCANID.u_xsdbm_id/SWITCH_N_EXT_BSCAN.bscan_inst/SERIES7_BSCAN.bscan_inst/TCK
Waveform(ns):       { 0.000 16.500 }
Period(ns):         33.000
Sources:            { dbg_hub/inst/BSCANID.u_xsdbm_id/SWITCH_N_EXT_BSCAN.bscan_inst/SERIES7_BSCAN.bscan_inst/TCK }

Check Type        Corner  Lib Pin     Reference Pin  Required(ns)  Actual(ns)  Slack(ns)  Location       Pin
Min Period        n/a     BUFGCE/I    n/a            1.379         33.000      31.621     BUFGCE_X0Y96   dbg_hub/inst/BSCANID.u_xsdbm_id/SWITCH_N_EXT_BSCAN.u_bufg_icon_tck/I
Low Pulse Width   Slow    RAMD32/CLK  n/a            0.668         16.500      15.832     SLICE_X94Y132  dbg_hub/inst/BSCANID.u_xsdbm_id/CORE_XSDB.UUT_MASTER/U_ICON_INTERFACE/U_CMD6_WR/U_WR_FIFO/SUBCORE_FIFO.xsdbm_v3_0_0_wrfifo_inst/inst_fifo_gen/gconvfifo.rf/grf.rf/gntv_or_sync_fifo.mem/gdm.dm_gen.dm/RAM_reg_0_15_0_13/RAMA/CLK
High Pulse Width  Slow    RAMD32/CLK  n/a            0.668         16.500      15.832     SLICE_X94Y132  dbg_hub/inst/BSCANID.u_xsdbm_id/CORE_XSDB.UUT_MASTER/U_ICON_INTERFACE/U_CMD6_WR/U_WR_FIFO/SUBCORE_FIFO.xsdbm_v3_0_0_wrfifo_inst/inst_fifo_gen/gconvfifo.rf/grf.rf/gntv_or_sync_fifo.mem/gdm.dm_gen.dm/RAM_reg_0_15_0_13/RAMA/CLK



---------------------------------------------------------------------------------------------------
From Clock:  pcie_refclk_100
  To Clock:  pcie_refclk_100

Setup :            0  Failing Endpoints,  Worst Slack        8.518ns,  Total Violation        0.000ns
Hold  :            0  Failing Endpoints,  Worst Slack        0.053ns,  Total Violation        0.000ns
PW    :            0  Failing Endpoints,  Worst Slack        3.200ns,  Total Violation        0.000ns
---------------------------------------------------------------------------------------------------


Max Delay Paths
--------------------------------------------------------------------------------------
Slack (MET) :             8.518ns  (required time - arrival time)
  Source:                 u_phy_wrapper/u_pcie_phy/inst/Uscale_gt.us_gt_phy_wrapper/phy_rst_i/sync_gtpowergood/sync_vec[0].sync_cell_i/sync_reg[3]/C
                            (rising edge-triggered cell FDRE clocked by pcie_refclk_100  {rise@0.000ns fall@5.000ns period=10.000ns})
  Destination:            u_phy_wrapper/u_pcie_phy/inst/Uscale_gt.us_gt_phy_wrapper/phy_rst_i/FSM_onehot_fsm_reg[1]/D
                            (rising edge-triggered cell FDCE clocked by pcie_refclk_100  {rise@0.000ns fall@5.000ns period=10.000ns})
  Path Group:             pcie_refclk_100
  Path Type:              Setup (Max at Slow Process Corner)
  Requirement:            10.000ns  (pcie_refclk_100 rise@10.000ns - pcie_refclk_100 rise@0.000ns)
  Data Path Delay:        1.397ns  (logic 0.597ns (42.734%)  route 0.800ns (57.266%))
  Logic Levels:           3  (LUT5=2 LUT6=1)
  Clock Path Skew:        -0.112ns (DCD - SCD + CPR)
    Destination Clock Delay (DCD):    1.349ns = ( 11.349 - 10.000 ) 
    Source Clock Delay      (SCD):    1.709ns
    Clock Pessimism Removal (CPR):    0.248ns
  Clock Uncertainty:      0.035ns  ((TSJ^2 + TIJ^2)^1/2 + DJ) / 2 + PE
    Total System Jitter     (TSJ):    0.071ns
    Total Input Jitter      (TIJ):    0.000ns
    Discrete Jitter          (DJ):    0.000ns
    Phase Error              (PE):    0.000ns
  Clock Net Delay (Source):      0.950ns (routing 0.109ns, distribution 0.841ns)
  Clock Net Delay (Destination): 0.813ns (routing 0.093ns, distribution 0.720ns)

    Location             Delay type                Incr(ns)  Path(ns)    Netlist Resource(s)
  -------------------------------------------------------------------    -------------------
                         (clock pcie_refclk_100 rise edge)
                                                      0.000     0.000 r  
    GTHE3_COMMON_X0Y1                                 0.000     0.000 r  pcie_refclk_p (IN)
                         net (fo=0)                   0.000     0.000    u_phy_wrapper/u_refclk_reset/pcie_refclk_p
    GTHE3_COMMON_X0Y1    IBUFDS_GTE3 (Prop_IBUFDS0_GTE3_GTHE3_COMMON_I_ODIV2)
                                                      0.362     0.362 r  u_phy_wrapper/u_refclk_reset/u_pcie_refclk_ibuf/ODIV2
                         net (fo=2, routed)           0.082     0.444    u_phy_wrapper/u_refclk_reset/phy_refclk_unbuf
    BUFG_GT_X0Y47        BUFG_GT (Prop_BUFG_GT_I_O)
                                                      0.315     0.759 r  u_phy_wrapper/u_refclk_reset/u_phy_refclk_bufg/O
    X3Y1 (CLOCK_ROOT)    net (fo=78, routed)          0.950     1.709    u_phy_wrapper/u_pcie_phy/inst/Uscale_gt.us_gt_phy_wrapper/phy_rst_i/sync_gtpowergood/sync_vec[0].sync_cell_i/phy_refclk
    SLICE_X100Y113       FDRE                                         r  u_phy_wrapper/u_pcie_phy/inst/Uscale_gt.us_gt_phy_wrapper/phy_rst_i/sync_gtpowergood/sync_vec[0].sync_cell_i/sync_reg[3]/C
  -------------------------------------------------------------------    -------------------
    SLICE_X100Y113       FDRE (Prop_GFF2_SLICEM_C_Q)
                                                      0.118     1.827 r  u_phy_wrapper/u_pcie_phy/inst/Uscale_gt.us_gt_phy_wrapper/phy_rst_i/sync_gtpowergood/sync_vec[0].sync_cell_i/sync_reg[3]/Q
                         net (fo=1, routed)           0.322     2.149    u_phy_wrapper/u_pcie_phy/inst/Uscale_gt.us_gt_phy_wrapper/phy_rst_i/sync_cplllock/sync_vec[0].sync_cell_i/FSM_onehot_fsm_reg[0][0]
    SLICE_X100Y110       LUT6 (Prop_H6LUT_SLICEM_I5_O)
                                                      0.137     2.286 f  u_phy_wrapper/u_pcie_phy/inst/Uscale_gt.us_gt_phy_wrapper/phy_rst_i/sync_cplllock/sync_vec[0].sync_cell_i/FSM_onehot_fsm[0]_i_2/O
                         net (fo=2, routed)           0.169     2.455    u_phy_wrapper/u_pcie_phy/inst/Uscale_gt.us_gt_phy_wrapper/phy_rst_i/sync_cplllock/sync_vec[0].sync_cell_i/FSM_onehot_fsm[0]_i_2_n_0
    SLICE_X99Y110        LUT5 (Prop_C5LUT_SLICEL_I0_O)
                                                      0.192     2.647 f  u_phy_wrapper/u_pcie_phy/inst/Uscale_gt.us_gt_phy_wrapper/phy_rst_i/sync_cplllock/sync_vec[0].sync_cell_i/FSM_onehot_fsm[1]_i_2/O
                         net (fo=1, routed)           0.274     2.921    u_phy_wrapper/u_pcie_phy/inst/Uscale_gt.us_gt_phy_wrapper/phy_rst_i/sync_cplllock/sync_vec[0].sync_cell_i/FSM_onehot_fsm[1]_i_2_n_0
    SLICE_X97Y110        LUT5 (Prop_C5LUT_SLICEL_I3_O)
                                                      0.150     3.071 r  u_phy_wrapper/u_pcie_phy/inst/Uscale_gt.us_gt_phy_wrapper/phy_rst_i/sync_cplllock/sync_vec[0].sync_cell_i/FSM_onehot_fsm[1]_i_1__0/O
                         net (fo=1, routed)           0.035     3.106    u_phy_wrapper/u_pcie_phy/inst/Uscale_gt.us_gt_phy_wrapper/phy_rst_i/sync_cplllock_n_1
    SLICE_X97Y110        FDCE                                         r  u_phy_wrapper/u_pcie_phy/inst/Uscale_gt.us_gt_phy_wrapper/phy_rst_i/FSM_onehot_fsm_reg[1]/D
  -------------------------------------------------------------------    -------------------

                         (clock pcie_refclk_100 rise edge)
                                                     10.000    10.000 r  
    GTHE3_COMMON_X0Y1                                 0.000    10.000 r  pcie_refclk_p (IN)
                         net (fo=0)                   0.000    10.000    u_phy_wrapper/u_refclk_reset/pcie_refclk_p
    GTHE3_COMMON_X0Y1    IBUFDS_GTE3 (Prop_IBUFDS0_GTE3_GTHE3_COMMON_I_ODIV2)
                                                      0.207    10.207 r  u_phy_wrapper/u_refclk_reset/u_pcie_refclk_ibuf/ODIV2
                         net (fo=2, routed)           0.046    10.253    u_phy_wrapper/u_refclk_reset/phy_refclk_unbuf
    BUFG_GT_X0Y47        BUFG_GT (Prop_BUFG_GT_I_O)
                                                      0.283    10.536 r  u_phy_wrapper/u_refclk_reset/u_phy_refclk_bufg/O
    X3Y1 (CLOCK_ROOT)    net (fo=78, routed)          0.813    11.349    u_phy_wrapper/u_pcie_phy/inst/Uscale_gt.us_gt_phy_wrapper/phy_rst_i/phy_refclk
    SLICE_X97Y110        FDCE                                         r  u_phy_wrapper/u_pcie_phy/inst/Uscale_gt.us_gt_phy_wrapper/phy_rst_i/FSM_onehot_fsm_reg[1]/C
                         clock pessimism              0.248    11.597    
                         clock uncertainty           -0.035    11.562    
    SLICE_X97Y110        FDCE (Setup_CFF2_SLICEL_C_D)
                                                      0.062    11.624    u_phy_wrapper/u_pcie_phy/inst/Uscale_gt.us_gt_phy_wrapper/phy_rst_i/FSM_onehot_fsm_reg[1]
  -------------------------------------------------------------------
                         required time                         11.624    
                         arrival time                          -3.106    
  -------------------------------------------------------------------
                         slack                                  8.518    





Min Delay Paths
--------------------------------------------------------------------------------------
Slack (MET) :             0.053ns  (arrival time - required time)
  Source:                 u_phy_wrapper/u_pcie_phy/inst/Uscale_gt.us_gt_phy_wrapper/phy_rst_i/cpllreset_cnt_reg[4]/C
                            (rising edge-triggered cell FDCE clocked by pcie_refclk_100  {rise@0.000ns fall@5.000ns period=10.000ns})
  Destination:            u_phy_wrapper/u_pcie_phy/inst/Uscale_gt.us_gt_phy_wrapper/phy_rst_i/cpllreset_cnt_reg[4]/D
                            (rising edge-triggered cell FDCE clocked by pcie_refclk_100  {rise@0.000ns fall@5.000ns period=10.000ns})
  Path Group:             pcie_refclk_100
  Path Type:              Hold (Min at Fast Process Corner)
  Requirement:            0.000ns  (pcie_refclk_100 rise@0.000ns - pcie_refclk_100 rise@0.000ns)
  Data Path Delay:        0.114ns  (logic 0.064ns (56.140%)  route 0.050ns (43.860%))
  Logic Levels:           1  (LUT6=1)
  Clock Path Skew:        0.005ns (DCD - SCD - CPR)
    Destination Clock Delay (DCD):    0.917ns
    Source Clock Delay      (SCD):    0.700ns
    Clock Pessimism Removal (CPR):    0.212ns
  Clock Net Delay (Source):      0.418ns (routing 0.059ns, distribution 0.359ns)
  Clock Net Delay (Destination): 0.500ns (routing 0.075ns, distribution 0.425ns)

    Location             Delay type                Incr(ns)  Path(ns)    Netlist Resource(s)
  -------------------------------------------------------------------    -------------------
                         (clock pcie_refclk_100 rise edge)
                                                      0.000     0.000 r  
    GTHE3_COMMON_X0Y1                                 0.000     0.000 r  pcie_refclk_p (IN)
                         net (fo=0)                   0.000     0.000    u_phy_wrapper/u_refclk_reset/pcie_refclk_p
    GTHE3_COMMON_X0Y1    IBUFDS_GTE3 (Prop_IBUFDS0_GTE3_GTHE3_COMMON_I_ODIV2)
                                                      0.164     0.164 r  u_phy_wrapper/u_refclk_reset/u_pcie_refclk_ibuf/ODIV2
                         net (fo=2, routed)           0.018     0.182    u_phy_wrapper/u_refclk_reset/phy_refclk_unbuf
    BUFG_GT_X0Y47        BUFG_GT (Prop_BUFG_GT_I_O)
                                                      0.100     0.282 r  u_phy_wrapper/u_refclk_reset/u_phy_refclk_bufg/O
    X3Y1 (CLOCK_ROOT)    net (fo=78, routed)          0.418     0.700    u_phy_wrapper/u_pcie_phy/inst/Uscale_gt.us_gt_phy_wrapper/phy_rst_i/phy_refclk
    SLICE_X99Y111        FDCE                                         r  u_phy_wrapper/u_pcie_phy/inst/Uscale_gt.us_gt_phy_wrapper/phy_rst_i/cpllreset_cnt_reg[4]/C
  -------------------------------------------------------------------    -------------------
    SLICE_X99Y111        FDCE (Prop_BFF_SLICEL_C_Q)
                                                      0.049     0.749 r  u_phy_wrapper/u_pcie_phy/inst/Uscale_gt.us_gt_phy_wrapper/phy_rst_i/cpllreset_cnt_reg[4]/Q
                         net (fo=7, routed)           0.035     0.784    u_phy_wrapper/u_pcie_phy/inst/Uscale_gt.us_gt_phy_wrapper/phy_rst_i/cpllreset_cnt_reg_n_0_[4]
    SLICE_X99Y111        LUT6 (Prop_B6LUT_SLICEL_I0_O)
                                                      0.015     0.799 r  u_phy_wrapper/u_pcie_phy/inst/Uscale_gt.us_gt_phy_wrapper/phy_rst_i/cpllreset_cnt[4]_i_1/O
                         net (fo=1, routed)           0.015     0.814    u_phy_wrapper/u_pcie_phy/inst/Uscale_gt.us_gt_phy_wrapper/phy_rst_i/cpllreset_cnt[4]
    SLICE_X99Y111        FDCE                                         r  u_phy_wrapper/u_pcie_phy/inst/Uscale_gt.us_gt_phy_wrapper/phy_rst_i/cpllreset_cnt_reg[4]/D
  -------------------------------------------------------------------    -------------------

                         (clock pcie_refclk_100 rise edge)
                                                      0.000     0.000 r  
    GTHE3_COMMON_X0Y1                                 0.000     0.000 r  pcie_refclk_p (IN)
                         net (fo=0)                   0.000     0.000    u_phy_wrapper/u_refclk_reset/pcie_refclk_p
    GTHE3_COMMON_X0Y1    IBUFDS_GTE3 (Prop_IBUFDS0_GTE3_GTHE3_COMMON_I_ODIV2)
                                                      0.252     0.252 r  u_phy_wrapper/u_refclk_reset/u_pcie_refclk_ibuf/ODIV2
                         net (fo=2, routed)           0.035     0.287    u_phy_wrapper/u_refclk_reset/phy_refclk_unbuf
    BUFG_GT_X0Y47        BUFG_GT (Prop_BUFG_GT_I_O)
                                                      0.130     0.417 r  u_phy_wrapper/u_refclk_reset/u_phy_refclk_bufg/O
    X3Y1 (CLOCK_ROOT)    net (fo=78, routed)          0.500     0.917    u_phy_wrapper/u_pcie_phy/inst/Uscale_gt.us_gt_phy_wrapper/phy_rst_i/phy_refclk
    SLICE_X99Y111        FDCE                                         r  u_phy_wrapper/u_pcie_phy/inst/Uscale_gt.us_gt_phy_wrapper/phy_rst_i/cpllreset_cnt_reg[4]/C
                         clock pessimism             -0.212     0.705    
    SLICE_X99Y111        FDCE (Hold_BFF_SLICEL_C_D)
                                                      0.056     0.761    u_phy_wrapper/u_pcie_phy/inst/Uscale_gt.us_gt_phy_wrapper/phy_rst_i/cpllreset_cnt_reg[4]
  -------------------------------------------------------------------
                         required time                         -0.761    
                         arrival time                           0.814    
  -------------------------------------------------------------------
                         slack                                  0.053    





Pulse Width Checks
--------------------------------------------------------------------------------------
Clock Name:         pcie_refclk_100
Waveform(ns):       { 0.000 5.000 }
Period(ns):         10.000
Sources:            { pcie_refclk_p }

Check Type        Corner  Lib Pin               Reference Pin  Required(ns)  Actual(ns)  Slack(ns)  Location            Pin
Min Period        n/a     GTHE3_CHANNEL/DRPCLK  n/a            4.000         10.000      6.000      GTHE3_CHANNEL_X0Y7  u_phy_wrapper/u_pcie_phy/inst/Uscale_gt.us_gt_phy_wrapper/gt_wizard.gtwizard_top_i/pcie_phy_0_gt_i/inst/gen_gtwizard_gthe3_top.pcie_phy_0_gt_gtwizard_gthe3_inst/gen_gtwizard_gthe3.gen_channel_container[1].gen_enabled_channel.gthe3_channel_wrapper_inst/channel_inst/gthe3_channel_gen.gen_gthe3_channel_inst[0].GTHE3_CHANNEL_PRIM_INST/DRPCLK
Low Pulse Width   Slow    GTHE3_CHANNEL/DRPCLK  n/a            1.800         5.000       3.200      GTHE3_CHANNEL_X0Y7  u_phy_wrapper/u_pcie_phy/inst/Uscale_gt.us_gt_phy_wrapper/gt_wizard.gtwizard_top_i/pcie_phy_0_gt_i/inst/gen_gtwizard_gthe3_top.pcie_phy_0_gt_gtwizard_gthe3_inst/gen_gtwizard_gthe3.gen_channel_container[1].gen_enabled_channel.gthe3_channel_wrapper_inst/channel_inst/gthe3_channel_gen.gen_gthe3_channel_inst[0].GTHE3_CHANNEL_PRIM_INST/DRPCLK
High Pulse Width  Slow    GTHE3_CHANNEL/DRPCLK  n/a            1.800         5.000       3.200      GTHE3_CHANNEL_X0Y7  u_phy_wrapper/u_pcie_phy/inst/Uscale_gt.us_gt_phy_wrapper/gt_wizard.gtwizard_top_i/pcie_phy_0_gt_i/inst/gen_gtwizard_gthe3_top.pcie_phy_0_gt_gtwizard_gthe3_inst/gen_gtwizard_gthe3.gen_channel_container[1].gen_enabled_channel.gthe3_channel_wrapper_inst/channel_inst/gthe3_channel_gen.gen_gthe3_channel_inst[0].GTHE3_CHANNEL_PRIM_INST/DRPCLK



---------------------------------------------------------------------------------------------------
From Clock:  txoutclk_out[0]
  To Clock:  txoutclk_out[0]

Setup :            0  Failing Endpoints,  Worst Slack        0.977ns,  Total Violation        0.000ns
Hold  :            0  Failing Endpoints,  Worst Slack        0.004ns,  Total Violation        0.000ns
PW    :            0  Failing Endpoints,  Worst Slack        0.486ns,  Total Violation        0.000ns
---------------------------------------------------------------------------------------------------


Max Delay Paths
--------------------------------------------------------------------------------------
Slack (MET) :             0.977ns  (required time - arrival time)
  Source:                 u_ila_phy/inst/ila_core_inst/xsdb_memory_read_inst/multiple_read_latency.read_enable_out_reg[2]_srl3/CLK
                            (rising edge-triggered cell SRL16E clocked by txoutclk_out[0]  {rise@0.000ns fall@2.000ns period=4.000ns})
  Destination:            u_ila_phy/inst/ila_core_inst/ila_trace_memory_inst/SUBCORE_RAM_BLK_MEM_1.trace_block_memory/inst_blk_mem_gen/gnbram.gnativebmg.native_blk_mem_gen/valid.cstr/ramloop[8].ram.r/prim_noinit.ram/DEVICE_8SERIES.NO_BMM_INFO.SDP.SIMPLE_PRIM36.ram/REGCEB
                            (rising edge-triggered cell RAMB36E2 clocked by txoutclk_out[0]  {rise@0.000ns fall@2.000ns period=4.000ns})
  Path Group:             txoutclk_out[0]
  Path Type:              Setup (Max at Slow Process Corner)
  Requirement:            4.000ns  (txoutclk_out[0] rise@4.000ns - txoutclk_out[0] rise@0.000ns)
  Data Path Delay:        2.317ns  (logic 0.640ns (27.622%)  route 1.677ns (72.378%))
  Logic Levels:           1  (LUT4=1)
  Clock Path Skew:        -0.255ns (DCD - SCD + CPR)
    Destination Clock Delay (DCD):    2.160ns = ( 6.160 - 4.000 ) 
    Source Clock Delay      (SCD):    2.539ns
    Clock Pessimism Removal (CPR):    0.124ns
  Clock Uncertainty:      0.035ns  ((TSJ^2 + TIJ^2)^1/2 + DJ) / 2 + PE
    Total System Jitter     (TSJ):    0.071ns
    Total Input Jitter      (TIJ):    0.000ns
    Discrete Jitter          (DJ):    0.000ns
    Phase Error              (PE):    0.000ns
  Clock Net Delay (Source):      2.142ns (routing 0.628ns, distribution 1.514ns)
  Clock Net Delay (Destination): 1.831ns (routing 0.572ns, distribution 1.259ns)

    Location             Delay type                Incr(ns)  Path(ns)    Netlist Resource(s)
  -------------------------------------------------------------------    -------------------
                         (clock txoutclk_out[0] rise edge)
                                                      0.000     0.000 r  
    GTHE3_CHANNEL_X0Y7   GTHE3_CHANNEL                0.000     0.000 r  u_phy_wrapper/u_pcie_phy/inst/Uscale_gt.us_gt_phy_wrapper/gt_wizard.gtwizard_top_i/pcie_phy_0_gt_i/inst/gen_gtwizard_gthe3_top.pcie_phy_0_gt_gtwizard_gthe3_inst/gen_gtwizard_gthe3.gen_channel_container[1].gen_enabled_channel.gthe3_channel_wrapper_inst/channel_inst/gthe3_channel_gen.gen_gthe3_channel_inst[0].GTHE3_CHANNEL_PRIM_INST/TXOUTCLK
                         net (fo=3, routed)           0.082     0.082    u_phy_wrapper/u_pcie_phy/inst/Uscale_gt.us_gt_phy_wrapper/phy_clk_i/CLK_USERCLK_IN
    BUFG_GT_X0Y25        BUFG_GT (Prop_BUFG_GT_I_O)
                                                      0.315     0.397 r  u_phy_wrapper/u_pcie_phy/inst/Uscale_gt.us_gt_phy_wrapper/phy_clk_i/bufg_gt_pclk/O
    X2Y1 (CLOCK_ROOT)    net (fo=1994, routed)        2.142     2.539    u_ila_phy/inst/ila_core_inst/xsdb_memory_read_inst/s_dclk_o
    SLICE_X82Y121        SRL16E                                       r  u_ila_phy/inst/ila_core_inst/xsdb_memory_read_inst/multiple_read_latency.read_enable_out_reg[2]_srl3/CLK
  -------------------------------------------------------------------    -------------------
    SLICE_X82Y121        SRL16E (Prop_H6LUT_SLICEM_CLK_Q)
                                                      0.547     3.086 f  u_ila_phy/inst/ila_core_inst/xsdb_memory_read_inst/multiple_read_latency.read_enable_out_reg[2]_srl3/Q
                         net (fo=7, routed)           0.695     3.781    u_ila_phy/inst/ila_core_inst/ila_trace_memory_inst/SUBCORE_RAM_BLK_MEM_1.trace_block_memory/inst_blk_mem_gen/gnbram.gnativebmg.native_blk_mem_gen/valid.cstr/ramloop[8].ram.r/prim_noinit.ram/pwropt_1
    SLICE_X89Y121        LUT4 (Prop_A5LUT_SLICEL_I2_O)
                                                      0.093     3.874 r  u_ila_phy/inst/ila_core_inst/ila_trace_memory_inst/SUBCORE_RAM_BLK_MEM_1.trace_block_memory/inst_blk_mem_gen/gnbram.gnativebmg.native_blk_mem_gen/valid.cstr/ramloop[8].ram.r/prim_noinit.ram/DEVICE_8SERIES.NO_BMM_INFO.SDP.SIMPLE_PRIM36.ram_REGCEB_cooolgate_en_gate_20_LOPT_REMAP/O
                         net (fo=1, routed)           0.982     4.856    u_ila_phy/inst/ila_core_inst/ila_trace_memory_inst/SUBCORE_RAM_BLK_MEM_1.trace_block_memory/inst_blk_mem_gen/gnbram.gnativebmg.native_blk_mem_gen/valid.cstr/ramloop[8].ram.r/prim_noinit.ram/DEVICE_8SERIES.NO_BMM_INFO.SDP.SIMPLE_PRIM36.ram_REGCEB_cooolgate_en_sig_15
    RAMB36_X8Y22         RAMB36E2                                     r  u_ila_phy/inst/ila_core_inst/ila_trace_memory_inst/SUBCORE_RAM_BLK_MEM_1.trace_block_memory/inst_blk_mem_gen/gnbram.gnativebmg.native_blk_mem_gen/valid.cstr/ramloop[8].ram.r/prim_noinit.ram/DEVICE_8SERIES.NO_BMM_INFO.SDP.SIMPLE_PRIM36.ram/REGCEB
  -------------------------------------------------------------------    -------------------

                         (clock txoutclk_out[0] rise edge)
                                                      4.000     4.000 r  
    GTHE3_CHANNEL_X0Y7   GTHE3_CHANNEL                0.000     4.000 r  u_phy_wrapper/u_pcie_phy/inst/Uscale_gt.us_gt_phy_wrapper/gt_wizard.gtwizard_top_i/pcie_phy_0_gt_i/inst/gen_gtwizard_gthe3_top.pcie_phy_0_gt_gtwizard_gthe3_inst/gen_gtwizard_gthe3.gen_channel_container[1].gen_enabled_channel.gthe3_channel_wrapper_inst/channel_inst/gthe3_channel_gen.gen_gthe3_channel_inst[0].GTHE3_CHANNEL_PRIM_INST/TXOUTCLK
                         net (fo=3, routed)           0.046     4.046    u_phy_wrapper/u_pcie_phy/inst/Uscale_gt.us_gt_phy_wrapper/phy_clk_i/CLK_USERCLK_IN
    BUFG_GT_X0Y25        BUFG_GT (Prop_BUFG_GT_I_O)
                                                      0.283     4.329 r  u_phy_wrapper/u_pcie_phy/inst/Uscale_gt.us_gt_phy_wrapper/phy_clk_i/bufg_gt_pclk/O
    X2Y1 (CLOCK_ROOT)    net (fo=1994, routed)        1.831     6.160    u_ila_phy/inst/ila_core_inst/ila_trace_memory_inst/SUBCORE_RAM_BLK_MEM_1.trace_block_memory/inst_blk_mem_gen/gnbram.gnativebmg.native_blk_mem_gen/valid.cstr/ramloop[8].ram.r/prim_noinit.ram/clkb
    RAMB36_X8Y22         RAMB36E2                                     r  u_ila_phy/inst/ila_core_inst/ila_trace_memory_inst/SUBCORE_RAM_BLK_MEM_1.trace_block_memory/inst_blk_mem_gen/gnbram.gnativebmg.native_blk_mem_gen/valid.cstr/ramloop[8].ram.r/prim_noinit.ram/DEVICE_8SERIES.NO_BMM_INFO.SDP.SIMPLE_PRIM36.ram/CLKBWRCLK
                         clock pessimism              0.124     6.284    
                         clock uncertainty           -0.035     6.249    
    RAMB36_X8Y22         RAMB36E2 (Setup_RAMB36E2_RAMB36_CLKBWRCLK_REGCEB)
                                                     -0.416     5.833    u_ila_phy/inst/ila_core_inst/ila_trace_memory_inst/SUBCORE_RAM_BLK_MEM_1.trace_block_memory/inst_blk_mem_gen/gnbram.gnativebmg.native_blk_mem_gen/valid.cstr/ramloop[8].ram.r/prim_noinit.ram/DEVICE_8SERIES.NO_BMM_INFO.SDP.SIMPLE_PRIM36.ram
  -------------------------------------------------------------------
                         required time                          5.833    
                         arrival time                          -4.856    
  -------------------------------------------------------------------
                         slack                                  0.977    





Min Delay Paths
--------------------------------------------------------------------------------------
Slack (MET) :             0.004ns  (arrival time - required time)
  Source:                 u_ila_phy/inst/ila_core_inst/u_trig/U_TM/N_DDR_MODE.G_NMU[0].U_M/allx_typeA_match_detection.ltlib_v1_0_0_allx_typeA_inst/DUT/I_WHOLE_SLICE.G_SLICE_IDX[2].U_ALL_SRL_SLICE/u_srlA/S1/CLK
                            (rising edge-triggered cell SRLC32E clocked by txoutclk_out[0]  {rise@0.000ns fall@2.000ns period=4.000ns})
  Destination:            u_ila_phy/inst/ila_core_inst/u_trig/U_TM/N_DDR_MODE.G_NMU[0].U_M/allx_typeA_match_detection.ltlib_v1_0_0_allx_typeA_inst/DUT/I_WHOLE_SLICE.G_SLICE_IDX[1].U_ALL_SRL_SLICE/u_srlD/S2/D
                            (rising edge-triggered cell SRL16E clocked by txoutclk_out[0]  {rise@0.000ns fall@2.000ns period=4.000ns})
  Path Group:             txoutclk_out[0]
  Path Type:              Hold (Min at Slow Process Corner)
  Requirement:            0.000ns  (txoutclk_out[0] rise@0.000ns - txoutclk_out[0] rise@0.000ns)
  Data Path Delay:        0.255ns  (logic 0.255ns (100.000%)  route 0.000ns (0.000%))
  Logic Levels:           0  
  Clock Path Skew:        0.007ns (DCD - SCD - CPR)
    Destination Clock Delay (DCD):    2.479ns
    Source Clock Delay      (SCD):    2.160ns
    Clock Pessimism Removal (CPR):    0.312ns
  Clock Net Delay (Source):      1.831ns (routing 0.572ns, distribution 1.259ns)
  Clock Net Delay (Destination): 2.082ns (routing 0.628ns, distribution 1.454ns)

    Location             Delay type                Incr(ns)  Path(ns)    Netlist Resource(s)
  -------------------------------------------------------------------    -------------------
                         (clock txoutclk_out[0] rise edge)
                                                      0.000     0.000 r  
    GTHE3_CHANNEL_X0Y7   GTHE3_CHANNEL                0.000     0.000 r  u_phy_wrapper/u_pcie_phy/inst/Uscale_gt.us_gt_phy_wrapper/gt_wizard.gtwizard_top_i/pcie_phy_0_gt_i/inst/gen_gtwizard_gthe3_top.pcie_phy_0_gt_gtwizard_gthe3_inst/gen_gtwizard_gthe3.gen_channel_container[1].gen_enabled_channel.gthe3_channel_wrapper_inst/channel_inst/gthe3_channel_gen.gen_gthe3_channel_inst[0].GTHE3_CHANNEL_PRIM_INST/TXOUTCLK
                         net (fo=3, routed)           0.046     0.046    u_phy_wrapper/u_pcie_phy/inst/Uscale_gt.us_gt_phy_wrapper/phy_clk_i/CLK_USERCLK_IN
    BUFG_GT_X0Y25        BUFG_GT (Prop_BUFG_GT_I_O)
                                                      0.283     0.329 r  u_phy_wrapper/u_pcie_phy/inst/Uscale_gt.us_gt_phy_wrapper/phy_clk_i/bufg_gt_pclk/O
    X2Y1 (CLOCK_ROOT)    net (fo=1994, routed)        1.831     2.160    u_ila_phy/inst/ila_core_inst/u_trig/U_TM/N_DDR_MODE.G_NMU[0].U_M/allx_typeA_match_detection.ltlib_v1_0_0_allx_typeA_inst/DUT/I_WHOLE_SLICE.G_SLICE_IDX[2].U_ALL_SRL_SLICE/u_srlA/CLK
    SLICE_X82Y119        SRLC32E                                      r  u_ila_phy/inst/ila_core_inst/u_trig/U_TM/N_DDR_MODE.G_NMU[0].U_M/allx_typeA_match_detection.ltlib_v1_0_0_allx_typeA_inst/DUT/I_WHOLE_SLICE.G_SLICE_IDX[2].U_ALL_SRL_SLICE/u_srlA/S1/CLK
  -------------------------------------------------------------------    -------------------
    SLICE_X82Y119        SRLC32E (Prop_E6LUT_SLICEM_CLK_Q31)
                                                      0.255     2.415 r  u_ila_phy/inst/ila_core_inst/u_trig/U_TM/N_DDR_MODE.G_NMU[0].U_M/allx_typeA_match_detection.ltlib_v1_0_0_allx_typeA_inst/DUT/I_WHOLE_SLICE.G_SLICE_IDX[2].U_ALL_SRL_SLICE/u_srlA/S1/Q31
                         net (fo=2, unplaced)         0.000     2.415    u_ila_phy/inst/ila_core_inst/u_trig/U_TM/N_DDR_MODE.G_NMU[0].U_M/allx_typeA_match_detection.ltlib_v1_0_0_allx_typeA_inst/DUT/I_WHOLE_SLICE.G_SLICE_IDX[1].U_ALL_SRL_SLICE/u_srlD/CDI
    SLICE_X82Y119        SRL16E                                       r  u_ila_phy/inst/ila_core_inst/u_trig/U_TM/N_DDR_MODE.G_NMU[0].U_M/allx_typeA_match_detection.ltlib_v1_0_0_allx_typeA_inst/DUT/I_WHOLE_SLICE.G_SLICE_IDX[1].U_ALL_SRL_SLICE/u_srlD/S2/D
  -------------------------------------------------------------------    -------------------

                         (clock txoutclk_out[0] rise edge)
                                                      0.000     0.000 r  
    GTHE3_CHANNEL_X0Y7   GTHE3_CHANNEL                0.000     0.000 r  u_phy_wrapper/u_pcie_phy/inst/Uscale_gt.us_gt_phy_wrapper/gt_wizard.gtwizard_top_i/pcie_phy_0_gt_i/inst/gen_gtwizard_gthe3_top.pcie_phy_0_gt_gtwizard_gthe3_inst/gen_gtwizard_gthe3.gen_channel_container[1].gen_enabled_channel.gthe3_channel_wrapper_inst/channel_inst/gthe3_channel_gen.gen_gthe3_channel_inst[0].GTHE3_CHANNEL_PRIM_INST/TXOUTCLK
                         net (fo=3, routed)           0.082     0.082    u_phy_wrapper/u_pcie_phy/inst/Uscale_gt.us_gt_phy_wrapper/phy_clk_i/CLK_USERCLK_IN
    BUFG_GT_X0Y25        BUFG_GT (Prop_BUFG_GT_I_O)
                                                      0.315     0.397 r  u_phy_wrapper/u_pcie_phy/inst/Uscale_gt.us_gt_phy_wrapper/phy_clk_i/bufg_gt_pclk/O
    X2Y1 (CLOCK_ROOT)    net (fo=1994, routed)        2.082     2.479    u_ila_phy/inst/ila_core_inst/u_trig/U_TM/N_DDR_MODE.G_NMU[0].U_M/allx_typeA_match_detection.ltlib_v1_0_0_allx_typeA_inst/DUT/I_WHOLE_SLICE.G_SLICE_IDX[1].U_ALL_SRL_SLICE/u_srlD/CLK
    SLICE_X82Y119        SRL16E                                       r  u_ila_phy/inst/ila_core_inst/u_trig/U_TM/N_DDR_MODE.G_NMU[0].U_M/allx_typeA_match_detection.ltlib_v1_0_0_allx_typeA_inst/DUT/I_WHOLE_SLICE.G_SLICE_IDX[1].U_ALL_SRL_SLICE/u_srlD/S2/CLK
                         clock pessimism             -0.312     2.167    
    SLICE_X82Y119        SRL16E (Hold_D5LUT_SLICEM_CLK_D)
                                                      0.244     2.411    u_ila_phy/inst/ila_core_inst/u_trig/U_TM/N_DDR_MODE.G_NMU[0].U_M/allx_typeA_match_detection.ltlib_v1_0_0_allx_typeA_inst/DUT/I_WHOLE_SLICE.G_SLICE_IDX[1].U_ALL_SRL_SLICE/u_srlD/S2
  -------------------------------------------------------------------
                         required time                         -2.411    
                         arrival time                           2.415    
  -------------------------------------------------------------------
                         slack                                  0.004    





Pulse Width Checks
--------------------------------------------------------------------------------------
Clock Name:         txoutclk_out[0]
Waveform(ns):       { 0.000 2.000 }
Period(ns):         4.000
Sources:            { u_phy_wrapper/u_pcie_phy/inst/Uscale_gt.us_gt_phy_wrapper/gt_wizard.gtwizard_top_i/pcie_phy_0_gt_i/inst/gen_gtwizard_gthe3_top.pcie_phy_0_gt_gtwizard_gthe3_inst/gen_gtwizard_gthe3.gen_channel_container[1].gen_enabled_channel.gthe3_channel_wrapper_inst/channel_inst/gthe3_channel_gen.gen_gthe3_channel_inst[0].GTHE3_CHANNEL_PRIM_INST/TXOUTCLK }

Check Type        Corner  Lib Pin                 Reference Pin            Required(ns)  Actual(ns)  Slack(ns)  Location            Pin
Min Period        n/a     GTHE3_CHANNEL/RXUSRCLK  n/a                      2.443         4.000       1.557      GTHE3_CHANNEL_X0Y7  u_phy_wrapper/u_pcie_phy/inst/Uscale_gt.us_gt_phy_wrapper/gt_wizard.gtwizard_top_i/pcie_phy_0_gt_i/inst/gen_gtwizard_gthe3_top.pcie_phy_0_gt_gtwizard_gthe3_inst/gen_gtwizard_gthe3.gen_channel_container[1].gen_enabled_channel.gthe3_channel_wrapper_inst/channel_inst/gthe3_channel_gen.gen_gthe3_channel_inst[0].GTHE3_CHANNEL_PRIM_INST/RXUSRCLK
Low Pulse Width   Slow    GTHE3_CHANNEL/RXUSRCLK  n/a                      1.100         2.000       0.900      GTHE3_CHANNEL_X0Y7  u_phy_wrapper/u_pcie_phy/inst/Uscale_gt.us_gt_phy_wrapper/gt_wizard.gtwizard_top_i/pcie_phy_0_gt_i/inst/gen_gtwizard_gthe3_top.pcie_phy_0_gt_gtwizard_gthe3_inst/gen_gtwizard_gthe3.gen_channel_container[1].gen_enabled_channel.gthe3_channel_wrapper_inst/channel_inst/gthe3_channel_gen.gen_gthe3_channel_inst[0].GTHE3_CHANNEL_PRIM_INST/RXUSRCLK
High Pulse Width  Slow    GTHE3_CHANNEL/RXUSRCLK  n/a                      1.100         2.000       0.900      GTHE3_CHANNEL_X0Y7  u_phy_wrapper/u_pcie_phy/inst/Uscale_gt.us_gt_phy_wrapper/gt_wizard.gtwizard_top_i/pcie_phy_0_gt_i/inst/gen_gtwizard_gthe3_top.pcie_phy_0_gt_gtwizard_gthe3_inst/gen_gtwizard_gthe3.gen_channel_container[1].gen_enabled_channel.gthe3_channel_wrapper_inst/channel_inst/gthe3_channel_gen.gen_gthe3_channel_inst[0].GTHE3_CHANNEL_PRIM_INST/RXUSRCLK
Max Skew          Slow    GTHE3_CHANNEL/RXUSRCLK  GTHE3_CHANNEL/RXUSRCLK2  0.516         0.030       0.486      GTHE3_CHANNEL_X0Y7  u_phy_wrapper/u_pcie_phy/inst/Uscale_gt.us_gt_phy_wrapper/gt_wizard.gtwizard_top_i/pcie_phy_0_gt_i/inst/gen_gtwizard_gthe3_top.pcie_phy_0_gt_gtwizard_gthe3_inst/gen_gtwizard_gthe3.gen_channel_container[1].gen_enabled_channel.gthe3_channel_wrapper_inst/channel_inst/gthe3_channel_gen.gen_gthe3_channel_inst[0].GTHE3_CHANNEL_PRIM_INST/RXUSRCLK



---------------------------------------------------------------------------------------------------
From Clock:  txoutclk_out[0]
  To Clock:  dbg_hub/inst/BSCANID.u_xsdbm_id/SWITCH_N_EXT_BSCAN.bscan_inst/SERIES7_BSCAN.bscan_inst/TCK

Setup :            0  Failing Endpoints,  Worst Slack        3.281ns,  Total Violation        0.000ns
Hold  :           NA  Failing Endpoints,  Worst Slack           NA  ,  Total Violation           NA
---------------------------------------------------------------------------------------------------


Max Delay Paths
--------------------------------------------------------------------------------------
Slack (MET) :             3.281ns  (required time - arrival time)
  Source:                 dbg_hub/inst/BSCANID.u_xsdbm_id/CORE_XSDB.UUT_MASTER/U_ICON_INTERFACE/U_CMD6_WR/U_WR_FIFO/SUBCORE_FIFO.xsdbm_v3_0_0_wrfifo_inst/inst_fifo_gen/gconvfifo.rf/grf.rf/gntv_or_sync_fifo.gcx.clkx/gnxpm_cdc.rd_pntr_gc_reg[2]/C
                            (rising edge-triggered cell FDCE clocked by txoutclk_out[0]  {rise@0.000ns fall@2.000ns period=4.000ns})
  Destination:            dbg_hub/inst/BSCANID.u_xsdbm_id/CORE_XSDB.UUT_MASTER/U_ICON_INTERFACE/U_CMD6_WR/U_WR_FIFO/SUBCORE_FIFO.xsdbm_v3_0_0_wrfifo_inst/inst_fifo_gen/gconvfifo.rf/grf.rf/gntv_or_sync_fifo.gcx.clkx/gnxpm_cdc.gsync_stage[1].wr_stg_inst/Q_reg_reg[2]/D
                            (rising edge-triggered cell FDCE clocked by dbg_hub/inst/BSCANID.u_xsdbm_id/SWITCH_N_EXT_BSCAN.bscan_inst/SERIES7_BSCAN.bscan_inst/TCK  {rise@0.000ns fall@16.500ns period=33.000ns})
  Path Group:             dbg_hub/inst/BSCANID.u_xsdbm_id/SWITCH_N_EXT_BSCAN.bscan_inst/SERIES7_BSCAN.bscan_inst/TCK
  Path Type:              Setup (Max at Slow Process Corner)
  Requirement:            4.000ns  (MaxDelay Path 4.000ns)
  Data Path Delay:        0.779ns  (logic 0.116ns (14.891%)  route 0.663ns (85.109%))
  Logic Levels:           0  
  Timing Exception:       MaxDelay Path 4.000ns -datapath_only

    Location             Delay type                Incr(ns)  Path(ns)    Netlist Resource(s)
  -------------------------------------------------------------------    -------------------
    SLICE_X92Y133                                     0.000     0.000 r  dbg_hub/inst/BSCANID.u_xsdbm_id/CORE_XSDB.UUT_MASTER/U_ICON_INTERFACE/U_CMD6_WR/U_WR_FIFO/SUBCORE_FIFO.xsdbm_v3_0_0_wrfifo_inst/inst_fifo_gen/gconvfifo.rf/grf.rf/gntv_or_sync_fifo.gcx.clkx/gnxpm_cdc.rd_pntr_gc_reg[2]/C
    SLICE_X92Y133        FDCE (Prop_EFF2_SLICEL_C_Q)
                                                      0.116     0.116 r  dbg_hub/inst/BSCANID.u_xsdbm_id/CORE_XSDB.UUT_MASTER/U_ICON_INTERFACE/U_CMD6_WR/U_WR_FIFO/SUBCORE_FIFO.xsdbm_v3_0_0_wrfifo_inst/inst_fifo_gen/gconvfifo.rf/grf.rf/gntv_or_sync_fifo.gcx.clkx/gnxpm_cdc.rd_pntr_gc_reg[2]/Q
                         net (fo=1, routed)           0.663     0.779    dbg_hub/inst/BSCANID.u_xsdbm_id/CORE_XSDB.UUT_MASTER/U_ICON_INTERFACE/U_CMD6_WR/U_WR_FIFO/SUBCORE_FIFO.xsdbm_v3_0_0_wrfifo_inst/inst_fifo_gen/gconvfifo.rf/grf.rf/gntv_or_sync_fifo.gcx.clkx/gnxpm_cdc.gsync_stage[1].wr_stg_inst/Q[2]
    SLICE_X92Y134        FDCE                                         r  dbg_hub/inst/BSCANID.u_xsdbm_id/CORE_XSDB.UUT_MASTER/U_ICON_INTERFACE/U_CMD6_WR/U_WR_FIFO/SUBCORE_FIFO.xsdbm_v3_0_0_wrfifo_inst/inst_fifo_gen/gconvfifo.rf/grf.rf/gntv_or_sync_fifo.gcx.clkx/gnxpm_cdc.gsync_stage[1].wr_stg_inst/Q_reg_reg[2]/D
  -------------------------------------------------------------------    -------------------

                         max delay                    4.000     4.000    
    SLICE_X92Y134        FDCE (Setup_FFF2_SLICEL_C_D)
                                                      0.060     4.060    dbg_hub/inst/BSCANID.u_xsdbm_id/CORE_XSDB.UUT_MASTER/U_ICON_INTERFACE/U_CMD6_WR/U_WR_FIFO/SUBCORE_FIFO.xsdbm_v3_0_0_wrfifo_inst/inst_fifo_gen/gconvfifo.rf/grf.rf/gntv_or_sync_fifo.gcx.clkx/gnxpm_cdc.gsync_stage[1].wr_stg_inst/Q_reg_reg[2]
  -------------------------------------------------------------------
                         required time                          4.060    
                         arrival time                          -0.779    
  -------------------------------------------------------------------
                         slack                                  3.281    





---------------------------------------------------------------------------------------------------
From Clock:  dbg_hub/inst/BSCANID.u_xsdbm_id/SWITCH_N_EXT_BSCAN.bscan_inst/SERIES7_BSCAN.bscan_inst/TCK
  To Clock:  txoutclk_out[0]

Setup :            0  Failing Endpoints,  Worst Slack       32.154ns,  Total Violation        0.000ns
Hold  :           NA  Failing Endpoints,  Worst Slack           NA  ,  Total Violation           NA
---------------------------------------------------------------------------------------------------


Max Delay Paths
--------------------------------------------------------------------------------------
Slack (MET) :             32.154ns  (required time - arrival time)
  Source:                 dbg_hub/inst/BSCANID.u_xsdbm_id/CORE_XSDB.UUT_MASTER/U_ICON_INTERFACE/U_CMD6_WR/U_WR_FIFO/SUBCORE_FIFO.xsdbm_v3_0_0_wrfifo_inst/inst_fifo_gen/gconvfifo.rf/grf.rf/gntv_or_sync_fifo.gcx.clkx/gnxpm_cdc.wr_pntr_gc_reg[2]/C
                            (rising edge-triggered cell FDCE clocked by dbg_hub/inst/BSCANID.u_xsdbm_id/SWITCH_N_EXT_BSCAN.bscan_inst/SERIES7_BSCAN.bscan_inst/TCK  {rise@0.000ns fall@16.500ns period=33.000ns})
  Destination:            dbg_hub/inst/BSCANID.u_xsdbm_id/CORE_XSDB.UUT_MASTER/U_ICON_INTERFACE/U_CMD6_WR/U_WR_FIFO/SUBCORE_FIFO.xsdbm_v3_0_0_wrfifo_inst/inst_fifo_gen/gconvfifo.rf/grf.rf/gntv_or_sync_fifo.gcx.clkx/gnxpm_cdc.gsync_stage[1].rd_stg_inst/Q_reg_reg[2]/D
                            (rising edge-triggered cell FDCE clocked by txoutclk_out[0]  {rise@0.000ns fall@2.000ns period=4.000ns})
  Path Group:             txoutclk_out[0]
  Path Type:              Setup (Max at Slow Process Corner)
  Requirement:            33.000ns  (MaxDelay Path 33.000ns)
  Data Path Delay:        0.906ns  (logic 0.114ns (12.583%)  route 0.792ns (87.417%))
  Logic Levels:           0  
  Timing Exception:       MaxDelay Path 33.000ns -datapath_only

    Location             Delay type                Incr(ns)  Path(ns)    Netlist Resource(s)
  -------------------------------------------------------------------    -------------------
    SLICE_X93Y133                                     0.000     0.000 r  dbg_hub/inst/BSCANID.u_xsdbm_id/CORE_XSDB.UUT_MASTER/U_ICON_INTERFACE/U_CMD6_WR/U_WR_FIFO/SUBCORE_FIFO.xsdbm_v3_0_0_wrfifo_inst/inst_fifo_gen/gconvfifo.rf/grf.rf/gntv_or_sync_fifo.gcx.clkx/gnxpm_cdc.wr_pntr_gc_reg[2]/C
    SLICE_X93Y133        FDCE (Prop_DFF_SLICEL_C_Q)
                                                      0.114     0.114 r  dbg_hub/inst/BSCANID.u_xsdbm_id/CORE_XSDB.UUT_MASTER/U_ICON_INTERFACE/U_CMD6_WR/U_WR_FIFO/SUBCORE_FIFO.xsdbm_v3_0_0_wrfifo_inst/inst_fifo_gen/gconvfifo.rf/grf.rf/gntv_or_sync_fifo.gcx.clkx/gnxpm_cdc.wr_pntr_gc_reg[2]/Q
                         net (fo=1, routed)           0.792     0.906    dbg_hub/inst/BSCANID.u_xsdbm_id/CORE_XSDB.UUT_MASTER/U_ICON_INTERFACE/U_CMD6_WR/U_WR_FIFO/SUBCORE_FIFO.xsdbm_v3_0_0_wrfifo_inst/inst_fifo_gen/gconvfifo.rf/grf.rf/gntv_or_sync_fifo.gcx.clkx/gnxpm_cdc.gsync_stage[1].rd_stg_inst/Q[2]
    SLICE_X93Y133        FDCE                                         r  dbg_hub/inst/BSCANID.u_xsdbm_id/CORE_XSDB.UUT_MASTER/U_ICON_INTERFACE/U_CMD6_WR/U_WR_FIFO/SUBCORE_FIFO.xsdbm_v3_0_0_wrfifo_inst/inst_fifo_gen/gconvfifo.rf/grf.rf/gntv_or_sync_fifo.gcx.clkx/gnxpm_cdc.gsync_stage[1].rd_stg_inst/Q_reg_reg[2]/D
  -------------------------------------------------------------------    -------------------

                         max delay                   33.000    33.000    
    SLICE_X93Y133        FDCE (Setup_HFF2_SLICEL_C_D)
                                                      0.060    33.060    dbg_hub/inst/BSCANID.u_xsdbm_id/CORE_XSDB.UUT_MASTER/U_ICON_INTERFACE/U_CMD6_WR/U_WR_FIFO/SUBCORE_FIFO.xsdbm_v3_0_0_wrfifo_inst/inst_fifo_gen/gconvfifo.rf/grf.rf/gntv_or_sync_fifo.gcx.clkx/gnxpm_cdc.gsync_stage[1].rd_stg_inst/Q_reg_reg[2]
  -------------------------------------------------------------------
                         required time                         33.060    
                         arrival time                          -0.906    
  -------------------------------------------------------------------
                         slack                                 32.154    





---------------------------------------------------------------------------------------------------
Path Group:  **async_default**
From Clock:  dbg_hub/inst/BSCANID.u_xsdbm_id/SWITCH_N_EXT_BSCAN.bscan_inst/SERIES7_BSCAN.bscan_inst/TCK
  To Clock:  dbg_hub/inst/BSCANID.u_xsdbm_id/SWITCH_N_EXT_BSCAN.bscan_inst/SERIES7_BSCAN.bscan_inst/TCK

Setup :            0  Failing Endpoints,  Worst Slack       30.984ns,  Total Violation        0.000ns
Hold  :            0  Failing Endpoints,  Worst Slack        0.145ns,  Total Violation        0.000ns
---------------------------------------------------------------------------------------------------


Max Delay Paths
--------------------------------------------------------------------------------------
Slack (MET) :             30.984ns  (required time - arrival time)
  Source:                 dbg_hub/inst/BSCANID.u_xsdbm_id/SWITCH_N_EXT_BSCAN.bscan_switch/portno_reg[0]/C
                            (rising edge-triggered cell FDRE clocked by dbg_hub/inst/BSCANID.u_xsdbm_id/SWITCH_N_EXT_BSCAN.bscan_inst/SERIES7_BSCAN.bscan_inst/TCK  {rise@0.000ns fall@16.500ns period=33.000ns})
  Destination:            dbg_hub/inst/BSCANID.u_xsdbm_id/CORE_XSDB.U_ICON/U_CMD/iTARGET_reg[12]/CLR
                            (recovery check against rising-edge clock dbg_hub/inst/BSCANID.u_xsdbm_id/SWITCH_N_EXT_BSCAN.bscan_inst/SERIES7_BSCAN.bscan_inst/TCK  {rise@0.000ns fall@16.500ns period=33.000ns})
  Path Group:             **async_default**
  Path Type:              Recovery (Max at Slow Process Corner)
  Requirement:            33.000ns  (dbg_hub/inst/BSCANID.u_xsdbm_id/SWITCH_N_EXT_BSCAN.bscan_inst/SERIES7_BSCAN.bscan_inst/TCK rise@33.000ns - dbg_hub/inst/BSCANID.u_xsdbm_id/SWITCH_N_EXT_BSCAN.bscan_inst/SERIES7_BSCAN.bscan_inst/TCK rise@0.000ns)
  Data Path Delay:        1.735ns  (logic 0.481ns (27.723%)  route 1.254ns (72.277%))
  Logic Levels:           2  (LUT4=1 LUT6=1)
  Clock Path Skew:        -0.163ns (DCD - SCD + CPR)
    Destination Clock Delay (DCD):    6.604ns = ( 39.604 - 33.000 ) 
    Source Clock Delay      (SCD):    7.949ns
    Clock Pessimism Removal (CPR):    1.182ns
  Clock Uncertainty:      0.035ns  ((TSJ^2 + TIJ^2)^1/2 + DJ) / 2 + PE
    Total System Jitter     (TSJ):    0.071ns
    Total Input Jitter      (TIJ):    0.000ns
    Discrete Jitter          (DJ):    0.000ns
    Phase Error              (PE):    0.000ns
  Clock Net Delay (Source):      3.148ns (routing 1.832ns, distribution 1.316ns)
  Clock Net Delay (Destination): 2.791ns (routing 1.681ns, distribution 1.110ns)

    Location             Delay type                Incr(ns)  Path(ns)    Netlist Resource(s)
  -------------------------------------------------------------------    -------------------
                         (clock dbg_hub/inst/BSCANID.u_xsdbm_id/SWITCH_N_EXT_BSCAN.bscan_inst/SERIES7_BSCAN.bscan_inst/TCK rise edge)
                                                      0.000     0.000 r  
    CONFIG_SITE_X0Y0     BSCANE2                      0.000     0.000 r  dbg_hub/inst/BSCANID.u_xsdbm_id/SWITCH_N_EXT_BSCAN.bscan_inst/SERIES7_BSCAN.bscan_inst/TCK
                         net (fo=1, routed)           4.718     4.718    dbg_hub/inst/BSCANID.u_xsdbm_id/tck_bs
    BUFGCE_X0Y96         BUFGCE (Prop_BUFCE_BUFGCE_I_O)
                                                      0.083     4.801 r  dbg_hub/inst/BSCANID.u_xsdbm_id/SWITCH_N_EXT_BSCAN.u_bufg_icon_tck/O
    X3Y2 (CLOCK_ROOT)    net (fo=478, routed)         3.148     7.949    dbg_hub/inst/BSCANID.u_xsdbm_id/SWITCH_N_EXT_BSCAN.bscan_switch/s_bscan_tck
    SLICE_X88Y137        FDRE                                         r  dbg_hub/inst/BSCANID.u_xsdbm_id/SWITCH_N_EXT_BSCAN.bscan_switch/portno_reg[0]/C
  -------------------------------------------------------------------    -------------------
    SLICE_X88Y137        FDRE (Prop_CFF_SLICEL_C_Q)
                                                      0.114     8.063 f  dbg_hub/inst/BSCANID.u_xsdbm_id/SWITCH_N_EXT_BSCAN.bscan_switch/portno_reg[0]/Q
                         net (fo=1, routed)           0.212     8.275    dbg_hub/inst/BSCANID.u_xsdbm_id/SWITCH_N_EXT_BSCAN.bscan_switch/portno[0]
    SLICE_X88Y137        LUT6 (Prop_D6LUT_SLICEL_I2_O)
                                                      0.175     8.450 f  dbg_hub/inst/BSCANID.u_xsdbm_id/SWITCH_N_EXT_BSCAN.bscan_switch/m_bscan_drck[0]_INST_0_i_1/O
                         net (fo=5, routed)           0.313     8.763    dbg_hub/inst/BSCANID.u_xsdbm_id/SWITCH_N_EXT_BSCAN.bscan_switch/m_bscan_drck[0]_INST_0_i_1_n_0
    SLICE_X88Y139        LUT4 (Prop_C5LUT_SLICEL_I3_O)
                                                      0.192     8.955 r  dbg_hub/inst/BSCANID.u_xsdbm_id/SWITCH_N_EXT_BSCAN.bscan_switch/m_bscan_sel[0]_INST_0/O
                         net (fo=11, routed)          0.729     9.684    dbg_hub/inst/BSCANID.u_xsdbm_id/CORE_XSDB.U_ICON/U_CMD/iTARGET_reg[6]_0
    SLICE_X86Y140        FDCE                                         f  dbg_hub/inst/BSCANID.u_xsdbm_id/CORE_XSDB.U_ICON/U_CMD/iTARGET_reg[12]/CLR  (IS_INVERTED)
  -------------------------------------------------------------------    -------------------

                         (clock dbg_hub/inst/BSCANID.u_xsdbm_id/SWITCH_N_EXT_BSCAN.bscan_inst/SERIES7_BSCAN.bscan_inst/TCK rise edge)
                                                     33.000    33.000 r  
    CONFIG_SITE_X0Y0     BSCANE2                      0.000    33.000 r  dbg_hub/inst/BSCANID.u_xsdbm_id/SWITCH_N_EXT_BSCAN.bscan_inst/SERIES7_BSCAN.bscan_inst/TCK
                         net (fo=1, routed)           3.738    36.738    dbg_hub/inst/BSCANID.u_xsdbm_id/tck_bs
    BUFGCE_X0Y96         BUFGCE (Prop_BUFCE_BUFGCE_I_O)
                                                      0.075    36.813 r  dbg_hub/inst/BSCANID.u_xsdbm_id/SWITCH_N_EXT_BSCAN.u_bufg_icon_tck/O
    X3Y2 (CLOCK_ROOT)    net (fo=478, routed)         2.791    39.604    dbg_hub/inst/BSCANID.u_xsdbm_id/CORE_XSDB.U_ICON/U_CMD/m_bscan_tck[0]
    SLICE_X86Y140        FDCE                                         r  dbg_hub/inst/BSCANID.u_xsdbm_id/CORE_XSDB.U_ICON/U_CMD/iTARGET_reg[12]/C
                         clock pessimism              1.182    40.786    
                         clock uncertainty           -0.035    40.750    
    SLICE_X86Y140        FDCE (Recov_EFF_SLICEL_C_CLR)
                                                     -0.082    40.668    dbg_hub/inst/BSCANID.u_xsdbm_id/CORE_XSDB.U_ICON/U_CMD/iTARGET_reg[12]
  -------------------------------------------------------------------
                         required time                         40.668    
                         arrival time                          -9.684    
  -------------------------------------------------------------------
                         slack                                 30.984    





Min Delay Paths
--------------------------------------------------------------------------------------
Slack (MET) :             0.145ns  (arrival time - required time)
  Source:                 dbg_hub/inst/BSCANID.u_xsdbm_id/CORE_XSDB.UUT_MASTER/U_ICON_INTERFACE/U_CMD6_RD/U_RD_FIFO/SUBCORE_FIFO.xsdbm_v3_0_0_rdfifo_inst/inst_fifo_gen/gconvfifo.rf/grf.rf/rstblk/ngwrdrst.grst.g7serrst.rd_rst_reg_reg[2]/C
                            (rising edge-triggered cell FDPE clocked by dbg_hub/inst/BSCANID.u_xsdbm_id/SWITCH_N_EXT_BSCAN.bscan_inst/SERIES7_BSCAN.bscan_inst/TCK  {rise@0.000ns fall@16.500ns period=33.000ns})
  Destination:            dbg_hub/inst/BSCANID.u_xsdbm_id/CORE_XSDB.UUT_MASTER/U_ICON_INTERFACE/U_CMD6_RD/U_RD_FIFO/SUBCORE_FIFO.xsdbm_v3_0_0_rdfifo_inst/inst_fifo_gen/gconvfifo.rf/grf.rf/gntv_or_sync_fifo.gl0.rd/gr1.gr1_int.rfwft/empty_fwft_fb_i_reg/PRE
                            (removal check against rising-edge clock dbg_hub/inst/BSCANID.u_xsdbm_id/SWITCH_N_EXT_BSCAN.bscan_inst/SERIES7_BSCAN.bscan_inst/TCK  {rise@0.000ns fall@16.500ns period=33.000ns})
  Path Group:             **async_default**
  Path Type:              Removal (Min at Fast Process Corner)
  Requirement:            0.000ns  (dbg_hub/inst/BSCANID.u_xsdbm_id/SWITCH_N_EXT_BSCAN.bscan_inst/SERIES7_BSCAN.bscan_inst/TCK rise@0.000ns - dbg_hub/inst/BSCANID.u_xsdbm_id/SWITCH_N_EXT_BSCAN.bscan_inst/SERIES7_BSCAN.bscan_inst/TCK rise@0.000ns)
  Data Path Delay:        0.180ns  (logic 0.049ns (27.222%)  route 0.131ns (72.778%))
  Logic Levels:           0  
  Clock Path Skew:        0.030ns (DCD - SCD - CPR)
    Destination Clock Delay (DCD):    4.931ns
    Source Clock Delay      (SCD):    3.854ns
    Clock Pessimism Removal (CPR):    1.047ns
  Clock Net Delay (Source):      1.443ns (routing 0.928ns, distribution 0.515ns)
  Clock Net Delay (Destination): 1.665ns (routing 1.034ns, distribution 0.631ns)

    Location             Delay type                Incr(ns)  Path(ns)    Netlist Resource(s)
  -------------------------------------------------------------------    -------------------
                         (clock dbg_hub/inst/BSCANID.u_xsdbm_id/SWITCH_N_EXT_BSCAN.bscan_inst/SERIES7_BSCAN.bscan_inst/TCK rise edge)
                                                      0.000     0.000 r  
    CONFIG_SITE_X0Y0     BSCANE2                      0.000     0.000 r  dbg_hub/inst/BSCANID.u_xsdbm_id/SWITCH_N_EXT_BSCAN.bscan_inst/SERIES7_BSCAN.bscan_inst/TCK
                         net (fo=1, routed)           2.384     2.384    dbg_hub/inst/BSCANID.u_xsdbm_id/tck_bs
    BUFGCE_X0Y96         BUFGCE (Prop_BUFCE_BUFGCE_I_O)
                                                      0.027     2.411 r  dbg_hub/inst/BSCANID.u_xsdbm_id/SWITCH_N_EXT_BSCAN.u_bufg_icon_tck/O
    X3Y2 (CLOCK_ROOT)    net (fo=478, routed)         1.443     3.854    dbg_hub/inst/BSCANID.u_xsdbm_id/CORE_XSDB.UUT_MASTER/U_ICON_INTERFACE/U_CMD6_RD/U_RD_FIFO/SUBCORE_FIFO.xsdbm_v3_0_0_rdfifo_inst/inst_fifo_gen/gconvfifo.rf/grf.rf/rstblk/rd_clk
    SLICE_X81Y134        FDPE                                         r  dbg_hub/inst/BSCANID.u_xsdbm_id/CORE_XSDB.UUT_MASTER/U_ICON_INTERFACE/U_CMD6_RD/U_RD_FIFO/SUBCORE_FIFO.xsdbm_v3_0_0_rdfifo_inst/inst_fifo_gen/gconvfifo.rf/grf.rf/rstblk/ngwrdrst.grst.g7serrst.rd_rst_reg_reg[2]/C
  -------------------------------------------------------------------    -------------------
    SLICE_X81Y134        FDPE (Prop_BFF_SLICEM_C_Q)
                                                      0.049     3.903 f  dbg_hub/inst/BSCANID.u_xsdbm_id/CORE_XSDB.UUT_MASTER/U_ICON_INTERFACE/U_CMD6_RD/U_RD_FIFO/SUBCORE_FIFO.xsdbm_v3_0_0_rdfifo_inst/inst_fifo_gen/gconvfifo.rf/grf.rf/rstblk/ngwrdrst.grst.g7serrst.rd_rst_reg_reg[2]/Q
                         net (fo=18, routed)          0.131     4.034    dbg_hub/inst/BSCANID.u_xsdbm_id/CORE_XSDB.UUT_MASTER/U_ICON_INTERFACE/U_CMD6_RD/U_RD_FIFO/SUBCORE_FIFO.xsdbm_v3_0_0_rdfifo_inst/inst_fifo_gen/gconvfifo.rf/grf.rf/gntv_or_sync_fifo.gl0.rd/gr1.gr1_int.rfwft/out[1]
    SLICE_X81Y134        FDPE                                         f  dbg_hub/inst/BSCANID.u_xsdbm_id/CORE_XSDB.UUT_MASTER/U_ICON_INTERFACE/U_CMD6_RD/U_RD_FIFO/SUBCORE_FIFO.xsdbm_v3_0_0_rdfifo_inst/inst_fifo_gen/gconvfifo.rf/grf.rf/gntv_or_sync_fifo.gl0.rd/gr1.gr1_int.rfwft/empty_fwft_fb_i_reg/PRE
  -------------------------------------------------------------------    -------------------

                         (clock dbg_hub/inst/BSCANID.u_xsdbm_id/SWITCH_N_EXT_BSCAN.bscan_inst/SERIES7_BSCAN.bscan_inst/TCK rise edge)
                                                      0.000     0.000 r  
    CONFIG_SITE_X0Y0     BSCANE2                      0.000     0.000 r  dbg_hub/inst/BSCANID.u_xsdbm_id/SWITCH_N_EXT_BSCAN.bscan_inst/SERIES7_BSCAN.bscan_inst/TCK
                         net (fo=1, routed)           3.235     3.235    dbg_hub/inst/BSCANID.u_xsdbm_id/tck_bs
    BUFGCE_X0Y96         BUFGCE (Prop_BUFCE_BUFGCE_I_O)
                                                      0.031     3.266 r  dbg_hub/inst/BSCANID.u_xsdbm_id/SWITCH_N_EXT_BSCAN.u_bufg_icon_tck/O
    X3Y2 (CLOCK_ROOT)    net (fo=478, routed)         1.665     4.931    dbg_hub/inst/BSCANID.u_xsdbm_id/CORE_XSDB.UUT_MASTER/U_ICON_INTERFACE/U_CMD6_RD/U_RD_FIFO/SUBCORE_FIFO.xsdbm_v3_0_0_rdfifo_inst/inst_fifo_gen/gconvfifo.rf/grf.rf/gntv_or_sync_fifo.gl0.rd/gr1.gr1_int.rfwft/rd_clk
    SLICE_X81Y134        FDPE                                         r  dbg_hub/inst/BSCANID.u_xsdbm_id/CORE_XSDB.UUT_MASTER/U_ICON_INTERFACE/U_CMD6_RD/U_RD_FIFO/SUBCORE_FIFO.xsdbm_v3_0_0_rdfifo_inst/inst_fifo_gen/gconvfifo.rf/grf.rf/gntv_or_sync_fifo.gl0.rd/gr1.gr1_int.rfwft/empty_fwft_fb_i_reg/C
                         clock pessimism             -1.047     3.884    
    SLICE_X81Y134        FDPE (Remov_EFF_SLICEM_C_PRE)
                                                      0.005     3.889    dbg_hub/inst/BSCANID.u_xsdbm_id/CORE_XSDB.UUT_MASTER/U_ICON_INTERFACE/U_CMD6_RD/U_RD_FIFO/SUBCORE_FIFO.xsdbm_v3_0_0_rdfifo_inst/inst_fifo_gen/gconvfifo.rf/grf.rf/gntv_or_sync_fifo.gl0.rd/gr1.gr1_int.rfwft/empty_fwft_fb_i_reg
  -------------------------------------------------------------------
                         required time                         -3.889    
                         arrival time                           4.034    
  -------------------------------------------------------------------
                         slack                                  0.145    





---------------------------------------------------------------------------------------------------
Path Group:  **async_default**
From Clock:  pcie_refclk_100
  To Clock:  pcie_refclk_100

Setup :            0  Failing Endpoints,  Worst Slack        9.109ns,  Total Violation        0.000ns
Hold  :            0  Failing Endpoints,  Worst Slack        0.151ns,  Total Violation        0.000ns
---------------------------------------------------------------------------------------------------


Max Delay Paths
--------------------------------------------------------------------------------------
Slack (MET) :             9.109ns  (required time - arrival time)
  Source:                 u_phy_wrapper/u_pcie_phy/inst/Uscale_gt.us_gt_phy_wrapper/phy_rst_i/rrst_n_r_reg[7]/C
                            (rising edge-triggered cell FDCE clocked by pcie_refclk_100  {rise@0.000ns fall@5.000ns period=10.000ns})
  Destination:            u_phy_wrapper/u_pcie_phy/inst/Uscale_gt.us_gt_phy_wrapper/phy_rst_i/FSM_onehot_fsm_reg[4]/CLR
                            (recovery check against rising-edge clock pcie_refclk_100  {rise@0.000ns fall@5.000ns period=10.000ns})
  Path Group:             **async_default**
  Path Type:              Recovery (Max at Slow Process Corner)
  Requirement:            10.000ns  (pcie_refclk_100 rise@10.000ns - pcie_refclk_100 rise@0.000ns)
  Data Path Delay:        0.673ns  (logic 0.118ns (17.533%)  route 0.555ns (82.467%))
  Logic Levels:           0  
  Clock Path Skew:        -0.101ns (DCD - SCD + CPR)
    Destination Clock Delay (DCD):    1.354ns = ( 11.354 - 10.000 ) 
    Source Clock Delay      (SCD):    1.703ns
    Clock Pessimism Removal (CPR):    0.248ns
  Clock Uncertainty:      0.035ns  ((TSJ^2 + TIJ^2)^1/2 + DJ) / 2 + PE
    Total System Jitter     (TSJ):    0.071ns
    Total Input Jitter      (TIJ):    0.000ns
    Discrete Jitter          (DJ):    0.000ns
    Phase Error              (PE):    0.000ns
  Clock Net Delay (Source):      0.944ns (routing 0.109ns, distribution 0.835ns)
  Clock Net Delay (Destination): 0.818ns (routing 0.093ns, distribution 0.725ns)

    Location             Delay type                Incr(ns)  Path(ns)    Netlist Resource(s)
  -------------------------------------------------------------------    -------------------
                         (clock pcie_refclk_100 rise edge)
                                                      0.000     0.000 r  
    GTHE3_COMMON_X0Y1                                 0.000     0.000 r  pcie_refclk_p (IN)
                         net (fo=0)                   0.000     0.000    u_phy_wrapper/u_refclk_reset/pcie_refclk_p
    GTHE3_COMMON_X0Y1    IBUFDS_GTE3 (Prop_IBUFDS0_GTE3_GTHE3_COMMON_I_ODIV2)
                                                      0.362     0.362 r  u_phy_wrapper/u_refclk_reset/u_pcie_refclk_ibuf/ODIV2
                         net (fo=2, routed)           0.082     0.444    u_phy_wrapper/u_refclk_reset/phy_refclk_unbuf
    BUFG_GT_X0Y47        BUFG_GT (Prop_BUFG_GT_I_O)
                                                      0.315     0.759 r  u_phy_wrapper/u_refclk_reset/u_phy_refclk_bufg/O
    X3Y1 (CLOCK_ROOT)    net (fo=78, routed)          0.944     1.703    u_phy_wrapper/u_pcie_phy/inst/Uscale_gt.us_gt_phy_wrapper/phy_rst_i/phy_refclk
    SLICE_X97Y109        FDCE                                         r  u_phy_wrapper/u_pcie_phy/inst/Uscale_gt.us_gt_phy_wrapper/phy_rst_i/rrst_n_r_reg[7]/C
  -------------------------------------------------------------------    -------------------
    SLICE_X97Y109        FDCE (Prop_GFF2_SLICEL_C_Q)
                                                      0.118     1.821 r  u_phy_wrapper/u_pcie_phy/inst/Uscale_gt.us_gt_phy_wrapper/phy_rst_i/rrst_n_r_reg[7]/Q
                         net (fo=26, routed)          0.555     2.376    u_phy_wrapper/u_pcie_phy/inst/Uscale_gt.us_gt_phy_wrapper/phy_rst_i/rrst_n_r[7]
    SLICE_X100Y112       FDCE                                         f  u_phy_wrapper/u_pcie_phy/inst/Uscale_gt.us_gt_phy_wrapper/phy_rst_i/FSM_onehot_fsm_reg[4]/CLR  (IS_INVERTED)
  -------------------------------------------------------------------    -------------------

                         (clock pcie_refclk_100 rise edge)
                                                     10.000    10.000 r  
    GTHE3_COMMON_X0Y1                                 0.000    10.000 r  pcie_refclk_p (IN)
                         net (fo=0)                   0.000    10.000    u_phy_wrapper/u_refclk_reset/pcie_refclk_p
    GTHE3_COMMON_X0Y1    IBUFDS_GTE3 (Prop_IBUFDS0_GTE3_GTHE3_COMMON_I_ODIV2)
                                                      0.207    10.207 r  u_phy_wrapper/u_refclk_reset/u_pcie_refclk_ibuf/ODIV2
                         net (fo=2, routed)           0.046    10.253    u_phy_wrapper/u_refclk_reset/phy_refclk_unbuf
    BUFG_GT_X0Y47        BUFG_GT (Prop_BUFG_GT_I_O)
                                                      0.283    10.536 r  u_phy_wrapper/u_refclk_reset/u_phy_refclk_bufg/O
    X3Y1 (CLOCK_ROOT)    net (fo=78, routed)          0.818    11.354    u_phy_wrapper/u_pcie_phy/inst/Uscale_gt.us_gt_phy_wrapper/phy_rst_i/phy_refclk
    SLICE_X100Y112       FDCE                                         r  u_phy_wrapper/u_pcie_phy/inst/Uscale_gt.us_gt_phy_wrapper/phy_rst_i/FSM_onehot_fsm_reg[4]/C
                         clock pessimism              0.248    11.602    
                         clock uncertainty           -0.035    11.567    
    SLICE_X100Y112       FDCE (Recov_CFF_SLICEM_C_CLR)
                                                     -0.082    11.485    u_phy_wrapper/u_pcie_phy/inst/Uscale_gt.us_gt_phy_wrapper/phy_rst_i/FSM_onehot_fsm_reg[4]
  -------------------------------------------------------------------
                         required time                         11.485    
                         arrival time                          -2.376    
  -------------------------------------------------------------------
                         slack                                  9.109    





Min Delay Paths
--------------------------------------------------------------------------------------
Slack (MET) :             0.151ns  (arrival time - required time)
  Source:                 u_phy_wrapper/u_pcie_phy/inst/Uscale_gt.us_gt_phy_wrapper/phy_rst_i/rrst_n_r_reg[7]/C
                            (rising edge-triggered cell FDCE clocked by pcie_refclk_100  {rise@0.000ns fall@5.000ns period=10.000ns})
  Destination:            u_phy_wrapper/u_pcie_phy/inst/Uscale_gt.us_gt_phy_wrapper/phy_rst_i/FSM_onehot_fsm_reg[2]/CLR
                            (removal check against rising-edge clock pcie_refclk_100  {rise@0.000ns fall@5.000ns period=10.000ns})
  Path Group:             **async_default**
  Path Type:              Removal (Min at Fast Process Corner)
  Requirement:            0.000ns  (pcie_refclk_100 rise@0.000ns - pcie_refclk_100 rise@0.000ns)
  Data Path Delay:        0.227ns  (logic 0.048ns (21.145%)  route 0.179ns (78.855%))
  Logic Levels:           0  
  Clock Path Skew:        0.071ns (DCD - SCD - CPR)
    Destination Clock Delay (DCD):    0.930ns
    Source Clock Delay      (SCD):    0.701ns
    Clock Pessimism Removal (CPR):    0.158ns
  Clock Net Delay (Source):      0.419ns (routing 0.059ns, distribution 0.360ns)
  Clock Net Delay (Destination): 0.513ns (routing 0.075ns, distribution 0.438ns)

    Location             Delay type                Incr(ns)  Path(ns)    Netlist Resource(s)
  -------------------------------------------------------------------    -------------------
                         (clock pcie_refclk_100 rise edge)
                                                      0.000     0.000 r  
    GTHE3_COMMON_X0Y1                                 0.000     0.000 r  pcie_refclk_p (IN)
                         net (fo=0)                   0.000     0.000    u_phy_wrapper/u_refclk_reset/pcie_refclk_p
    GTHE3_COMMON_X0Y1    IBUFDS_GTE3 (Prop_IBUFDS0_GTE3_GTHE3_COMMON_I_ODIV2)
                                                      0.164     0.164 r  u_phy_wrapper/u_refclk_reset/u_pcie_refclk_ibuf/ODIV2
                         net (fo=2, routed)           0.018     0.182    u_phy_wrapper/u_refclk_reset/phy_refclk_unbuf
    BUFG_GT_X0Y47        BUFG_GT (Prop_BUFG_GT_I_O)
                                                      0.100     0.282 r  u_phy_wrapper/u_refclk_reset/u_phy_refclk_bufg/O
    X3Y1 (CLOCK_ROOT)    net (fo=78, routed)          0.419     0.701    u_phy_wrapper/u_pcie_phy/inst/Uscale_gt.us_gt_phy_wrapper/phy_rst_i/phy_refclk
    SLICE_X97Y109        FDCE                                         r  u_phy_wrapper/u_pcie_phy/inst/Uscale_gt.us_gt_phy_wrapper/phy_rst_i/rrst_n_r_reg[7]/C
  -------------------------------------------------------------------    -------------------
    SLICE_X97Y109        FDCE (Prop_GFF2_SLICEL_C_Q)
                                                      0.048     0.749 r  u_phy_wrapper/u_pcie_phy/inst/Uscale_gt.us_gt_phy_wrapper/phy_rst_i/rrst_n_r_reg[7]/Q
                         net (fo=26, routed)          0.179     0.928    u_phy_wrapper/u_pcie_phy/inst/Uscale_gt.us_gt_phy_wrapper/phy_rst_i/rrst_n_r[7]
    SLICE_X99Y110        FDCE                                         f  u_phy_wrapper/u_pcie_phy/inst/Uscale_gt.us_gt_phy_wrapper/phy_rst_i/FSM_onehot_fsm_reg[2]/CLR  (IS_INVERTED)
  -------------------------------------------------------------------    -------------------

                         (clock pcie_refclk_100 rise edge)
                                                      0.000     0.000 r  
    GTHE3_COMMON_X0Y1                                 0.000     0.000 r  pcie_refclk_p (IN)
                         net (fo=0)                   0.000     0.000    u_phy_wrapper/u_refclk_reset/pcie_refclk_p
    GTHE3_COMMON_X0Y1    IBUFDS_GTE3 (Prop_IBUFDS0_GTE3_GTHE3_COMMON_I_ODIV2)
                                                      0.252     0.252 r  u_phy_wrapper/u_refclk_reset/u_pcie_refclk_ibuf/ODIV2
                         net (fo=2, routed)           0.035     0.287    u_phy_wrapper/u_refclk_reset/phy_refclk_unbuf
    BUFG_GT_X0Y47        BUFG_GT (Prop_BUFG_GT_I_O)
                                                      0.130     0.417 r  u_phy_wrapper/u_refclk_reset/u_phy_refclk_bufg/O
    X3Y1 (CLOCK_ROOT)    net (fo=78, routed)          0.513     0.930    u_phy_wrapper/u_pcie_phy/inst/Uscale_gt.us_gt_phy_wrapper/phy_rst_i/phy_refclk
    SLICE_X99Y110        FDCE                                         r  u_phy_wrapper/u_pcie_phy/inst/Uscale_gt.us_gt_phy_wrapper/phy_rst_i/FSM_onehot_fsm_reg[2]/C
                         clock pessimism             -0.158     0.772    
    SLICE_X99Y110        FDCE (Remov_HFF_SLICEL_C_CLR)
                                                      0.005     0.777    u_phy_wrapper/u_pcie_phy/inst/Uscale_gt.us_gt_phy_wrapper/phy_rst_i/FSM_onehot_fsm_reg[2]
  -------------------------------------------------------------------
                         required time                         -0.777    
                         arrival time                           0.928    
  -------------------------------------------------------------------
                         slack                                  0.151    





---------------------------------------------------------------------------------------------------
Path Group:  **async_default**
From Clock:  txoutclk_out[0]
  To Clock:  txoutclk_out[0]

Setup :            0  Failing Endpoints,  Worst Slack        1.314ns,  Total Violation        0.000ns
Hold  :            0  Failing Endpoints,  Worst Slack        0.138ns,  Total Violation        0.000ns
---------------------------------------------------------------------------------------------------


Max Delay Paths
--------------------------------------------------------------------------------------
Slack (MET) :             1.314ns  (required time - arrival time)
  Source:                 u_phy_wrapper/u_refclk_reset/u_reset_ctrl/u_pipe_reset_sync/sync_reg_reg[3]/C
                            (rising edge-triggered cell FDCE clocked by txoutclk_out[0]  {rise@0.000ns fall@2.000ns period=4.000ns})
  Destination:            heartbeat_count_reg[0]/CLR
                            (recovery check against rising-edge clock txoutclk_out[0]  {rise@0.000ns fall@2.000ns period=4.000ns})
  Path Group:             **async_default**
  Path Type:              Recovery (Max at Slow Process Corner)
  Requirement:            4.000ns  (txoutclk_out[0] rise@4.000ns - txoutclk_out[0] rise@0.000ns)
  Data Path Delay:        2.218ns  (logic 0.117ns (5.275%)  route 2.101ns (94.725%))
  Logic Levels:           0  
  Clock Path Skew:        -0.351ns (DCD - SCD + CPR)
    Destination Clock Delay (DCD):    1.989ns = ( 5.989 - 4.000 ) 
    Source Clock Delay      (SCD):    2.505ns
    Clock Pessimism Removal (CPR):    0.165ns
  Clock Uncertainty:      0.035ns  ((TSJ^2 + TIJ^2)^1/2 + DJ) / 2 + PE
    Total System Jitter     (TSJ):    0.071ns
    Total Input Jitter      (TIJ):    0.000ns
    Discrete Jitter          (DJ):    0.000ns
    Phase Error              (PE):    0.000ns
  Clock Net Delay (Source):      2.108ns (routing 0.628ns, distribution 1.480ns)
  Clock Net Delay (Destination): 1.660ns (routing 0.572ns, distribution 1.088ns)

    Location             Delay type                Incr(ns)  Path(ns)    Netlist Resource(s)
  -------------------------------------------------------------------    -------------------
                         (clock txoutclk_out[0] rise edge)
                                                      0.000     0.000 r  
    GTHE3_CHANNEL_X0Y7   GTHE3_CHANNEL                0.000     0.000 r  u_phy_wrapper/u_pcie_phy/inst/Uscale_gt.us_gt_phy_wrapper/gt_wizard.gtwizard_top_i/pcie_phy_0_gt_i/inst/gen_gtwizard_gthe3_top.pcie_phy_0_gt_gtwizard_gthe3_inst/gen_gtwizard_gthe3.gen_channel_container[1].gen_enabled_channel.gthe3_channel_wrapper_inst/channel_inst/gthe3_channel_gen.gen_gthe3_channel_inst[0].GTHE3_CHANNEL_PRIM_INST/TXOUTCLK
                         net (fo=3, routed)           0.082     0.082    u_phy_wrapper/u_pcie_phy/inst/Uscale_gt.us_gt_phy_wrapper/phy_clk_i/CLK_USERCLK_IN
    BUFG_GT_X0Y25        BUFG_GT (Prop_BUFG_GT_I_O)
                                                      0.315     0.397 r  u_phy_wrapper/u_pcie_phy/inst/Uscale_gt.us_gt_phy_wrapper/phy_clk_i/bufg_gt_pclk/O
    X2Y1 (CLOCK_ROOT)    net (fo=1994, routed)        2.108     2.505    u_phy_wrapper/u_refclk_reset/u_reset_ctrl/u_pipe_reset_sync/phy_pclk
    SLICE_X95Y109        FDCE                                         r  u_phy_wrapper/u_refclk_reset/u_reset_ctrl/u_pipe_reset_sync/sync_reg_reg[3]/C
  -------------------------------------------------------------------    -------------------
    SLICE_X95Y109        FDCE (Prop_CFF2_SLICEL_C_Q)
                                                      0.117     2.622 r  u_phy_wrapper/u_refclk_reset/u_reset_ctrl/u_pipe_reset_sync/sync_reg_reg[3]/Q
                         net (fo=105, routed)         2.101     4.723    led_OBUF[3]
    SLICE_X49Y108        FDCE                                         f  heartbeat_count_reg[0]/CLR  (IS_INVERTED)
  -------------------------------------------------------------------    -------------------

                         (clock txoutclk_out[0] rise edge)
                                                      4.000     4.000 r  
    GTHE3_CHANNEL_X0Y7   GTHE3_CHANNEL                0.000     4.000 r  u_phy_wrapper/u_pcie_phy/inst/Uscale_gt.us_gt_phy_wrapper/gt_wizard.gtwizard_top_i/pcie_phy_0_gt_i/inst/gen_gtwizard_gthe3_top.pcie_phy_0_gt_gtwizard_gthe3_inst/gen_gtwizard_gthe3.gen_channel_container[1].gen_enabled_channel.gthe3_channel_wrapper_inst/channel_inst/gthe3_channel_gen.gen_gthe3_channel_inst[0].GTHE3_CHANNEL_PRIM_INST/TXOUTCLK
                         net (fo=3, routed)           0.046     4.046    u_phy_wrapper/u_pcie_phy/inst/Uscale_gt.us_gt_phy_wrapper/phy_clk_i/CLK_USERCLK_IN
    BUFG_GT_X0Y25        BUFG_GT (Prop_BUFG_GT_I_O)
                                                      0.283     4.329 r  u_phy_wrapper/u_pcie_phy/inst/Uscale_gt.us_gt_phy_wrapper/phy_clk_i/bufg_gt_pclk/O
    X2Y1 (CLOCK_ROOT)    net (fo=1994, routed)        1.660     5.989    phy_pclk
    SLICE_X49Y108        FDCE                                         r  heartbeat_count_reg[0]/C
                         clock pessimism              0.165     6.154    
                         clock uncertainty           -0.035     6.119    
    SLICE_X49Y108        FDCE (Recov_AFF_SLICEL_C_CLR)
                                                     -0.082     6.037    heartbeat_count_reg[0]
  -------------------------------------------------------------------
                         required time                          6.037    
                         arrival time                          -4.723    
  -------------------------------------------------------------------
                         slack                                  1.314    





Min Delay Paths
--------------------------------------------------------------------------------------
Slack (MET) :             0.138ns  (arrival time - required time)
  Source:                 dbg_hub/inst/BSCANID.u_xsdbm_id/CORE_XSDB.UUT_MASTER/U_XSDB_BUS_CONTROLLER/clr_rd_req_reg/C
                            (rising edge-triggered cell FDCE clocked by txoutclk_out[0]  {rise@0.000ns fall@2.000ns period=4.000ns})
  Destination:            dbg_hub/inst/BSCANID.u_xsdbm_id/CORE_XSDB.UUT_MASTER/U_XSDB_BUS_CONTROLLER/U_RD_REQ_FLAG/G_POS_EDGE.flag_reg/CLR
                            (removal check against rising-edge clock txoutclk_out[0]  {rise@0.000ns fall@2.000ns period=4.000ns})
  Path Group:             **async_default**
  Path Type:              Removal (Min at Fast Process Corner)
  Requirement:            0.000ns  (txoutclk_out[0] rise@0.000ns - txoutclk_out[0] rise@0.000ns)
  Data Path Delay:        0.179ns  (logic 0.049ns (27.374%)  route 0.130ns (72.626%))
  Logic Levels:           0  
  Clock Path Skew:        0.036ns (DCD - SCD - CPR)
    Destination Clock Delay (DCD):    1.333ns
    Source Clock Delay      (SCD):    1.105ns
    Clock Pessimism Removal (CPR):    0.192ns
  Clock Net Delay (Source):      0.987ns (routing 0.341ns, distribution 0.646ns)
  Clock Net Delay (Destination): 1.168ns (routing 0.387ns, distribution 0.781ns)

    Location             Delay type                Incr(ns)  Path(ns)    Netlist Resource(s)
  -------------------------------------------------------------------    -------------------
                         (clock txoutclk_out[0] rise edge)
                                                      0.000     0.000 r  
    GTHE3_CHANNEL_X0Y7   GTHE3_CHANNEL                0.000     0.000 r  u_phy_wrapper/u_pcie_phy/inst/Uscale_gt.us_gt_phy_wrapper/gt_wizard.gtwizard_top_i/pcie_phy_0_gt_i/inst/gen_gtwizard_gthe3_top.pcie_phy_0_gt_gtwizard_gthe3_inst/gen_gtwizard_gthe3.gen_channel_container[1].gen_enabled_channel.gthe3_channel_wrapper_inst/channel_inst/gthe3_channel_gen.gen_gthe3_channel_inst[0].GTHE3_CHANNEL_PRIM_INST/TXOUTCLK
                         net (fo=3, routed)           0.018     0.018    u_phy_wrapper/u_pcie_phy/inst/Uscale_gt.us_gt_phy_wrapper/phy_clk_i/CLK_USERCLK_IN
    BUFG_GT_X0Y25        BUFG_GT (Prop_BUFG_GT_I_O)
                                                      0.100     0.118 r  u_phy_wrapper/u_pcie_phy/inst/Uscale_gt.us_gt_phy_wrapper/phy_clk_i/bufg_gt_pclk/O
    X2Y1 (CLOCK_ROOT)    net (fo=1994, routed)        0.987     1.105    dbg_hub/inst/BSCANID.u_xsdbm_id/CORE_XSDB.UUT_MASTER/U_XSDB_BUS_CONTROLLER/clk
    SLICE_X84Y135        FDCE                                         r  dbg_hub/inst/BSCANID.u_xsdbm_id/CORE_XSDB.UUT_MASTER/U_XSDB_BUS_CONTROLLER/clr_rd_req_reg/C
  -------------------------------------------------------------------    -------------------
    SLICE_X84Y135        FDCE (Prop_BFF_SLICEL_C_Q)
                                                      0.049     1.154 f  dbg_hub/inst/BSCANID.u_xsdbm_id/CORE_XSDB.UUT_MASTER/U_XSDB_BUS_CONTROLLER/clr_rd_req_reg/Q
                         net (fo=2, routed)           0.130     1.284    dbg_hub/inst/BSCANID.u_xsdbm_id/CORE_XSDB.UUT_MASTER/U_XSDB_BUS_CONTROLLER/U_RD_REQ_FLAG/clr_rd_req
    SLICE_X84Y135        FDCE                                         f  dbg_hub/inst/BSCANID.u_xsdbm_id/CORE_XSDB.UUT_MASTER/U_XSDB_BUS_CONTROLLER/U_RD_REQ_FLAG/G_POS_EDGE.flag_reg/CLR
  -------------------------------------------------------------------    -------------------

                         (clock txoutclk_out[0] rise edge)
                                                      0.000     0.000 r  
    GTHE3_CHANNEL_X0Y7   GTHE3_CHANNEL                0.000     0.000 r  u_phy_wrapper/u_pcie_phy/inst/Uscale_gt.us_gt_phy_wrapper/gt_wizard.gtwizard_top_i/pcie_phy_0_gt_i/inst/gen_gtwizard_gthe3_top.pcie_phy_0_gt_gtwizard_gthe3_inst/gen_gtwizard_gthe3.gen_channel_container[1].gen_enabled_channel.gthe3_channel_wrapper_inst/channel_inst/gthe3_channel_gen.gen_gthe3_channel_inst[0].GTHE3_CHANNEL_PRIM_INST/TXOUTCLK
                         net (fo=3, routed)           0.035     0.035    u_phy_wrapper/u_pcie_phy/inst/Uscale_gt.us_gt_phy_wrapper/phy_clk_i/CLK_USERCLK_IN
    BUFG_GT_X0Y25        BUFG_GT (Prop_BUFG_GT_I_O)
                                                      0.130     0.165 r  u_phy_wrapper/u_pcie_phy/inst/Uscale_gt.us_gt_phy_wrapper/phy_clk_i/bufg_gt_pclk/O
    X2Y1 (CLOCK_ROOT)    net (fo=1994, routed)        1.168     1.333    dbg_hub/inst/BSCANID.u_xsdbm_id/CORE_XSDB.UUT_MASTER/U_XSDB_BUS_CONTROLLER/U_RD_REQ_FLAG/clk
    SLICE_X84Y135        FDCE                                         r  dbg_hub/inst/BSCANID.u_xsdbm_id/CORE_XSDB.UUT_MASTER/U_XSDB_BUS_CONTROLLER/U_RD_REQ_FLAG/G_POS_EDGE.flag_reg/C
                         clock pessimism             -0.192     1.141    
    SLICE_X84Y135        FDCE (Remov_HFF2_SLICEL_C_CLR)
                                                      0.005     1.146    dbg_hub/inst/BSCANID.u_xsdbm_id/CORE_XSDB.UUT_MASTER/U_XSDB_BUS_CONTROLLER/U_RD_REQ_FLAG/G_POS_EDGE.flag_reg
  -------------------------------------------------------------------
                         required time                         -1.146    
                         arrival time                           1.284    
  -------------------------------------------------------------------
                         slack                                  0.138    





--------------------------------------------------------------------------------------
Path Group:  (none)
From Clock:  txoutclk_out[0]
  To Clock:  

Max Delay             8 Endpoints
Min Delay             8 Endpoints
--------------------------------------------------------------------------------------


Max Delay Paths
--------------------------------------------------------------------------------------
Slack:                    inf
  Source:                 u_phy_wrapper/u_pcie_phy/inst/Uscale_gt.us_gt_phy_wrapper/rst_psrst_n_r_reg[3]/C
                            (rising edge-triggered cell FDCE clocked by txoutclk_out[0]  {rise@0.000ns fall@2.000ns period=4.000ns})
  Destination:            led[0]
                            (output port)
  Path Group:             (none)
  Path Type:              Max at Slow Process Corner
  Data Path Delay:        5.720ns  (logic 1.755ns (30.681%)  route 3.965ns (69.319%))
  Logic Levels:           3  (LUT1=1 LUT2=1 OBUF=1)
  Clock Uncertainty:      0.025ns  ((TSJ^2 + TIJ^2)^1/2 + DJ) / 2 + PE
    Total System Jitter     (TSJ):    0.050ns
    Total Input Jitter      (TIJ):    0.000ns
    Discrete Jitter          (DJ):    0.000ns
    Phase Error              (PE):    0.000ns
  Clock Net Delay (Source):      2.120ns (routing 0.628ns, distribution 1.492ns)
  Timing Exception:       False Path

    Location             Delay type                Incr(ns)  Path(ns)    Netlist Resource(s)
  -------------------------------------------------------------------    -------------------
                         (clock txoutclk_out[0] rise edge)
                                                      0.000     0.000 r  
    GTHE3_CHANNEL_X0Y7   GTHE3_CHANNEL                0.000     0.000 r  u_phy_wrapper/u_pcie_phy/inst/Uscale_gt.us_gt_phy_wrapper/gt_wizard.gtwizard_top_i/pcie_phy_0_gt_i/inst/gen_gtwizard_gthe3_top.pcie_phy_0_gt_gtwizard_gthe3_inst/gen_gtwizard_gthe3.gen_channel_container[1].gen_enabled_channel.gthe3_channel_wrapper_inst/channel_inst/gthe3_channel_gen.gen_gthe3_channel_inst[0].GTHE3_CHANNEL_PRIM_INST/TXOUTCLK
                         net (fo=3, routed)           0.082     0.082    u_phy_wrapper/u_pcie_phy/inst/Uscale_gt.us_gt_phy_wrapper/phy_clk_i/CLK_USERCLK_IN
    BUFG_GT_X0Y25        BUFG_GT (Prop_BUFG_GT_I_O)
                                                      0.315     0.397 r  u_phy_wrapper/u_pcie_phy/inst/Uscale_gt.us_gt_phy_wrapper/phy_clk_i/bufg_gt_pclk/O
    X2Y1 (CLOCK_ROOT)    net (fo=1994, routed)        2.120     2.517    u_phy_wrapper/u_pcie_phy/inst/Uscale_gt.us_gt_phy_wrapper/CLK_PCLK
    SLICE_X99Y109        FDCE                                         r  u_phy_wrapper/u_pcie_phy/inst/Uscale_gt.us_gt_phy_wrapper/rst_psrst_n_r_reg[3]/C
  -------------------------------------------------------------------    -------------------
    SLICE_X99Y109        FDCE (Prop_CFF2_SLICEL_C_Q)
                                                      0.117     2.634 r  u_phy_wrapper/u_pcie_phy/inst/Uscale_gt.us_gt_phy_wrapper/rst_psrst_n_r_reg[3]/Q
                         net (fo=5, routed)           0.633     3.267    u_phy_wrapper/u_pcie_phy/inst/Uscale_gt.us_gt_phy_wrapper/rst_psrst_n_r[3]
    SLICE_X90Y115        LUT1 (Prop_G6LUT_SLICEL_I0_O)
                                                      0.132     3.399 f  u_phy_wrapper/u_pcie_phy/inst/Uscale_gt.us_gt_phy_wrapper/phy_phystatus_rst_INST_0/O
                         net (fo=3, routed)           0.263     3.662    phy_phystatus_rst
    SLICE_X90Y115        LUT2 (Prop_H6LUT_SLICEL_I1_O)
                                                      0.188     3.850 r  led_OBUF[0]_inst_i_1/O
                         net (fo=1, routed)           3.069     6.919    led_OBUF[0]
    AP8                  OBUF (Prop_OUTBUF_HRIO_I_O)
                                                      1.318     8.237 r  led_OBUF[0]_inst/O
                         net (fo=0)                   0.000     8.237    led[0]
    AP8                                                               r  led[0] (OUT)
  -------------------------------------------------------------------    -------------------





Min Delay Paths
--------------------------------------------------------------------------------------
Slack:                    inf
  Source:                 u_phy_wrapper/u_refclk_reset/u_reset_ctrl/u_core_reset_sync/sync_reg_reg[3]/C
                            (rising edge-triggered cell FDCE clocked by txoutclk_out[0]  {rise@0.000ns fall@2.000ns period=4.000ns})
  Destination:            led[4]
                            (output port)
  Path Group:             (none)
  Path Type:              Min at Fast Process Corner
  Data Path Delay:        1.068ns  (logic 0.518ns (48.503%)  route 0.550ns (51.497%))
  Logic Levels:           1  (OBUF=1)
  Clock Uncertainty:      0.025ns  ((TSJ^2 + TIJ^2)^1/2 + DJ) / 2 + PE
    Total System Jitter     (TSJ):    0.050ns
    Total Input Jitter      (TIJ):    0.000ns
    Discrete Jitter          (DJ):    0.000ns
    Phase Error              (PE):    0.000ns
  Clock Net Delay (Source):      0.854ns (routing 0.338ns, distribution 0.516ns)
  Timing Exception:       False Path

    Location             Delay type                Incr(ns)  Path(ns)    Netlist Resource(s)
  -------------------------------------------------------------------    -------------------
                         (clock txoutclk_out[0] rise edge)
                                                      0.000     0.000 r  
    GTHE3_CHANNEL_X0Y7   GTHE3_CHANNEL                0.000     0.000 r  u_phy_wrapper/u_pcie_phy/inst/Uscale_gt.us_gt_phy_wrapper/gt_wizard.gtwizard_top_i/pcie_phy_0_gt_i/inst/gen_gtwizard_gthe3_top.pcie_phy_0_gt_gtwizard_gthe3_inst/gen_gtwizard_gthe3.gen_channel_container[1].gen_enabled_channel.gthe3_channel_wrapper_inst/channel_inst/gthe3_channel_gen.gen_gthe3_channel_inst[0].GTHE3_CHANNEL_PRIM_INST/TXOUTCLK
                         net (fo=3, routed)           0.018     0.018    u_phy_wrapper/u_pcie_phy/inst/Uscale_gt.us_gt_phy_wrapper/phy_clk_i/CLK_USERCLK_IN
    BUFG_GT_X0Y26        BUFG_GT (Prop_BUFG_GT_I_O)
                                                      0.100     0.118 r  u_phy_wrapper/u_pcie_phy/inst/Uscale_gt.us_gt_phy_wrapper/phy_clk_i/bufg_gt_coreclk/O
    X2Y1 (CLOCK_ROOT)    net (fo=4, routed)           0.854     0.972    u_phy_wrapper/u_refclk_reset/u_reset_ctrl/u_core_reset_sync/phy_coreclk
    SLICE_X49Y107        FDCE                                         r  u_phy_wrapper/u_refclk_reset/u_reset_ctrl/u_core_reset_sync/sync_reg_reg[3]/C
  -------------------------------------------------------------------    -------------------
    SLICE_X49Y107        FDCE (Prop_CFF2_SLICEL_C_Q)
                                                      0.048     1.020 r  u_phy_wrapper/u_refclk_reset/u_reset_ctrl/u_core_reset_sync/sync_reg_reg[3]/Q
                         net (fo=1, routed)           0.550     1.570    led_OBUF[4]
    N22                  OBUF (Prop_OUTBUF_HRIO_I_O)
                                                      0.470     2.040 r  led_OBUF[4]_inst/O
                         net (fo=0)                   0.000     2.040    led[4]
    N22                                                               r  led[4] (OUT)
  -------------------------------------------------------------------    -------------------





--------------------------------------------------------------------------------------
Path Group:  (none)
From Clock:  txoutclk_out[0]
  To Clock:  dbg_hub/inst/BSCANID.u_xsdbm_id/SWITCH_N_EXT_BSCAN.bscan_inst/SERIES7_BSCAN.bscan_inst/TCK

Max Delay            94 Endpoints
Min Delay           102 Endpoints
--------------------------------------------------------------------------------------


Max Delay Paths
--------------------------------------------------------------------------------------
Slack:                    inf
  Source:                 dbg_hub/inst/BSCANID.u_xsdbm_id/CORE_XSDB.UUT_MASTER/U_ICON_INTERFACE/U_CMD1/ctl_reg_reg[0]/C
                            (rising edge-triggered cell FDRE clocked by txoutclk_out[0]  {rise@0.000ns fall@2.000ns period=4.000ns})
  Destination:            dbg_hub/inst/BSCANID.u_xsdbm_id/CORE_XSDB.UUT_MASTER/U_ICON_INTERFACE/ma_rst_1_reg/D
                            (rising edge-triggered cell FDRE clocked by dbg_hub/inst/BSCANID.u_xsdbm_id/SWITCH_N_EXT_BSCAN.bscan_inst/SERIES7_BSCAN.bscan_inst/TCK  {rise@0.000ns fall@16.500ns period=33.000ns})
  Path Group:             (none)
  Path Type:              Setup (Max at Slow Process Corner)
  Data Path Delay:        1.198ns  (logic 0.114ns (9.516%)  route 1.084ns (90.484%))
  Logic Levels:           0  
  Clock Path Skew:        4.151ns (DCD - SCD + CPR)
    Destination Clock Delay (DCD):    6.639ns
    Source Clock Delay      (SCD):    2.488ns
    Clock Pessimism Removal (CPR):    0.000ns
  Clock Uncertainty:      0.035ns  ((TSJ^2 + TIJ^2)^1/2 + DJ) / 2 + PE
    Total System Jitter     (TSJ):    0.071ns
    Total Input Jitter      (TIJ):    0.000ns
    Discrete Jitter          (DJ):    0.000ns
    Phase Error              (PE):    0.000ns
  Clock Net Delay (Source):      2.091ns (routing 0.628ns, distribution 1.463ns)
  Clock Net Delay (Destination): 2.826ns (routing 1.681ns, distribution 1.145ns)
  Timing Exception:       False Path

    Location             Delay type                Incr(ns)  Path(ns)    Netlist Resource(s)
  -------------------------------------------------------------------    -------------------
                         (clock txoutclk_out[0] rise edge)
                                                      0.000     0.000 r  
    GTHE3_CHANNEL_X0Y7   GTHE3_CHANNEL                0.000     0.000 r  u_phy_wrapper/u_pcie_phy/inst/Uscale_gt.us_gt_phy_wrapper/gt_wizard.gtwizard_top_i/pcie_phy_0_gt_i/inst/gen_gtwizard_gthe3_top.pcie_phy_0_gt_gtwizard_gthe3_inst/gen_gtwizard_gthe3.gen_channel_container[1].gen_enabled_channel.gthe3_channel_wrapper_inst/channel_inst/gthe3_channel_gen.gen_gthe3_channel_inst[0].GTHE3_CHANNEL_PRIM_INST/TXOUTCLK
                         net (fo=3, routed)           0.082     0.082    u_phy_wrapper/u_pcie_phy/inst/Uscale_gt.us_gt_phy_wrapper/phy_clk_i/CLK_USERCLK_IN
    BUFG_GT_X0Y25        BUFG_GT (Prop_BUFG_GT_I_O)
                                                      0.315     0.397 r  u_phy_wrapper/u_pcie_phy/inst/Uscale_gt.us_gt_phy_wrapper/phy_clk_i/bufg_gt_pclk/O
    X2Y1 (CLOCK_ROOT)    net (fo=1994, routed)        2.091     2.488    dbg_hub/inst/BSCANID.u_xsdbm_id/CORE_XSDB.UUT_MASTER/U_ICON_INTERFACE/U_CMD1/clk
    SLICE_X86Y136        FDRE                                         r  dbg_hub/inst/BSCANID.u_xsdbm_id/CORE_XSDB.UUT_MASTER/U_ICON_INTERFACE/U_CMD1/ctl_reg_reg[0]/C
  -------------------------------------------------------------------    -------------------
    SLICE_X86Y136        FDRE (Prop_HFF_SLICEL_C_Q)
                                                      0.114     2.602 r  dbg_hub/inst/BSCANID.u_xsdbm_id/CORE_XSDB.UUT_MASTER/U_ICON_INTERFACE/U_CMD1/ctl_reg_reg[0]/Q
                         net (fo=176, routed)         1.084     3.686    dbg_hub/inst/BSCANID.u_xsdbm_id/CORE_XSDB.UUT_MASTER/U_ICON_INTERFACE/ma_rst
    SLICE_X90Y137        FDRE                                         r  dbg_hub/inst/BSCANID.u_xsdbm_id/CORE_XSDB.UUT_MASTER/U_ICON_INTERFACE/ma_rst_1_reg/D
  -------------------------------------------------------------------    -------------------

                         (clock dbg_hub/inst/BSCANID.u_xsdbm_id/SWITCH_N_EXT_BSCAN.bscan_inst/SERIES7_BSCAN.bscan_inst/TCK rise edge)
                                                      0.000     0.000 r  
    CONFIG_SITE_X0Y0     BSCANE2                      0.000     0.000 r  dbg_hub/inst/BSCANID.u_xsdbm_id/SWITCH_N_EXT_BSCAN.bscan_inst/SERIES7_BSCAN.bscan_inst/TCK
                         net (fo=1, routed)           3.738     3.738    dbg_hub/inst/BSCANID.u_xsdbm_id/tck_bs
    BUFGCE_X0Y96         BUFGCE (Prop_BUFCE_BUFGCE_I_O)
                                                      0.075     3.813 r  dbg_hub/inst/BSCANID.u_xsdbm_id/SWITCH_N_EXT_BSCAN.u_bufg_icon_tck/O
    X3Y2 (CLOCK_ROOT)    net (fo=478, routed)         2.826     6.639    dbg_hub/inst/BSCANID.u_xsdbm_id/CORE_XSDB.UUT_MASTER/U_ICON_INTERFACE/m_bscan_tck[0]
    SLICE_X90Y137        FDRE                                         r  dbg_hub/inst/BSCANID.u_xsdbm_id/CORE_XSDB.UUT_MASTER/U_ICON_INTERFACE/ma_rst_1_reg/C





Min Delay Paths
--------------------------------------------------------------------------------------
Slack:                    inf
  Source:                 dbg_hub/inst/BSCANID.u_xsdbm_id/CORE_XSDB.UUT_MASTER/U_ICON_INTERFACE/U_CMD2/stat_reg_reg[0]/C
                            (rising edge-triggered cell FDRE clocked by txoutclk_out[0]  {rise@0.000ns fall@2.000ns period=4.000ns})
  Destination:            dbg_hub/inst/BSCANID.u_xsdbm_id/CORE_XSDB.UUT_MASTER/U_ICON_INTERFACE/U_CMD2/stat_reg_1_reg[0]/D
                            (rising edge-triggered cell FDRE clocked by dbg_hub/inst/BSCANID.u_xsdbm_id/SWITCH_N_EXT_BSCAN.bscan_inst/SERIES7_BSCAN.bscan_inst/TCK  {rise@0.000ns fall@16.500ns period=33.000ns})
  Path Group:             (none)
  Path Type:              Hold (Min at Fast Process Corner)
  Data Path Delay:        0.188ns  (logic 0.049ns (26.064%)  route 0.139ns (73.936%))
  Logic Levels:           0  
  Clock Path Skew:        3.837ns (DCD - SCD - CPR)
    Destination Clock Delay (DCD):    4.928ns
    Source Clock Delay      (SCD):    1.091ns
    Clock Pessimism Removal (CPR):    -0.000ns
  Clock Uncertainty:      0.035ns  ((TSJ^2 + TIJ^2)^1/2 + DJ) / 2 + PE
    Total System Jitter     (TSJ):    0.071ns
    Total Input Jitter      (TIJ):    0.000ns
    Discrete Jitter          (DJ):    0.000ns
    Phase Error              (PE):    0.000ns
  Clock Net Delay (Source):      0.973ns (routing 0.341ns, distribution 0.632ns)
  Clock Net Delay (Destination): 1.662ns (routing 1.034ns, distribution 0.628ns)
  Timing Exception:       False Path

    Location             Delay type                Incr(ns)  Path(ns)    Netlist Resource(s)
  -------------------------------------------------------------------    -------------------
                         (clock txoutclk_out[0] rise edge)
                                                      0.000     0.000 r  
    GTHE3_CHANNEL_X0Y7   GTHE3_CHANNEL                0.000     0.000 r  u_phy_wrapper/u_pcie_phy/inst/Uscale_gt.us_gt_phy_wrapper/gt_wizard.gtwizard_top_i/pcie_phy_0_gt_i/inst/gen_gtwizard_gthe3_top.pcie_phy_0_gt_gtwizard_gthe3_inst/gen_gtwizard_gthe3.gen_channel_container[1].gen_enabled_channel.gthe3_channel_wrapper_inst/channel_inst/gthe3_channel_gen.gen_gthe3_channel_inst[0].GTHE3_CHANNEL_PRIM_INST/TXOUTCLK
                         net (fo=3, routed)           0.018     0.018    u_phy_wrapper/u_pcie_phy/inst/Uscale_gt.us_gt_phy_wrapper/phy_clk_i/CLK_USERCLK_IN
    BUFG_GT_X0Y25        BUFG_GT (Prop_BUFG_GT_I_O)
                                                      0.100     0.118 r  u_phy_wrapper/u_pcie_phy/inst/Uscale_gt.us_gt_phy_wrapper/phy_clk_i/bufg_gt_pclk/O
    X2Y1 (CLOCK_ROOT)    net (fo=1994, routed)        0.973     1.091    dbg_hub/inst/BSCANID.u_xsdbm_id/CORE_XSDB.UUT_MASTER/U_ICON_INTERFACE/U_CMD2/clk
    SLICE_X85Y139        FDRE                                         r  dbg_hub/inst/BSCANID.u_xsdbm_id/CORE_XSDB.UUT_MASTER/U_ICON_INTERFACE/U_CMD2/stat_reg_reg[0]/C
  -------------------------------------------------------------------    -------------------
    SLICE_X85Y139        FDRE (Prop_AFF2_SLICEL_C_Q)
                                                      0.049     1.140 r  dbg_hub/inst/BSCANID.u_xsdbm_id/CORE_XSDB.UUT_MASTER/U_ICON_INTERFACE/U_CMD2/stat_reg_reg[0]/Q
                         net (fo=1, routed)           0.139     1.279    dbg_hub/inst/BSCANID.u_xsdbm_id/CORE_XSDB.UUT_MASTER/U_ICON_INTERFACE/U_CMD2/stat_reg[0]
    SLICE_X85Y140        FDRE                                         r  dbg_hub/inst/BSCANID.u_xsdbm_id/CORE_XSDB.UUT_MASTER/U_ICON_INTERFACE/U_CMD2/stat_reg_1_reg[0]/D
  -------------------------------------------------------------------    -------------------

                         (clock dbg_hub/inst/BSCANID.u_xsdbm_id/SWITCH_N_EXT_BSCAN.bscan_inst/SERIES7_BSCAN.bscan_inst/TCK rise edge)
                                                      0.000     0.000 r  
    CONFIG_SITE_X0Y0     BSCANE2                      0.000     0.000 r  dbg_hub/inst/BSCANID.u_xsdbm_id/SWITCH_N_EXT_BSCAN.bscan_inst/SERIES7_BSCAN.bscan_inst/TCK
                         net (fo=1, routed)           3.235     3.235    dbg_hub/inst/BSCANID.u_xsdbm_id/tck_bs
    BUFGCE_X0Y96         BUFGCE (Prop_BUFCE_BUFGCE_I_O)
                                                      0.031     3.266 r  dbg_hub/inst/BSCANID.u_xsdbm_id/SWITCH_N_EXT_BSCAN.u_bufg_icon_tck/O
    X3Y2 (CLOCK_ROOT)    net (fo=478, routed)         1.662     4.928    dbg_hub/inst/BSCANID.u_xsdbm_id/CORE_XSDB.UUT_MASTER/U_ICON_INTERFACE/U_CMD2/m_bscan_tck[0]
    SLICE_X85Y140        FDRE                                         r  dbg_hub/inst/BSCANID.u_xsdbm_id/CORE_XSDB.UUT_MASTER/U_ICON_INTERFACE/U_CMD2/stat_reg_1_reg[0]/C





--------------------------------------------------------------------------------------
Path Group:  (none)
From Clock:  
  To Clock:  pcie_refclk_100

Max Delay            13 Endpoints
Min Delay            13 Endpoints
--------------------------------------------------------------------------------------


Max Delay Paths
--------------------------------------------------------------------------------------
Slack:                    inf
  Source:                 pcie_perst_n
                            (input port)
  Destination:            u_phy_wrapper/u_pcie_phy/inst/Uscale_gt.us_gt_phy_wrapper/phy_rst_i/rrst_n_r_reg[1]/CLR
                            (recovery check against rising-edge clock pcie_refclk_100  {rise@0.000ns fall@5.000ns period=10.000ns})
  Path Group:             (none)
  Path Type:              Recovery (Max at Slow Process Corner)
  Data Path Delay:        3.781ns  (logic 0.820ns (21.688%)  route 2.961ns (78.312%))
  Logic Levels:           2  (IBUFCTRL=1 INBUF=1)
  Clock Path Skew:        1.354ns (DCD - SCD + CPR)
    Destination Clock Delay (DCD):    1.354ns
    Source Clock Delay      (SCD):    0.000ns
    Clock Pessimism Removal (CPR):    0.000ns
  Clock Net Delay (Destination): 0.818ns (routing 0.093ns, distribution 0.725ns)
  Timing Exception:       False Path

    Location             Delay type                Incr(ns)  Path(ns)    Netlist Resource(s)
  -------------------------------------------------------------------    -------------------
    K22                                               0.000     0.000 r  pcie_perst_n (IN)
                         net (fo=0)                   0.000     0.000    pcie_perst_n_IBUF_inst/I
    K22                  INBUF (Prop_INBUF_HRIO_PAD_O)
                                                      0.777     0.777 r  pcie_perst_n_IBUF_inst/INBUF_INST/O
                         net (fo=1, routed)           0.092     0.869    pcie_perst_n_IBUF_inst/OUT
    K22                  IBUFCTRL (Prop_IBUFCTRL_HRIO_I_O)
                                                      0.043     0.912 r  pcie_perst_n_IBUF_inst/IBUFCTRL_INST/O
                         net (fo=21, routed)          2.869     3.781    u_phy_wrapper/u_pcie_phy/inst/Uscale_gt.us_gt_phy_wrapper/phy_rst_i/phy_rst_n
    SLICE_X97Y109        FDCE                                         f  u_phy_wrapper/u_pcie_phy/inst/Uscale_gt.us_gt_phy_wrapper/phy_rst_i/rrst_n_r_reg[1]/CLR  (IS_INVERTED)
  -------------------------------------------------------------------    -------------------

                         (clock pcie_refclk_100 rise edge)
                                                      0.000     0.000 r  
    GTHE3_COMMON_X0Y1                                 0.000     0.000 r  pcie_refclk_p (IN)
                         net (fo=0)                   0.000     0.000    u_phy_wrapper/u_refclk_reset/pcie_refclk_p
    GTHE3_COMMON_X0Y1    IBUFDS_GTE3 (Prop_IBUFDS0_GTE3_GTHE3_COMMON_I_ODIV2)
                                                      0.207     0.207 r  u_phy_wrapper/u_refclk_reset/u_pcie_refclk_ibuf/ODIV2
                         net (fo=2, routed)           0.046     0.253    u_phy_wrapper/u_refclk_reset/phy_refclk_unbuf
    BUFG_GT_X0Y47        BUFG_GT (Prop_BUFG_GT_I_O)
                                                      0.283     0.536 r  u_phy_wrapper/u_refclk_reset/u_phy_refclk_bufg/O
    X3Y1 (CLOCK_ROOT)    net (fo=78, routed)          0.818     1.354    u_phy_wrapper/u_pcie_phy/inst/Uscale_gt.us_gt_phy_wrapper/phy_rst_i/phy_refclk
    SLICE_X97Y109        FDCE                                         r  u_phy_wrapper/u_pcie_phy/inst/Uscale_gt.us_gt_phy_wrapper/phy_rst_i/rrst_n_r_reg[1]/C





Min Delay Paths
--------------------------------------------------------------------------------------
Slack:                    inf
  Source:                 u_phy_wrapper/u_pcie_phy/inst/Uscale_gt.us_gt_phy_wrapper/gt_wizard.gtwizard_top_i/pcie_phy_0_gt_i/inst/gen_gtwizard_gthe3_top.pcie_phy_0_gt_gtwizard_gthe3_inst/gen_gtwizard_gthe3.gen_channel_container[1].gen_enabled_channel.gthe3_channel_wrapper_inst/channel_inst/gthe3_channel_gen.gen_gthe3_channel_inst[0].GTHE3_CHANNEL_PRIM_INST/PCIESYNCTXSYNCDONE
                            (internal pin)
  Destination:            u_phy_wrapper/u_pcie_phy/inst/Uscale_gt.us_gt_phy_wrapper/phy_rst_i/sync_txsync_done/sync_vec[0].sync_cell_i/sync_reg[0]/D
                            (rising edge-triggered cell FDRE clocked by pcie_refclk_100  {rise@0.000ns fall@5.000ns period=10.000ns})
  Path Group:             (none)
  Path Type:              Hold (Min at Fast Process Corner)
  Data Path Delay:        0.131ns  (logic 0.000ns (0.000%)  route 0.131ns (100.000%))
  Logic Levels:           0  
  Clock Uncertainty:      0.025ns  ((TSJ^2 + TIJ^2)^1/2 + DJ) / 2 + PE
    Total System Jitter     (TSJ):    0.050ns
    Total Input Jitter      (TIJ):    0.000ns
    Discrete Jitter          (DJ):    0.000ns
    Phase Error              (PE):    0.000ns
  Clock Net Delay (Destination): 0.509ns (routing 0.075ns, distribution 0.434ns)
  Timing Exception:       False Path

    Location             Delay type                Incr(ns)  Path(ns)    Netlist Resource(s)
  -------------------------------------------------------------------    -------------------
    GTHE3_CHANNEL_X0Y7   GTHE3_CHANNEL                0.000     0.000 r  u_phy_wrapper/u_pcie_phy/inst/Uscale_gt.us_gt_phy_wrapper/gt_wizard.gtwizard_top_i/pcie_phy_0_gt_i/inst/gen_gtwizard_gthe3_top.pcie_phy_0_gt_gtwizard_gthe3_inst/gen_gtwizard_gthe3.gen_channel_container[1].gen_enabled_channel.gthe3_channel_wrapper_inst/channel_inst/gthe3_channel_gen.gen_gthe3_channel_inst[0].GTHE3_CHANNEL_PRIM_INST/PCIESYNCTXSYNCDONE
                         net (fo=1, routed)           0.131     0.131    u_phy_wrapper/u_pcie_phy/inst/Uscale_gt.us_gt_phy_wrapper/phy_rst_i/sync_txsync_done/sync_vec[0].sync_cell_i/sync_reg[0]_0[0]
    SLICE_X100Y109       FDRE                                         r  u_phy_wrapper/u_pcie_phy/inst/Uscale_gt.us_gt_phy_wrapper/phy_rst_i/sync_txsync_done/sync_vec[0].sync_cell_i/sync_reg[0]/D
  -------------------------------------------------------------------    -------------------

                         (clock pcie_refclk_100 rise edge)
                                                      0.000     0.000 r  
    GTHE3_COMMON_X0Y1                                 0.000     0.000 r  pcie_refclk_p (IN)
                         net (fo=0)                   0.000     0.000    u_phy_wrapper/u_refclk_reset/pcie_refclk_p
    GTHE3_COMMON_X0Y1    IBUFDS_GTE3 (Prop_IBUFDS0_GTE3_GTHE3_COMMON_I_ODIV2)
                                                      0.252     0.252 r  u_phy_wrapper/u_refclk_reset/u_pcie_refclk_ibuf/ODIV2
                         net (fo=2, routed)           0.035     0.287    u_phy_wrapper/u_refclk_reset/phy_refclk_unbuf
    BUFG_GT_X0Y47        BUFG_GT (Prop_BUFG_GT_I_O)
                                                      0.130     0.417 r  u_phy_wrapper/u_refclk_reset/u_phy_refclk_bufg/O
    X3Y1 (CLOCK_ROOT)    net (fo=78, routed)          0.509     0.926    u_phy_wrapper/u_pcie_phy/inst/Uscale_gt.us_gt_phy_wrapper/phy_rst_i/sync_txsync_done/sync_vec[0].sync_cell_i/phy_refclk
    SLICE_X100Y109       FDRE                                         r  u_phy_wrapper/u_pcie_phy/inst/Uscale_gt.us_gt_phy_wrapper/phy_rst_i/sync_txsync_done/sync_vec[0].sync_cell_i/sync_reg[0]/C





--------------------------------------------------------------------------------------
Path Group:  (none)
From Clock:  txoutclk_out[0]
  To Clock:  pcie_refclk_100

Max Delay             4 Endpoints
Min Delay             4 Endpoints
--------------------------------------------------------------------------------------


Max Delay Paths
--------------------------------------------------------------------------------------
Slack:                    inf
  Source:                 u_phy_wrapper/u_pcie_phy/inst/Uscale_gt.us_gt_phy_wrapper/gt_wizard.gtwizard_top_i/pcie_phy_0_gt_i/inst/gen_gtwizard_gthe3_top.pcie_phy_0_gt_gtwizard_gthe3_inst/gen_gtwizard_gthe3.gen_channel_container[1].gen_enabled_channel.gthe3_channel_wrapper_inst/channel_inst/gthe3_channel_gen.gen_gthe3_channel_inst[0].GTHE3_CHANNEL_PRIM_INST/TXUSRCLK2
                            (rising edge-triggered cell GTHE3_CHANNEL clocked by txoutclk_out[0]  {rise@0.000ns fall@2.000ns period=4.000ns})
  Destination:            u_phy_wrapper/u_pcie_phy/inst/Uscale_gt.us_gt_phy_wrapper/phy_rst_i/sync_txresetdone/sync_vec[0].sync_cell_i/sync_reg[0]/D
                            (rising edge-triggered cell FDRE clocked by pcie_refclk_100  {rise@0.000ns fall@5.000ns period=10.000ns})
  Path Group:             (none)
  Path Type:              Setup (Max at Slow Process Corner)
  Data Path Delay:        1.664ns  (logic 1.234ns (74.159%)  route 0.430ns (25.841%))
  Logic Levels:           0  
  Clock Path Skew:        -1.043ns (DCD - SCD + CPR)
    Destination Clock Delay (DCD):    1.354ns
    Source Clock Delay      (SCD):    2.397ns
    Clock Pessimism Removal (CPR):    0.000ns
  Clock Uncertainty:      0.035ns  ((TSJ^2 + TIJ^2)^1/2 + DJ) / 2 + PE
    Total System Jitter     (TSJ):    0.071ns
    Total Input Jitter      (TIJ):    0.000ns
    Discrete Jitter          (DJ):    0.000ns
    Phase Error              (PE):    0.000ns
  Clock Net Delay (Source):      2.000ns (routing 0.628ns, distribution 1.372ns)
  Clock Net Delay (Destination): 0.818ns (routing 0.093ns, distribution 0.725ns)
  Timing Exception:       Asynchronous Clock Groups

    Location             Delay type                Incr(ns)  Path(ns)    Netlist Resource(s)
  -------------------------------------------------------------------    -------------------
                         (clock txoutclk_out[0] rise edge)
                                                      0.000     0.000 r  
    GTHE3_CHANNEL_X0Y7   GTHE3_CHANNEL                0.000     0.000 r  u_phy_wrapper/u_pcie_phy/inst/Uscale_gt.us_gt_phy_wrapper/gt_wizard.gtwizard_top_i/pcie_phy_0_gt_i/inst/gen_gtwizard_gthe3_top.pcie_phy_0_gt_gtwizard_gthe3_inst/gen_gtwizard_gthe3.gen_channel_container[1].gen_enabled_channel.gthe3_channel_wrapper_inst/channel_inst/gthe3_channel_gen.gen_gthe3_channel_inst[0].GTHE3_CHANNEL_PRIM_INST/TXOUTCLK
                         net (fo=3, routed)           0.082     0.082    u_phy_wrapper/u_pcie_phy/inst/Uscale_gt.us_gt_phy_wrapper/phy_clk_i/CLK_USERCLK_IN
    BUFG_GT_X0Y25        BUFG_GT (Prop_BUFG_GT_I_O)
                                                      0.315     0.397 r  u_phy_wrapper/u_pcie_phy/inst/Uscale_gt.us_gt_phy_wrapper/phy_clk_i/bufg_gt_pclk/O
    X2Y1 (CLOCK_ROOT)    net (fo=1994, routed)        2.000     2.397    u_phy_wrapper/u_pcie_phy/inst/Uscale_gt.us_gt_phy_wrapper/gt_wizard.gtwizard_top_i/pcie_phy_0_gt_i/inst/gen_gtwizard_gthe3_top.pcie_phy_0_gt_gtwizard_gthe3_inst/gen_gtwizard_gthe3.gen_channel_container[1].gen_enabled_channel.gthe3_channel_wrapper_inst/channel_inst/rxusrclk_in[0]
    GTHE3_CHANNEL_X0Y7   GTHE3_CHANNEL                                r  u_phy_wrapper/u_pcie_phy/inst/Uscale_gt.us_gt_phy_wrapper/gt_wizard.gtwizard_top_i/pcie_phy_0_gt_i/inst/gen_gtwizard_gthe3_top.pcie_phy_0_gt_gtwizard_gthe3_inst/gen_gtwizard_gthe3.gen_channel_container[1].gen_enabled_channel.gthe3_channel_wrapper_inst/channel_inst/gthe3_channel_gen.gen_gthe3_channel_inst[0].GTHE3_CHANNEL_PRIM_INST/TXUSRCLK2
  -------------------------------------------------------------------    -------------------
    GTHE3_CHANNEL_X0Y7   GTHE3_CHANNEL (Prop_GTHE3_CHANNEL_TXUSRCLK2_TXRESETDONE)
                                                      1.234     3.631 r  u_phy_wrapper/u_pcie_phy/inst/Uscale_gt.us_gt_phy_wrapper/gt_wizard.gtwizard_top_i/pcie_phy_0_gt_i/inst/gen_gtwizard_gthe3_top.pcie_phy_0_gt_gtwizard_gthe3_inst/gen_gtwizard_gthe3.gen_channel_container[1].gen_enabled_channel.gthe3_channel_wrapper_inst/channel_inst/gthe3_channel_gen.gen_gthe3_channel_inst[0].GTHE3_CHANNEL_PRIM_INST/TXRESETDONE
                         net (fo=1, routed)           0.430     4.061    u_phy_wrapper/u_pcie_phy/inst/Uscale_gt.us_gt_phy_wrapper/phy_rst_i/sync_txresetdone/sync_vec[0].sync_cell_i/sync_reg[0]_0[0]
    SLICE_X100Y110       FDRE                                         r  u_phy_wrapper/u_pcie_phy/inst/Uscale_gt.us_gt_phy_wrapper/phy_rst_i/sync_txresetdone/sync_vec[0].sync_cell_i/sync_reg[0]/D
  -------------------------------------------------------------------    -------------------

                         (clock pcie_refclk_100 rise edge)
                                                      0.000     0.000 r  
    GTHE3_COMMON_X0Y1                                 0.000     0.000 r  pcie_refclk_p (IN)
                         net (fo=0)                   0.000     0.000    u_phy_wrapper/u_refclk_reset/pcie_refclk_p
    GTHE3_COMMON_X0Y1    IBUFDS_GTE3 (Prop_IBUFDS0_GTE3_GTHE3_COMMON_I_ODIV2)
                                                      0.207     0.207 r  u_phy_wrapper/u_refclk_reset/u_pcie_refclk_ibuf/ODIV2
                         net (fo=2, routed)           0.046     0.253    u_phy_wrapper/u_refclk_reset/phy_refclk_unbuf
    BUFG_GT_X0Y47        BUFG_GT (Prop_BUFG_GT_I_O)
                                                      0.283     0.536 r  u_phy_wrapper/u_refclk_reset/u_phy_refclk_bufg/O
    X3Y1 (CLOCK_ROOT)    net (fo=78, routed)          0.818     1.354    u_phy_wrapper/u_pcie_phy/inst/Uscale_gt.us_gt_phy_wrapper/phy_rst_i/sync_txresetdone/sync_vec[0].sync_cell_i/phy_refclk
    SLICE_X100Y110       FDRE                                         r  u_phy_wrapper/u_pcie_phy/inst/Uscale_gt.us_gt_phy_wrapper/phy_rst_i/sync_txresetdone/sync_vec[0].sync_cell_i/sync_reg[0]/C





Min Delay Paths
--------------------------------------------------------------------------------------
Slack:                    inf
  Source:                 u_phy_wrapper/u_pcie_phy/inst/Uscale_gt.us_gt_phy_wrapper/phy_rst_i/prst_n_r_reg[7]/C
                            (rising edge-triggered cell FDCE clocked by txoutclk_out[0]  {rise@0.000ns fall@2.000ns period=4.000ns})
  Destination:            u_phy_wrapper/u_pcie_phy/inst/Uscale_gt.us_gt_phy_wrapper/phy_rst_i/sync_prst_n/sync_vec[0].sync_cell_i/sync_reg[0]/D
                            (rising edge-triggered cell FDRE clocked by pcie_refclk_100  {rise@0.000ns fall@5.000ns period=10.000ns})
  Path Group:             (none)
  Path Type:              Hold (Min at Fast Process Corner)
  Data Path Delay:        0.235ns  (logic 0.048ns (20.426%)  route 0.187ns (79.574%))
  Logic Levels:           0  
  Clock Path Skew:        -0.183ns (DCD - SCD - CPR)
    Destination Clock Delay (DCD):    0.930ns
    Source Clock Delay      (SCD):    1.113ns
    Clock Pessimism Removal (CPR):    -0.000ns
  Clock Uncertainty:      0.035ns  ((TSJ^2 + TIJ^2)^1/2 + DJ) / 2 + PE
    Total System Jitter     (TSJ):    0.071ns
    Total Input Jitter      (TIJ):    0.000ns
    Discrete Jitter          (DJ):    0.000ns
    Phase Error              (PE):    0.000ns
  Clock Net Delay (Source):      0.995ns (routing 0.341ns, distribution 0.654ns)
  Clock Net Delay (Destination): 0.513ns (routing 0.075ns, distribution 0.438ns)
  Timing Exception:       Asynchronous Clock Groups

    Location             Delay type                Incr(ns)  Path(ns)    Netlist Resource(s)
  -------------------------------------------------------------------    -------------------
                         (clock txoutclk_out[0] rise edge)
                                                      0.000     0.000 r  
    GTHE3_CHANNEL_X0Y7   GTHE3_CHANNEL                0.000     0.000 r  u_phy_wrapper/u_pcie_phy/inst/Uscale_gt.us_gt_phy_wrapper/gt_wizard.gtwizard_top_i/pcie_phy_0_gt_i/inst/gen_gtwizard_gthe3_top.pcie_phy_0_gt_gtwizard_gthe3_inst/gen_gtwizard_gthe3.gen_channel_container[1].gen_enabled_channel.gthe3_channel_wrapper_inst/channel_inst/gthe3_channel_gen.gen_gthe3_channel_inst[0].GTHE3_CHANNEL_PRIM_INST/TXOUTCLK
                         net (fo=3, routed)           0.018     0.018    u_phy_wrapper/u_pcie_phy/inst/Uscale_gt.us_gt_phy_wrapper/phy_clk_i/CLK_USERCLK_IN
    BUFG_GT_X0Y25        BUFG_GT (Prop_BUFG_GT_I_O)
                                                      0.100     0.118 r  u_phy_wrapper/u_pcie_phy/inst/Uscale_gt.us_gt_phy_wrapper/phy_clk_i/bufg_gt_pclk/O
    X2Y1 (CLOCK_ROOT)    net (fo=1994, routed)        0.995     1.113    u_phy_wrapper/u_pcie_phy/inst/Uscale_gt.us_gt_phy_wrapper/phy_rst_i/CLK_PCLK
    SLICE_X98Y109        FDCE                                         r  u_phy_wrapper/u_pcie_phy/inst/Uscale_gt.us_gt_phy_wrapper/phy_rst_i/prst_n_r_reg[7]/C
  -------------------------------------------------------------------    -------------------
    SLICE_X98Y109        FDCE (Prop_HFF2_SLICEL_C_Q)
                                                      0.048     1.161 r  u_phy_wrapper/u_pcie_phy/inst/Uscale_gt.us_gt_phy_wrapper/phy_rst_i/prst_n_r_reg[7]/Q
                         net (fo=40, routed)          0.187     1.348    u_phy_wrapper/u_pcie_phy/inst/Uscale_gt.us_gt_phy_wrapper/phy_rst_i/sync_prst_n/sync_vec[0].sync_cell_i/D[0]
    SLICE_X98Y110        FDRE                                         r  u_phy_wrapper/u_pcie_phy/inst/Uscale_gt.us_gt_phy_wrapper/phy_rst_i/sync_prst_n/sync_vec[0].sync_cell_i/sync_reg[0]/D
  -------------------------------------------------------------------    -------------------

                         (clock pcie_refclk_100 rise edge)
                                                      0.000     0.000 r  
    GTHE3_COMMON_X0Y1                                 0.000     0.000 r  pcie_refclk_p (IN)
                         net (fo=0)                   0.000     0.000    u_phy_wrapper/u_refclk_reset/pcie_refclk_p
    GTHE3_COMMON_X0Y1    IBUFDS_GTE3 (Prop_IBUFDS0_GTE3_GTHE3_COMMON_I_ODIV2)
                                                      0.252     0.252 r  u_phy_wrapper/u_refclk_reset/u_pcie_refclk_ibuf/ODIV2
                         net (fo=2, routed)           0.035     0.287    u_phy_wrapper/u_refclk_reset/phy_refclk_unbuf
    BUFG_GT_X0Y47        BUFG_GT (Prop_BUFG_GT_I_O)
                                                      0.130     0.417 r  u_phy_wrapper/u_refclk_reset/u_phy_refclk_bufg/O
    X3Y1 (CLOCK_ROOT)    net (fo=78, routed)          0.513     0.930    u_phy_wrapper/u_pcie_phy/inst/Uscale_gt.us_gt_phy_wrapper/phy_rst_i/sync_prst_n/sync_vec[0].sync_cell_i/phy_refclk
    SLICE_X98Y110        FDRE                                         r  u_phy_wrapper/u_pcie_phy/inst/Uscale_gt.us_gt_phy_wrapper/phy_rst_i/sync_prst_n/sync_vec[0].sync_cell_i/sync_reg[0]/C





--------------------------------------------------------------------------------------
Path Group:  (none)
From Clock:  
  To Clock:  txoutclk_out[0]

Max Delay            20 Endpoints
Min Delay            20 Endpoints
--------------------------------------------------------------------------------------


Max Delay Paths
--------------------------------------------------------------------------------------
Slack:                    inf
  Source:                 pcie_perst_n
                            (input port)
  Destination:            u_phy_wrapper/u_refclk_reset/u_reset_ctrl/u_pipe_reset_sync/sync_reg_reg[0]/CLR
                            (recovery check against rising-edge clock txoutclk_out[0]  {rise@0.000ns fall@2.000ns period=4.000ns})
  Path Group:             (none)
  Path Type:              Recovery (Max at Slow Process Corner)
  Data Path Delay:        3.955ns  (logic 0.860ns (21.745%)  route 3.095ns (78.255%))
  Logic Levels:           3  (IBUFCTRL=1 INBUF=1 LUT2=1)
  Clock Path Skew:        2.195ns (DCD - SCD + CPR)
    Destination Clock Delay (DCD):    2.195ns
    Source Clock Delay      (SCD):    0.000ns
    Clock Pessimism Removal (CPR):    0.000ns
  Clock Net Delay (Destination): 1.866ns (routing 0.572ns, distribution 1.294ns)
  Timing Exception:       False Path

    Location             Delay type                Incr(ns)  Path(ns)    Netlist Resource(s)
  -------------------------------------------------------------------    -------------------
    K22                                               0.000     0.000 r  pcie_perst_n (IN)
                         net (fo=0)                   0.000     0.000    pcie_perst_n_IBUF_inst/I
    K22                  INBUF (Prop_INBUF_HRIO_PAD_O)
                                                      0.777     0.777 r  pcie_perst_n_IBUF_inst/INBUF_INST/O
                         net (fo=1, routed)           0.092     0.869    pcie_perst_n_IBUF_inst/OUT
    K22                  IBUFCTRL (Prop_IBUFCTRL_HRIO_I_O)
                                                      0.043     0.912 r  pcie_perst_n_IBUF_inst/IBUFCTRL_INST/O
                         net (fo=21, routed)          2.719     3.631    u_phy_wrapper/u_refclk_reset/u_reset_ctrl/u_pipe_reset_sync/pcie_perst_n
    SLICE_X95Y109        LUT2 (Prop_E6LUT_SLICEL_I1_O)
                                                      0.040     3.671 f  u_phy_wrapper/u_refclk_reset/u_reset_ctrl/u_pipe_reset_sync/sync_reg[3]_i_1/O
                         net (fo=4, routed)           0.284     3.955    u_phy_wrapper/u_refclk_reset/u_reset_ctrl/u_pipe_reset_sync/sync_reg[3]_i_1_n_0
    SLICE_X95Y109        FDCE                                         f  u_phy_wrapper/u_refclk_reset/u_reset_ctrl/u_pipe_reset_sync/sync_reg_reg[0]/CLR
  -------------------------------------------------------------------    -------------------

                         (clock txoutclk_out[0] rise edge)
                                                      0.000     0.000 r  
    GTHE3_CHANNEL_X0Y7   GTHE3_CHANNEL                0.000     0.000 r  u_phy_wrapper/u_pcie_phy/inst/Uscale_gt.us_gt_phy_wrapper/gt_wizard.gtwizard_top_i/pcie_phy_0_gt_i/inst/gen_gtwizard_gthe3_top.pcie_phy_0_gt_gtwizard_gthe3_inst/gen_gtwizard_gthe3.gen_channel_container[1].gen_enabled_channel.gthe3_channel_wrapper_inst/channel_inst/gthe3_channel_gen.gen_gthe3_channel_inst[0].GTHE3_CHANNEL_PRIM_INST/TXOUTCLK
                         net (fo=3, routed)           0.046     0.046    u_phy_wrapper/u_pcie_phy/inst/Uscale_gt.us_gt_phy_wrapper/phy_clk_i/CLK_USERCLK_IN
    BUFG_GT_X0Y25        BUFG_GT (Prop_BUFG_GT_I_O)
                                                      0.283     0.329 r  u_phy_wrapper/u_pcie_phy/inst/Uscale_gt.us_gt_phy_wrapper/phy_clk_i/bufg_gt_pclk/O
    X2Y1 (CLOCK_ROOT)    net (fo=1994, routed)        1.866     2.195    u_phy_wrapper/u_refclk_reset/u_reset_ctrl/u_pipe_reset_sync/phy_pclk
    SLICE_X95Y109        FDCE                                         r  u_phy_wrapper/u_refclk_reset/u_reset_ctrl/u_pipe_reset_sync/sync_reg_reg[0]/C





Min Delay Paths
--------------------------------------------------------------------------------------
Slack:                    inf
  Source:                 u_phy_wrapper/u_pcie_phy/inst/Uscale_gt.us_gt_phy_wrapper/gt_wizard.gtwizard_top_i/pcie_phy_0_gt_i/inst/gen_gtwizard_gthe3_top.pcie_phy_0_gt_gtwizard_gthe3_inst/gen_gtwizard_gthe3.gen_channel_container[1].gen_enabled_channel.gthe3_channel_wrapper_inst/channel_inst/gthe3_channel_gen.gen_gthe3_channel_inst[0].GTHE3_CHANNEL_PRIM_INST/RXELECIDLE
                            (internal pin)
  Destination:            u_phy_wrapper/u_pcie_phy/inst/phy_rxelecidle_ff_reg/D
                            (rising edge-triggered cell FDSE clocked by txoutclk_out[0]  {rise@0.000ns fall@2.000ns period=4.000ns})
  Path Group:             (none)
  Path Type:              Hold (Min at Fast Process Corner)
  Data Path Delay:        0.265ns  (logic 0.000ns (0.000%)  route 0.265ns (100.000%))
  Logic Levels:           0  
  Clock Uncertainty:      0.025ns  ((TSJ^2 + TIJ^2)^1/2 + DJ) / 2 + PE
    Total System Jitter     (TSJ):    0.050ns
    Total Input Jitter      (TIJ):    0.000ns
    Discrete Jitter          (DJ):    0.000ns
    Phase Error              (PE):    0.000ns
  Clock Net Delay (Destination): 1.173ns (routing 0.387ns, distribution 0.786ns)
  Timing Exception:       False Path

    Location             Delay type                Incr(ns)  Path(ns)    Netlist Resource(s)
  -------------------------------------------------------------------    -------------------
    GTHE3_CHANNEL_X0Y7   GTHE3_CHANNEL                0.000     0.000 r  u_phy_wrapper/u_pcie_phy/inst/Uscale_gt.us_gt_phy_wrapper/gt_wizard.gtwizard_top_i/pcie_phy_0_gt_i/inst/gen_gtwizard_gthe3_top.pcie_phy_0_gt_gtwizard_gthe3_inst/gen_gtwizard_gthe3.gen_channel_container[1].gen_enabled_channel.gthe3_channel_wrapper_inst/channel_inst/gthe3_channel_gen.gen_gthe3_channel_inst[0].GTHE3_CHANNEL_PRIM_INST/RXELECIDLE
                         net (fo=2, routed)           0.265     0.265    u_phy_wrapper/u_pcie_phy/inst/phy_rxelecidle[0]
    SLICE_X96Y111        FDSE                                         r  u_phy_wrapper/u_pcie_phy/inst/phy_rxelecidle_ff_reg/D
  -------------------------------------------------------------------    -------------------

                         (clock txoutclk_out[0] rise edge)
                                                      0.000     0.000 r  
    GTHE3_CHANNEL_X0Y7   GTHE3_CHANNEL                0.000     0.000 r  u_phy_wrapper/u_pcie_phy/inst/Uscale_gt.us_gt_phy_wrapper/gt_wizard.gtwizard_top_i/pcie_phy_0_gt_i/inst/gen_gtwizard_gthe3_top.pcie_phy_0_gt_gtwizard_gthe3_inst/gen_gtwizard_gthe3.gen_channel_container[1].gen_enabled_channel.gthe3_channel_wrapper_inst/channel_inst/gthe3_channel_gen.gen_gthe3_channel_inst[0].GTHE3_CHANNEL_PRIM_INST/TXOUTCLK
                         net (fo=3, routed)           0.035     0.035    u_phy_wrapper/u_pcie_phy/inst/Uscale_gt.us_gt_phy_wrapper/phy_clk_i/CLK_USERCLK_IN
    BUFG_GT_X0Y25        BUFG_GT (Prop_BUFG_GT_I_O)
                                                      0.130     0.165 r  u_phy_wrapper/u_pcie_phy/inst/Uscale_gt.us_gt_phy_wrapper/phy_clk_i/bufg_gt_pclk/O
    X2Y1 (CLOCK_ROOT)    net (fo=1994, routed)        1.173     1.338    u_phy_wrapper/u_pcie_phy/inst/phy_pclk
    SLICE_X96Y111        FDSE                                         r  u_phy_wrapper/u_pcie_phy/inst/phy_rxelecidle_ff_reg/C





--------------------------------------------------------------------------------------
Path Group:  (none)
From Clock:  dbg_hub/inst/BSCANID.u_xsdbm_id/SWITCH_N_EXT_BSCAN.bscan_inst/SERIES7_BSCAN.bscan_inst/TCK
  To Clock:  txoutclk_out[0]

Max Delay            78 Endpoints
Min Delay            86 Endpoints
--------------------------------------------------------------------------------------


Max Delay Paths
--------------------------------------------------------------------------------------
Slack:                    inf
  Source:                 dbg_hub/inst/BSCANID.u_xsdbm_id/CORE_XSDB.UUT_MASTER/U_ICON_INTERFACE/U_CMD6_WR/U_WR_FIFO/SUBCORE_FIFO.xsdbm_v3_0_0_wrfifo_inst/inst_fifo_gen/gconvfifo.rf/grf.rf/gntv_or_sync_fifo.mem/gdm.dm_gen.dm/RAM_reg_0_15_0_13/RAMC_D1/CLK
                            (rising edge-triggered cell RAMD32 clocked by dbg_hub/inst/BSCANID.u_xsdbm_id/SWITCH_N_EXT_BSCAN.bscan_inst/SERIES7_BSCAN.bscan_inst/TCK  {rise@0.000ns fall@16.500ns period=33.000ns})
  Destination:            dbg_hub/inst/BSCANID.u_xsdbm_id/CORE_XSDB.UUT_MASTER/U_ICON_INTERFACE/U_CMD6_WR/U_WR_FIFO/SUBCORE_FIFO.xsdbm_v3_0_0_wrfifo_inst/inst_fifo_gen/gconvfifo.rf/grf.rf/gntv_or_sync_fifo.mem/gdm.dm_gen.dm/gpr1.dout_i_reg[5]/D
                            (rising edge-triggered cell FDRE clocked by txoutclk_out[0]  {rise@0.000ns fall@2.000ns period=4.000ns})
  Path Group:             (none)
  Path Type:              Setup (Max at Slow Process Corner)
  Data Path Delay:        0.955ns  (logic 0.449ns (47.016%)  route 0.506ns (52.984%))
  Logic Levels:           0  
  Clock Path Skew:        -5.746ns (DCD - SCD + CPR)
    Destination Clock Delay (DCD):    2.236ns
    Source Clock Delay      (SCD):    7.982ns
    Clock Pessimism Removal (CPR):    0.000ns
  Clock Uncertainty:      0.035ns  ((TSJ^2 + TIJ^2)^1/2 + DJ) / 2 + PE
    Total System Jitter     (TSJ):    0.071ns
    Total Input Jitter      (TIJ):    0.000ns
    Discrete Jitter          (DJ):    0.000ns
    Phase Error              (PE):    0.000ns
  Clock Net Delay (Source):      3.181ns (routing 1.832ns, distribution 1.349ns)
  Clock Net Delay (Destination): 1.907ns (routing 0.572ns, distribution 1.335ns)
  Timing Exception:       False Path

    Location             Delay type                Incr(ns)  Path(ns)    Netlist Resource(s)
  -------------------------------------------------------------------    -------------------
                         (clock dbg_hub/inst/BSCANID.u_xsdbm_id/SWITCH_N_EXT_BSCAN.bscan_inst/SERIES7_BSCAN.bscan_inst/TCK rise edge)
                                                      0.000     0.000 r  
    CONFIG_SITE_X0Y0     BSCANE2                      0.000     0.000 r  dbg_hub/inst/BSCANID.u_xsdbm_id/SWITCH_N_EXT_BSCAN.bscan_inst/SERIES7_BSCAN.bscan_inst/TCK
                         net (fo=1, routed)           4.718     4.718    dbg_hub/inst/BSCANID.u_xsdbm_id/tck_bs
    BUFGCE_X0Y96         BUFGCE (Prop_BUFCE_BUFGCE_I_O)
                                                      0.083     4.801 r  dbg_hub/inst/BSCANID.u_xsdbm_id/SWITCH_N_EXT_BSCAN.u_bufg_icon_tck/O
    X3Y2 (CLOCK_ROOT)    net (fo=478, routed)         3.181     7.982    dbg_hub/inst/BSCANID.u_xsdbm_id/CORE_XSDB.UUT_MASTER/U_ICON_INTERFACE/U_CMD6_WR/U_WR_FIFO/SUBCORE_FIFO.xsdbm_v3_0_0_wrfifo_inst/inst_fifo_gen/gconvfifo.rf/grf.rf/gntv_or_sync_fifo.mem/gdm.dm_gen.dm/RAM_reg_0_15_0_13/WCLK
    SLICE_X94Y132        RAMD32                                       r  dbg_hub/inst/BSCANID.u_xsdbm_id/CORE_XSDB.UUT_MASTER/U_ICON_INTERFACE/U_CMD6_WR/U_WR_FIFO/SUBCORE_FIFO.xsdbm_v3_0_0_wrfifo_inst/inst_fifo_gen/gconvfifo.rf/grf.rf/gntv_or_sync_fifo.mem/gdm.dm_gen.dm/RAM_reg_0_15_0_13/RAMC_D1/CLK
  -------------------------------------------------------------------    -------------------
    SLICE_X94Y132        RAMD32 (Prop_C6LUT_SLICEM_CLK_O)
                                                      0.449     8.431 r  dbg_hub/inst/BSCANID.u_xsdbm_id/CORE_XSDB.UUT_MASTER/U_ICON_INTERFACE/U_CMD6_WR/U_WR_FIFO/SUBCORE_FIFO.xsdbm_v3_0_0_wrfifo_inst/inst_fifo_gen/gconvfifo.rf/grf.rf/gntv_or_sync_fifo.mem/gdm.dm_gen.dm/RAM_reg_0_15_0_13/RAMC_D1/O
                         net (fo=1, routed)           0.506     8.937    dbg_hub/inst/BSCANID.u_xsdbm_id/CORE_XSDB.UUT_MASTER/U_ICON_INTERFACE/U_CMD6_WR/U_WR_FIFO/SUBCORE_FIFO.xsdbm_v3_0_0_wrfifo_inst/inst_fifo_gen/gconvfifo.rf/grf.rf/gntv_or_sync_fifo.mem/gdm.dm_gen.dm/dout_i0[5]
    SLICE_X90Y129        FDRE                                         r  dbg_hub/inst/BSCANID.u_xsdbm_id/CORE_XSDB.UUT_MASTER/U_ICON_INTERFACE/U_CMD6_WR/U_WR_FIFO/SUBCORE_FIFO.xsdbm_v3_0_0_wrfifo_inst/inst_fifo_gen/gconvfifo.rf/grf.rf/gntv_or_sync_fifo.mem/gdm.dm_gen.dm/gpr1.dout_i_reg[5]/D
  -------------------------------------------------------------------    -------------------

                         (clock txoutclk_out[0] rise edge)
                                                      0.000     0.000 r  
    GTHE3_CHANNEL_X0Y7   GTHE3_CHANNEL                0.000     0.000 r  u_phy_wrapper/u_pcie_phy/inst/Uscale_gt.us_gt_phy_wrapper/gt_wizard.gtwizard_top_i/pcie_phy_0_gt_i/inst/gen_gtwizard_gthe3_top.pcie_phy_0_gt_gtwizard_gthe3_inst/gen_gtwizard_gthe3.gen_channel_container[1].gen_enabled_channel.gthe3_channel_wrapper_inst/channel_inst/gthe3_channel_gen.gen_gthe3_channel_inst[0].GTHE3_CHANNEL_PRIM_INST/TXOUTCLK
                         net (fo=3, routed)           0.046     0.046    u_phy_wrapper/u_pcie_phy/inst/Uscale_gt.us_gt_phy_wrapper/phy_clk_i/CLK_USERCLK_IN
    BUFG_GT_X0Y25        BUFG_GT (Prop_BUFG_GT_I_O)
                                                      0.283     0.329 r  u_phy_wrapper/u_pcie_phy/inst/Uscale_gt.us_gt_phy_wrapper/phy_clk_i/bufg_gt_pclk/O
    X2Y1 (CLOCK_ROOT)    net (fo=1994, routed)        1.907     2.236    dbg_hub/inst/BSCANID.u_xsdbm_id/CORE_XSDB.UUT_MASTER/U_ICON_INTERFACE/U_CMD6_WR/U_WR_FIFO/SUBCORE_FIFO.xsdbm_v3_0_0_wrfifo_inst/inst_fifo_gen/gconvfifo.rf/grf.rf/gntv_or_sync_fifo.mem/gdm.dm_gen.dm/rd_clk
    SLICE_X90Y129        FDRE                                         r  dbg_hub/inst/BSCANID.u_xsdbm_id/CORE_XSDB.UUT_MASTER/U_ICON_INTERFACE/U_CMD6_WR/U_WR_FIFO/SUBCORE_FIFO.xsdbm_v3_0_0_wrfifo_inst/inst_fifo_gen/gconvfifo.rf/grf.rf/gntv_or_sync_fifo.mem/gdm.dm_gen.dm/gpr1.dout_i_reg[5]/C





Min Delay Paths
--------------------------------------------------------------------------------------
Slack:                    inf
  Source:                 dbg_hub/inst/BSCANID.u_xsdbm_id/CORE_XSDB.UUT_MASTER/U_ICON_INTERFACE/U_CMD5/icn_cmd_en_temp_reg/C
                            (rising edge-triggered cell FDRE clocked by dbg_hub/inst/BSCANID.u_xsdbm_id/SWITCH_N_EXT_BSCAN.bscan_inst/SERIES7_BSCAN.bscan_inst/TCK  {rise@0.000ns fall@16.500ns period=33.000ns})
  Destination:            dbg_hub/inst/BSCANID.u_xsdbm_id/CORE_XSDB.UUT_MASTER/U_ICON_INTERFACE/U_CMD5/ctl_reg_en_1_reg[0]/D
                            (rising edge-triggered cell FDRE clocked by txoutclk_out[0]  {rise@0.000ns fall@2.000ns period=4.000ns})
  Path Group:             (none)
  Path Type:              Hold (Min at Fast Process Corner)
  Data Path Delay:        0.145ns  (logic 0.049ns (33.793%)  route 0.096ns (66.207%))
  Logic Levels:           0  
  Clock Path Skew:        -2.535ns (DCD - SCD - CPR)
    Destination Clock Delay (DCD):    1.333ns
    Source Clock Delay      (SCD):    3.868ns
    Clock Pessimism Removal (CPR):    -0.000ns
  Clock Uncertainty:      0.035ns  ((TSJ^2 + TIJ^2)^1/2 + DJ) / 2 + PE
    Total System Jitter     (TSJ):    0.071ns
    Total Input Jitter      (TIJ):    0.000ns
    Discrete Jitter          (DJ):    0.000ns
    Phase Error              (PE):    0.000ns
  Clock Net Delay (Source):      1.457ns (routing 0.928ns, distribution 0.529ns)
  Clock Net Delay (Destination): 1.168ns (routing 0.387ns, distribution 0.781ns)
  Timing Exception:       False Path

    Location             Delay type                Incr(ns)  Path(ns)    Netlist Resource(s)
  -------------------------------------------------------------------    -------------------
                         (clock dbg_hub/inst/BSCANID.u_xsdbm_id/SWITCH_N_EXT_BSCAN.bscan_inst/SERIES7_BSCAN.bscan_inst/TCK rise edge)
                                                      0.000     0.000 r  
    CONFIG_SITE_X0Y0     BSCANE2                      0.000     0.000 r  dbg_hub/inst/BSCANID.u_xsdbm_id/SWITCH_N_EXT_BSCAN.bscan_inst/SERIES7_BSCAN.bscan_inst/TCK
                         net (fo=1, routed)           2.384     2.384    dbg_hub/inst/BSCANID.u_xsdbm_id/tck_bs
    BUFGCE_X0Y96         BUFGCE (Prop_BUFCE_BUFGCE_I_O)
                                                      0.027     2.411 r  dbg_hub/inst/BSCANID.u_xsdbm_id/SWITCH_N_EXT_BSCAN.u_bufg_icon_tck/O
    X3Y2 (CLOCK_ROOT)    net (fo=478, routed)         1.457     3.868    dbg_hub/inst/BSCANID.u_xsdbm_id/CORE_XSDB.UUT_MASTER/U_ICON_INTERFACE/U_CMD5/m_bscan_tck[0]
    SLICE_X86Y135        FDRE                                         r  dbg_hub/inst/BSCANID.u_xsdbm_id/CORE_XSDB.UUT_MASTER/U_ICON_INTERFACE/U_CMD5/icn_cmd_en_temp_reg/C
  -------------------------------------------------------------------    -------------------
    SLICE_X86Y135        FDRE (Prop_EFF_SLICEL_C_Q)
                                                      0.049     3.917 r  dbg_hub/inst/BSCANID.u_xsdbm_id/CORE_XSDB.UUT_MASTER/U_ICON_INTERFACE/U_CMD5/icn_cmd_en_temp_reg/Q
                         net (fo=19, routed)          0.096     4.013    dbg_hub/inst/BSCANID.u_xsdbm_id/CORE_XSDB.UUT_MASTER/U_ICON_INTERFACE/U_CMD5/icn_cmd_en_temp
    SLICE_X86Y134        FDRE                                         r  dbg_hub/inst/BSCANID.u_xsdbm_id/CORE_XSDB.UUT_MASTER/U_ICON_INTERFACE/U_CMD5/ctl_reg_en_1_reg[0]/D
  -------------------------------------------------------------------    -------------------

                         (clock txoutclk_out[0] rise edge)
                                                      0.000     0.000 r  
    GTHE3_CHANNEL_X0Y7   GTHE3_CHANNEL                0.000     0.000 r  u_phy_wrapper/u_pcie_phy/inst/Uscale_gt.us_gt_phy_wrapper/gt_wizard.gtwizard_top_i/pcie_phy_0_gt_i/inst/gen_gtwizard_gthe3_top.pcie_phy_0_gt_gtwizard_gthe3_inst/gen_gtwizard_gthe3.gen_channel_container[1].gen_enabled_channel.gthe3_channel_wrapper_inst/channel_inst/gthe3_channel_gen.gen_gthe3_channel_inst[0].GTHE3_CHANNEL_PRIM_INST/TXOUTCLK
                         net (fo=3, routed)           0.035     0.035    u_phy_wrapper/u_pcie_phy/inst/Uscale_gt.us_gt_phy_wrapper/phy_clk_i/CLK_USERCLK_IN
    BUFG_GT_X0Y25        BUFG_GT (Prop_BUFG_GT_I_O)
                                                      0.130     0.165 r  u_phy_wrapper/u_pcie_phy/inst/Uscale_gt.us_gt_phy_wrapper/phy_clk_i/bufg_gt_pclk/O
    X2Y1 (CLOCK_ROOT)    net (fo=1994, routed)        1.168     1.333    dbg_hub/inst/BSCANID.u_xsdbm_id/CORE_XSDB.UUT_MASTER/U_ICON_INTERFACE/U_CMD5/clk
    SLICE_X86Y134        FDRE                                         r  dbg_hub/inst/BSCANID.u_xsdbm_id/CORE_XSDB.UUT_MASTER/U_ICON_INTERFACE/U_CMD5/ctl_reg_en_1_reg[0]/C





--------------------------------------------------------------------------------------
Path Group:  (none)
From Clock:  pcie_refclk_100
  To Clock:  txoutclk_out[0]

Max Delay             4 Endpoints
Min Delay             4 Endpoints
--------------------------------------------------------------------------------------


Max Delay Paths
--------------------------------------------------------------------------------------
Slack:                    inf
  Source:                 u_phy_wrapper/u_pcie_phy/inst/Uscale_gt.us_gt_phy_wrapper/phy_rst_i/idle_reg/C
                            (rising edge-triggered cell FDCE clocked by pcie_refclk_100  {rise@0.000ns fall@5.000ns period=10.000ns})
  Destination:            u_phy_wrapper/u_pcie_phy/inst/Uscale_gt.us_gt_phy_wrapper/rst_psrst_n_r_reg[0]/CLR
                            (recovery check against rising-edge clock txoutclk_out[0]  {rise@0.000ns fall@2.000ns period=4.000ns})
  Path Group:             (none)
  Path Type:              Recovery (Max at Slow Process Corner)
  Data Path Delay:        0.561ns  (logic 0.114ns (20.321%)  route 0.447ns (79.679%))
  Logic Levels:           0  
  Clock Path Skew:        0.493ns (DCD - SCD + CPR)
    Destination Clock Delay (DCD):    2.200ns
    Source Clock Delay      (SCD):    1.707ns
    Clock Pessimism Removal (CPR):    0.000ns
  Clock Uncertainty:      0.035ns  ((TSJ^2 + TIJ^2)^1/2 + DJ) / 2 + PE
    Total System Jitter     (TSJ):    0.071ns
    Total Input Jitter      (TIJ):    0.000ns
    Discrete Jitter          (DJ):    0.000ns
    Phase Error              (PE):    0.000ns
  Clock Net Delay (Source):      0.948ns (routing 0.109ns, distribution 0.839ns)
  Clock Net Delay (Destination): 1.871ns (routing 0.572ns, distribution 1.299ns)
  Timing Exception:       Asynchronous Clock Groups

    Location             Delay type                Incr(ns)  Path(ns)    Netlist Resource(s)
  -------------------------------------------------------------------    -------------------
                         (clock pcie_refclk_100 rise edge)
                                                      0.000     0.000 r  
    GTHE3_COMMON_X0Y1                                 0.000     0.000 r  pcie_refclk_p (IN)
                         net (fo=0)                   0.000     0.000    u_phy_wrapper/u_refclk_reset/pcie_refclk_p
    GTHE3_COMMON_X0Y1    IBUFDS_GTE3 (Prop_IBUFDS0_GTE3_GTHE3_COMMON_I_ODIV2)
                                                      0.362     0.362 r  u_phy_wrapper/u_refclk_reset/u_pcie_refclk_ibuf/ODIV2
                         net (fo=2, routed)           0.082     0.444    u_phy_wrapper/u_refclk_reset/phy_refclk_unbuf
    BUFG_GT_X0Y47        BUFG_GT (Prop_BUFG_GT_I_O)
                                                      0.315     0.759 r  u_phy_wrapper/u_refclk_reset/u_phy_refclk_bufg/O
    X3Y1 (CLOCK_ROOT)    net (fo=78, routed)          0.948     1.707    u_phy_wrapper/u_pcie_phy/inst/Uscale_gt.us_gt_phy_wrapper/phy_rst_i/phy_refclk
    SLICE_X100Y108       FDCE                                         r  u_phy_wrapper/u_pcie_phy/inst/Uscale_gt.us_gt_phy_wrapper/phy_rst_i/idle_reg/C
  -------------------------------------------------------------------    -------------------
    SLICE_X100Y108       FDCE (Prop_GFF_SLICEM_C_Q)
                                                      0.114     1.821 r  u_phy_wrapper/u_pcie_phy/inst/Uscale_gt.us_gt_phy_wrapper/phy_rst_i/idle_reg/Q
                         net (fo=8, routed)           0.447     2.268    u_phy_wrapper/u_pcie_phy/inst/Uscale_gt.us_gt_phy_wrapper/phy_rst_i_n_12
    SLICE_X99Y109        FDCE                                         f  u_phy_wrapper/u_pcie_phy/inst/Uscale_gt.us_gt_phy_wrapper/rst_psrst_n_r_reg[0]/CLR  (IS_INVERTED)
  -------------------------------------------------------------------    -------------------

                         (clock txoutclk_out[0] rise edge)
                                                      0.000     0.000 r  
    GTHE3_CHANNEL_X0Y7   GTHE3_CHANNEL                0.000     0.000 r  u_phy_wrapper/u_pcie_phy/inst/Uscale_gt.us_gt_phy_wrapper/gt_wizard.gtwizard_top_i/pcie_phy_0_gt_i/inst/gen_gtwizard_gthe3_top.pcie_phy_0_gt_gtwizard_gthe3_inst/gen_gtwizard_gthe3.gen_channel_container[1].gen_enabled_channel.gthe3_channel_wrapper_inst/channel_inst/gthe3_channel_gen.gen_gthe3_channel_inst[0].GTHE3_CHANNEL_PRIM_INST/TXOUTCLK
                         net (fo=3, routed)           0.046     0.046    u_phy_wrapper/u_pcie_phy/inst/Uscale_gt.us_gt_phy_wrapper/phy_clk_i/CLK_USERCLK_IN
    BUFG_GT_X0Y25        BUFG_GT (Prop_BUFG_GT_I_O)
                                                      0.283     0.329 r  u_phy_wrapper/u_pcie_phy/inst/Uscale_gt.us_gt_phy_wrapper/phy_clk_i/bufg_gt_pclk/O
    X2Y1 (CLOCK_ROOT)    net (fo=1994, routed)        1.871     2.200    u_phy_wrapper/u_pcie_phy/inst/Uscale_gt.us_gt_phy_wrapper/CLK_PCLK
    SLICE_X99Y109        FDCE                                         r  u_phy_wrapper/u_pcie_phy/inst/Uscale_gt.us_gt_phy_wrapper/rst_psrst_n_r_reg[0]/C





Min Delay Paths
--------------------------------------------------------------------------------------
Slack:                    inf
  Source:                 u_phy_wrapper/u_pcie_phy/inst/Uscale_gt.us_gt_phy_wrapper/phy_rst_i/idle_reg/C
                            (rising edge-triggered cell FDCE clocked by pcie_refclk_100  {rise@0.000ns fall@5.000ns period=10.000ns})
  Destination:            u_phy_wrapper/u_pcie_phy/inst/Uscale_gt.us_gt_phy_wrapper/rst_psrst_n_r_reg[0]/CLR
                            (removal check against rising-edge clock txoutclk_out[0]  {rise@0.000ns fall@2.000ns period=4.000ns})
  Path Group:             (none)
  Path Type:              Removal (Min at Fast Process Corner)
  Data Path Delay:        0.259ns  (logic 0.048ns (18.533%)  route 0.211ns (81.467%))
  Logic Levels:           0  
  Clock Path Skew:        0.640ns (DCD - SCD - CPR)
    Destination Clock Delay (DCD):    1.343ns
    Source Clock Delay      (SCD):    0.703ns
    Clock Pessimism Removal (CPR):    -0.000ns
  Clock Uncertainty:      0.035ns  ((TSJ^2 + TIJ^2)^1/2 + DJ) / 2 + PE
    Total System Jitter     (TSJ):    0.071ns
    Total Input Jitter      (TIJ):    0.000ns
    Discrete Jitter          (DJ):    0.000ns
    Phase Error              (PE):    0.000ns
  Clock Net Delay (Source):      0.421ns (routing 0.059ns, distribution 0.362ns)
  Clock Net Delay (Destination): 1.178ns (routing 0.387ns, distribution 0.791ns)
  Timing Exception:       Asynchronous Clock Groups

    Location             Delay type                Incr(ns)  Path(ns)    Netlist Resource(s)
  -------------------------------------------------------------------    -------------------
                         (clock pcie_refclk_100 rise edge)
                                                      0.000     0.000 r  
    GTHE3_COMMON_X0Y1                                 0.000     0.000 r  pcie_refclk_p (IN)
                         net (fo=0)                   0.000     0.000    u_phy_wrapper/u_refclk_reset/pcie_refclk_p
    GTHE3_COMMON_X0Y1    IBUFDS_GTE3 (Prop_IBUFDS0_GTE3_GTHE3_COMMON_I_ODIV2)
                                                      0.164     0.164 r  u_phy_wrapper/u_refclk_reset/u_pcie_refclk_ibuf/ODIV2
                         net (fo=2, routed)           0.018     0.182    u_phy_wrapper/u_refclk_reset/phy_refclk_unbuf
    BUFG_GT_X0Y47        BUFG_GT (Prop_BUFG_GT_I_O)
                                                      0.100     0.282 r  u_phy_wrapper/u_refclk_reset/u_phy_refclk_bufg/O
    X3Y1 (CLOCK_ROOT)    net (fo=78, routed)          0.421     0.703    u_phy_wrapper/u_pcie_phy/inst/Uscale_gt.us_gt_phy_wrapper/phy_rst_i/phy_refclk
    SLICE_X100Y108       FDCE                                         r  u_phy_wrapper/u_pcie_phy/inst/Uscale_gt.us_gt_phy_wrapper/phy_rst_i/idle_reg/C
  -------------------------------------------------------------------    -------------------
    SLICE_X100Y108       FDCE (Prop_GFF_SLICEM_C_Q)
                                                      0.048     0.751 r  u_phy_wrapper/u_pcie_phy/inst/Uscale_gt.us_gt_phy_wrapper/phy_rst_i/idle_reg/Q
                         net (fo=8, routed)           0.211     0.962    u_phy_wrapper/u_pcie_phy/inst/Uscale_gt.us_gt_phy_wrapper/phy_rst_i_n_12
    SLICE_X99Y109        FDCE                                         f  u_phy_wrapper/u_pcie_phy/inst/Uscale_gt.us_gt_phy_wrapper/rst_psrst_n_r_reg[0]/CLR  (IS_INVERTED)
  -------------------------------------------------------------------    -------------------

                         (clock txoutclk_out[0] rise edge)
                                                      0.000     0.000 r  
    GTHE3_CHANNEL_X0Y7   GTHE3_CHANNEL                0.000     0.000 r  u_phy_wrapper/u_pcie_phy/inst/Uscale_gt.us_gt_phy_wrapper/gt_wizard.gtwizard_top_i/pcie_phy_0_gt_i/inst/gen_gtwizard_gthe3_top.pcie_phy_0_gt_gtwizard_gthe3_inst/gen_gtwizard_gthe3.gen_channel_container[1].gen_enabled_channel.gthe3_channel_wrapper_inst/channel_inst/gthe3_channel_gen.gen_gthe3_channel_inst[0].GTHE3_CHANNEL_PRIM_INST/TXOUTCLK
                         net (fo=3, routed)           0.035     0.035    u_phy_wrapper/u_pcie_phy/inst/Uscale_gt.us_gt_phy_wrapper/phy_clk_i/CLK_USERCLK_IN
    BUFG_GT_X0Y25        BUFG_GT (Prop_BUFG_GT_I_O)
                                                      0.130     0.165 r  u_phy_wrapper/u_pcie_phy/inst/Uscale_gt.us_gt_phy_wrapper/phy_clk_i/bufg_gt_pclk/O
    X2Y1 (CLOCK_ROOT)    net (fo=1994, routed)        1.178     1.343    u_phy_wrapper/u_pcie_phy/inst/Uscale_gt.us_gt_phy_wrapper/CLK_PCLK
    SLICE_X99Y109        FDCE                                         r  u_phy_wrapper/u_pcie_phy/inst/Uscale_gt.us_gt_phy_wrapper/rst_psrst_n_r_reg[0]/C





--------------------------------------------------------------------------------------
Path Group:  (none)
From Clock:  txoutclk_out[0]
  To Clock:  txoutclk_out[0]

Max Delay           115 Endpoints
Min Delay           115 Endpoints
--------------------------------------------------------------------------------------


Max Delay Paths
--------------------------------------------------------------------------------------
Slack:                    inf
  Source:                 u_ila_phy/inst/ila_core_inst/u_trig/N_DDR_TC.N_DDR_TC_INST[0].U_TC/allx_typeA_match_detection.ltlib_v1_0_0_allx_typeA_inst/DUT/I_WHOLE_SLICE.G_SLICE_IDX[0].U_ALL_SRL_SLICE/u_srlD/S2/CLK
                            (rising edge-triggered cell SRL16E clocked by txoutclk_out[0]  {rise@0.000ns fall@2.000ns period=4.000ns})
  Destination:            u_ila_phy/inst/ila_core_inst/u_trig/N_DDR_TC.N_DDR_TC_INST[0].U_TC/allx_typeA_match_detection.ltlib_v1_0_0_allx_typeA_inst/DUT/I_WHOLE_SLICE.G_SLICE_IDX[0].U_ALL_SRL_SLICE/I_IS_TERMINATION_SLICE_W_OUTPUT_REG.DOUT_O_reg/D
                            (rising edge-triggered cell FDRE clocked by txoutclk_out[0]  {rise@0.000ns fall@2.000ns period=4.000ns})
  Path Group:             (none)
  Path Type:              Setup (Max at Slow Process Corner)
  Data Path Delay:        2.366ns  (logic 0.693ns (29.290%)  route 1.673ns (70.710%))
  Logic Levels:           1  (CARRY8=1)
  Clock Path Skew:        -0.286ns (DCD - SCD + CPR)
    Destination Clock Delay (DCD):    2.240ns
    Source Clock Delay      (SCD):    2.526ns
    Clock Pessimism Removal (CPR):    0.000ns
  Clock Uncertainty:      0.035ns  ((TSJ^2 + TIJ^2)^1/2 + DJ) / 2 + PE
    Total System Jitter     (TSJ):    0.071ns
    Total Input Jitter      (TIJ):    0.000ns
    Discrete Jitter          (DJ):    0.000ns
    Phase Error              (PE):    0.000ns
  Clock Net Delay (Source):      2.129ns (routing 0.628ns, distribution 1.501ns)
  Clock Net Delay (Destination): 1.911ns (routing 0.572ns, distribution 1.339ns)
  Timing Exception:       False Path

    Location             Delay type                Incr(ns)  Path(ns)    Netlist Resource(s)
  -------------------------------------------------------------------    -------------------
                         (clock txoutclk_out[0] rise edge)
                                                      0.000     0.000 r  
    GTHE3_CHANNEL_X0Y7   GTHE3_CHANNEL                0.000     0.000 r  u_phy_wrapper/u_pcie_phy/inst/Uscale_gt.us_gt_phy_wrapper/gt_wizard.gtwizard_top_i/pcie_phy_0_gt_i/inst/gen_gtwizard_gthe3_top.pcie_phy_0_gt_gtwizard_gthe3_inst/gen_gtwizard_gthe3.gen_channel_container[1].gen_enabled_channel.gthe3_channel_wrapper_inst/channel_inst/gthe3_channel_gen.gen_gthe3_channel_inst[0].GTHE3_CHANNEL_PRIM_INST/TXOUTCLK
                         net (fo=3, routed)           0.082     0.082    u_phy_wrapper/u_pcie_phy/inst/Uscale_gt.us_gt_phy_wrapper/phy_clk_i/CLK_USERCLK_IN
    BUFG_GT_X0Y25        BUFG_GT (Prop_BUFG_GT_I_O)
                                                      0.315     0.397 r  u_phy_wrapper/u_pcie_phy/inst/Uscale_gt.us_gt_phy_wrapper/phy_clk_i/bufg_gt_pclk/O
    X2Y1 (CLOCK_ROOT)    net (fo=1994, routed)        2.129     2.526    u_ila_phy/inst/ila_core_inst/u_trig/N_DDR_TC.N_DDR_TC_INST[0].U_TC/allx_typeA_match_detection.ltlib_v1_0_0_allx_typeA_inst/DUT/I_WHOLE_SLICE.G_SLICE_IDX[0].U_ALL_SRL_SLICE/u_srlD/CLK
    SLICE_X82Y122        SRL16E                                       r  u_ila_phy/inst/ila_core_inst/u_trig/N_DDR_TC.N_DDR_TC_INST[0].U_TC/allx_typeA_match_detection.ltlib_v1_0_0_allx_typeA_inst/DUT/I_WHOLE_SLICE.G_SLICE_IDX[0].U_ALL_SRL_SLICE/u_srlD/S2/CLK
  -------------------------------------------------------------------    -------------------
    SLICE_X82Y122        SRL16E (Prop_D5LUT_SLICEM_CLK_Q)
                                                      0.541     3.067 r  u_ila_phy/inst/ila_core_inst/u_trig/N_DDR_TC.N_DDR_TC_INST[0].U_TC/allx_typeA_match_detection.ltlib_v1_0_0_allx_typeA_inst/DUT/I_WHOLE_SLICE.G_SLICE_IDX[0].U_ALL_SRL_SLICE/u_srlD/S2/Q
                         net (fo=1, routed)           0.702     3.769    u_ila_phy/inst/ila_core_inst/u_trig/N_DDR_TC.N_DDR_TC_INST[0].U_TC/allx_typeA_match_detection.ltlib_v1_0_0_allx_typeA_inst/DUT/lopt_1
    SLICE_X82Y123        CARRY8 (Prop_CARRY8_SLICEM_DI[7]_CO[7])
                                                      0.152     3.921 r  u_ila_phy/inst/ila_core_inst/u_trig/N_DDR_TC.N_DDR_TC_INST[0].U_TC/allx_typeA_match_detection.ltlib_v1_0_0_allx_typeA_inst/DUT/u_carry4_inst_CARRY8/CO[7]
                         net (fo=1, routed)           0.971     4.892    u_ila_phy/inst/ila_core_inst/u_trig/N_DDR_TC.N_DDR_TC_INST[0].U_TC/allx_typeA_match_detection.ltlib_v1_0_0_allx_typeA_inst/DUT/I_WHOLE_SLICE.G_SLICE_IDX[0].U_ALL_SRL_SLICE/muxcy_lo[3]
    SLICE_X91Y122        FDRE                                         r  u_ila_phy/inst/ila_core_inst/u_trig/N_DDR_TC.N_DDR_TC_INST[0].U_TC/allx_typeA_match_detection.ltlib_v1_0_0_allx_typeA_inst/DUT/I_WHOLE_SLICE.G_SLICE_IDX[0].U_ALL_SRL_SLICE/I_IS_TERMINATION_SLICE_W_OUTPUT_REG.DOUT_O_reg/D
  -------------------------------------------------------------------    -------------------

                         (clock txoutclk_out[0] rise edge)
                                                      0.000     0.000 r  
    GTHE3_CHANNEL_X0Y7   GTHE3_CHANNEL                0.000     0.000 r  u_phy_wrapper/u_pcie_phy/inst/Uscale_gt.us_gt_phy_wrapper/gt_wizard.gtwizard_top_i/pcie_phy_0_gt_i/inst/gen_gtwizard_gthe3_top.pcie_phy_0_gt_gtwizard_gthe3_inst/gen_gtwizard_gthe3.gen_channel_container[1].gen_enabled_channel.gthe3_channel_wrapper_inst/channel_inst/gthe3_channel_gen.gen_gthe3_channel_inst[0].GTHE3_CHANNEL_PRIM_INST/TXOUTCLK
                         net (fo=3, routed)           0.046     0.046    u_phy_wrapper/u_pcie_phy/inst/Uscale_gt.us_gt_phy_wrapper/phy_clk_i/CLK_USERCLK_IN
    BUFG_GT_X0Y25        BUFG_GT (Prop_BUFG_GT_I_O)
                                                      0.283     0.329 r  u_phy_wrapper/u_pcie_phy/inst/Uscale_gt.us_gt_phy_wrapper/phy_clk_i/bufg_gt_pclk/O
    X2Y1 (CLOCK_ROOT)    net (fo=1994, routed)        1.911     2.240    u_ila_phy/inst/ila_core_inst/u_trig/N_DDR_TC.N_DDR_TC_INST[0].U_TC/allx_typeA_match_detection.ltlib_v1_0_0_allx_typeA_inst/DUT/I_WHOLE_SLICE.G_SLICE_IDX[0].U_ALL_SRL_SLICE/DESIGN_CLK_I
    SLICE_X91Y122        FDRE                                         r  u_ila_phy/inst/ila_core_inst/u_trig/N_DDR_TC.N_DDR_TC_INST[0].U_TC/allx_typeA_match_detection.ltlib_v1_0_0_allx_typeA_inst/DUT/I_WHOLE_SLICE.G_SLICE_IDX[0].U_ALL_SRL_SLICE/I_IS_TERMINATION_SLICE_W_OUTPUT_REG.DOUT_O_reg/C





Min Delay Paths
--------------------------------------------------------------------------------------
Slack:                    inf
  Source:                 u_ila_phy/inst/ila_core_inst/u_ila_regs/reg_stream_ffd/I_EN_CTL_EQ1.U_CTL/xsdb_reg_reg[15]/C
                            (rising edge-triggered cell FDRE clocked by txoutclk_out[0]  {rise@0.000ns fall@2.000ns period=4.000ns})
  Destination:            u_ila_phy/inst/ila_core_inst/debug_data_in_sync1_reg[15]/D
                            (rising edge-triggered cell FDRE clocked by txoutclk_out[0]  {rise@0.000ns fall@2.000ns period=4.000ns})
  Path Group:             (none)
  Path Type:              Hold (Min at Fast Process Corner)
  Data Path Delay:        0.144ns  (logic 0.048ns (33.333%)  route 0.096ns (66.667%))
  Logic Levels:           0  
  Clock Path Skew:        0.215ns (DCD - SCD - CPR)
    Destination Clock Delay (DCD):    1.335ns
    Source Clock Delay      (SCD):    1.120ns
    Clock Pessimism Removal (CPR):    -0.000ns
  Clock Uncertainty:      0.035ns  ((TSJ^2 + TIJ^2)^1/2 + DJ) / 2 + PE
    Total System Jitter     (TSJ):    0.071ns
    Total Input Jitter      (TIJ):    0.000ns
    Discrete Jitter          (DJ):    0.000ns
    Phase Error              (PE):    0.000ns
  Clock Net Delay (Source):      1.002ns (routing 0.341ns, distribution 0.661ns)
  Clock Net Delay (Destination): 1.170ns (routing 0.387ns, distribution 0.783ns)
  Timing Exception:       False Path

    Location             Delay type                Incr(ns)  Path(ns)    Netlist Resource(s)
  -------------------------------------------------------------------    -------------------
                         (clock txoutclk_out[0] rise edge)
                                                      0.000     0.000 r  
    GTHE3_CHANNEL_X0Y7   GTHE3_CHANNEL                0.000     0.000 r  u_phy_wrapper/u_pcie_phy/inst/Uscale_gt.us_gt_phy_wrapper/gt_wizard.gtwizard_top_i/pcie_phy_0_gt_i/inst/gen_gtwizard_gthe3_top.pcie_phy_0_gt_gtwizard_gthe3_inst/gen_gtwizard_gthe3.gen_channel_container[1].gen_enabled_channel.gthe3_channel_wrapper_inst/channel_inst/gthe3_channel_gen.gen_gthe3_channel_inst[0].GTHE3_CHANNEL_PRIM_INST/TXOUTCLK
                         net (fo=3, routed)           0.018     0.018    u_phy_wrapper/u_pcie_phy/inst/Uscale_gt.us_gt_phy_wrapper/phy_clk_i/CLK_USERCLK_IN
    BUFG_GT_X0Y25        BUFG_GT (Prop_BUFG_GT_I_O)
                                                      0.100     0.118 r  u_phy_wrapper/u_pcie_phy/inst/Uscale_gt.us_gt_phy_wrapper/phy_clk_i/bufg_gt_pclk/O
    X2Y1 (CLOCK_ROOT)    net (fo=1994, routed)        1.002     1.120    u_ila_phy/inst/ila_core_inst/u_ila_regs/reg_stream_ffd/I_EN_CTL_EQ1.U_CTL/s_dclk_o
    SLICE_X86Y121        FDRE                                         r  u_ila_phy/inst/ila_core_inst/u_ila_regs/reg_stream_ffd/I_EN_CTL_EQ1.U_CTL/xsdb_reg_reg[15]/C
  -------------------------------------------------------------------    -------------------
    SLICE_X86Y121        FDRE (Prop_HFF_SLICEL_C_Q)
                                                      0.048     1.168 r  u_ila_phy/inst/ila_core_inst/u_ila_regs/reg_stream_ffd/I_EN_CTL_EQ1.U_CTL/xsdb_reg_reg[15]/Q
                         net (fo=2, routed)           0.096     1.264    u_ila_phy/inst/ila_core_inst/debug_data_in[15]
    SLICE_X86Y120        FDRE                                         r  u_ila_phy/inst/ila_core_inst/debug_data_in_sync1_reg[15]/D
  -------------------------------------------------------------------    -------------------

                         (clock txoutclk_out[0] rise edge)
                                                      0.000     0.000 r  
    GTHE3_CHANNEL_X0Y7   GTHE3_CHANNEL                0.000     0.000 r  u_phy_wrapper/u_pcie_phy/inst/Uscale_gt.us_gt_phy_wrapper/gt_wizard.gtwizard_top_i/pcie_phy_0_gt_i/inst/gen_gtwizard_gthe3_top.pcie_phy_0_gt_gtwizard_gthe3_inst/gen_gtwizard_gthe3.gen_channel_container[1].gen_enabled_channel.gthe3_channel_wrapper_inst/channel_inst/gthe3_channel_gen.gen_gthe3_channel_inst[0].GTHE3_CHANNEL_PRIM_INST/TXOUTCLK
                         net (fo=3, routed)           0.035     0.035    u_phy_wrapper/u_pcie_phy/inst/Uscale_gt.us_gt_phy_wrapper/phy_clk_i/CLK_USERCLK_IN
    BUFG_GT_X0Y25        BUFG_GT (Prop_BUFG_GT_I_O)
                                                      0.130     0.165 r  u_phy_wrapper/u_pcie_phy/inst/Uscale_gt.us_gt_phy_wrapper/phy_clk_i/bufg_gt_pclk/O
    X2Y1 (CLOCK_ROOT)    net (fo=1994, routed)        1.170     1.335    u_ila_phy/inst/ila_core_inst/DESIGN_CLK_I
    SLICE_X86Y120        FDRE                                         r  u_ila_phy/inst/ila_core_inst/debug_data_in_sync1_reg[15]/C





--------------------------------------------------------------------------------------
Path Group:  (none)
From Clock:  
  To Clock:  dbg_hub/inst/BSCANID.u_xsdbm_id/SWITCH_N_EXT_BSCAN.bscan_inst/SERIES7_BSCAN.bscan_inst/TCK

Max Delay           257 Endpoints
Min Delay           257 Endpoints
--------------------------------------------------------------------------------------


Max Delay Paths
--------------------------------------------------------------------------------------
Slack:                    inf
  Source:                 dbg_hub/inst/BSCANID.u_xsdbm_id/SWITCH_N_EXT_BSCAN.bscan_inst/SERIES7_BSCAN.bscan_inst/RESET
                            (internal pin)
  Destination:            dbg_hub/inst/BSCANID.u_xsdbm_id/SWITCH_N_EXT_BSCAN.bscan_switch/shiftreg_reg[24]/R
                            (rising edge-triggered cell FDRE clocked by dbg_hub/inst/BSCANID.u_xsdbm_id/SWITCH_N_EXT_BSCAN.bscan_inst/SERIES7_BSCAN.bscan_inst/TCK  {rise@0.000ns fall@16.500ns period=33.000ns})
  Path Group:             (none)
  Path Type:              Setup (Max at Slow Process Corner)
  Data Path Delay:        2.225ns  (logic 0.134ns (6.022%)  route 2.091ns (93.978%))
  Logic Levels:           1  (LUT5=1)
  Clock Uncertainty:      0.025ns  ((TSJ^2 + TIJ^2)^1/2 + DJ) / 2 + PE
    Total System Jitter     (TSJ):    0.050ns
    Total Input Jitter      (TIJ):    0.000ns
    Discrete Jitter          (DJ):    0.000ns
    Phase Error              (PE):    0.000ns
  Clock Net Delay (Destination): 2.791ns (routing 1.681ns, distribution 1.110ns)

    Location             Delay type                Incr(ns)  Path(ns)    Netlist Resource(s)
  -------------------------------------------------------------------    -------------------
    CONFIG_SITE_X0Y0     BSCANE2                      0.000     0.000 r  dbg_hub/inst/BSCANID.u_xsdbm_id/SWITCH_N_EXT_BSCAN.bscan_inst/SERIES7_BSCAN.bscan_inst/RESET
                         net (fo=79, routed)          1.280     1.280    dbg_hub/inst/BSCANID.u_xsdbm_id/SWITCH_N_EXT_BSCAN.bscan_switch/s_bscan_reset
    SLICE_X89Y142        LUT5 (Prop_H5LUT_SLICEL_I0_O)
                                                      0.134     1.414 r  dbg_hub/inst/BSCANID.u_xsdbm_id/SWITCH_N_EXT_BSCAN.bscan_switch/shiftreg[31]_i_1/O
                         net (fo=32, routed)          0.811     2.225    dbg_hub/inst/BSCANID.u_xsdbm_id/SWITCH_N_EXT_BSCAN.bscan_switch/shiftreg[31]_i_1_n_0
    SLICE_X87Y141        FDRE                                         r  dbg_hub/inst/BSCANID.u_xsdbm_id/SWITCH_N_EXT_BSCAN.bscan_switch/shiftreg_reg[24]/R
  -------------------------------------------------------------------    -------------------

                         (clock dbg_hub/inst/BSCANID.u_xsdbm_id/SWITCH_N_EXT_BSCAN.bscan_inst/SERIES7_BSCAN.bscan_inst/TCK rise edge)
                                                      0.000     0.000 r  
    CONFIG_SITE_X0Y0     BSCANE2                      0.000     0.000 r  dbg_hub/inst/BSCANID.u_xsdbm_id/SWITCH_N_EXT_BSCAN.bscan_inst/SERIES7_BSCAN.bscan_inst/TCK
                         net (fo=1, routed)           3.738     3.738    dbg_hub/inst/BSCANID.u_xsdbm_id/tck_bs
    BUFGCE_X0Y96         BUFGCE (Prop_BUFCE_BUFGCE_I_O)
                                                      0.075     3.813 r  dbg_hub/inst/BSCANID.u_xsdbm_id/SWITCH_N_EXT_BSCAN.u_bufg_icon_tck/O
    X3Y2 (CLOCK_ROOT)    net (fo=478, routed)         2.791     6.604    dbg_hub/inst/BSCANID.u_xsdbm_id/SWITCH_N_EXT_BSCAN.bscan_switch/s_bscan_tck
    SLICE_X87Y141        FDRE                                         r  dbg_hub/inst/BSCANID.u_xsdbm_id/SWITCH_N_EXT_BSCAN.bscan_switch/shiftreg_reg[24]/C





Min Delay Paths
--------------------------------------------------------------------------------------
Slack:                    inf
  Source:                 dbg_hub/inst/BSCANID.u_xsdbm_id/SWITCH_N_EXT_BSCAN.bscan_inst/SERIES7_BSCAN.bscan_inst/TDI
                            (internal pin)
  Destination:            dbg_hub/inst/BSCANID.u_xsdbm_id/CORE_XSDB.U_ICON/iTDI_reg_reg/D
                            (rising edge-triggered cell FDRE clocked by dbg_hub/inst/BSCANID.u_xsdbm_id/SWITCH_N_EXT_BSCAN.bscan_inst/SERIES7_BSCAN.bscan_inst/TCK  {rise@0.000ns fall@16.500ns period=33.000ns})
  Path Group:             (none)
  Path Type:              Hold (Min at Fast Process Corner)
  Data Path Delay:        0.395ns  (logic 0.000ns (0.000%)  route 0.395ns (100.000%))
  Logic Levels:           0  
  Clock Uncertainty:      0.025ns  ((TSJ^2 + TIJ^2)^1/2 + DJ) / 2 + PE
    Total System Jitter     (TSJ):    0.050ns
    Total Input Jitter      (TIJ):    0.000ns
    Discrete Jitter          (DJ):    0.000ns
    Phase Error              (PE):    0.000ns
  Clock Net Delay (Destination): 1.682ns (routing 1.034ns, distribution 0.648ns)

    Location             Delay type                Incr(ns)  Path(ns)    Netlist Resource(s)
  -------------------------------------------------------------------    -------------------
    CONFIG_SITE_X0Y0     BSCANE2                      0.000     0.000 r  dbg_hub/inst/BSCANID.u_xsdbm_id/SWITCH_N_EXT_BSCAN.bscan_inst/SERIES7_BSCAN.bscan_inst/TDI
                         net (fo=4, routed)           0.395     0.395    dbg_hub/inst/BSCANID.u_xsdbm_id/CORE_XSDB.U_ICON/out
    SLICE_X87Y137        FDRE                                         r  dbg_hub/inst/BSCANID.u_xsdbm_id/CORE_XSDB.U_ICON/iTDI_reg_reg/D
  -------------------------------------------------------------------    -------------------

                         (clock dbg_hub/inst/BSCANID.u_xsdbm_id/SWITCH_N_EXT_BSCAN.bscan_inst/SERIES7_BSCAN.bscan_inst/TCK rise edge)
                                                      0.000     0.000 r  
    CONFIG_SITE_X0Y0     BSCANE2                      0.000     0.000 r  dbg_hub/inst/BSCANID.u_xsdbm_id/SWITCH_N_EXT_BSCAN.bscan_inst/SERIES7_BSCAN.bscan_inst/TCK
                         net (fo=1, routed)           3.235     3.235    dbg_hub/inst/BSCANID.u_xsdbm_id/tck_bs
    BUFGCE_X0Y96         BUFGCE (Prop_BUFCE_BUFGCE_I_O)
                                                      0.031     3.266 r  dbg_hub/inst/BSCANID.u_xsdbm_id/SWITCH_N_EXT_BSCAN.u_bufg_icon_tck/O
    X3Y2 (CLOCK_ROOT)    net (fo=478, routed)         1.682     4.948    dbg_hub/inst/BSCANID.u_xsdbm_id/CORE_XSDB.U_ICON/m_bscan_tck[0]
    SLICE_X87Y137        FDRE                                         r  dbg_hub/inst/BSCANID.u_xsdbm_id/CORE_XSDB.U_ICON/iTDI_reg_reg/C





--------------------------------------------------------------------------------------
Path Group:  (none)
From Clock:  
  To Clock:  txoutclk_out[0]

Max Delay            14 Endpoints
Min Delay            14 Endpoints
--------------------------------------------------------------------------------------


Max Delay Paths
--------------------------------------------------------------------------------------
Slack:                    inf
  Source:                 u_phy_wrapper/u_pcie_phy/inst/Uscale_gt.us_gt_phy_wrapper/gt_wizard.gtwizard_top_i/pcie_phy_0_gt_i/inst/gen_gtwizard_gthe3_top.pcie_phy_0_gt_gtwizard_gthe3_inst/gen_gtwizard_gthe3.gen_channel_container[1].gen_enabled_channel.gthe3_channel_wrapper_inst/channel_inst/gthe3_channel_gen.gen_gthe3_channel_inst[0].GTHE3_CHANNEL_PRIM_INST/PCIERATEQPLLPD[0]
                            (internal pin)
  Destination:            u_ila_phy/inst/PROBE_PIPE.shift_probes_reg[0][2]/D
                            (rising edge-triggered cell FDRE clocked by txoutclk_out[0]  {rise@0.000ns fall@2.000ns period=4.000ns})
  Path Group:             (none)
  Path Type:              Setup (Max at Slow Process Corner)
  Data Path Delay:        1.594ns  (logic 0.194ns (12.171%)  route 1.400ns (87.829%))
  Logic Levels:           1  (LUT2=1)
  Clock Uncertainty:      0.025ns  ((TSJ^2 + TIJ^2)^1/2 + DJ) / 2 + PE
    Total System Jitter     (TSJ):    0.050ns
    Total Input Jitter      (TIJ):    0.000ns
    Discrete Jitter          (DJ):    0.000ns
    Phase Error              (PE):    0.000ns
  Clock Net Delay (Destination): 1.838ns (routing 0.572ns, distribution 1.266ns)

    Location             Delay type                Incr(ns)  Path(ns)    Netlist Resource(s)
  -------------------------------------------------------------------    -------------------
    GTHE3_CHANNEL_X0Y7   GTHE3_CHANNEL                0.000     0.000 r  u_phy_wrapper/u_pcie_phy/inst/Uscale_gt.us_gt_phy_wrapper/gt_wizard.gtwizard_top_i/pcie_phy_0_gt_i/inst/gen_gtwizard_gthe3_top.pcie_phy_0_gt_gtwizard_gthe3_inst/gen_gtwizard_gthe3.gen_channel_container[1].gen_enabled_channel.gthe3_channel_wrapper_inst/channel_inst/gthe3_channel_gen.gen_gthe3_channel_inst[0].GTHE3_CHANNEL_PRIM_INST/PCIERATEQPLLPD[0]
                         net (fo=2, routed)           0.338     0.338    u_phy_wrapper/u_pcie_phy/inst/Uscale_gt.us_gt_phy_wrapper/phy_rst_i/pcierateqpllpd_out[0]
    SLICE_X100Y112       LUT2 (Prop_D5LUT_SLICEM_I1_O)
                                                      0.194     0.532 r  u_phy_wrapper/u_pcie_phy/inst/Uscale_gt.us_gt_phy_wrapper/phy_rst_i/pcie_phy_0_gt_i_i_1/O
                         net (fo=2, routed)           1.062     1.594    u_ila_phy/inst/probe0[2]
    SLICE_X85Y117        FDRE                                         r  u_ila_phy/inst/PROBE_PIPE.shift_probes_reg[0][2]/D
  -------------------------------------------------------------------    -------------------

                         (clock txoutclk_out[0] rise edge)
                                                      0.000     0.000 r  
    GTHE3_CHANNEL_X0Y7   GTHE3_CHANNEL                0.000     0.000 r  u_phy_wrapper/u_pcie_phy/inst/Uscale_gt.us_gt_phy_wrapper/gt_wizard.gtwizard_top_i/pcie_phy_0_gt_i/inst/gen_gtwizard_gthe3_top.pcie_phy_0_gt_gtwizard_gthe3_inst/gen_gtwizard_gthe3.gen_channel_container[1].gen_enabled_channel.gthe3_channel_wrapper_inst/channel_inst/gthe3_channel_gen.gen_gthe3_channel_inst[0].GTHE3_CHANNEL_PRIM_INST/TXOUTCLK
                         net (fo=3, routed)           0.046     0.046    u_phy_wrapper/u_pcie_phy/inst/Uscale_gt.us_gt_phy_wrapper/phy_clk_i/CLK_USERCLK_IN
    BUFG_GT_X0Y25        BUFG_GT (Prop_BUFG_GT_I_O)
                                                      0.283     0.329 r  u_phy_wrapper/u_pcie_phy/inst/Uscale_gt.us_gt_phy_wrapper/phy_clk_i/bufg_gt_pclk/O
    X2Y1 (CLOCK_ROOT)    net (fo=1994, routed)        1.838     2.167    u_ila_phy/inst/clk1x
    SLICE_X85Y117        FDRE                                         r  u_ila_phy/inst/PROBE_PIPE.shift_probes_reg[0][2]/C





Min Delay Paths
--------------------------------------------------------------------------------------
Slack:                    inf
  Source:                 u_phy_wrapper/u_pcie_phy/inst/Uscale_gt.us_gt_phy_wrapper/gt_wizard.gtwizard_top_i/pcie_phy_0_gt_i/inst/gen_gtwizard_gthe3_top.pcie_phy_0_gt_gtwizard_gthe3_inst/gen_gtwizard_gthe3.gen_channel_container[1].gen_enabled_channel.gthe3_channel_wrapper_inst/channel_inst/gthe3_channel_gen.gen_gthe3_channel_inst[0].GTHE3_CHANNEL_PRIM_INST/PCIERATEGEN3
                            (internal pin)
  Destination:            u_phy_wrapper/u_pcie_phy/inst/Uscale_gt.us_gt_phy_wrapper/gt_wizard.gtwizard_top_i/pcie_phy_0_gt_i/inst/gen_gtwizard_gthe3_top.pcie_phy_0_gt_gtwizard_gthe3_inst/gen_gtwizard_gthe3.gen_channel_container[1].gen_enabled_channel.gthe3_channel_wrapper_inst/channel_inst/gthe3_channel_gen.gen_gthe3_channel_inst[0].GTHE3_CHANNEL_PRIM_INST/TX8B10BEN
                            (rising edge-triggered cell GTHE3_CHANNEL clocked by txoutclk_out[0]  {rise@0.000ns fall@2.000ns period=4.000ns})
  Path Group:             (none)
  Path Type:              Hold (Min at Fast Process Corner)
  Data Path Delay:        0.300ns  (logic 0.071ns (23.667%)  route 0.229ns (76.333%))
  Logic Levels:           1  (LUT1=1)
  Clock Uncertainty:      0.025ns  ((TSJ^2 + TIJ^2)^1/2 + DJ) / 2 + PE
    Total System Jitter     (TSJ):    0.050ns
    Total Input Jitter      (TIJ):    0.000ns
    Discrete Jitter          (DJ):    0.000ns
    Phase Error              (PE):    0.000ns
  Clock Net Delay (Destination): 1.103ns (routing 0.387ns, distribution 0.716ns)

    Location             Delay type                Incr(ns)  Path(ns)    Netlist Resource(s)
  -------------------------------------------------------------------    -------------------
    GTHE3_CHANNEL_X0Y7   GTHE3_CHANNEL                0.000     0.000 f  u_phy_wrapper/u_pcie_phy/inst/Uscale_gt.us_gt_phy_wrapper/gt_wizard.gtwizard_top_i/pcie_phy_0_gt_i/inst/gen_gtwizard_gthe3_top.pcie_phy_0_gt_gtwizard_gthe3_inst/gen_gtwizard_gthe3.gen_channel_container[1].gen_enabled_channel.gthe3_channel_wrapper_inst/channel_inst/gthe3_channel_gen.gen_gthe3_channel_inst[0].GTHE3_CHANNEL_PRIM_INST/PCIERATEGEN3
                         net (fo=1, routed)           0.101     0.101    u_phy_wrapper/u_pcie_phy/inst/Uscale_gt.us_gt_phy_wrapper/gt_wizard.gtwizard_top_i/pcie_phy_0_gt_i_n_46
    SLICE_X100Y108       LUT1 (Prop_H6LUT_SLICEM_I0_O)
                                                      0.071     0.172 r  u_phy_wrapper/u_pcie_phy/inst/Uscale_gt.us_gt_phy_wrapper/gt_wizard.gtwizard_top_i/pcie_phy_0_gt_i_i_3/O
                         net (fo=5, routed)           0.128     0.300    u_phy_wrapper/u_pcie_phy/inst/Uscale_gt.us_gt_phy_wrapper/gt_wizard.gtwizard_top_i/pcie_phy_0_gt_i/inst/gen_gtwizard_gthe3_top.pcie_phy_0_gt_gtwizard_gthe3_inst/gen_gtwizard_gthe3.gen_channel_container[1].gen_enabled_channel.gthe3_channel_wrapper_inst/channel_inst/rx8b10ben_in[0]
    GTHE3_CHANNEL_X0Y7   GTHE3_CHANNEL                                r  u_phy_wrapper/u_pcie_phy/inst/Uscale_gt.us_gt_phy_wrapper/gt_wizard.gtwizard_top_i/pcie_phy_0_gt_i/inst/gen_gtwizard_gthe3_top.pcie_phy_0_gt_gtwizard_gthe3_inst/gen_gtwizard_gthe3.gen_channel_container[1].gen_enabled_channel.gthe3_channel_wrapper_inst/channel_inst/gthe3_channel_gen.gen_gthe3_channel_inst[0].GTHE3_CHANNEL_PRIM_INST/TX8B10BEN
  -------------------------------------------------------------------    -------------------

                         (clock txoutclk_out[0] rise edge)
                                                      0.000     0.000 r  
    GTHE3_CHANNEL_X0Y7   GTHE3_CHANNEL                0.000     0.000 r  u_phy_wrapper/u_pcie_phy/inst/Uscale_gt.us_gt_phy_wrapper/gt_wizard.gtwizard_top_i/pcie_phy_0_gt_i/inst/gen_gtwizard_gthe3_top.pcie_phy_0_gt_gtwizard_gthe3_inst/gen_gtwizard_gthe3.gen_channel_container[1].gen_enabled_channel.gthe3_channel_wrapper_inst/channel_inst/gthe3_channel_gen.gen_gthe3_channel_inst[0].GTHE3_CHANNEL_PRIM_INST/TXOUTCLK
                         net (fo=3, routed)           0.035     0.035    u_phy_wrapper/u_pcie_phy/inst/Uscale_gt.us_gt_phy_wrapper/phy_clk_i/CLK_USERCLK_IN
    BUFG_GT_X0Y25        BUFG_GT (Prop_BUFG_GT_I_O)
                                                      0.130     0.165 r  u_phy_wrapper/u_pcie_phy/inst/Uscale_gt.us_gt_phy_wrapper/phy_clk_i/bufg_gt_pclk/O
    X2Y1 (CLOCK_ROOT)    net (fo=1994, routed)        1.103     1.268    u_phy_wrapper/u_pcie_phy/inst/Uscale_gt.us_gt_phy_wrapper/gt_wizard.gtwizard_top_i/pcie_phy_0_gt_i/inst/gen_gtwizard_gthe3_top.pcie_phy_0_gt_gtwizard_gthe3_inst/gen_gtwizard_gthe3.gen_channel_container[1].gen_enabled_channel.gthe3_channel_wrapper_inst/channel_inst/rxusrclk_in[0]
    GTHE3_CHANNEL_X0Y7   GTHE3_CHANNEL                                r  u_phy_wrapper/u_pcie_phy/inst/Uscale_gt.us_gt_phy_wrapper/gt_wizard.gtwizard_top_i/pcie_phy_0_gt_i/inst/gen_gtwizard_gthe3_top.pcie_phy_0_gt_gtwizard_gthe3_inst/gen_gtwizard_gthe3.gen_channel_container[1].gen_enabled_channel.gthe3_channel_wrapper_inst/channel_inst/gthe3_channel_gen.gen_gthe3_channel_inst[0].GTHE3_CHANNEL_PRIM_INST/TXUSRCLK2





